key,consensus_value,passes_filter,homopolymer_length,consensus_count,neighbor_count,total_count,AC,AG,AT,GA,GC,GT,CA,CG,CT,TA,TC,TG,_A,_C,_G,_T,A_,C_,G_,T_,consensus_count_up_to_v1,consensus_count_up_to_v2,consensus_count_up_to_v3,consensus_count_up_to_v4,consensus_count_up_to_v5,consensus_count_up_to_v6,consensus_count_up_to_v7,consensus_count_up_to_v8,consensus_count_up_to_v9,consensus_count_up_to_v10,consensus_count_up_to_v11,consensus_count_up_to_v12,consensus_count_up_to_v13
TACCTTATCCTCAAGTTCAAT,TTTAGAGGTTTGA,true,4,6,13,30,0,0,0,0,0,0,0,0,0,0,0,0,2,1,0,3,1,0,3,3,30,30,22,20,16,16,16,10,10,10,10,6,6
TTATTTTTGAGTGTTCCGTTG,TTCAATACTTTTG,true,4,7,13,22,0,0,0,0,0,0,0,0,0,0,0,0,1,1,2,1,1,1,0,0,22,22,21,21,19,17,17,15,15,13,13,9,7
AGCCGCCAGGTCCCGCACCAA,TTACAAGAGTATC,true,2,8,7,24,0,0,0,0,0,0,0,0,0,0,0,0,2,0,0,0,1,1,0,2,24,21,19,16,16,14,11,11,10,10,9,8,8
CCCAATTTTTGTTCAAATTCA,GCTTGTCCTTTGA,true,3,7,6,22,0,0,0,0,0,0,0,0,0,0,1,0,0,0,1,1,0,2,1,0,21,20,19,16,13,13,13,10,8,8,8,7,7
TGACTGAAGCAGGTACAAAAG,TCAATAAAGGTGA,true,3,8,6,25,0,0,0,0,0,0,0,0,0,0,0,0,0,2,0,1,1,0,2,0,25,23,23,20,18,16,13,11,11,9,9,8,8
CTACGAGCGTAGCCTGCATAT,TTGTAGTTTCACT,true,3,8,5,25,0,0,0,0,0,0,0,0,0,0,0,0,1,0,0,1,2,0,0,1,24,19,17,16,16,16,16,15,12,11,9,8,8
GAAGAAGGAGCTTGACTCAGT,CGGCAAAGATGTG,true,3,7,9,28,0,0,0,0,0,0,0,0,0,0,0,0,2,1,1,0,2,1,1,0,24,22,16,16,16,16,14,11,9,8,8,8,7
AACAAACGGTGCTTGTAGAAA,CGGATGCCGGGAT,true,3,6,14,29,0,0,0,1,0,0,1,0,0,0,0,0,4,0,3,0,1,0,3,0,24,24,21,16,14,12,12,11,10,10,7,7,6
TACAGCAGCGGAAATCGCCAA,AAGCATCATACCA,true,4,6,4,20,0,0,0,0,0,0,0,0,0,0,0,0,1,0,0,1,1,0,0,0,19,19,14,12,10,9,8,8,8,8,7,6,6
GATTGAATAGGAATATGCAAA,TGATTCACAATCT,true,3,7,6,25,0,0,0,0,0,0,0,0,0,0,0,1,1,1,0,2,0,0,0,0,21,20,16,15,14,10,10,10,9,9,8,7,7
TTCAGCTTAAATACAAAGCAA,AAGATGGAGAGGA,true,4,6,11,27,0,0,0,0,0,0,0,0,0,0,0,0,4,0,1,1,2,0,2,0,27,24,18,17,12,11,11,10,8,7,7,7,6
GCTTTGCCCTCAATGTACATA,ATGGCCGCCGACT,true,2,7,11,27,0,0,1,0,0,0,1,0,0,0,0,0,1,1,3,0,1,0,2,0,20,20,20,18,15,14,12,12,12,11,9,7,7
CACCTTTTCTACGATTTGTTC,TAAAATCTCCTCA,true,4,9,5,23,1,0,0,0,0,0,0,0,0,0,0,0,0,0,1,0,2,1,0,0,21,19,18,16,14,11,11,11,11,10,10,9,9
CATATAGGAGATAAACTATGG,GCTTCCTATTTTC,true,4,5,8,26,0,0,0,0,0,0,0,0,0,0,0,0,2,2,0,1,0,3,0,0,20,16,15,13,11,8,8,7,5,5,5,5,5
CTTGAAAAAGATAATTACCAA,ATTAAACTGCTGA,true,3,7,8,22,0,0,0,0,0,0,0,0,0,1,1,0,1,1,0,1,1,0,1,0,18,16,16,14,14,13,13,11,10,10,8,7,7
AGTCCGGAAATCTCGGCTTTA,TTGTGAACGCATC,true,2,6,8,24,0,0,0,0,0,0,0,0,0,0,0,0,2,2,0,1,1,0,0,0,24,21,19,18,15,15,14,12,12,12,10,8,6
ATGTGCCCTAAAATGGAATCC,GCTTTCTCATTGT,true,3,10,4,18,0,0,0,0,0,0,0,0,0,0,0,0,0,1,0,1,0,0,0,1,18,18,18,17,15,14,14,14,12,11,11,10,10
GAAGGAAGGGTCGATTGCAGG,GCCGAGACTGTTG,true,3,14,16,48,0,0,0,0,1,1,0,0,0,0,0,0,1,1,2,1,2,1,2,1,36,36,29,28,24,22,20,19,18,17,17,15,14
CAGTTGCAATATTCAATTTCT,TTATAATCTCATC,true,3,8,12,29,0,0,0,0,0,0,0,0,0,0,0,0,2,0,0,0,2,0,0,6,27,19,17,14,13,12,11,11,11,11,11,10,8
TCAGCTTTTTAATGACAAATT,CCACAGCCTGCCG,true,2,3,2,11,0,0,0,0,0,0,0,0,0,0,0,0,1,0,0,0,0,1,0,0,9,6,6,6,5,4,4,4,4,4,4,3,3
TTTCACTGTATGCAGTCACAG,ACTCCCAGAATGT,true,3,12,8,34,0,0,0,0,0,0,0,0,0,0,0,0,0,0,1,1,1,4,1,0,31,25,22,20,19,14,14,13,13,12,12,12,12
TTGATTTGGCCAAGAAGTACA,GATAGTCCGTTTG,true,3,6,6,22,0,0,0,0,0,0,0,0,0,0,0,0,3,1,0,0,0,0,0,1,18,18,16,13,13,13,13,12,10,10,8,7,6
TCTTTTTTGCTCTGTCTCCTG,TTAGGAAATATCG,true,3,2,5,16,0,0,0,0,0,0,0,0,0,1,0,0,2,0,0,0,1,0,0,0,14,14,13,12,11,9,9,7,5,5,3,2,2
TTCACGCTTTACATCACCTTC,GACATGTGGCGTA,true,2,4,11,21,0,0,0,0,0,0,0,0,0,0,0,1,1,2,4,0,1,0,0,0,21,15,14,13,11,10,10,10,10,8,6,5,4
CTGCAATAAAATAAATTCCTG,ATTCAGTCCCTAT,true,3,5,13,29,0,0,0,0,0,0,0,0,0,0,0,0,1,0,0,2,0,3,1,4,27,27,21,19,15,13,11,10,10,7,7,7,5
GCCCTCAAAGCACCGGAAGAA,TCAGCGGATTACA,true,2,3,2,11,0,0,0,0,0,0,0,0,0,0,0,0,0,0,0,0,0,0,0,1,11,9,8,7,6,5,5,5,5,4,4,3,3
CTCATTCCTTCGAAACATCGT,GACAAGGACAAGC,true,2,4,10,18,1,0,0,0,0,0,0,0,0,0,0,0,5,0,1,1,1,1,0,0,16,15,13,13,10,9,9,8,6,6,5,4,4
TCTTGGAGCTGTTTTGCTTAT,CATCGGAGCAGTA,true,2,2,7,18,0,0,0,0,0,0,0,0,0,0,0,0,1,1,0,2,1,0,0,0,16,16,14,11,11,8,7,5,5,4,4,4,2
GGGCAAGAACCGGGGATTCGG,CCTTTATTTTACA,true,4,5,1,12,0,0,0,0,0,0,0,0,0,0,0,0,0,0,0,1,0,0,0,0,12,9,8,8,8,5,5,5,5,5,5,5,5
CTCTTCTAATGATGTGATAAA,TTGCACGTCTGAC,true,3,5,8,26,0,0,0,0,0,0,0,0,0,0,0,0,1,0,0,0,0,1,2,3,21,16,15,14,14,10,8,7,6,6,6,6,5
GAATTAAGAGAAACTGCAGGC,AGAGAATCATTAT,true,2,4,6,14,1,1,0,0,0,0,0,0,0,0,0,0,0,0,1,0,2,0,1,0,13,11,11,10,9,8,6,6,5,5,5,4,4
GGGCGCTTTGCAGTTCTTCAT,ACAGAGATTGCTC,true,2,14,15,35,0,0,0,0,0,0,0,0,0,0,0,0,2,2,1,3,1,0,0,3,32,31,27,27,27,26,25,25,22,18,17,15,14
ACTTAACGTATACTTGGGACC,TTAGCTGGCGGTC,true,2,15,12,41,0,0,0,0,0,1,0,0,0,0,0,0,0,0,3,1,1,1,4,1,39,35,31,30,25,24,23,19,19,19,17,15,15
TTCATAATCCGACAGGCACTG,TTATGACAGAGCA,true,2,12,10,31,0,0,0,1,0,0,0,0,0,0,0,0,2,1,2,2,0,1,0,0,29,28,24,22,21,21,16,16,16,15,14,13,12
TGTTTTTATGGACGCGGACCT,TCACTTCCATGAT,true,2,9,10,26,0,0,0,0,0,0,0,0,1,0,0,0,1,0,0,2,0,3,1,2,25,24,21,18,17,15,13,11,11,11,9,9,9
GCTATCCGATCACAATGTCCG,GCGGCCAGCAGCA,true,2,7,10,32,0,0,0,1,0,0,0,0,0,0,0,0,0,1,1,0,1,2,2,0,27,22,22,17,17,14,12,11,11,10,10,9,7
TCTCAGGTCAATAAAGAAAGC,ATTCAGAAATGTG,true,3,3,3,11,0,0,0,0,0,0,0,0,0,0,0,0,0,0,0,0,2,0,0,0,10,10,9,9,8,8,8,8,4,4,3,3,3
TGTATGTGCCGCTTTACGGAC,AGGCTGAATCACT,true,2,10,4,23,0,0,0,0,0,0,0,0,0,0,0,0,2,0,1,0,1,0,0,0,21,20,18,15,14,13,13,13,12,12,11,10,10
TCCGAATAGAGCAGACAGCGT,TTCGGAATAAGAG,true,3,6,10,27,0,0,0,0,0,0,0,0,0,0,0,0,1,2,0,1,1,1,1,1,26,22,19,18,17,16,13,9,9,8,7,7,6
CCGCCTCATCCAATTGATCAC,GCAGCGATTGGAC,true,2,6,5,26,0,0,0,0,0,1,0,0,0,0,0,0,1,0,2,0,0,0,0,0,25,23,22,15,14,14,13,11,10,9,9,7,6
CGTAATGATTTTTTCTTTTTT,TGGTTCCGGAGCT,true,7,11,11,39,0,0,0,0,0,1,0,0,0,0,0,0,1,0,2,2,0,2,0,2,31,25,22,21,20,18,15,15,15,15,13,11,11
ACGATCGCCCTCGCAATTGCC,ACCCGCTGCTTCT,true,3,4,9,28,0,0,0,0,0,0,0,0,0,0,0,0,2,1,2,0,1,1,1,0,23,20,20,14,9,8,8,7,7,6,5,4,4
AGCCTGATATATTAATCGCAG,ACGAACCGACCAC,true,2,5,10,22,0,0,0,0,0,0,0,0,0,0,0,0,0,0,3,0,1,5,1,0,19,17,16,15,13,11,9,8,8,7,5,5,5
GTCTCTGCCCTTTGTCCAGAC,ATCAAAGGTGCAG,true,3,12,9,31,0,0,0,0,0,0,0,0,0,0,0,0,3,2,0,2,2,0,0,0,29,25,20,19,19,17,13,13,13,12,12,12,12
ACAACATTCATTTTCTCCTGT,CCAAACCGTTCCG,true,3,5,12,34,0,0,0,0,0,0,1,0,1,0,0,0,1,1,0,2,2,2,0,2,33,28,26,26,21,16,14,12,11,8,5,5,5
TTGCGCATATCCTTTAAAATC,TCTGCCGTCTGTA,true,2,12,13,33,0,0,0,0,0,0,0,0,0,0,0,0,0,2,2,2,0,2,2,1,33,29,27,26,25,23,20,20,19,17,15,14,12
TTGGTCTCTAAAGTAAAATGA,TTTTCTTATTTCT,true,4,8,16,32,0,0,0,0,0,0,0,0,0,0,0,0,1,0,0,4,0,0,0,5,31,30,29,24,21,20,18,14,14,14,12,8,8
TCTGCAAACGACATAGATACC,AGCTGAAATTGAT,true,3,3,4,11,0,0,0,0,0,0,0,0,0,0,0,0,1,0,0,2,0,1,0,0,11,11,8,8,5,5,5,5,5,4,3,3,3
TTTGTCCATCGTAAAGCGTTT,TGTTCGGCAGCAG,true,4,3,5,12,0,0,0,0,0,0,0,0,0,0,0,0,1,1,0,0,0,0,0,2,8,6,6,5,5,5,5,5,4,4,4,4,3
CTGAAATATTGTTTTGAATCG,GCTGATGCAGTGT,true,2,6,8,25,0,0,0,0,0,0,0,1,0,0,0,0,1,1,0,2,0,0,1,0,20,20,18,15,15,12,12,11,10,7,6,6,6
GCCCGGTGCCCTTTTCTTTTG,TTGAATAAAAGGT,true,4,3,8,22,0,0,0,0,0,0,0,0,0,0,0,0,4,0,0,1,1,0,0,0,21,19,16,16,14,12,9,9,9,8,5,3,3
AAACGAATTATCTCAGCATTA,CGGAACAGGACAC,true,2,10,12,28,0,0,0,0,0,0,0,0,0,0,0,0,1,2,2,0,2,1,1,0,26,26,23,23,21,18,17,17,16,13,11,11,10
GAAGAAGTCATCAGGCTCATT,GCGGAGCAGGATA,true,2,5,10,23,0,0,0,0,1,0,0,0,0,0,0,0,1,0,0,1,2,1,2,0,19,18,18,17,15,12,11,11,11,9,7,6,5
CTTCGGCAACATACGCCTCAA,TATGTATTCCGCT,true,2,8,8,22,0,0,0,0,0,0,0,0,0,0,0,0,0,2,0,3,0,1,0,1,20,20,19,17,17,15,15,15,13,10,9,9,8
TGGCTTATCTCGTTGTCTTGT,ACATCGTGGCAGA,true,2,5,18,34,1,0,0,0,0,0,0,0,1,0,0,0,1,2,0,3,1,2,2,1,29,24,21,18,15,15,15,14,12,10,9,6,5
ATAAACCGCTGTTAACCCTTG,TCCTGATGACGAT,true,2,10,7,19,0,0,0,0,0,0,0,0,1,0,0,1,2,0,0,1,0,0,0,1,19,17,16,13,13,13,11,11,11,11,11,10,10
GCTGTTACGGCCGCACAATAT,GATGAGGATTTGA,true,3,8,7,26,0,0,0,1,0,0,0,0,0,0,0,1,1,1,1,0,0,0,0,1,25,25,21,18,18,14,12,11,11,10,9,9,8
TTGCTCGGCCTGCAGCGGGAA,AGGTGTTATTCTG,true,3,4,13,33,0,0,0,0,0,0,0,0,0,0,0,0,3,0,0,3,0,0,3,3,29,26,20,16,13,12,12,10,8,6,5,5,4
ACGTAGGCGCCCCGGCTTTTA,GAATGGCAAGTAT,true,2,3,3,11,0,0,0,0,0,0,0,0,0,1,0,0,0,0,0,0,2,0,0,0,10,10,8,4,4,4,4,4,3,3,3,3,3
TTTTCTTGTCCAGTTTTAATA,CCTATAAAAATGT,true,5,3,2,11,0,0,0,0,0,0,0,0,0,0,0,0,0,0,0,0,2,0,0,0,10,6,6,6,6,6,6,6,5,3,3,3,3
TTCCTCAGGCGAAATGACTTT,GCTGATATTTTCA,true,4,8,10,27,0,0,0,0,0,0,0,0,0,0,0,0,1,2,2,4,0,0,1,0,23,19,17,16,15,11,11,11,11,11,11,8,8
ACAATGAAAAAACAGCAATAT,GGCCGTATTATCA,true,2,7,11,24,0,0,0,0,1,0,0,0,0,0,0,0,2,3,0,1,0,1,3,0,23,21,20,17,13,12,11,9,9,9,8,7,7
AAACAGCTCATACAGCCATTA,TGAAAAATGGCTC,true,5,9,14,42,0,0,0,1,0,0,0,0,0,0,0,0,3,0,0,0,4,0,2,1,37,33,30,29,29,26,21,15,15,13,13,11,9
TTTTACATGTGGCCTCATACG,TTTTCCGCTTCGT,true,4,7,13,30,0,0,0,0,0,0,0,0,0,0,0,0,0,1,0,4,0,2,0,5,30,30,30,24,14,12,12,11,10,9,8,8,7
ATGCTGATGTCCAAGATATGC,CGGGAATGTTCGT,true,3,6,12,29,0,0,0,0,0,0,0,0,0,0,0,0,0,1,0,2,0,3,4,2,24,22,20,15,15,15,14,12,12,9,7,6,6
CACAGGTCTCTGCGAGCCGTA,AGGCGAAGTATAG,true,2,3,5,13,0,0,0,0,0,0,0,0,0,0,0,0,2,0,0,0,3,0,0,0,12,10,7,7,7,7,4,4,4,3,3,3,3
ATATCCTATGAATTCAGATAT,GGATACCACTCCA,true,2,71,102,267,0,0,1,0,0,0,3,0,2,0,0,0,12,9,7,20,8,25,5,5,251,224,202,189,166,152,129,116,108,97,89,75,71
AGATGTCAAAAGCATGATGAT,GCTGAAAGCGATG,true,3,9,11,27,0,0,0,0,0,0,0,0,0,0,0,0,2,2,0,1,2,0,2,0,23,20,19,18,18,18,16,13,13,13,12,11,9
GGATGGTTCAGGATAAATTCA,TATCAATATCCAC,true,2,12,10,30,0,0,0,0,0,0,0,0,0,0,0,0,1,0,2,0,2,2,0,2,30,29,28,28,27,23,20,18,16,15,13,12,12
TGCAGGGCTGTTTAATGATAG,CTTCGGTGCGATG,true,2,2,6,25,0,0,0,0,0,1,0,0,0,0,0,0,0,0,4,0,0,0,1,0,23,22,20,17,15,9,9,6,4,4,2,2,2
TTTCATCTTACTGACAAGGGT,GTTGGGAAAGCGT,true,3,10,15,32,0,0,0,1,0,1,0,0,0,0,0,0,2,1,1,4,4,0,1,0,30,28,25,19,19,17,17,17,13,10,10,10,10
TTTGTAGGTGTCAATTATTAT,CAGACCATCACCT,true,2,10,11,33,0,0,0,0,0,0,0,0,0,0,0,0,1,2,0,3,2,1,0,0,32,30,27,24,23,20,17,16,15,14,13,10,10
CAGACAGGAACTCGTCGATGT,TTTCTAAACGGCT,true,4,9,7,39,0,0,0,0,0,0,0,0,0,1,0,0,3,0,0,1,1,0,0,1,39,35,29,20,18,18,18,14,9,9,9,9,9
TCACGATAAGCGTTGTTTCAA,ATAATCCCCCGAC,true,5,5,9,29,0,0,0,0,0,0,0,0,0,0,0,0,0,4,0,1,0,1,0,1,26,22,21,16,14,14,14,14,13,12,7,7,5
CAGTGTTGATTTCCCTGAACC,GTTATGACCTACA,true,2,6,5,18,0,0,0,0,0,0,0,1,0,0,0,0,0,0,0,1,0,0,1,1,13,12,11,11,10,8,8,8,8,8,8,7,6
CGACGAAAAAAATCCGCCGCT,GGCTTGAAGAAGA,true,2,22,15,47,0,0,0,0,0,0,0,0,0,0,0,0,0,3,1,4,3,0,2,1,46,42,40,38,34,31,29,29,27,26,23,22,22
CCTTTGCCTTCTTTTCCCCTT,TTAGGCTTACTTC,true,4,6,12,26,0,0,0,0,0,0,0,0,0,0,0,0,0,0,1,0,1,1,1,5,26,21,17,17,16,15,15,11,10,9,9,9,6
TGGACTATCTATTATGGTGGA,TGTGTTTTCCGGA,true,4,9,15,35,0,0,0,0,0,0,0,0,1,0,0,0,1,0,1,6,0,0,2,1,33,29,28,26,26,26,24,23,14,13,13,11,9
TTTTCATTACGAAAATTGATG,GCTTACACCGGAC,true,2,4,7,16,0,0,0,0,0,0,0,0,0,0,0,0,1,1,0,0,0,3,0,0,13,12,12,11,9,8,7,7,6,6,6,5,4
ATTAAAAAGCTTCAAAACAGT,TCCCTGAGTTTAC,true,3,3,7,14,0,0,0,0,0,0,0,0,0,0,0,0,2,1,0,1,1,2,0,0,14,13,12,9,8,8,7,6,4,4,4,3,3
TTTTGGTATTATTTTTTTAGC,AGTACTTCTTGTC,true,2,6,12,25,0,0,0,0,0,1,0,0,0,0,0,0,2,2,0,1,0,2,0,2,23,19,18,17,14,12,10,8,8,8,8,7,6
GGCGCGTTTATCGGATGCGAA,TGTAATCACCCTG,true,3,9,10,26,0,0,0,0,0,0,1,0,0,0,0,0,2,1,2,2,0,1,0,1,23,22,20,18,16,15,15,15,14,13,10,9,9
CCATCGGCTCTATCAGAAAAT,GTTTTGCATCTTC,true,4,9,8,23,0,0,0,0,0,0,0,0,0,0,0,0,1,0,2,4,0,0,0,1,23,22,22,21,19,13,13,13,10,9,9,9,9
CCGCAGACGCGGCCTTTTGGA,TTGTTCAATTAAG,true,2,4,12,20,0,0,0,0,0,1,0,0,0,0,1,1,0,0,1,1,2,0,0,4,19,17,16,13,13,12,12,10,9,6,5,5,4
ATTGGCTACATATATCAAGAG,TTTGCAGATCTTG,false,3,3,4,20,0,0,0,0,0,0,0,0,0,0,0,0,0,1,1,0,0,0,0,2,19,15,5,4,3,3,3,3,3,3,3,3,3
TATCAAACTGCCCACATTCTT,CACACCTGTCCTA,true,2,4,7,20,0,0,0,0,0,1,0,0,0,0,0,1,0,3,1,1,0,0,0,0,17,17,16,13,13,10,8,6,6,5,5,4,4
GATAAGGTTAAACAGTGCTTG,GCAAGTGGCTAGT,true,2,8,10,28,0,0,0,0,0,0,0,0,0,0,0,0,0,1,2,0,1,1,3,1,24,21,21,19,16,15,14,12,11,9,9,8,8
TGTCGCTGTCCTTCCCGCTGC,TTTTAGATCTGAT,true,4,7,9,20,0,0,0,0,0,0,0,0,0,0,0,0,1,0,0,4,0,1,2,1,19,19,19,17,14,12,12,11,8,8,7,7,7
GCCTTTCCCAGCTGATATAGA,AAACCTGTTCGAC,true,4,9,8,27,0,0,0,0,0,0,1,0,0,0,0,0,2,0,0,0,0,0,1,2,26,26,24,17,16,15,14,14,11,11,11,10,9
TAAAAACTTCAGATGTTTTTG,TTCATTGTAATAG,true,2,12,9,30,0,0,0,0,0,0,0,0,0,0,0,0,1,0,3,1,2,1,0,0,27,26,23,20,18,18,17,15,15,14,13,13,12
GAAAAAAACGGCTTTCAGCTT,TCGGTGTGAACAT,true,3,2,1,15,0,0,0,0,0,0,0,0,0,0,0,0,0,0,1,0,0,0,0,0,13,10,10,8,6,6,4,4,4,3,3,2,2
GCGATCTGGACAAGCCGGATT,TTGGAGATGCCGT,true,4,5,15,30,0,0,0,0,0,0,0,0,0,0,1,0,1,1,1,5,1,3,0,1,29,22,18,18,17,15,14,13,11,10,7,5,5
TTTCCGGTATATTTGGTTCAG,GCCCGCGGCATGT,true,3,5,12,24,0,0,0,0,0,0,0,0,0,0,0,0,1,3,1,0,0,1,4,0,21,20,19,17,16,16,16,9,9,8,7,7,5
TGAATTCATCTTCAAGTGATT,GCGTATAAGGCGT,true,2,5,12,30,0,0,0,0,0,0,0,0,0,0,0,0,2,1,0,3,1,1,4,0,29,27,26,24,19,16,14,12,11,7,6,5,5
TCAAGCAAGTCGTGTTGATCT,TCCTTCGAAAACA,true,4,10,8,29,0,0,0,0,0,0,0,0,0,0,0,0,0,0,0,1,1,1,0,2,27,21,20,20,17,16,15,14,14,14,13,11,10
CACAAGATGCGATTCAAGCCT,ATGCAGAAGACTA,true,2,7,7,26,0,0,0,1,0,0,0,0,0,0,0,0,3,0,0,1,1,0,1,0,23,18,16,14,14,11,10,10,8,8,7,7,7
AAAGATCCTGCATAATAAAAC,AAAATGGATATGT,true,4,4,15,31,0,1,0,0,0,0,0,0,0,0,0,0,2,1,2,1,2,0,3,2,28,27,25,22,18,17,14,11,11,8,6,5,4
ACGATTTTGACCAAGTGATCA,TCGATCACCTTGT,true,2,8,17,31,0,0,0,0,0,0,0,1,0,0,0,1,2,2,1,3,1,1,1,1,30,27,25,24,23,21,17,16,13,13,12,10,8
CGTCTCCGTCAAAGTCTGGCT,CATTTAAGCGCAG,true,3,15,8,39,0,0,0,0,0,0,0,0,0,0,0,0,2,0,1,0,0,3,0,1,31,29,26,25,22,22,21,20,19,18,16,15,15
TTTTGTTGGTTTTTTTTTGTT,TTTTGCCTGGTTG,true,6,1,0,22,0,0,0,0,0,0,0,0,0,0,0,0,0,0,0,0,0,0,0,0,15,14,11,9,3,1,1,1,1,1,1,1,1
ACTTTAGCTGACCACCTTCTT,GCAAACGCTCCAG,true,3,7,15,31,0,0,0,0,0,0,0,0,0,0,0,0,2,1,4,2,0,4,2,0,26,24,22,22,21,17,14,14,13,12,7,7,7
AAAACACGAATACCGTCAAAA,CGCGCCTCTACAG,true,4,8,5,17,0,0,0,0,0,0,0,0,0,0,0,0,2,0,0,0,0,1,1,0,12,10,10,10,10,9,9,9,9,9,9,9,8
TTTACAGAAAGAGGAGATCGT,TGTGTCCAAGAAG,true,2,10,22,37,0,1,0,0,1,0,0,0,0,0,0,0,4,2,1,4,0,5,0,0,33,28,27,25,25,24,19,19,18,15,14,11,10
GTATGTATTGCCAGCGTTCAG,AAATCGTCTGAAT,true,3,8,2,18,0,0,0,0,0,0,0,0,0,0,0,0,0,1,0,0,1,0,0,0,17,17,16,14,13,11,11,11,10,10,9,8,8
TCATACCGCGTTTGATGCCGA,ATTTGTCGTTAAG,true,3,4,11,21,0,0,0,0,0,0,0,0,0,0,0,0,1,3,0,1,2,0,0,3,18,18,18,11,9,9,8,8,8,7,7,5,4
TTGCAGAGCTAAATGTGATTT,CATCTTTTTTCGA,true,6,8,11,31,0,0,0,0,0,0,0,0,0,0,0,0,0,2,0,3,0,1,0,5,24,23,21,17,17,17,17,17,17,12,9,8,8
GAACTCAATTTTGAATTCACT,TCAAATGAAATGT,true,3,8,9,28,0,0,0,0,0,0,0,0,0,0,0,0,2,0,1,1,4,0,0,0,23,20,20,19,16,15,15,13,13,10,9,8,8
ATATTATGATGCTCAGCGAGC,CAGTAGCGGTGAT,true,2,6,15,30,0,0,0,0,0,0,1,0,0,0,0,0,1,3,2,3,2,0,2,0,24,21,20,20,17,15,14,13,12,12,10,6,6
GAACGTATCACATGTATGAAA,AAGAAAATGGCAG,true,5,8,8,26,0,0,0,0,0,0,0,0,0,0,0,0,6,0,0,0,1,0,1,0,25,19,13,13,13,12,11,9,9,8,8,8,8
CTCCCGTGCGAAAACGGACCG,CAGCATCAAAGCG,true,3,3,6,11,0,0,0,0,0,0,0,0,0,0,0,0,1,2,1,0,1,0,0,0,11,8,8,8,8,7,7,6,6,5,3,3,3
TAAGCTAAAAATGCTAAGTAC,GCTAACGTGATGA,true,2,2,4,21,0,0,0,0,0,0,0,0,0,0,0,0,1,0,2,0,0,0,1,0,16,14,13,12,12,9,7,2,2,2,2,2,2
GTTTAACGGCAGGGCTGTTTT,TTCTGCTTTTGTG,true,6,5,10,22,0,0,0,0,0,0,0,0,0,0,0,0,0,0,1,1,0,2,0,4,19,16,11,10,9,8,8,8,8,7,6,6,5
CCGAGAGTGGTGGAAAATGCG,AAACCGCTTCCTG,true,3,8,7,21,0,0,0,0,0,0,1,0,0,0,0,0,1,1,0,1,0,1,0,2,21,21,18,15,15,15,14,12,10,9,8,8,8
TGGGGGAACAGCGAGCTTGCT,GCTCAGGCTAACA,true,2,6,6,24,0,0,0,0,0,0,0,0,0,0,0,0,0,1,0,1,1,0,2,1,22,21,21,18,15,14,8,8,7,7,6,6,6
GCGAAACAGACGTTTTTAAGG,GGCACTCTTATTC,true,4,8,15,34,0,0,0,0,0,0,0,0,0,0,0,0,3,0,1,0,1,1,3,3,32,26,23,20,16,16,14,14,11,11,11,10,8
GATGAGCTTCCTGAAAAACTA,AAGGCGATTCATC,true,3,4,7,17,0,0,0,0,0,0,1,0,0,0,0,0,1,1,1,0,2,0,0,1,16,13,11,11,10,8,8,7,6,5,4,4,4
ATCGGAAACTCTGATACATCC,AGCGTTAATGCTC,true,2,8,9,27,0,0,0,0,0,0,0,0,0,0,0,0,1,4,0,2,0,0,0,1,22,20,20,17,16,14,12,11,11,9,9,8,8
ATTATCTTTAATATTTTCTAA,AAGATACTCCAGT,true,4,10,5,28,0,0,0,0,0,0,0,0,0,0,0,0,3,0,0,0,1,0,0,0,26,22,17,17,16,15,13,13,12,11,11,11,10
TTAAGTCGATAACGACAGGGT,TTCCTGAGATATC,true,3,11,11,35,0,0,0,0,0,1,0,0,0,0,0,0,1,0,1,3,1,3,0,1,34,31,27,22,20,19,15,14,13,11,11,11,11
TGTTGTTTTGTTCATTTCGTT,CCTCTCCTCACGT,true,2,7,11,29,0,0,0,0,0,0,1,0,0,0,0,0,0,1,1,5,0,3,0,0,27,21,20,18,16,13,10,10,9,9,7,7,7
AGCCGGCTTGTTTTATATCAT,GATCCGTATTGGT,true,2,3,5,18,0,0,0,0,0,0,0,0,0,0,0,0,1,0,1,0,0,0,2,1,16,15,13,11,9,8,6,6,5,5,5,3,3
TCGCCGTCCGGGTGCCGGCGC,TTATCCTCTGCGC,true,2,5,3,18,0,0,0,0,0,0,0,0,0,0,0,1,0,0,0,1,0,1,0,0,17,16,11,10,9,8,8,8,7,5,5,5,5
CGTGAAGTGGTTCAGCTTATT,ACACCCGGAACTG,true,3,4,5,17,0,0,0,0,0,0,0,0,0,0,1,0,0,1,0,1,0,1,1,0,14,14,13,12,11,7,6,5,5,5,5,4,4
AATTCTTAAGCACTTCGTCAC,AAAGGATCAGCCG,true,3,10,7,22,0,0,0,1,0,0,0,0,0,0,0,0,1,1,0,1,1,1,0,0,21,21,18,16,16,16,13,13,13,12,12,10,10
TCATCCGGTCATCGACCGTGA,AACGAAACGCGTC,true,3,7,13,27,0,0,0,0,0,0,0,0,0,0,0,1,5,1,4,1,1,0,0,0,27,25,21,21,20,20,18,14,13,11,11,7,7
TATTTGAGCCGAGCTTTTTTG,CAAATGCTTCTGC,true,3,9,4,27,0,0,0,0,0,0,0,0,0,0,0,0,1,0,2,1,0,0,0,0,19,17,15,13,11,11,11,11,11,9,9,9,9
TGACCTCGCCGCCTAAATTCA,GATCCATTAAAAT,true,4,6,11,21,0,0,0,0,0,0,0,0,0,1,0,0,0,1,2,2,1,2,1,0,20,17,15,14,12,12,12,11,9,8,8,7,6
GCACGGCCGACGGAAAATGGG,TACAGGACAATGC,true,3,5,11,25,0,0,0,0,0,0,0,0,0,0,0,0,4,2,2,0,0,0,2,0,22,20,17,17,15,14,12,11,9,9,7,6,5
AAAAGGAGATTTTCATGAGCG,TGAATCATGTCCT,true,2,5,3,11,0,0,0,0,0,0,0,0,0,0,0,0,3,0,0,0,0,0,0,0,11,11,11,10,7,6,6,6,5,5,5,5,5
CCGAAACAGAAAGAGCCTGCG,AAGCGGCCGCCGC,true,2,11,9,35,0,0,0,0,0,0,0,0,0,0,0,0,0,3,0,0,0,2,1,0,32,30,27,27,26,22,19,17,14,14,12,12,11
AGCACTCTTGCCTGTTTTTTA,TATTGTCTAAAAC,true,4,8,15,32,1,0,1,0,0,1,0,0,0,0,0,0,3,1,0,3,1,0,0,2,29,27,24,19,15,14,13,12,11,11,10,9,8
TTACGAAGTACGGTGACGGCG,GAGCGGACCTCCT,true,2,8,9,29,0,0,0,0,0,0,0,0,0,0,0,0,1,0,4,1,0,2,0,1,24,23,22,18,18,17,16,14,12,11,10,8,8
CAGCGGTCGTCGCTGGTATCC,TTCCTTTTAACAT,true,4,7,7,17,0,0,0,0,0,0,0,0,0,0,0,0,2,1,0,1,0,2,0,0,17,17,16,14,13,12,12,10,10,10,8,8,7
GCATGATTTTGTTCGGCTATA,ATGTGAAGCCGGA,true,2,7,9,23,0,0,0,1,0,0,0,0,0,0,0,0,1,2,0,1,1,1,1,0,20,19,15,12,11,11,11,11,11,10,9,8,7
AGCCGTTTTTCTGTCTCTTGG,CAGCCATGCTTCT,true,2,7,8,18,0,0,0,0,0,0,0,0,0,0,0,0,0,0,1,3,0,1,1,1,18,18,18,18,15,13,12,8,8,8,8,7,7
CGCTGCGTGAAAAGACGGCGC,TCCGAAGTAAAAT,true,4,4,6,16,0,0,0,0,0,0,0,0,0,0,0,0,0,0,0,0,2,0,0,1,14,14,12,12,12,10,10,9,9,9,9,7,4
ATGCGTCATTCAGGTGGGCGA,TGATTTGCTTTTC,true,4,8,13,28,0,0,0,0,0,0,0,0,0,0,1,0,2,1,2,5,0,0,1,0,25,21,19,18,17,17,13,11,10,10,9,9,8
AGGCGGTTTCTGCTCTCCGTG,AGCAAGTAGCGTC,true,2,16,10,32,0,0,0,0,0,0,0,0,0,0,0,0,4,2,1,0,1,1,0,0,31,29,27,24,23,18,17,17,17,17,17,17,16
GTGCCCAAAAAATAAAATGTC,AATAAAAAAGCTC,true,6,10,13,33,1,1,0,0,0,0,0,0,0,0,0,0,2,1,0,2,4,0,0,0,31,28,26,25,24,24,23,23,17,12,12,10,10
AGCGTGGAACGCAGGGATTGT,CGTCTGTGTCGCT,true,1,15,8,33,0,0,0,0,0,0,1,0,0,0,0,0,1,1,1,1,0,3,0,0,30,25,24,23,21,20,20,19,18,17,17,15,15
AAAGAAGCGAAGAATTGTTTA,GGCAATTCCTTCA,true,2,10,15,35,1,0,0,0,0,0,0,0,1,0,0,0,2,1,1,0,1,1,2,4,33,30,29,25,21,19,17,17,15,13,11,11,10
TGATGAACAATTGAACGAGAA,GAGGAGTGCCACG,true,2,4,12,25,0,0,0,1,0,0,1,0,0,0,0,0,1,5,2,0,0,2,0,0,20,19,18,15,12,12,12,11,10,8,5,4,4
GCCTTGAATAGCAGAGAAATG,AACGAATACATCG,true,2,10,12,31,0,0,0,0,0,0,0,0,1,0,0,0,4,1,0,1,4,0,0,0,30,27,22,22,22,21,18,17,16,13,11,10,10
CTATAGGGCAAGCTATTATCT,GTGCCGCGCCGTA,true,2,8,7,29,0,0,0,0,0,0,0,0,0,0,0,0,2,0,0,0,0,2,3,0,26,24,21,18,15,14,14,11,11,9,8,8,8
TAGTCGGCCAAGACAGAAATT,TTGTCCGCTTCTA,true,4,5,9,25,0,0,0,0,0,0,0,0,0,0,0,0,0,2,2,2,0,2,0,1,24,22,16,15,15,11,10,7,5,5,5,5,5
TGTGATCCAACTGACAGCTGT,TCAACCGTCGCGT,true,2,8,21,46,0,0,0,0,0,0,0,0,1,0,0,0,3,2,3,2,1,2,0,4,40,35,35,33,25,21,20,18,15,12,11,9,8
CTTTAAATCCAGCCATAGCTA,AAAAGCCCTGTGC,true,5,7,12,31,0,0,0,0,0,0,0,0,0,0,0,0,5,1,0,2,1,2,1,0,31,30,29,25,14,13,13,11,10,8,8,7,7
AAAACAGCCGAAGTGTTTAAA,GCCTCAAAATCTG,true,4,6,13,31,0,0,0,0,0,0,0,0,0,0,0,0,5,1,0,2,2,2,1,0,25,22,19,15,14,14,14,14,12,10,6,6,6
TCAAAAATTCGAGCAGCGCCT,TTACGTCGTAGCT,true,3,5,13,27,0,0,0,0,0,0,0,0,1,1,0,1,2,0,2,2,1,0,0,2,26,19,17,15,14,12,9,8,8,7,6,5,5
GAGCTCATCTACGCCGGCATC,GTCGGAGATACCG,true,2,7,8,21,0,0,0,0,1,1,0,0,0,0,0,0,1,0,1,2,0,0,1,0,18,18,18,17,16,16,13,13,13,11,9,7,7
ATTTTATTTTTGGGCACACTT,TAACTGGAGTTGC,true,3,1,2,12,0,0,0,0,0,0,0,0,0,0,0,1,0,0,1,0,0,0,0,0,11,9,9,7,6,6,6,6,5,2,1,1,1
AACAATTCGCTGTTCAGAGCC,TTGATATAACGTA,true,2,9,12,34,0,0,0,0,0,0,0,0,0,0,0,0,2,0,2,1,4,0,0,2,33,31,28,26,20,20,19,19,15,11,10,10,9
TGAAGCGATCCTTGCTTCCTT,CAGACAAAATCCG,true,4,6,15,33,1,0,0,0,0,0,0,0,0,0,0,0,2,2,2,3,4,0,1,0,29,28,24,19,19,17,16,15,12,10,7,6,6
GCCTCAGGAGAGAGATAAGGC,AAGAGATCTGATC,true,2,7,14,29,0,0,0,0,0,0,0,0,0,0,0,0,3,2,1,0,3,1,2,0,29,27,23,20,18,18,17,16,13,11,10,7,7
CAATTCGAAAAATGATTGTCG,GCGGGGAAATTTA,true,4,5,11,25,0,0,0,3,0,0,0,0,0,3,0,0,4,0,0,0,0,0,0,0,20,20,20,20,19,14,14,14,14,6,6,5,5
GTACGGCGTATGCTTTAAACC,GTTCATCAATTGC,true,2,5,5,13,0,0,0,0,0,0,0,0,0,0,0,0,1,0,0,1,1,0,0,1,13,13,13,12,11,9,8,8,7,6,6,6,5
AAATGGTGGAATGTGAATTTC,CGCTCGGCCATCG,true,2,7,11,26,0,0,0,0,0,0,0,0,0,0,0,0,2,0,0,0,0,4,2,1,22,20,19,19,19,19,15,15,13,13,10,9,7
AATCACGCGGTGCGAGCAGCA,GCCAAACGGGAAG,true,3,7,5,21,0,0,0,0,0,0,0,0,0,0,0,0,0,1,0,0,0,1,2,0,19,18,16,16,16,16,13,13,12,8,8,8,7
CATTGCGTGAAATCTTCTTAA,AAAATTTCGGCGC,true,6,14,16,42,0,0,0,0,0,0,0,0,0,0,0,0,3,0,0,1,2,0,1,2,41,41,38,31,27,25,23,23,23,20,16,15,14
TAACGGCTGTCAAACCTTTCA,GACAGCCGTCCGA,true,2,9,15,33,0,0,0,0,0,0,0,0,0,0,0,0,0,0,1,0,1,9,2,0,33,29,25,24,23,21,16,15,14,14,11,11,9
AAAGACCGAGCTTTTTCAATA,GTGCTTTTGTTTC,true,4,8,13,28,0,0,0,0,0,0,0,0,0,0,0,0,0,1,1,3,0,0,1,5,25,25,24,21,20,20,19,14,10,10,10,9,8
TGCTTTTTAAGTGTAGTACTT,TTGGCTTTTTCGA,true,5,3,8,17,0,0,0,0,0,0,0,0,0,0,0,0,1,0,0,1,0,2,1,2,17,13,12,11,11,10,10,10,10,8,4,4,3
TCATGAAATCCTTCGCATCCC,CTTTGCCTTTTAT,true,4,9,10,27,0,0,0,0,0,0,0,0,2,0,0,1,0,1,0,1,0,2,0,2,20,19,19,18,17,17,15,13,13,12,10,9,9
AATCGGGTCTGCTCCGGCTAG,AATCTGGCCTGTC,true,2,5,11,27,0,0,0,0,0,0,0,0,0,1,0,0,1,2,0,1,2,1,1,2,26,20,15,13,12,11,11,11,10,7,5,5,5
CCATTCAAGAACTCTAATAAA,TTGAAACAATGGA,true,3,6,6,22,0,0,0,0,0,0,0,0,0,0,0,0,1,0,0,2,3,0,0,0,21,18,16,16,15,11,9,9,7,7,6,6,6
TAAAAACAAAATCTCTTGGTT,TGTCCACCCCCTG,true,5,6,9,23,0,0,0,0,0,0,0,0,0,1,0,0,0,2,0,3,0,1,0,2,22,20,19,19,17,15,15,13,12,11,10,6,6
GAAATGGCCATGGTGGCCGGA,TGATTTTGAAATG,true,4,6,7,17,0,0,0,0,0,0,0,0,0,0,1,0,0,1,0,1,0,0,2,1,17,14,14,12,12,11,11,9,8,8,8,7,6
TTCAAACCATGAATCCAGCCG,GCTTGCTCTATAT,true,2,9,11,23,0,0,1,0,0,0,0,0,0,0,0,0,0,2,2,1,0,1,2,1,20,20,20,19,16,14,12,11,11,9,9,9,9
TGCGTACAGGTCTTTTTTATC,CGCCAAGGAAAGC,true,3,9,14,30,0,1,0,0,0,1,0,0,0,0,0,0,4,0,1,0,2,3,2,0,24,24,24,22,22,21,19,17,17,17,14,9,9
ATTGTTCGTTTATACGGTGAT,GCACAGCCAAATG,true,3,6,17,38,0,0,0,0,0,0,0,0,0,0,0,0,4,2,1,2,1,4,0,0,33,31,26,23,22,19,18,14,14,13,12,9,6
AAGCAGCCTGTTTTGTACGCC,GTCTGTATCTTCA,true,2,6,8,22,0,0,0,0,0,0,0,0,0,0,0,0,1,2,0,3,0,0,1,0,18,17,17,15,14,13,12,9,8,7,7,7,6
ATATTGCCTTCTTTCTCGATA,ATATCAAGCAATG,true,2,9,17,37,0,0,0,0,0,0,0,0,0,0,0,0,3,0,2,1,5,1,1,2,33,28,25,22,21,21,18,15,13,13,11,11,9
TGCCGATCAGCGCTCAGTGCG,GTATTCGTTTGGC,true,3,11,18,43,0,0,0,0,0,1,0,0,0,0,0,1,3,0,2,1,0,1,0,5,37,32,29,24,21,19,19,19,18,15,15,11,11
AGTTCAAAAATGAATTAGAGG,ACGTGAAAAATGA,true,5,8,11,26,0,0,0,0,0,0,0,0,0,0,0,0,5,0,1,1,4,0,0,0,25,22,21,21,19,18,17,17,17,12,8,8,8
TATTTCGGATAACAAACTATC,CGTTTTCAAACTA,true,4,8,16,37,1,0,0,0,0,0,0,0,0,0,0,0,2,1,1,2,3,1,0,3,32,28,26,25,25,19,16,14,13,10,10,10,8
TCTTAAAACACAGCCACGATC,TTGGCGGAGGGGA,true,4,3,7,27,0,0,0,0,0,0,0,0,0,0,0,0,0,0,0,1,3,0,1,0,24,21,18,15,14,12,10,7,6,6,5,5,3
AAATCAGCGTGCCGTATGTGG,CCGGATTCCTTGC,true,2,14,8,30,0,0,0,0,0,0,0,0,0,1,0,0,0,3,2,1,0,0,0,0,28,28,24,21,20,18,18,17,17,16,16,14,14
CGTTTGGAGCGTTGTTATGCG,GCAGATTAGCTGA,true,2,4,3,17,0,0,0,0,0,0,0,0,0,0,0,0,0,0,0,1,2,0,0,0,17,14,14,13,11,9,8,6,4,4,4,4,4
ATTTAAAGTCTGATAACATTA,TCCGGCTTGCTAT,true,2,10,11,25,0,0,0,0,0,0,0,0,0,0,0,0,0,4,0,2,0,2,1,0,24,22,20,17,13,13,13,13,13,13,13,11,10
CTTGACATCCTCTTGACAATC,CTAGAGATAGGAC,true,2,3,6,19,0,0,0,0,0,0,0,0,0,0,0,0,0,1,0,1,2,1,1,0,16,13,13,13,9,7,7,6,5,4,3,3,3
AGGACATAAAACAGATGGATT,TAAAACAATACGT,true,4,11,13,29,0,0,0,0,0,0,0,0,0,0,0,0,1,0,0,5,4,1,0,2,26,22,22,22,20,15,15,12,12,12,11,11,11
GGCGTCTTTTTAATTACACCT,GCTTCGAAAACAG,true,4,2,3,11,0,0,0,0,0,0,0,0,0,0,0,0,0,0,0,1,1,1,0,0,10,7,7,7,3,3,3,3,3,2,2,2,2
CAGATCAGCAGCGGGTTATCA,CGGATCGGAAACG,true,3,12,13,35,1,0,0,1,0,0,0,0,0,0,0,0,3,0,1,3,0,0,3,0,29,29,26,24,22,20,19,16,16,16,15,13,12
CTATCGCTCCGCCTTTTCAAA,CATGTTATTATTC,true,3,2,5,12,0,0,0,0,0,0,1,0,0,0,0,0,1,0,0,1,1,0,0,0,8,8,8,7,7,5,4,4,4,4,3,3,2
TAGCGCTGACGTTAAGCGTCG,GTGTCGGGGCTTC,true,4,10,15,41,0,0,0,0,0,0,0,0,0,0,0,0,0,2,2,0,0,2,5,1,36,31,28,27,23,23,23,22,16,14,13,13,10
CCTTTCCGGAAGCACAATATA,TTCCCGCATGCCG,true,3,9,6,23,0,0,0,0,0,0,0,0,0,0,0,0,1,0,1,2,0,0,1,0,22,21,20,18,15,14,14,13,12,10,10,9,9
CTCACCTTTGTGTGTCAGGCG,AAGCATTTTATCA,true,4,9,11,32,0,1,0,0,0,0,0,0,0,0,0,0,0,2,2,0,1,0,0,5,31,31,29,26,21,20,19,17,12,11,9,9,9
TCAATCGCTTCAAGCATGGCA,TCTAAATCATGTG,true,3,6,8,21,0,0,0,1,0,0,0,0,0,0,0,0,4,1,0,0,1,0,0,1,20,17,15,14,13,12,8,8,8,7,6,6,6
AATACAAGATTTGCTGATGGA,TACGGCAACTGAG,true,2,3,5,11,0,0,0,0,0,0,0,0,0,0,0,0,1,2,0,0,1,0,1,0,10,10,8,7,5,5,5,4,4,4,3,3,3
TACTGTGAAGCGGAGGGCTAT,TTCAAAACAGCCG,true,4,6,19,36,0,0,0,0,0,0,1,0,0,0,0,0,5,2,2,3,4,0,0,1,35,32,25,25,25,24,15,12,12,10,8,7,6
ATACAGCGGTTGCAGTTCATC,CTGAAGATGAGCG,true,2,7,12,26,0,0,0,1,0,0,0,0,1,0,0,0,1,2,2,1,0,3,1,0,21,20,19,17,17,15,14,12,11,9,8,7,7
TGAGGAATGTATTCCTCAAGG,ATAATATGTGCGT,true,2,9,12,29,0,0,0,0,0,0,0,0,0,0,0,0,0,0,0,6,2,1,1,2,24,23,20,18,18,16,16,14,13,10,9,9,9
GGTGATCAGCGAATGAAACAT,ACAAGGACAATCG,true,2,7,16,28,0,0,0,0,0,0,0,0,0,0,0,0,1,0,2,1,7,2,0,1,26,25,25,21,21,19,17,16,16,13,11,8,7
TTTTTCAGCTGCCATTCGTGC,AGTGACAAGCCCG,true,3,7,9,28,0,0,0,0,0,0,0,0,0,0,0,0,2,0,2,1,0,2,2,0,25,23,21,20,17,17,17,15,10,10,9,7,7
CTCATCGCAGTCGCATTTCTG,GTATTAGTGATCT,true,2,4,15,30,0,0,0,0,0,0,1,0,0,1,0,0,1,0,1,2,1,0,2,3,26,26,22,22,18,14,11,11,10,10,9,6,4
TCTCTGCCACTTGGATATTTC,ATACCCAAGGTTG,true,3,1,0,11,0,0,0,0,0,0,0,0,0,0,0,0,0,0,0,0,0,0,0,0,9,9,3,3,1,1,1,1,1,1,1,1,1
AACAAGCCGGCTTTGCTCCTC,TCGTTTCTACGGA,true,3,7,11,23,0,0,0,0,0,0,0,0,1,0,0,0,0,1,0,3,1,0,1,2,21,19,16,16,15,14,11,10,9,9,9,8,7
TCCTCTCTGCAGCAATTTACG,AAAGAGCTTGCAG,true,3,12,14,33,0,0,0,0,0,0,0,0,0,0,0,0,1,3,1,3,2,0,0,1,32,31,24,21,21,21,21,19,18,16,16,14,12
TTGATTCGACCCCAATCCCGG,TAGGGCCTCCGTC,true,3,5,5,18,0,0,0,0,0,0,0,0,0,0,0,0,1,0,1,1,0,1,1,0,17,13,12,11,8,8,7,7,7,5,5,5,5
AATAGCGGAATCGTTACAAAA,AAAGCAGAGATTC,true,7,6,17,33,1,0,0,0,0,0,0,0,0,0,0,0,3,0,1,1,8,0,0,0,33,32,23,16,14,12,11,9,9,9,9,7,6
GCCGCTTAGAATAGAAAGATT,TGTCAGGAGGGAT,false,3,2,1,12,0,0,0,0,0,0,0,0,0,0,0,0,0,0,0,1,0,0,0,0,11,2,2,2,2,2,2,2,2,2,2,2,2
ACAGATGGAAGCTGAGCTCAT,TGCGTACCCTATA,true,3,8,11,28,0,0,0,0,0,0,0,0,0,0,0,0,1,1,2,2,0,1,0,2,24,17,15,15,13,12,11,10,10,10,9,9,8
GAAACCACTGTGACCCATTTG,GCGTTGATCAGTG,true,2,6,12,27,0,0,0,0,0,0,0,0,0,0,0,0,2,0,4,2,0,0,3,1,22,21,20,17,14,12,11,10,8,8,6,6,6
TCAGTCTGTTCATGGAACTGG,TGAAGAAGAAGCA,true,2,8,8,24,1,0,0,0,0,0,0,0,0,0,0,0,0,0,2,1,3,0,0,0,22,19,18,17,15,14,12,12,11,9,9,9,8
AGCATTCGTCAGCACCTGCTT,TTGCCCGTTAAGA,true,4,7,6,26,0,0,0,0,0,0,0,0,0,0,0,0,0,0,0,2,1,0,0,1,23,21,17,17,15,14,14,13,12,10,9,8,7
CAGTCTGTTTCAATAACGTTT,CCGTGCTGAAACA,true,3,12,9,30,0,0,0,0,0,0,0,0,0,0,0,0,1,0,0,3,0,2,1,0,26,21,20,19,19,19,17,15,14,14,14,12,12
TCAAACGTACTTCAATTGTTA,CGTTAATTTTGAT,true,4,4,2,11,0,0,0,0,0,0,0,0,0,0,0,0,0,0,0,0,0,0,1,1,9,6,5,4,4,4,4,4,4,4,4,4,4
CTCAAAAAACAGGCGAATTCT,TATCAATGGTTGT,true,2,4,8,21,0,0,0,0,0,0,0,0,0,0,0,0,2,0,1,0,1,1,0,2,19,18,15,12,11,9,6,6,5,5,5,5,4
CGCGCTGTACTGCTGTATTAT,GAAGCATGATTTC,true,3,7,13,25,0,0,0,1,0,0,0,0,0,0,0,0,0,0,0,2,2,0,1,0,23,23,21,20,20,19,18,14,14,14,14,12,7
TAATTTATAAAATCTATATTT,TCTTATCAAGAGC,true,4,3,10,26,0,0,0,0,0,0,0,0,0,0,0,0,2,1,1,2,1,1,1,1,20,14,14,14,11,10,9,7,6,4,4,3,3
GCAAAGCTGATGGGATGTTTC,GTACCTGCTCCGT,true,2,10,8,31,0,0,0,0,0,0,1,0,0,0,0,0,0,1,1,2,0,1,0,0,30,26,25,20,15,14,14,14,14,12,12,12,10
AAGAAGAAGCAAATAAACCAT,GGTACGAGAAAAC,true,4,11,15,38,0,0,0,0,0,0,0,0,0,0,0,0,2,1,2,0,0,0,3,0,33,28,25,24,22,21,20,19,18,18,18,15,11
GTTGCCAAGCATCGCTTTGCC,CACTCCATTTTTA,true,5,2,5,22,0,0,0,0,0,0,0,0,0,0,0,0,1,0,0,0,0,0,0,0,18,16,15,13,11,9,8,8,8,8,6,2,2
GATAAACCCGCCCCATTTCGA,GAATGGCTTGCCT,true,2,2,9,23,0,0,0,0,0,0,0,1,0,0,0,0,1,1,0,1,0,1,2,2,18,18,17,14,13,10,8,7,5,3,3,2,2
GAAAAACCTGCATTTCGTCTG,CCTGACTCACTTC,true,2,9,16,27,0,0,0,0,0,0,0,0,0,0,0,1,7,0,1,0,0,1,2,3,27,26,25,22,22,18,15,14,14,13,12,10,9
TCATAAGCCGCTTAAATACAA,AAAAATCACTCGA,true,7,6,9,19,0,0,0,0,0,0,0,0,0,0,0,0,5,2,0,0,0,1,0,0,19,19,18,17,16,10,9,8,8,7,7,7,6
CAAGCTGATATTTCTCTTTTG,CCCCCTCAAAGGA,true,5,9,7,28,0,0,0,0,1,0,0,0,0,0,0,0,0,0,3,0,0,2,0,0,24,24,23,21,17,14,13,12,12,11,11,10,9
AGGAATATTCAACAGTTCGAG,CATTCCTTGGATC,true,2,9,11,25,0,0,0,0,0,0,0,0,0,0,0,0,2,1,1,2,1,0,2,2,23,22,20,17,16,15,15,15,14,11,10,9,9
TCCTGCACTGCGACCTGCTCC,AGTTTGTTAAACA,true,3,13,14,41,0,0,1,0,0,1,0,0,0,0,0,0,1,1,3,2,2,0,1,2,35,32,30,27,25,20,19,17,15,15,13,13,13
AATAATGGTACTGTCAGGAAC,AATATTAAGTTGT,true,2,5,9,17,0,0,1,0,0,0,0,0,0,0,0,0,4,0,1,1,1,0,0,0,17,16,15,14,11,11,10,9,7,6,6,6,5
GCGGAGAGATTGAAAAAATCA,CGTTGAGATTTCG,true,3,3,3,11,0,0,0,0,0,0,0,0,0,0,0,0,0,1,0,0,0,0,0,2,10,8,8,5,4,4,4,3,3,3,3,3,3
CTAGTTCGTTTTCTGTCATTT,TCCCGTGCGCATA,true,4,9,16,38,0,0,0,0,0,0,0,0,0,0,0,1,0,5,0,0,1,2,4,3,30,27,26,23,17,17,15,14,12,11,9,9,9
CGCTGGCAAAGAAAGCCGCCG,ATCTGTATCCGCG,true,2,3,5,17,0,0,0,0,0,0,0,0,0,0,0,0,1,0,0,0,0,1,0,2,15,12,11,10,9,9,9,6,6,3,3,3,3
TTGCAGCGGAAACTGAGCAGG,TTGTGGTCTTCCA,true,2,10,10,35,0,0,0,0,0,0,0,0,1,0,0,0,2,1,1,3,0,0,1,1,32,29,24,22,19,17,16,13,12,11,10,10,10
TGGATGAAAGCTCCTATATCG,CTTTGCTGGAAAC,true,3,6,11,26,0,0,0,0,0,1,0,0,0,0,0,0,0,2,2,2,2,1,1,0,24,23,23,20,18,16,14,12,9,8,8,6,6
TTTAAGGTCATTGCTGTTTTC,CCGCGCCTCATAG,true,3,11,17,36,0,0,0,0,0,0,1,0,0,0,0,0,2,4,3,1,1,3,0,0,32,28,24,20,18,16,16,16,15,15,14,13,11
TTTTCGAATAATGTGAAAGCG,TCTGCAACAGATC,true,2,8,14,29,0,0,0,0,0,0,0,0,0,0,0,0,4,3,1,1,3,0,1,0,28,24,22,20,19,18,16,12,12,11,10,9,8
TTTCCGGCTACAGAAGCCACA,ATTTTACTGACGA,true,4,2,5,13,0,0,0,0,0,0,0,0,0,0,0,0,0,2,0,1,1,0,0,0,12,11,9,9,8,6,5,4,4,3,3,3,2
GTCCATTATCATCGACGGACA,AAAACAGCGCGGT,true,5,12,13,35,0,0,0,0,0,0,0,0,0,0,0,0,2,2,0,1,4,0,1,0,35,34,32,26,20,19,17,17,15,15,15,12,12
GAAGGATCTGGCCTGACTTAT,GAGCCTGGTGACA,true,2,5,8,27,0,0,0,0,0,0,0,0,0,0,0,0,0,1,2,1,0,2,1,0,26,25,24,24,17,15,13,11,10,8,7,6,5
TCGTCCATTTTCCCTTTCACA,TTATATGAGTTTG,true,3,11,9,24,0,0,0,0,0,0,0,0,0,0,0,0,1,0,0,0,1,0,0,2,23,22,22,22,21,20,20,19,19,19,18,15,11
AATGTGCTGAATCACCTTATA,TTGGACGCCGCAG,true,2,11,17,38,0,0,0,0,0,0,0,1,0,0,0,0,3,3,0,1,3,1,1,1,32,31,28,26,22,20,17,17,15,15,15,14,11
GACATCGAGGCGCCTGAAAAG,GAACACTGATCGA,true,2,2,5,11,0,0,0,0,0,0,1,0,0,0,0,0,1,2,0,0,0,0,0,0,10,10,8,8,8,7,6,5,5,5,4,3,2
GTCTTTCATTTTGAATGCGAA,GCAGCATGACGAC,true,2,7,8,28,0,0,0,1,0,0,0,0,0,0,0,0,2,0,0,0,2,0,2,0,23,21,14,13,13,12,11,10,10,9,8,8,7
CTCAAAGGCATCTGATTTTAT,CGGAATCTCAAAT,true,3,6,5,18,0,0,0,0,0,0,0,0,0,0,0,0,1,2,1,0,0,0,0,0,16,15,12,12,10,8,8,8,7,7,7,7,6
TTCAGTTATGATGTCCTTGCG,ATGCTGGAAGAGC,true,2,5,7,19,0,0,0,0,0,1,0,0,0,0,0,0,1,0,0,1,0,0,3,0,17,17,15,14,13,13,12,12,11,8,8,6,5
TGCCGATTTTGAAACAAGAAA,CGCATTTGCCTGT,true,3,8,6,27,0,0,0,0,0,0,0,0,0,0,0,0,2,1,1,1,0,0,1,0,16,13,13,12,12,12,11,10,9,9,9,8,8
TTTCTGGTGGATTATTGAGCA,TTACACATGGCGC,true,2,2,3,12,0,0,0,0,0,0,0,0,0,0,0,0,1,0,0,0,0,0,1,0,12,10,9,8,7,7,6,6,6,3,2,2,2
CGAGGGGTCGGCTATGCCATT,AAGGGGTAAACGA,true,4,6,6,19,0,0,0,0,0,0,0,0,0,0,0,0,0,0,0,0,2,0,3,1,18,17,16,16,15,12,10,10,10,8,8,6,6
GAGACGGGCTGCTATTTCGTC,TGTGCTTGTTTTA,true,4,9,10,29,0,0,0,0,0,0,0,0,0,0,0,0,1,1,3,0,0,0,0,0,25,23,20,19,15,15,15,15,14,14,14,9,9
ATCATTTGCTGAAACAAATCA,AGAGAAATCTCAT,true,3,8,10,31,0,0,0,0,0,0,0,0,0,0,0,0,1,1,0,3,2,2,1,0,28,26,25,22,19,19,15,14,9,8,8,8,8
TTCTTCCACATATGCAACGCT,CGGATCTTGTTTC,true,3,8,14,33,0,0,0,0,0,0,0,0,1,0,0,0,0,1,0,3,0,2,1,4,30,28,24,23,22,18,18,14,11,11,11,10,8
AACGTTTATGTGTACGCATTT,CAAATTGCTCACG,true,3,9,10,38,0,0,0,0,0,0,0,0,0,0,0,0,1,0,0,1,1,2,0,3,30,28,28,25,21,14,14,13,13,13,13,11,9
ATGTCTACGACAACAACGCTT,GAGCCGTTTCTGA,true,3,7,7,28,0,0,0,0,0,0,0,0,0,0,0,0,2,0,0,2,0,2,1,0,26,25,22,20,15,15,14,14,12,8,8,7,7
TTATGTTCACTGGCTTCAACC,AAAATTCGGTCCA,true,4,9,8,27,0,0,0,0,1,0,0,0,0,0,0,0,0,1,0,4,0,0,0,2,25,25,24,22,18,16,15,13,13,13,9,9,9
GATTGCCATGGTCCTGCGAAA,TATAATCTCCGGC,false,3,3,7,21,0,0,0,0,0,0,0,0,0,1,0,0,3,0,0,0,1,1,0,1,5,5,5,5,4,4,3,3,3,3,3,3,3
AAAGCTTTCCCTCGGACGAAA,AAATTTACTCGCT,true,6,15,21,50,0,0,1,0,0,0,0,0,0,0,0,0,8,1,0,2,4,1,0,4,49,49,39,26,26,21,20,19,17,16,15,15,15
TAAGCGAAATAAAATTCATGA,GATCCGACAACAT,true,2,9,8,30,0,0,0,0,0,0,0,0,0,0,0,1,0,1,0,0,3,2,0,0,26,25,23,23,19,19,16,15,14,11,10,9,9
AAACAACAACGGAAGGAGGAG,GAAAAGAGAGAGA,true,4,7,11,26,0,0,0,0,0,1,0,0,0,0,0,0,0,1,0,2,1,0,3,0,22,21,20,17,13,11,11,10,10,10,10,7,7
ATGAAGACGTGCTTCAGGACC,CTGTCACGAATCT,true,3,9,14,44,0,1,0,0,0,0,1,0,0,0,0,0,2,2,0,2,2,2,0,2,31,27,24,24,21,21,19,18,16,13,10,9,9
GTGAAGGGCAGCAATTTTAGA,AAACTTAATAATC,true,4,13,8,31,0,0,1,0,0,0,0,0,0,0,0,0,3,1,0,1,1,0,0,1,31,30,28,23,21,20,19,17,14,13,13,13,13
AGTACCCTTTTTAGGGTATTA,TTTCTCATGATAT,true,3,3,8,19,0,0,0,0,0,0,0,0,0,0,0,0,0,2,1,1,1,1,0,1,17,17,13,9,8,8,5,5,4,4,4,4,3
ATTTTTTGCTGGCTTTAATCA,GCCTCCGCCGACT,false,2,1,0,13,0,0,0,0,0,0,0,0,0,0,0,0,0,0,0,0,0,0,0,0,12,11,1,1,1,1,1,1,1,1,1,1,1
CAATCTGGACGCGGAAAAAGC,GGAAGCGATTGCA,true,2,7,11,28,0,0,0,0,0,0,0,0,0,0,0,0,5,0,2,2,1,0,0,1,27,25,23,20,14,13,12,12,12,10,8,7,7
TCAGTGATTTCATCTTTGCCA,AGAACTTTGGCCA,true,3,13,7,30,0,0,0,0,0,1,0,0,0,0,0,0,1,1,2,0,0,0,0,1,28,24,22,21,19,19,18,16,16,15,14,14,13
ATATGGAACAAATTCAATAAT,GATAGAAAGAATG,true,3,7,17,35,0,0,0,0,0,0,0,0,0,1,0,1,1,0,2,3,6,0,1,1,33,32,28,24,22,20,18,14,13,12,9,8,7
CATTGAGCGAGAGGAGGTTTG,TTTGTTCAGCAAT,true,3,10,11,31,0,0,0,0,0,0,0,0,0,0,0,0,1,2,1,2,0,0,2,2,29,29,28,24,22,19,16,15,14,12,11,11,10
CTCCTTGCTCATCGCCAGCAT,GACGTCCTTTGCA,true,3,7,8,24,0,0,0,0,0,0,0,0,0,0,0,0,0,1,1,1,0,1,1,2,23,22,22,21,19,17,15,14,13,11,9,8,7
ATCAGTCATAGCAGTTATATT,TGGGATTTGGCTG,true,3,7,12,26,0,0,0,0,0,0,0,1,0,0,0,0,0,0,0,3,1,0,4,2,24,22,19,15,13,13,12,11,11,9,8,8,7
TGGACGAGATATACTAGGAGA,ATTCGCGCCAAAG,true,3,6,10,22,0,0,1,0,0,0,1,0,0,0,0,0,1,0,0,1,1,1,1,1,18,15,14,12,12,11,10,9,9,9,9,8,6
CCGTAACGATGGTATGTCATA,GAAATGTCGCAGT,true,3,5,8,25,0,1,0,0,0,0,1,0,0,0,0,0,2,0,1,1,2,0,0,0,18,16,15,13,10,10,10,8,7,5,5,5,5
ATTAATTGCTCTCTGCGGCTT,AGCGGTTTTTCGT,true,5,4,11,27,0,0,0,0,0,0,0,0,0,1,0,0,1,0,1,4,0,1,2,0,23,22,21,21,14,12,12,11,11,11,5,5,4
GCCCTTTAATACTTTGGCCGT,CCCATTTTGATAT,true,4,9,7,23,0,0,0,0,0,0,0,1,0,0,0,1,1,1,0,1,0,1,0,0,19,19,16,15,14,14,14,13,11,11,10,10,9
ACGTTAGCAATCATCGCTCTT,TTGGCCATTCTGT,true,4,12,8,32,0,0,0,0,0,0,0,0,0,0,0,1,0,1,2,0,0,0,0,2,29,22,21,20,20,20,17,14,14,14,14,14,12
TTTCGCCGCGGGAAACAAACG,GCGTTCTTGTAGA,true,2,8,13,30,0,0,0,0,0,0,0,0,0,0,0,0,2,0,2,4,0,1,1,2,28,23,20,19,17,15,15,14,13,11,10,9,8
GCTGAATGGATCCAGCGCGAA,TTGAATGTTGCAG,true,2,11,21,42,0,0,0,0,0,1,0,0,0,0,0,0,2,1,2,7,2,0,1,2,41,38,35,34,31,27,23,21,20,17,17,14,11
GATTTTGAGAATAGCTTTTTA,AACGAAATTAAAT,true,3,2,8,17,0,0,0,0,0,0,0,0,0,0,0,0,2,1,0,0,2,0,0,1,17,12,10,9,9,9,7,6,4,4,4,4,2
TTTCGGGCATTATTGATCCGC,CGCGGCCGGAAGT,true,2,11,16,39,0,0,0,0,0,0,0,0,0,0,0,0,1,4,1,2,0,3,2,0,34,32,30,28,24,23,19,17,16,16,16,13,11
CCGCCTGTCGTGACCGGTTCA,GTCGTCATGATCA,true,1,4,9,21,1,0,0,0,0,0,0,0,0,0,0,1,1,2,0,1,0,1,2,0,20,19,17,13,13,11,10,9,7,7,5,4,4
TGTTGCTTCCAAATGTTTGGT,TAAACCGATAGAG,true,3,7,6,23,0,0,0,1,0,0,1,0,0,0,0,0,0,1,0,2,0,1,0,0,22,20,18,13,11,9,9,9,9,8,7,7,7
TTCAGTAAAACGTCTGACTAT,CAAAAGAGAAGGC,true,4,5,14,32,0,0,1,0,0,0,0,0,0,0,0,0,4,2,1,1,4,0,1,0,29,28,27,22,17,13,13,9,9,6,6,5,5
AAGAGTATTTTCATCCAGCAG,CGAAACGGCTTGA,true,3,12,6,28,0,0,0,0,0,0,1,0,0,0,0,0,1,1,1,0,0,0,1,1,26,24,23,22,20,17,16,15,14,13,12,12,12
TTCAGTTCGCATCTTCCACCT,CTGTGTCTTAAGA,true,2,7,11,30,0,0,0,0,0,0,0,0,1,0,0,0,0,1,1,2,0,0,0,4,25,23,20,16,16,14,13,13,10,9,9,7,7
TGTCTTTTACAATTTGTTTCG,TAAATTCATACAT,true,3,11,12,32,1,0,0,0,0,0,0,0,0,0,0,0,2,1,1,2,3,0,0,2,31,26,25,20,20,17,16,14,11,11,11,11,11
AAGCAAATTTGCGTAGAGGCG,AGATGTTCTTGAT,true,2,9,13,34,0,0,0,0,0,0,0,0,0,0,0,0,1,1,0,5,0,1,3,2,32,30,28,28,23,22,20,15,14,11,9,9,9
TATCTGCCGTCTTTTTTCAAT,TGTTTTGCCAGCT,true,4,6,6,32,0,0,0,0,0,0,0,0,0,0,0,0,2,0,1,0,0,0,0,3,25,23,19,18,15,11,10,8,7,6,6,6,6
AGCTGTTAACTGATGACGATG,AGTACAAGAAAAT,true,4,5,15,34,1,0,0,0,0,0,0,0,0,0,0,0,0,0,3,0,7,0,0,1,32,28,23,21,18,18,15,15,14,14,12,7,5
CTCTGTTCAGTTAAACTGGTA,AAGGAAGTGGATA,true,3,8,13,33,0,1,0,0,0,0,0,0,0,0,0,0,0,0,2,3,3,0,4,0,33,27,23,18,15,15,11,11,11,10,8,8,8
GTGGCCTTGTTTTTTGAAAAA,AACGCAAAATCAT,false,7,2,2,12,0,0,0,0,0,0,0,0,0,0,0,0,1,0,0,0,1,0,0,0,11,9,2,2,2,2,2,2,2,2,2,2,2
ACACGGCTAGGGTCAATCCCA,GCTGCAGCAGTGT,true,1,8,11,35,0,0,0,0,1,0,0,0,0,0,0,0,0,0,0,1,0,1,1,2,33,29,23,19,19,19,18,17,16,15,14,10,8
GCGGAATTGGTTCAGTGAAAA,CGAATATCGGCCA,true,4,5,8,23,1,0,0,0,0,0,0,0,1,0,0,0,0,0,1,0,0,1,2,2,17,16,15,14,11,10,9,9,9,8,6,5,5
CGCATGACAAATTCCCGCAAA,TCCTCCTGCTTCG,true,3,7,5,28,0,0,0,0,0,0,0,0,0,0,0,0,0,1,1,2,0,1,0,0,27,25,20,20,18,16,14,13,12,10,9,7,7
CTGGCTGCATCACGGATATCA,AAAGAAGAATTGA,true,4,9,11,27,1,0,0,0,0,0,0,0,0,0,0,0,2,1,0,3,2,0,0,0,27,25,21,18,18,18,17,16,16,13,13,9,9
ACGTGCCTCAGCTTCTTGAAC,CGTCAGGTTTTCA,true,4,12,7,28,0,0,0,0,0,0,1,0,0,0,0,0,0,1,1,2,0,0,1,1,24,23,21,21,21,21,19,16,16,15,14,12,12
ATAATTCTCGACGCTTGTTAA,ATCATCGCTGCTC,true,3,13,13,42,0,0,0,0,0,0,0,0,0,0,0,0,3,1,0,3,2,0,0,3,37,31,26,25,23,19,19,18,16,15,15,14,13
GATAAACGTGCCTTCTTTCGC,GCTTCCTCTGACA,true,2,9,7,25,0,0,0,0,0,1,0,1,0,0,0,0,1,1,0,1,0,0,0,2,22,20,20,18,14,13,10,10,9,9,9,9,9
CCATCTATTGAACCTCCTTTA,TGTTGACTTCTGT,true,2,7,18,35,0,0,0,0,0,0,1,0,0,0,0,0,1,0,1,2,1,2,0,8,31,29,27,23,21,20,17,17,13,10,9,8,7
GTCGTCTCCATACTGCCATGT,GCCGCCATCGATC,true,2,6,9,21,0,0,0,0,0,0,1,0,0,0,0,0,1,2,1,0,1,2,0,0,19,19,15,14,13,13,12,11,10,9,8,7,6
CTTCTTCGTAGAATTGATCAG,GTGACATCTTTCT,true,3,5,5,22,0,0,0,0,0,0,0,0,0,0,0,0,1,0,0,0,0,1,1,1,21,19,16,14,11,9,8,8,7,7,6,6,5
AGAAAAAGAAAATGTTATTGA,CGAAATGGTCACT,true,3,4,9,21,0,0,0,0,0,1,0,1,0,0,0,0,0,1,2,0,2,2,0,0,17,15,13,13,11,9,9,8,7,7,6,4,4
CGATGCATAACTGAGCAATGA,TCGACTTGAAAAG,true,4,8,11,25,0,0,0,0,0,1,0,0,0,0,0,0,0,0,3,2,2,0,1,0,23,21,20,20,18,17,16,14,12,12,12,10,8
ACATTACTAGCGGAAAAGGAC,AATAAACGATGAT,true,3,9,8,28,0,0,0,0,0,0,0,0,0,0,0,0,0,1,2,1,2,0,1,1,28,26,26,24,23,19,18,14,13,11,11,9,9
CAGACCTTGTCCATTGGCATC,AATATTATCAGGA,true,2,10,8,27,0,0,0,0,0,0,0,0,0,0,0,0,2,1,0,1,0,0,0,1,26,23,19,19,18,17,16,16,15,14,13,13,10
TCCCTGGCCGGCTTCATTTGA,GTAAATGCCTCGT,true,3,4,7,16,0,0,0,0,0,0,0,0,0,0,0,0,2,0,1,1,0,1,1,0,13,12,12,11,10,7,7,7,5,5,5,4,4
GATGCAGGCTATGCCGGCGAC,ACCATTAGCGGGA,true,3,3,10,23,0,0,0,0,0,1,0,0,0,0,0,0,3,1,0,1,0,1,0,0,22,18,16,15,14,12,12,11,9,9,6,4,3
TGATCGCTGTCGGAGGGGTTG,TCGAAATTATTGC,true,3,7,13,32,0,0,0,0,0,0,0,0,0,1,0,0,1,3,1,3,2,0,0,1,28,21,20,19,18,15,13,11,11,10,9,8,7
AGTAAGCACAACCCCGAGGGG,GACGGCAACAAGC,false,5,3,9,25,0,0,0,1,0,0,0,0,0,0,0,0,1,1,1,1,0,0,3,0,12,10,10,10,8,8,8,7,4,4,4,4,3
CTTCAGCAGGATATGAGAGAG,ATTACCGGCTTTG,true,3,8,10,27,0,0,0,0,0,0,0,0,0,0,0,0,1,1,0,0,0,2,2,4,24,23,18,18,18,15,14,11,11,10,10,8,8
ATGCTTTCAACCGCGTCTTTC,ACTTCTGTTTTGT,true,4,8,13,35,0,0,0,0,0,0,0,0,0,0,0,0,0,1,1,1,1,0,1,6,33,28,28,25,21,19,18,18,17,15,10,8,8
TCGGTTATTAATTTTGATTTG,GTGACAATCGTTC,true,2,6,8,19,0,0,0,0,0,0,0,0,0,0,0,0,0,0,3,1,0,1,3,0,16,14,11,10,7,7,7,7,6,6,6,6,6
AACACTGAATGGGGCCCGAAC,CCACGCACGTTGA,true,3,2,4,11,0,0,0,0,0,0,0,0,0,1,0,0,0,0,1,0,0,1,0,1,11,8,7,6,5,4,4,4,4,3,2,2,2
GCCGATAAAGCGGCTTCCGGT,CGTCGGAAGGGAC,true,3,6,6,17,0,0,0,1,0,0,0,0,0,0,0,0,0,0,0,1,0,0,0,1,15,15,13,13,13,12,10,10,9,9,9,8,6
ATGAGCCGTTGTCTGGCCCTG,TACAACCTCTTCA,true,2,7,15,31,0,0,0,0,0,0,1,0,0,0,0,0,4,1,0,5,0,1,0,2,27,21,16,16,15,12,12,10,10,10,10,8,7
GCCAAGCATGGATTGCTTATA,ATCAATCACGGTG,true,2,5,16,26,0,0,0,0,0,0,0,0,0,0,0,0,1,3,2,2,5,0,1,1,21,20,18,18,18,18,15,12,11,11,10,6,5
GGTTTTCGGATCGTAAAGCCT,CTTTTGTTAGGGA,true,4,1,1,12,0,0,0,0,0,0,0,0,0,0,0,1,0,0,0,0,0,0,0,0,6,6,3,1,1,1,1,1,1,1,1,1,1
ATTCCTATTTCCTGCATATAT,ACTTGATAAGCGA,true,2,8,7,22,0,0,0,0,0,0,0,0,0,0,0,0,0,2,0,1,1,1,1,0,21,17,17,17,16,16,15,15,12,11,11,9,8
GCTCATCCAGCACATAAACAC,CAAGATCGGGAAT,true,3,3,10,19,0,0,0,0,0,0,1,0,0,0,0,0,1,0,0,0,4,0,2,1,17,17,15,12,11,9,8,8,8,5,5,4,3
ACCGCATACAGCTTGCCCCGT,GACCAGCCCTGAG,true,3,6,12,24,0,0,0,0,0,0,0,0,0,0,0,0,3,0,1,0,0,5,2,1,22,22,22,18,18,12,12,12,7,6,6,6,6
AAAAAGAGAGAAAAAAGAGAA,CCTTTTTCTCTCA,true,5,4,6,20,0,0,0,0,0,0,1,0,1,0,0,0,0,0,0,2,0,0,0,1,12,9,9,9,8,8,7,6,6,6,6,5,4
ACCGTTTTAATGGGATCTGCA,TTATGCTCTTTAC,true,3,5,11,18,0,0,0,0,0,0,0,0,0,0,0,0,1,2,1,3,0,0,1,2,18,17,16,14,13,11,10,10,10,10,8,6,5
ACACGTATAAGCCCAATCCGG,CCATGATGCACCA,true,2,7,8,24,0,0,0,0,0,0,0,0,1,0,0,0,1,0,1,0,0,1,2,1,23,19,18,14,12,12,10,9,8,8,8,8,7
CAGCCTTTGCATTTTCCACTG,CGAAAATGTGGTC,true,4,8,13,31,0,0,0,0,1,0,0,0,0,0,0,0,3,2,3,3,0,0,0,0,29,26,26,25,23,21,15,15,15,10,10,8,8
GCAGAAAGTGATCGTAGCGGA,TATCAGAAAACAC,true,4,9,9,24,0,0,0,0,0,0,1,0,0,0,0,0,0,0,0,4,3,0,0,0,22,20,19,18,18,16,16,16,15,12,9,9,9
ACTCGACTGCGTGAAAGCTGG,AATCGCTAGTAAT,true,2,9,8,30,0,0,0,0,0,0,0,0,0,0,0,0,3,0,1,1,2,1,0,0,29,23,21,19,18,17,16,13,12,11,10,9,9
ATCGTCATTGGCTTTTTTGGA,TATGATCGTTCTC,true,2,4,5,11,0,0,0,0,0,0,0,0,0,0,0,0,0,0,1,1,0,1,0,0,11,11,11,11,10,9,8,7,6,5,5,5,4
AATAAACTGTGCCCTGTTCCG,CTCGATTTGAACT,true,3,7,14,24,0,0,0,0,0,0,0,0,0,0,0,0,3,2,1,5,0,1,0,1,23,23,22,21,20,19,18,16,12,11,11,7,7
TTCCAAAGCTTCTAGAAGTGC,TGCTTCATCGATA,true,2,14,7,29,0,0,0,0,0,0,0,0,0,0,0,0,0,2,2,1,0,1,0,1,27,27,25,22,19,16,16,16,16,15,14,14,14
AGGAGTCACAGCTGAATTTGC,GGTCAGCGGCGAT,true,2,10,13,32,0,0,0,0,2,1,0,0,0,0,0,0,1,3,1,1,1,1,0,0,30,28,26,25,20,17,15,15,14,12,12,12,10
TTAGAAATGCGATCCTAGCAC,CATGGCAACAAAC,true,3,3,6,11,0,0,0,0,0,0,0,0,0,0,0,0,1,0,0,1,0,0,1,0,9,9,8,7,6,6,6,6,6,6,6,5,3
ATAGAATTTGCGTCTCCGTTC,GAGGATTGTTTGC,true,3,12,14,33,0,0,0,0,0,0,0,0,0,0,0,1,2,1,1,4,1,0,2,2,32,30,28,24,24,21,18,15,15,15,14,12,12
GAATTAAAACCTTCAGAAGGT,TCACGCAAAACGC,true,4,10,5,25,1,0,0,0,0,0,0,0,0,0,0,0,1,1,0,1,1,0,0,0,23,19,19,17,15,14,13,13,12,11,10,10,10
CGAAGTTGTCGGTACAGGTGT,CTGCGGGTTGCTG,true,3,5,15,28,0,0,0,0,0,0,0,0,0,0,0,0,2,5,2,2,0,1,2,0,23,20,19,16,14,14,12,11,10,6,6,6,5
TCCCGACACCTTTCTCTTGGG,TTTCATTCAGTCT,true,3,8,9,21,0,0,0,0,0,0,0,0,0,0,0,0,2,0,0,3,0,1,0,1,21,20,19,16,16,15,13,12,10,10,9,9,8
TCGGCGCCGCTCACTGCATCC,TGTTGCCGGACAG,true,2,8,6,23,0,0,0,0,0,0,0,0,0,0,0,0,0,1,1,1,0,0,0,1,20,20,20,16,15,15,15,14,13,12,12,10,8
AAAAAACAGGTGTCTGCACTT,AGCCCGCAGACAC,true,3,13,13,49,0,0,0,0,0,0,0,0,0,0,0,0,4,0,3,1,0,3,2,0,47,39,37,36,23,21,18,18,15,14,14,13,13
GCTATTTTCCAATTGTCAGCC,GCTTTTTGGGTGA,true,5,7,12,27,0,0,0,0,0,0,0,0,0,0,0,1,1,0,2,2,0,0,2,4,25,24,23,22,22,22,16,13,12,9,7,7,7
AAAGTAAAAAAAGAAAATAAA,AAAGTAAAAAACA,true,6,2,2,14,0,0,1,0,0,0,0,0,0,0,0,0,0,0,0,0,1,0,0,0,13,13,11,7,7,7,7,7,7,5,2,2,2
AGGCCGCCTCTGGCGCAGACT,GCATCAAACTTTG,true,3,7,7,19,0,0,0,0,0,0,0,0,0,0,0,0,2,1,0,1,1,0,0,0,19,19,15,13,11,11,11,10,9,9,9,9,7
ACTTCTTCAGGTATGGTATCA,GGCGGAAGATTAT,true,2,10,8,25,0,0,0,1,0,0,0,0,0,1,0,0,0,1,0,0,1,0,4,0,23,15,15,15,15,13,12,11,11,11,10,10,10
TCAAAACGGACGATGACGTCA,AGTGGGCAAAGGA,true,3,4,6,21,0,0,0,0,0,0,0,0,0,0,0,0,0,0,2,2,1,0,0,0,19,18,17,14,12,11,9,7,6,6,6,5,4
TGGAGGCGCCGAAAGGCACCT,TGGATGAGCTTCT,true,2,8,12,30,0,0,0,0,0,0,0,0,0,0,0,1,3,0,1,1,2,1,1,0,29,29,27,23,22,19,18,13,11,11,10,10,8
TCAATATTGTCCAAGTTTCGC,GAATTAATGACGA,true,2,8,18,31,1,0,1,0,0,0,1,0,1,0,0,0,1,1,2,2,1,1,0,2,30,28,28,26,22,20,19,17,16,15,12,12,8
TCTTCTTGTCCGTTTATCAAA,ATGCTGTAATCCT,true,4,6,11,29,0,0,0,0,0,0,0,0,0,0,0,0,0,1,1,2,4,0,2,0,21,20,17,16,15,13,12,10,9,8,7,7,6
ATTGTAATGAGCAGAGAGCCG,ACCAATAAGGCAT,true,2,8,7,19,1,0,0,1,0,0,0,0,0,0,0,0,1,0,1,1,0,1,0,0,18,17,15,14,14,14,13,13,13,10,9,9,8
AAAAGAAAATGGGAATCAAAG,GATCATCGACAAG,true,2,8,15,32,0,0,0,0,0,0,1,0,0,1,0,0,2,3,0,1,1,0,4,0,24,24,20,17,16,15,14,13,11,10,10,9,8
CGCCTCCAGCTGTCCGTCATT,TCGAAACCCTCTC,true,3,4,15,35,0,0,0,1,0,0,0,0,1,0,0,0,3,0,0,1,2,3,1,2,25,25,21,17,16,13,10,9,6,6,4,4,4
TGCCGCCAGCATCCTGAAGAG,TTGTCATGTATTG,true,2,4,6,19,0,0,0,0,0,0,0,0,0,0,0,0,0,0,0,1,0,1,0,4,18,16,12,12,9,9,7,7,5,5,5,4,4
TTCAAGCTCAGCAAACAGAGA,AATAGGTGGGCAT,true,3,9,6,25,0,0,0,1,0,0,0,0,0,0,0,0,0,1,0,1,0,0,0,0,23,21,20,18,16,16,16,15,15,13,13,12,9
CCCAATATTCATTTTCATGAA,GTTGAGGTTAATC,true,2,6,16,30,0,0,0,0,0,0,0,0,0,0,0,0,1,1,0,1,2,0,7,2,27,25,22,19,19,18,12,12,11,10,8,8,6
GCGAAGAAATTTTAATCCGGA,TCTCAGCCTATGC,true,2,11,11,26,0,0,0,0,0,1,0,1,0,0,0,0,2,2,0,1,0,2,0,0,24,22,22,22,21,20,19,17,16,14,14,12,11
CCAGATGTTGATGTCGTCATC,GAGGTGATCGGCG,true,2,6,9,23,0,0,0,1,0,0,0,0,0,0,0,0,2,0,0,1,1,0,2,0,22,19,18,15,15,13,12,12,12,11,8,7,6
CGGCCGCGGCAATATGCCGAA,GGGGCTTGTAGAT,true,4,4,5,15,0,0,0,0,0,0,0,0,0,0,0,0,1,0,0,1,0,0,2,0,15,15,14,10,10,10,8,7,6,5,5,5,4
CGTCTGCTGCTGGTATTTTCC,GTCTCTTTTGAGA,true,4,7,7,21,0,0,0,0,1,0,0,0,0,0,0,0,0,0,1,0,0,1,0,3,17,15,13,12,12,12,11,11,8,8,8,8,7
GACAGGCGCTCCCCTGCAGCC,CGGTTTTCGGTTC,true,4,3,1,12,0,0,0,0,0,0,0,0,0,0,0,0,0,0,0,0,0,0,0,1,11,11,10,10,8,7,4,3,3,3,3,3,3
TTTTACCCCAGTTTCATAGAA,GAGCTTAGAAAAG,true,4,10,11,26,0,0,0,1,0,0,0,0,0,0,0,0,2,2,2,1,2,1,0,0,23,20,18,17,16,16,14,14,13,11,11,10,10
TGATAGGCATTTAGCATGTTT,TCCTTCACTTCGT,true,4,9,16,30,0,0,0,0,0,0,0,0,2,0,0,0,0,0,1,5,0,2,0,4,27,19,17,17,16,15,15,15,15,14,11,10,9
CCCATCGATTCATATTTTTTG,TCAGGAAGCTTCT,true,2,6,6,21,0,0,0,1,0,0,0,0,0,0,0,0,1,0,1,0,1,0,2,0,19,17,15,13,9,9,8,6,6,6,6,6,6
CCTGAATATCCGCCGCGATGG,TTTTCAGTTCTTC,true,4,7,10,22,1,0,0,0,0,0,0,0,0,0,0,0,1,0,1,3,0,0,0,4,21,20,20,16,14,13,12,11,9,8,8,7,7
AACGCAGTCCTCTTTTTTCAG,CTCCATATTGCGC,true,2,7,16,28,0,0,0,0,0,0,0,0,0,0,0,1,1,1,0,4,0,4,0,1,27,26,23,19,18,16,16,16,14,11,10,7,7
ACATCAGTCCCTGTGCAGAAG,CACGATATTGCGT,true,2,17,9,30,0,1,0,0,0,0,0,0,0,0,0,0,0,0,0,4,2,1,0,0,29,26,26,25,24,24,23,23,23,20,18,18,17
GCCGGTTATGAACTTTTCCAC,CCAATTGGCTTTG,true,3,7,7,17,0,0,0,0,0,0,0,0,0,0,0,0,1,1,1,0,1,0,1,1,17,15,14,13,12,12,11,9,9,9,9,7,7
AAAGAGTCACCTATGACAAGA,AGTTTTCGACGAT,true,4,11,13,29,0,0,0,0,0,0,0,0,0,0,0,0,4,0,0,4,1,1,0,2,28,26,26,25,23,21,15,15,15,12,12,12,11
TGTGACCCGCGGCAGCGGTGT,CGGGGTCGTCGTC,true,4,9,14,32,0,0,0,0,0,1,0,0,0,1,0,0,2,4,1,1,0,1,1,1,31,27,26,26,20,18,17,16,14,12,10,10,9
TTGCAAGAGAAGATGGAAGCA,TCGACTGGCTGGA,true,2,10,11,26,0,0,0,0,0,0,0,1,0,0,0,0,1,0,3,0,0,1,4,0,21,19,19,18,17,17,16,13,12,12,12,11,10
TTGCAAGATTCCGACTTGATA,CAGCGGCAGCCGT,true,2,6,8,25,0,0,0,0,0,0,1,0,0,0,0,0,2,2,1,0,0,1,1,0,24,22,16,16,15,13,11,11,9,8,6,6,6
TTCTTCCATTGTAGCATTTCT,CGGCTCTAATAAG,true,2,5,6,16,0,0,0,0,0,0,0,0,0,0,0,0,0,0,0,0,3,0,3,0,15,14,8,8,8,8,8,8,7,7,7,5,5
GTCGCCGATTCCGATAAACAA,GCGAAGCAGGAAC,true,2,7,10,22,0,0,0,1,0,0,0,0,0,0,0,0,0,2,0,1,0,0,4,0,18,18,17,17,16,15,15,14,14,10,9,9,7
GAGGAAGTAATGGTATCAGTG,TTAAAAGCACCGA,true,4,10,15,31,0,1,0,0,0,0,0,1,0,0,0,0,1,2,3,3,2,1,0,1,31,29,24,24,22,19,17,15,14,12,11,10,10
AATTGATAAGCTCGAACAAAA,TAACTTGTTGTAC,true,4,8,10,31,0,0,0,0,0,0,0,0,0,0,0,1,2,0,0,2,2,1,0,2,24,23,21,16,15,12,11,10,10,9,9,8,8
GACAGCTCTCCTGTGCCGTCC,AATAGCTTGCCTA,true,2,12,6,29,0,0,0,0,0,0,0,0,0,0,0,0,0,0,1,2,1,0,0,0,27,22,21,17,17,16,16,16,15,15,15,14,12
TTCCTCCGCGTAACCTGCGGC,GCAGGCAGCAGCG,true,2,8,13,36,0,0,0,0,2,0,0,0,0,0,0,0,0,1,2,0,1,0,4,0,31,28,25,24,19,17,16,12,12,12,11,10,8
AGCACAACAGTGGGTCAATAT,ATTAAAAACAGCT,true,5,5,11,24,0,0,0,1,0,0,0,0,0,0,0,0,4,0,0,2,2,1,0,0,22,20,17,14,14,14,13,11,7,7,6,6,5
ACACTTCTGCCGAATACAGCG,GGCGCCAGCACCG,true,3,5,6,19,0,0,0,0,0,0,1,1,0,0,0,0,0,1,1,0,0,0,1,0,19,15,12,11,10,10,9,8,7,7,7,5,5
CTTTCTTACAACCGCGCTCGC,CAAGCAGCCATCA,true,2,6,19,33,0,0,0,0,0,0,0,0,0,0,0,0,2,3,0,3,3,3,1,2,31,31,24,23,22,22,18,18,15,12,10,8,6
GTGACACGGACGATCAAACGC,CTGGAGGAAAACG,true,4,5,17,33,0,0,0,1,0,0,1,0,0,0,0,0,3,1,3,0,3,1,4,0,31,30,28,23,22,21,18,16,16,14,9,5,5
TCGGCTTTTGCATGGCGATGC,GTTCTTCAAAATC,true,4,6,12,29,0,0,0,0,0,0,0,0,0,0,0,0,4,0,2,0,3,0,1,0,26,24,22,20,19,19,15,15,15,15,12,8,6
ACTGTTTGGATTAGCCATGGA,TTATCAAGTATTC,true,2,5,10,20,0,0,0,0,0,0,0,0,0,0,0,0,2,0,0,4,2,0,1,0,18,18,14,14,10,10,9,8,8,8,7,6,5
CCTTAATTGTAATAGGTGTGA,ATAATTTTCTGGC,true,4,4,12,18,0,0,0,0,0,0,0,0,1,0,0,0,3,0,0,2,2,1,0,2,16,15,14,12,10,10,10,9,6,6,6,4,4
ATAAAAGCAGTGTTGATGGAT,TTGTAATAAGATC,true,3,8,7,22,0,0,0,0,0,0,0,0,0,0,0,0,1,0,1,2,1,0,0,1,20,16,13,13,12,12,12,11,10,9,9,8,8
CTCTAATTGAAGAGATGCTGT,TTTTTATTTTTGC,true,6,6,9,25,0,0,0,0,0,0,0,0,0,0,0,0,0,2,0,6,0,0,0,1,25,25,24,23,21,11,10,9,9,8,7,6,6
GAAAGCTATTAAAGCGACAAC,TAAAATCTTGAAC,true,4,8,18,36,0,0,0,0,0,0,0,0,0,1,0,0,4,0,0,3,4,1,0,4,32,30,30,30,26,20,18,17,14,13,12,9,8
GGACGCCAATTTCTCATCGCT,GAAAACATATTCT,true,4,8,16,35,0,0,1,1,0,0,0,0,0,0,0,0,6,0,0,1,4,0,0,1,30,28,28,27,22,16,14,13,13,11,10,9,8
GGGAAACGAAAGCCTACTTCA,GCGACATATACGA,true,1,5,8,20,0,0,0,0,0,1,0,1,0,0,0,0,1,1,2,0,0,0,0,1,19,16,14,13,12,12,11,10,8,7,6,6,5
GGCTCCTGCTCCCCCGTATGA,AGCGTTTAAGCTC,true,3,2,2,12,0,0,1,0,0,0,0,0,0,0,0,0,0,0,0,0,1,0,0,0,11,9,8,7,7,7,7,6,2,2,2,2,2
GCAACATCGTAAAAGCGAAGC,AAACCGCTTATCA,true,3,6,11,33,1,0,1,0,0,0,1,0,0,0,0,0,1,1,1,1,0,2,0,2,31,29,25,19,15,14,12,9,7,6,6,6,6
CAATGACCCTCCCCGGTTGAG,CCGGGGGCTTTCA,false,5,34,82,186,0,0,0,1,3,2,0,2,1,0,0,1,1,8,7,7,0,11,24,10,173,139,133,128,126,112,67,60,58,55,45,36,34
GTACATCGGGTCATCTGAGCC,GATAGAGCCACCG,true,2,7,6,20,0,0,0,0,0,0,1,0,0,0,0,0,1,0,1,1,1,1,0,0,19,16,15,15,14,14,13,12,11,10,8,7,7
CCGAAGCAAACGAAGTGGAAC,GTGATCACAATCG,true,2,9,14,34,0,0,0,0,0,0,0,0,1,1,0,0,4,0,1,2,2,2,1,0,33,31,24,22,18,14,13,12,12,11,10,9,9
AGCCGATTCTTGATGCCGGAT,GCGGAACAGGCCA,true,2,5,7,15,0,1,0,0,0,0,0,0,0,0,0,0,0,1,1,0,0,1,1,0,13,13,12,12,11,10,9,9,9,8,7,5,5
GTTTCCGCCATTTTTCCCGAA,TGCTGCACGCACT,true,2,7,8,19,0,0,0,0,1,0,0,0,0,0,0,0,3,2,1,0,0,0,0,1,17,16,15,14,13,13,10,9,9,8,8,7,7
AGCTATTAAAAACATGTCCGC,TGTATAAAAAAAT,true,7,6,7,20,0,0,0,0,0,0,0,0,0,0,0,0,1,1,1,0,4,0,0,0,17,16,15,12,10,10,9,9,9,9,9,6,6
AAAGTCCGGCTTTTTCAATGA,CATTAACACATGA,true,2,4,13,20,0,0,0,0,1,0,0,0,0,0,1,0,3,0,2,2,3,0,0,1,17,16,16,13,12,8,7,7,7,5,5,4,4
TGGCCGAGGGGACCTCTGATC,AAATCAAAGGTTG,true,3,3,4,19,0,0,0,0,0,0,0,0,0,0,0,0,3,0,0,0,0,0,1,0,18,18,12,9,8,8,8,7,5,3,3,3,3
ATTAAAGGTTACGGCAATAAG,CCCAGGTGTTACA,true,3,5,17,31,1,0,1,0,0,0,0,0,0,0,0,0,1,0,2,3,0,2,4,1,29,28,26,25,24,18,17,14,14,13,9,6,5
AATGGGGCGGAAAGATTAAAG,CGAAGAAATAAAG,true,3,10,5,27,0,0,1,0,0,0,0,0,0,0,0,0,0,0,0,0,2,0,1,0,24,22,21,18,17,17,17,16,14,13,13,11,10
AAAGTGCTCGGTGAAGAGAAT,ACGTATTACAGGT,true,2,8,8,26,0,0,0,0,0,0,1,0,1,0,0,0,1,1,0,1,0,0,0,1,26,24,24,22,21,20,17,13,11,11,11,10,8
GTTCTTCTTGAAGCGCGCGCA,GGCGCTTGTAATG,true,2,8,11,36,0,1,0,0,0,0,0,0,0,0,0,0,2,0,0,1,1,2,2,2,36,27,25,22,18,16,15,14,13,11,10,8,8
ATCAGAAGGCTGGACCTTCCA,AAATAAAAAGAAT,true,5,14,4,23,0,0,0,0,0,0,0,0,0,0,0,0,2,0,0,0,2,0,0,0,22,22,21,18,18,18,18,17,15,14,14,14,14
AATCGGCTGATGTCCTTCGTT,ATCGGGGATGCGC,true,4,8,5,24,0,0,0,1,0,0,0,0,0,0,0,0,0,0,0,1,0,0,2,1,21,21,18,18,17,16,12,11,10,9,8,8,8
GCGTTTGGAGATAGTGGAAAT,GACGTTCGTATGT,true,2,9,14,32,0,0,0,0,0,0,0,0,0,0,0,0,3,0,4,3,1,0,1,1,29,27,22,21,20,18,17,17,16,12,10,9,9
ATTTTCTTAATTTAAAAGGGC,CTGCTATTCCTAT,true,2,3,5,17,0,0,0,0,0,1,0,0,0,0,0,0,0,1,0,0,0,2,0,1,12,10,8,8,7,6,6,5,4,3,3,3,3
CCATTGTCACAATGTCCGGCC,GCAGTTTTTTATA,true,6,6,9,23,0,0,0,0,0,0,0,0,0,0,1,0,1,1,0,0,0,0,0,4,22,21,19,17,17,17,17,16,14,9,7,6,6
ACTCTTCACGTGTCATTTTCG,CATCAATTTTGTG,true,4,8,11,27,0,0,0,0,0,0,0,0,0,0,0,0,3,1,0,0,0,0,0,4,27,27,22,21,21,21,19,19,17,12,9,8,8
TATCACGGCATTGAATGCCGT,TTTCAAAGATCTC,true,4,8,11,28,0,0,0,0,0,0,0,0,0,0,0,0,1,1,1,3,2,0,0,2,28,28,22,18,17,16,13,11,10,10,9,8,8
TTGGGGGCCGTGTGATTCTCC,GGCTGTTAAATAT,true,3,7,8,17,0,0,0,0,0,0,0,0,0,1,0,0,0,1,2,0,0,0,1,2,17,16,15,14,13,12,9,9,9,8,8,8,7
GACGGCGTTAGGCAGTGCTGT,GTTTATGTATGGC,true,3,4,7,21,1,0,0,0,0,0,0,0,0,0,0,1,1,0,1,1,0,0,1,1,20,18,18,13,11,9,6,5,5,4,4,4,4
CGCCGTCCGATCGTCTGAATA,AGCGAACGCTCCG,true,2,2,6,11,0,0,0,0,0,0,0,0,0,0,0,0,0,0,1,0,1,1,2,0,8,7,7,7,7,7,6,5,5,4,4,3,2
TCATCCTTACAAACGAGAGAC,AGGGGCGTGAAAG,true,4,8,7,21,0,0,0,0,0,0,0,0,0,0,0,0,0,0,1,1,0,0,3,0,20,19,19,19,16,15,12,12,11,10,10,8,8
AGAAATGCGAATTGAACATAC,AGCGATCTGGGTC,true,3,16,20,45,0,0,0,0,0,0,0,0,0,0,0,0,1,2,4,3,0,0,7,2,43,41,38,36,36,33,28,26,26,26,19,17,16
CCTCCTTTTTCATTCTACCTC,TCGTTTCCCGGTG,true,3,5,3,11,0,0,0,0,1,0,0,0,0,0,0,0,0,0,0,0,0,2,0,0,9,9,9,9,9,9,9,9,6,5,5,5,5
CATTATCGGCCGGCCGAATGT,AGGAAAATCATCT,true,4,6,14,30,0,1,0,0,0,0,0,0,0,0,0,0,4,0,2,1,3,0,3,0,23,23,19,17,17,15,12,7,7,7,6,6,6
AAGAAGCAGCGCCGCAAGAAA,CAGCTGCACCACA,true,3,9,16,39,0,0,0,0,0,0,0,1,0,0,0,0,6,2,0,1,0,2,1,0,32,31,28,27,25,20,20,17,14,13,12,9,9
TTCTTCTTTCTCTTGCCCCGC,GATCAGTAGCCTG,true,2,2,3,11,0,0,0,2,0,0,0,0,0,0,0,0,1,0,0,0,0,0,0,0,11,9,8,8,8,7,7,6,2,2,2,2,2
ACGTGTGGAAATTGCTCGTCA,GCGGCATTGCGGT,true,2,12,17,47,0,0,0,1,1,0,0,0,0,0,0,0,2,1,2,1,0,2,4,1,45,38,37,28,25,25,22,21,19,18,17,14,12
TCTCATCAATCCGGCACTTTA,CCTGCGGATGAAG,true,2,4,5,15,0,0,0,1,0,0,0,0,0,0,0,0,1,0,0,1,0,0,0,0,12,10,9,8,8,8,7,7,6,6,6,5,4
CAGCTGGTCGCCGATCGCTTT,ATGAATCAAAACA,true,4,7,12,33,0,0,0,0,0,0,0,0,0,0,0,0,3,0,1,2,2,2,0,1,30,27,22,22,18,14,12,11,11,11,9,7,7
ACTGGAAGGAAAACATGATGC,TGCTTGCCCAGCT,true,3,12,5,30,0,0,0,0,0,0,0,0,0,0,0,1,2,0,0,1,0,0,0,1,28,26,23,21,18,16,16,16,15,14,12,12,12
GAAAGTAAAAAAGCTTCGCGC,GTCGTATTATTTA,true,3,13,10,33,0,0,0,0,0,0,0,0,0,0,0,0,4,0,0,0,1,0,0,0,31,30,26,25,25,25,23,22,20,18,18,15,13
AAAAATTCCTGATATTCACGT,TTAGTGATGTCAT,true,3,14,17,38,0,0,0,0,0,1,0,0,0,1,0,0,3,0,2,5,0,0,2,2,36,32,30,25,24,23,22,20,17,16,15,15,14
ATTGATGGGCTAATCACTGAA,CATCTTGCGGAGC,true,2,6,7,24,0,0,0,0,0,0,0,0,0,0,0,0,3,0,0,0,0,0,3,0,17,17,16,14,14,13,10,10,10,8,8,7,6
GAAGGTTTTCGGATCGTTAAA,GCTCTGTTGTTAG,true,3,7,8,20,0,0,0,0,0,0,0,0,0,0,0,1,2,0,0,3,0,1,0,1,15,13,13,12,12,11,9,9,8,8,7,7,7
ATAAAGAAAAGAAAAAAACAC,AGGATGCGTACCA,true,2,5,17,35,0,0,0,0,0,0,0,0,0,0,0,0,3,0,0,1,3,4,4,1,33,33,28,25,22,20,18,15,15,11,9,5,5
GCATATGCGGACATTGTACTG,CCTGCAACATCCG,true,2,7,7,25,0,0,0,0,0,0,0,0,0,0,0,0,0,0,0,1,1,1,0,2,25,23,19,19,19,18,16,13,13,11,9,7,7
GTTTTTTTTTTTCCCAAAAAA,CCTTATCTGTGAT,false,6,1,0,26,0,0,0,0,0,0,0,0,0,0,0,0,0,0,0,0,0,0,0,0,3,3,1,1,1,1,1,1,1,1,1,1,1
GCAAAGGGGATGGGAGAAAAT,GAATGCGGTTACA,true,2,9,5,22,0,0,0,0,0,0,0,0,0,0,0,0,0,1,0,1,1,0,0,0,22,22,19,18,17,15,11,11,11,11,11,10,9
AATATGCGGAAAAAGAGCAGC,AGACGGCATAGAT,true,2,8,16,34,0,0,0,0,1,0,0,0,0,0,0,0,1,2,0,1,1,1,6,2,31,27,26,26,24,17,15,15,11,10,9,9,8
TTTTCCACTTATGAAAAAAGT,GCCTTGCCATCAT,true,2,2,6,13,0,0,0,0,0,0,0,0,0,0,0,0,0,0,0,3,1,0,0,0,11,10,10,10,10,8,8,8,6,6,4,4,2
CTCCAAGCCGCCGCATATTTT,ATCTCCTGAAGCG,true,4,12,21,42,0,0,0,1,0,0,0,0,0,0,0,0,4,0,0,6,1,2,2,2,32,28,26,26,25,24,24,22,22,21,14,13,12
CAAAACAAATAAAATCTGCAA,TGTCCAAATGGAC,false,3,3,3,22,0,0,0,0,0,0,0,0,0,1,0,0,2,0,0,0,0,0,0,0,19,18,17,15,14,14,14,14,3,3,3,3,3
TGGCCAAGATGGTATTCGCAA,AGGATGAGGGATC,true,3,4,23,39,0,1,0,0,0,0,0,0,0,0,0,0,6,1,2,0,4,0,5,1,33,28,25,24,20,20,18,15,15,11,8,7,4
GCAAAATAAAAAACGCTTATC,GGAGCGTTCGCAT,true,2,5,12,19,0,0,0,0,0,0,0,0,0,0,0,0,3,0,2,1,0,0,3,0,19,17,17,12,11,10,10,10,10,10,8,7,5
AAGACATTCATTTCTGCCGAT,TGAACGGAAACGA,true,3,4,10,23,0,0,0,0,0,0,1,0,0,0,0,0,2,1,2,1,0,0,1,1,20,15,14,13,9,9,8,7,7,6,5,5,4
CTGAAAGAGCTCATTCCGCGC,CAGCACTTTGAAG,true,3,7,14,28,0,0,0,0,0,0,0,0,0,0,0,0,0,2,1,2,3,1,0,2,25,23,22,22,20,18,18,18,16,12,12,10,7
CAAGCCTGCCGCTGAAACGTG,CCGAAAGCTGGCT,true,3,7,9,25,0,0,0,0,0,0,0,1,0,0,0,0,1,1,1,0,1,1,3,0,22,18,15,15,14,12,9,9,9,9,8,7,7
CGGGCCATCAGACAGTTTGCA,GGGTGAGAGCTGA,true,3,9,5,20,0,0,0,0,0,0,0,0,0,0,0,0,1,0,2,0,0,0,0,1,20,19,17,14,13,13,12,12,11,10,10,10,9
TGACAAAAGTGGACAAACGCG,ATATTTTTGCACT,true,5,9,8,34,0,0,0,0,0,0,0,0,0,0,0,0,1,1,1,0,0,1,1,2,33,25,22,21,21,21,19,16,13,12,11,10,9
CCGGAATTTAGTGCGGATATG,ATTCGTTTAGGTA,true,3,5,7,20,0,0,0,0,0,0,0,0,0,0,0,0,1,0,0,1,0,0,1,2,19,18,16,15,15,15,15,11,9,8,7,7,5
TGGTGGCGGAGCTGTCGGCGC,AAACTCGACTTTC,true,3,4,5,13,0,0,0,0,0,0,0,0,0,0,0,0,2,2,0,0,0,0,1,0,11,11,10,6,6,6,4,4,4,4,4,4,4
CCAATGATTTTTATAATCTGG,AAAATTTGATACA,true,4,9,8,28,1,0,0,0,0,0,0,0,0,0,0,0,1,0,0,1,2,0,1,1,25,25,24,20,18,18,15,13,12,12,10,9,9
TGGCGGGGTTTTTTCGCTGAA,ATTGGGTTACACT,true,3,8,8,21,1,0,0,0,0,0,0,0,0,0,0,0,0,1,0,1,0,2,2,1,21,18,17,16,16,13,13,12,11,10,9,8,8
GGTGTTGCTTCCTATATCGTC,GGGGGGAATGCAG,true,6,4,7,22,0,0,0,0,0,1,0,0,0,0,0,0,1,3,0,0,0,0,2,0,19,17,16,14,11,7,7,7,4,4,4,4,4
TGGTGTATTGCGGTTTATATC,CGATCGATACGGC,true,2,6,6,17,0,0,0,0,0,0,0,0,0,0,0,0,0,2,1,0,0,2,0,0,15,13,13,13,12,12,11,11,9,8,7,7,6
CTAAATACGAATAAACCGAAA,AAGCAGTTTGATA,true,5,9,8,29,0,0,0,0,0,0,0,0,0,0,0,0,2,1,0,1,2,0,0,0,28,25,17,15,14,14,14,13,13,11,11,11,9
ACATGGCAGCCATTTCAGAAG,AGCAGTCTTGGGT,true,3,2,5,19,0,0,0,1,0,1,0,0,0,0,0,0,0,0,0,0,0,0,2,0,17,16,15,15,12,12,12,9,8,7,5,3,2
AATAATGCTAATGACGCTCGC,GCCTTTAAAAATA,true,5,8,9,30,0,0,0,0,0,0,0,0,0,0,0,0,0,3,0,1,0,1,0,0,25,24,21,17,16,16,13,13,13,12,9,8,8
AATGGATATTGTTTTTGAGCC,AATGCGGATTTGA,true,3,8,14,30,0,0,0,0,0,0,0,0,0,0,1,0,2,1,2,0,3,1,1,1,29,26,23,22,18,17,15,13,12,12,11,10,8
CAAGCTGTCAAGTCATGATCG,AAAGGACTTCTCT,true,3,11,8,27,0,1,0,0,0,0,0,0,0,0,0,0,1,0,1,0,0,1,1,0,27,27,23,21,19,17,15,15,12,12,11,11,11
CTGTAGATGATCAAATCCCGG,AAGCTCTTTATGA,true,3,5,10,26,0,0,0,0,0,0,0,0,0,0,0,0,4,0,0,0,1,0,0,4,26,25,18,17,15,15,15,13,7,6,6,6,5
TAAGGTGGAAAAATTTAGGCA,GCATATAAATTGC,false,3,1,0,12,0,0,0,0,0,0,0,0,0,0,0,0,0,0,0,0,0,0,0,0,9,9,1,1,1,1,1,1,1,1,1,1,1
GTTTCTGCAAAATCTTTTCAG,CTTCATCAAGAGT,true,2,11,6,25,0,0,0,0,0,0,0,0,0,0,0,0,2,0,1,0,1,1,0,1,22,22,19,18,17,17,15,14,13,11,11,11,11
AGCAAACAAAAAGCAGTAAAC,AAAAGGTTCACTG,true,4,2,3,12,0,0,0,0,1,0,0,0,0,0,0,0,1,0,0,0,0,0,1,0,12,12,10,6,5,3,3,3,3,2,2,2,2
TCCTTAGTCGTCGGGATCTCC,TTTTTGAAATGCT,true,5,14,12,34,1,0,0,0,0,0,0,0,0,0,1,0,1,1,1,0,5,0,0,2,34,34,33,33,28,24,22,21,15,14,14,14,14
ATATGGAAATAACTTTTTACC,CTTTAACGGATGC,true,3,4,14,29,0,0,0,0,0,0,0,0,0,1,0,0,4,1,0,4,1,1,1,0,24,22,21,18,16,16,14,11,8,6,6,5,4
CCCGTGATGCAGGAGATCAGG,CAAAGGCGGGGAG,true,4,8,13,41,0,0,0,1,0,0,0,0,0,0,0,0,2,0,1,1,1,0,0,0,36,34,31,29,24,20,17,17,16,16,15,8,8
AATGTATGGATCGCAAATGCT,GGCTTCTTAGTGA,true,2,11,8,25,0,0,0,0,0,1,0,0,0,0,0,0,0,1,1,2,0,1,1,1,22,21,20,19,19,15,15,14,12,12,12,11,11
CTAATGCAATAGAAATCTGGC,CTGTCGCCATATC,true,2,7,11,25,0,0,0,0,0,0,0,0,0,0,0,0,2,0,1,0,1,4,0,3,24,22,20,18,18,18,17,12,12,9,8,7,7
ACCAAACGCCTGCACTTAACC,AAACGTGCGACAT,true,3,10,7,22,0,0,0,0,0,0,0,0,0,0,0,0,4,1,0,0,1,0,1,0,22,22,20,16,15,13,12,12,11,11,10,10,10
AGATCGGACGCCTGTTTATAA,AATTCCCGATACT,true,4,8,11,29,0,0,0,0,0,0,1,0,0,0,0,0,3,1,0,1,2,0,0,1,28,24,21,19,18,18,16,14,13,12,11,10,8
AATGCTCTTTAATGGAGCGCA,ACCGCCTCGCTCA,true,2,4,7,11,0,0,0,0,0,0,0,0,0,0,0,1,2,0,1,0,1,2,0,0,10,9,9,9,8,6,6,5,5,5,4,4,4
CATTTGCGAAGTATGATGTCG,GAACTGTTCGCCT,true,2,9,15,35,0,0,0,0,0,0,0,1,0,0,0,0,4,0,4,2,0,1,0,0,31,26,26,22,21,19,17,17,15,15,13,9,9
GAGGAAATTGTAAAATACGTC,ACGAAAAATAACG,true,5,6,9,19,0,0,0,1,0,0,0,0,0,0,0,0,2,2,0,0,4,0,0,0,17,16,14,14,14,14,13,10,8,8,7,6,6
ACTGCCGCATCCGGGTTTGCC,AGGCGGGACAGGA,true,3,7,6,25,0,0,0,0,0,0,0,0,0,0,0,0,2,1,1,1,0,0,0,0,23,20,17,15,15,15,12,11,9,9,9,8,7
TTTATGCTGCAGCCTGTTGAT,GAACATTGTATCA,true,2,5,7,26,0,0,0,0,0,0,0,0,0,0,0,0,2,0,0,0,2,0,0,2,24,24,21,15,10,9,8,8,8,8,6,6,5
AAATATATCCATAAAAACGCT,CCTTACCCTAAAG,true,3,6,7,23,0,0,0,0,0,0,0,0,0,0,0,0,0,0,1,1,1,2,0,1,22,19,18,17,16,15,13,10,9,8,8,7,6
CAGCATATCCAACTGCAAGTG,GAACCAACAAACT,true,3,8,8,26,0,0,0,0,0,0,1,0,0,0,0,0,1,1,1,0,2,1,1,0,20,17,16,16,14,13,12,11,10,9,8,8,8
GCTAAACTGTCTTGGTCCTTA,GAGGAGGTGAGAT,true,2,5,14,22,0,0,0,0,0,0,0,0,0,0,0,0,0,0,5,3,0,0,4,0,21,20,20,19,16,15,11,11,9,8,8,7,5
GTTTGTGAAATGTTGCACAAT,ATAAATGTGAAAT,true,3,4,8,17,0,0,0,0,0,0,0,0,0,0,0,0,0,2,0,2,0,0,0,1,15,13,13,10,10,9,9,9,8,8,7,5,4
TCCGTCCCCTGAAAGGAGAAA,TTCACCATGACCA,true,3,10,15,34,0,0,0,0,0,0,0,0,0,1,0,0,3,0,1,3,0,2,0,4,26,22,19,19,19,16,16,14,12,11,11,10,10
CAAATCGCTTCTAATTTAAAA,GTTCACCCATTTC,true,4,7,6,30,0,0,0,0,0,0,0,0,0,0,0,1,2,0,0,1,0,0,0,1,25,23,21,19,18,18,11,10,10,10,9,8,7
GAAAATCACTGTATAACCCGT,ATTATTTTCAAGC,true,4,6,1,13,0,0,0,0,0,0,0,0,0,0,0,0,0,0,0,0,1,0,0,0,12,12,9,9,8,8,8,7,7,7,6,6,6
AACGGATACACTGAAAACGCA,GAAGCCTATTGGA,true,2,6,12,31,0,0,0,0,0,0,0,0,0,0,0,0,4,1,0,1,2,1,0,2,27,27,23,17,16,15,14,11,10,9,8,7,6
GAAGAAAAAGATGATGGAAGA,GATGCAAAAACTG,true,5,5,12,25,1,1,0,0,0,0,0,0,0,0,0,0,5,0,0,2,1,0,0,2,21,20,18,15,15,14,14,13,13,11,7,5,5
AATATTGAAAAACAATGAATA,AATAGCCAAAACT,true,4,2,6,12,0,0,0,0,0,0,0,0,0,0,0,0,1,2,0,0,0,1,1,0,11,11,9,5,4,4,4,4,4,4,4,3,2
TGAAGAATTGTGGCATAAAAG,TAAAGAAATAATC,true,3,5,6,14,0,0,0,0,0,0,0,0,0,0,0,0,1,0,0,3,0,0,0,1,13,12,12,11,8,8,8,7,7,6,6,6,5
TTTTTCTTTTTCTTCTTCGGC,TTAGTAAAACCAC,true,4,4,6,27,1,1,0,0,0,0,0,0,0,0,0,0,0,1,0,0,2,1,0,0,26,23,22,20,18,16,16,12,5,5,4,4,4
GATATAGAGCGGCGAAGAACG,ACAGGCGTTCGCT,true,2,5,6,20,0,0,0,1,0,0,0,0,0,0,0,0,0,0,2,0,1,0,0,2,18,16,15,13,12,9,9,9,6,5,5,5,5
TCCAATAGACGGATATGGCAG,CGATTAGAGCAAC,true,2,7,7,18,0,0,0,0,0,0,0,0,0,0,0,0,1,0,0,2,0,0,1,2,17,14,14,13,11,9,8,8,8,8,8,8,7
CAGATCGGCCTGAAATCAAGG,AAGAACTTGAAAG,true,3,5,12,22,0,0,0,0,0,0,0,0,0,0,1,0,1,1,3,1,0,2,1,2,22,19,17,16,16,12,11,8,8,6,6,5,5
GCTTTGCCGAGGGGATGAGGT,GATTGCGACAAGC,true,2,2,3,11,0,0,0,0,0,0,0,0,0,0,0,0,1,0,1,1,0,0,0,0,9,9,9,9,8,6,5,4,3,2,2,2,2
CCAAAGATCATATTAAACAAG,TGATTTTAAATGT,true,4,4,6,14,0,0,0,0,0,0,0,0,0,0,0,0,1,0,0,2,0,0,1,2,12,11,10,9,9,8,7,5,5,5,4,4,4
AACGAATGGAGAAGCGCCAAT,TGTCGTTGCTCCT,true,2,15,16,39,0,0,0,0,0,0,0,0,0,0,0,0,0,2,2,3,0,2,0,5,35,32,29,26,24,24,22,22,20,18,18,17,15
GGCCGAAAATGTACCGGGGCT,AAACGTATCACCG,true,3,3,3,12,1,0,0,0,0,0,0,0,0,0,0,0,0,0,1,0,0,0,0,0,11,10,9,8,8,6,5,4,4,4,4,4,3
CAATCTACAGCTGTTGGAATC,GGCGGCGACCCTG,true,3,6,13,29,0,0,0,0,1,0,0,0,0,0,0,0,2,1,2,0,0,7,0,0,27,24,22,21,21,21,20,14,13,13,7,6,6
TATAATAAATTCGCTCTTTTA,GAGCAGATGAAGA,true,2,11,11,33,0,0,0,0,0,1,0,0,0,0,0,0,2,0,2,0,0,0,0,0,27,26,24,23,23,21,20,20,19,18,16,12,11
CGCATCAAAATCAAAGCGTGT,GATATTTCTTTTG,true,4,7,13,27,0,0,0,0,0,0,0,0,0,1,0,0,1,2,0,1,1,1,0,3,24,24,19,18,16,15,14,13,12,12,12,10,7
CCTCCGTATGATTTGACATTG,GCAAGCAAAATCG,true,4,7,10,26,1,0,0,0,0,0,0,0,0,0,0,0,3,0,1,1,1,2,1,0,22,21,21,18,17,15,13,13,13,10,8,7,7
TTTGTATCAATATCCACACTG,AAAGAACTTATTA,true,3,7,11,28,0,0,0,0,0,0,0,0,0,0,0,0,4,0,1,2,2,0,0,0,26,26,25,19,17,17,13,12,12,10,9,8,7
TGATCGATGTGAACCTCTTTC,AGGTCATCCGGCA,true,2,8,13,29,0,0,0,0,0,0,0,0,0,0,0,0,1,3,2,3,0,2,1,1,28,28,25,21,16,15,13,12,11,9,8,8,8
AAAATTTTGAGCCTTCCGGAT,GGTAGGTTTTTCT,true,5,8,12,25,0,0,0,0,0,1,0,0,0,0,0,0,0,1,1,2,0,0,2,3,22,19,18,16,15,14,13,13,13,13,10,8,8
GAGACTGAGCGGCCCCGCTAC,ATCGGAATAGCCT,true,2,4,9,20,0,0,0,0,0,0,0,0,0,0,0,0,1,1,2,1,2,0,1,0,15,14,11,10,8,7,7,7,7,6,5,4,4
GGTGACTTTTTAACGCTAGAT,ACGAAAACGCTTG,true,4,5,12,26,0,0,1,0,0,0,0,0,0,0,0,0,3,1,1,2,1,1,1,0,21,21,20,16,16,15,14,9,9,7,7,6,5
TCTTCAGCCAATTGATCAGGC,TCCGGTGTATCGC,true,2,6,8,22,0,0,0,0,1,0,0,0,0,0,0,0,2,1,2,0,0,2,0,0,21,20,17,15,15,12,9,8,7,6,6,6,6
TTGTTTCAGGGCCTGTCACAA,AAGCCATGAAAGA,true,4,7,10,22,0,0,0,0,0,0,0,0,1,0,0,0,1,1,2,0,1,1,3,0,21,20,14,13,11,11,11,10,9,8,7,7,7
ACGATTTGATTTGATTTCTCA,GGTGATGAGGAGC,true,2,4,5,20,0,0,0,0,0,0,0,0,0,0,0,0,0,0,4,0,0,0,1,0,18,18,18,17,15,15,14,12,11,10,4,4,4
AATCCGCACAGATGCTGTACG,AATACCAGCCCGA,true,3,11,14,40,0,0,0,0,0,0,0,0,0,0,0,1,1,1,1,0,1,5,1,1,38,36,26,25,25,22,19,17,17,17,13,13,11
TATTGACGAAAACGGCCTTCG,TGATCAGGAAATC,true,3,10,10,26,0,0,0,0,0,0,0,0,0,0,0,0,1,1,1,1,2,1,1,0,24,21,19,18,17,17,17,16,15,15,13,12,10
CCTCAGTTTGTTGGTTCCACT,TGCAGTTGGATAT,true,2,7,12,28,0,0,0,0,0,0,0,0,0,0,0,0,1,0,2,2,2,0,3,0,26,24,21,17,16,16,14,13,11,9,8,7,7
TGGCTGTCGTCTCGTTAATGC,CTACAAGCGGCGA,true,2,9,10,29,0,0,0,0,0,0,0,0,1,0,0,0,1,1,0,2,2,3,0,0,21,19,16,15,15,13,11,11,10,10,9,9,9
GTTTTTGCCTTCATACTGTTC,GGCATTTTCAAGT,true,4,7,6,21,0,0,0,0,0,0,0,0,0,0,0,0,0,1,0,1,1,0,1,1,19,15,14,13,12,12,12,10,8,8,8,8,7
CCATTTATCCTTTTTTATATG,CTGAAAGACGGAC,true,3,9,9,26,0,0,0,0,0,0,0,0,0,0,0,0,1,1,2,0,2,0,2,0,25,24,22,21,21,14,13,12,12,12,10,10,9
TATTTCTGATTCTGAATATAA,TAAATCCAAAAAT,true,5,6,10,27,0,0,0,0,0,0,0,0,0,0,0,0,0,1,0,1,4,0,0,1,24,22,20,16,15,14,13,12,12,12,12,9,6
CATCAAAAATTCGCCTTGAAA,TGGGCGGTTCTCG,true,3,7,11,27,0,0,0,1,0,0,0,0,0,0,0,0,2,0,1,1,0,0,2,2,21,20,19,15,12,11,11,10,10,9,9,9,7
TCACGAAAAGCGATCATCAAT,TTCATACGATGTA,true,3,9,3,20,0,0,0,0,0,0,0,0,0,0,0,0,0,0,1,2,0,0,0,0,18,16,12,12,11,10,10,10,10,10,10,9,9
TTGGTTTGGATTGCCGTCATT,TAAGATATGCCAG,true,3,5,13,27,0,0,0,0,0,0,0,0,0,0,0,0,2,1,2,2,4,0,1,0,25,24,20,17,15,14,12,11,10,8,8,6,5
GCAATAACCCCTTATACAAAG,TTTATTCTACCTG,true,3,6,8,25,0,0,0,0,0,0,0,0,0,0,0,0,3,1,1,1,0,0,0,1,24,24,22,22,20,17,11,9,9,8,7,7,6
TGCGGAGAGCTTAGGCGGAGC,CGGAATACATAAT,true,2,7,15,34,0,0,0,1,0,0,0,0,0,0,0,0,7,0,0,0,1,2,2,1,27,25,21,20,20,18,17,11,10,9,9,8,7
AATCAGCTTGTCTCCCTTTTT,AAATCCAAGGTCA,true,5,11,12,40,0,0,0,0,0,0,1,0,0,0,0,0,2,0,0,4,2,1,1,1,31,31,25,22,19,16,15,15,13,12,11,11,11
CTCGCAGGGCGGCATTCAAGC,CTTGAGCCGTTCT,true,2,9,9,20,0,0,0,0,1,0,1,0,0,0,0,1,1,0,2,1,0,0,2,0,20,20,19,17,17,16,16,14,12,11,10,9,9
CTTTTGGCGCTGTTAGTAAGC,AAAATCATTCCTG,true,4,10,12,29,0,0,0,0,0,0,0,0,1,0,0,0,3,0,0,2,1,4,0,1,29,28,27,25,18,17,17,16,16,13,10,10,10
ATTGGATTTTCCTCCGCATAG,CTCAAGGATTTTC,true,4,8,7,21,0,0,0,0,0,0,0,0,0,1,0,0,0,0,1,2,0,1,1,0,18,17,14,13,12,11,10,10,10,10,9,8,8
GACAGCGCCGATCACTTTTCC,ATTTTGAATGATC,true,4,6,9,28,0,0,0,0,0,0,0,0,0,0,0,0,1,1,2,1,2,0,0,1,26,25,25,23,18,14,12,10,9,9,8,7,6
CTGACAAAATCATCTTAAGAA,ATTTTGAAGGTGT,true,4,6,18,28,0,0,0,0,0,0,0,0,0,0,0,0,5,2,1,2,3,0,1,1,25,24,23,22,19,16,15,14,11,7,7,6,6
TGACTCGTTCGAGGTAAAAAA,GTTCTTGCCCATC,true,6,13,7,29,0,0,0,0,0,0,0,1,0,0,0,0,1,0,0,2,0,2,0,1,24,24,23,20,20,20,19,18,16,13,13,13,13
AAAAAAGTCTTTTATATTCAT,AGTAGAAATCATG,true,3,3,7,20,0,0,0,0,0,0,0,0,0,0,0,0,3,0,2,1,1,0,0,0,19,18,17,15,10,9,9,8,6,3,3,3,3
AAAAAGGGCAGATTTTAAAGG,TGGTTTGATGTAG,true,3,1,0,11,0,0,0,0,0,0,0,0,0,0,0,0,0,0,0,0,0,0,0,0,9,7,4,4,3,1,1,1,1,1,1,1,1
ATAATACATCTGCTTAACAAA,TCACCCTTAGCAG,true,3,10,10,25,0,0,0,0,0,0,1,0,0,0,0,0,3,1,1,2,0,1,0,1,23,22,20,19,18,16,15,13,12,12,10,10,10
TTTTTAGTCAGCTTTCCGGTG,CCGGAGATATCGT,true,2,9,13,24,0,0,0,0,0,0,1,0,0,0,0,0,2,1,2,0,0,4,0,1,21,18,17,17,17,17,16,14,14,14,12,10,9
TCGATATTGCGAAAGCAGAAG,GCACCTTCGTACA,true,2,17,14,44,0,0,0,0,0,0,0,0,0,0,0,0,3,1,2,3,2,0,1,0,40,35,32,29,26,26,25,23,22,22,18,17,17
CGTAAAAGAAACATATAAGAC,AGAAGAAAGAAAT,true,3,6,4,15,0,0,0,0,0,0,0,0,0,0,0,0,0,0,0,0,1,0,0,0,14,13,13,11,10,10,10,10,10,10,9,8,6
GTAAAAATTCCGGATTGGATG,CGACCGAAATGCT,true,3,6,13,26,0,0,0,0,0,0,0,1,0,0,0,0,5,2,2,0,2,1,0,0,25,23,20,19,17,14,14,14,11,6,6,6,6
TAATTCTTCGTTGCACGATTA,ACAAAAGGAGGTC,true,4,11,11,36,0,0,0,0,0,1,0,0,0,0,0,0,4,1,1,0,3,0,1,0,34,28,28,28,27,22,20,20,17,14,11,11,11
GTTATTGTTGTTATTGTTAGG,TTGGTCTTGGTTA,true,2,6,5,20,0,0,0,0,0,0,0,0,0,0,0,0,0,1,0,0,0,0,2,1,19,15,14,11,11,10,10,10,10,8,7,7,6
CGTTTCGTATCAATGGAGCCG,ATAAGCGGCAATA,true,2,9,5,21,0,0,1,0,0,0,0,0,0,0,0,0,0,0,1,0,1,0,0,2,20,15,15,13,12,11,10,10,10,10,9,9,9
AAAGGATACGAATGTCAAATA,GGTGCCGGTCCGT,true,2,6,12,32,0,0,0,0,0,1,1,0,0,0,0,0,0,3,2,1,0,2,2,0,26,24,22,22,18,17,14,11,9,9,7,6,6
CAAGCGGTGGAGCAATGTGGT,TTAATTCGAAGCA,true,3,5,7,16,0,0,0,1,0,0,0,0,0,0,0,0,0,1,1,0,0,0,0,2,16,13,12,12,12,11,10,9,9,9,8,7,5
GTCAAGACTGTTGTAGGTTCT,CGATAAGCCAAGT,true,2,7,6,22,0,0,0,0,0,0,0,0,0,0,0,0,2,0,1,0,1,2,0,0,22,21,20,18,17,15,13,13,8,8,8,7,7
AAACATTGCAGTTGATCCGGA,TAAGCTCGAACAG,true,2,13,13,33,0,0,0,0,0,0,0,0,0,0,1,0,1,3,0,2,5,0,1,0,33,32,29,26,25,22,21,21,20,18,16,13,13
GTTGCGGGTTTTTTCTGTTTT,GCCGGAATTCTTC,true,4,5,2,12,0,0,0,0,0,0,0,0,0,0,0,0,0,0,1,0,0,0,1,0,11,9,8,7,5,5,5,5,5,5,5,5,5
ATGCAAGAAATTCCGCTTCCT,GGTTTGTATGCAT,true,3,8,7,25,0,0,0,0,0,0,0,0,0,0,0,0,0,1,0,0,0,0,3,2,24,20,20,20,19,16,15,14,13,11,10,8,8
ATTCAGCCCCACACGCAAAAG,CTCAGATGACGGC,true,2,6,11,24,0,0,0,0,0,0,0,0,0,0,0,0,2,0,1,2,2,1,2,0,22,20,19,17,13,10,9,9,9,8,7,7,6
GAATGGGTTTTGCTTTCTCAT,CCCCCCAGCTGAT,true,6,7,13,29,0,0,0,0,0,0,0,0,1,0,0,0,0,4,0,0,0,5,0,1,28,28,27,25,23,19,14,14,12,11,10,9,7
GTCCCGCCTTGTCATTGAAAA,GCCGTTCGGCCAT,true,4,7,8,33,0,0,0,0,0,1,0,0,0,0,0,0,0,0,2,2,0,1,1,1,27,23,18,17,17,16,12,12,10,7,7,7,7
GGTTAGAGAGCGGTGCCGGCC,CGATCACAAGATG,true,3,6,11,28,0,0,0,0,0,0,0,0,0,0,0,0,1,2,0,1,2,3,1,1,22,20,18,15,12,12,11,10,9,6,6,6,6
CGGGAAAAGCAAATCATCGCC,CACCTGAATGACG,true,3,4,7,19,0,0,0,0,0,0,0,0,0,0,0,0,2,0,0,1,0,2,0,1,16,14,14,13,11,11,11,10,9,7,7,5,4
CAGCACTTTTTTCATTAAATG,AGAATAATCAGCT,true,2,3,5,12,0,0,0,0,0,0,0,0,0,0,0,0,0,0,0,0,4,0,1,0,10,9,9,7,5,5,4,4,4,4,3,3,3
GTAGCAATTTTCAGTCTTGAG,ATGGGTGCAGAGC,true,3,10,7,28,0,0,0,0,0,2,0,0,0,0,0,0,1,0,1,1,1,1,0,0,24,23,20,20,16,15,14,12,12,11,10,10,10
TATTATGTGTTTACTAATCGC,CGCTGCAATTGTA,true,2,7,17,31,0,0,0,0,0,0,0,0,0,1,0,0,2,1,1,3,0,1,3,3,25,24,22,19,15,13,13,13,11,10,9,9,7
AAAAATTGCCTCCTAAATGAA,AATTGTTATTAAT,true,4,2,6,11,0,0,0,0,0,0,0,0,0,1,0,0,1,0,0,2,0,0,0,2,10,10,8,7,6,6,5,3,3,2,2,2,2
ACCTTGAAAAGCTATGGGGAG,ACGCTCCGCTCGC,true,2,7,6,25,0,0,0,1,0,0,1,0,0,0,0,0,1,1,0,0,0,1,0,0,25,21,18,18,15,15,14,11,10,10,9,7,7
GTATGCTTCCGTACCGTCTGA,TCAAGCGAAGCAC,true,2,9,13,28,0,0,0,0,0,0,0,0,0,0,0,0,3,2,1,0,1,1,0,2,24,23,23,21,19,18,15,15,15,12,12,12,9
GATGCAAAGAAGCTGTTATCC,CACTCTGAACAGA,true,3,8,8,29,0,0,0,0,0,0,0,0,0,0,0,0,4,1,0,1,1,1,0,0,23,19,17,17,14,13,13,13,12,9,8,8,8
CAGATTTTGCGTCAGACTTGC,CAAGCTCATAAGC,true,2,7,11,22,0,0,0,0,0,0,0,0,1,0,0,1,2,2,1,0,3,0,1,0,21,17,15,14,12,11,10,10,9,9,8,7,7
ATCGGGTTAAAGCTGAAGATG,GCCAGAATCGCAG,true,2,5,9,25,0,0,0,0,0,0,0,0,0,0,0,0,0,1,1,0,0,2,2,0,20,18,12,12,11,9,9,9,9,9,8,7,5
GAGCTGAGAAAGGTAAAAGTG,AGAAACAACAGTG,true,3,5,4,19,0,0,0,0,0,0,0,0,0,0,0,0,1,0,0,0,2,0,1,0,17,14,14,14,13,9,9,8,8,7,5,5,5
GCCTTTTTTGATTTTCACATC,ATATTTCAGTCCG,true,3,6,6,15,0,0,0,0,0,0,0,0,0,0,0,0,2,3,0,1,0,0,0,0,15,14,13,11,11,11,8,7,7,6,6,6,6
GATTATTTTCCGCAATGGGAT,CCGACTGACGGCA,true,2,8,10,25,0,0,0,0,0,1,0,0,0,0,0,0,0,0,1,1,1,2,3,0,21,19,18,17,16,15,14,12,12,12,9,9,8
TTTTCACACTGTATACTTCTT,CAGGTATGGTATC,true,2,8,14,30,0,0,1,0,0,0,0,0,0,0,0,0,1,4,2,1,1,0,2,1,28,26,26,22,20,15,13,13,12,10,10,9,8
AATCAGCGAACCACTTTTTCT,TTGCCCTGCACGA,true,3,2,5,11,0,0,0,0,0,0,0,0,0,0,0,0,0,2,0,1,0,0,0,1,11,9,8,8,7,7,5,4,4,3,3,2,2
AGGCATTCGTATATGTCCCTG,TCGGATTTGTAGC,true,3,8,6,22,0,0,0,1,0,0,0,0,0,0,0,0,0,0,0,0,1,2,0,2,20,18,17,15,15,15,14,11,10,10,8,8,8
GGAGATTGAGATACACCATAA,ATACACCGTTTCT,true,3,5,12,31,1,0,0,0,0,1,0,1,0,0,0,0,0,0,1,0,2,1,0,3,24,21,20,17,16,14,12,11,10,10,7,6,5
TTTTCCCGCAAAAGCAGACAT,GATGGCAATAAAT,true,3,5,15,38,0,0,0,0,0,0,0,0,0,0,0,0,0,0,2,4,2,1,2,0,26,24,23,20,18,14,14,11,10,9,9,7,5
TTTCACGCTCTGAATCTGTTT,TTCTATTTTCCGC,true,5,6,15,39,0,0,0,0,0,0,0,0,1,0,0,1,0,1,1,4,1,0,0,4,38,32,22,21,18,16,16,16,12,8,8,8,6
CATAATAAAAATTTTTTTATA,TAGATGAAAGTAT,true,3,10,5,21,0,0,0,0,0,0,0,0,0,0,0,0,2,0,0,1,1,0,0,0,17,17,14,14,14,13,13,13,12,11,11,10,10
TCCCTTAAAAAAATCAAAAAG,AGTTTGATGATAG,true,3,3,6,21,0,0,0,0,0,1,0,0,0,0,0,0,0,0,1,3,0,0,1,0,19,16,15,15,12,7,7,7,4,4,3,3,3
GCACTCCGTTTTCCTGCAGAT,AGCGTACATTGGT,true,2,8,15,28,0,0,0,0,0,1,0,0,0,0,0,0,2,4,0,1,2,0,4,1,26,25,23,17,15,13,11,11,11,10,10,8,8
GCCGCATTGTGTTCATTGGGT,TAGGGATTGCAGT,true,3,9,15,31,0,0,0,0,0,0,0,0,0,0,0,0,1,1,1,3,2,1,2,3,30,27,25,24,20,18,18,14,12,11,10,10,9
GGATTGGGTGTCAAAACTGGA,ATTGATCTTCCGA,true,2,10,10,24,0,0,0,0,0,0,0,0,0,0,0,0,0,2,0,3,0,3,0,2,23,21,19,17,16,16,16,15,14,14,11,10,10
AAGCGGCTCTCATCACGGGCC,ACTGCTTTGAAGA,true,3,8,9,27,0,0,1,0,0,1,0,0,0,0,0,0,1,1,1,0,0,0,0,2,24,22,17,16,15,15,14,13,12,11,10,8,8
TCACAAATCAAATCAGCGGCT,GAAACGCTCGATC,true,3,7,20,38,0,1,0,0,0,0,0,1,0,0,0,0,5,4,1,3,3,0,1,0,32,30,30,27,21,19,16,13,12,11,9,7,7
TAGAGATAGGACGTCCCTTCG,GGGGCAGAGTGAC,false,5,17,34,90,0,0,0,0,2,0,0,0,0,0,0,0,3,2,3,0,1,1,19,0,88,81,68,35,32,30,27,26,23,22,21,20,17
TGAAACGTTTTGTTTTTAACC,ATTTCAAACTCAG,true,3,7,5,18,0,0,0,0,0,0,0,0,0,0,0,0,0,2,1,0,2,0,0,0,17,13,12,12,12,12,11,9,9,8,8,7,7
TTCGCATTCCTGCTTGGTCTG,CCAGTACATGATG,true,2,15,13,45,0,0,1,0,0,0,1,0,0,0,0,0,4,2,1,0,0,3,1,0,41,38,29,26,24,24,20,18,16,15,15,15,15
ACCTATTGCATCAAATAGCTC,TGCAATGTCCTCT,true,2,8,13,25,1,0,0,0,0,0,0,0,0,0,0,1,1,2,0,3,0,1,2,1,21,19,19,18,17,14,12,11,10,9,9,9,8
GCAATCCGCGAAACCTGATTT,TATCGCCTTTAAC,true,4,5,7,24,0,0,0,0,0,0,0,0,0,1,0,0,0,0,0,2,0,1,0,1,23,17,13,12,12,11,10,10,10,8,7,7,5
TCATCTGCGGCGTGACTTCAT,ACTCGTAAACCGT,true,3,11,13,34,0,0,0,0,0,0,0,0,0,0,0,0,3,1,2,4,0,2,0,1,33,29,29,26,25,22,18,18,17,14,12,11,11
GATGTCGAACGTTCGCTTTCA,CTTTGCCTCGGCT,true,3,12,13,38,0,0,0,0,0,0,1,0,0,1,0,0,2,1,1,4,0,3,0,0,34,29,29,26,21,19,16,15,14,14,14,12,12
TCTGTGAGAAAAAGACCATTC,CTACCCCGTAACA,true,4,4,7,20,0,0,0,0,0,0,0,0,1,0,0,0,1,1,0,0,0,2,0,0,16,14,13,12,12,11,8,7,7,7,5,4,4
CATACTGCTTCGGCTTGTCCA,TCTTCTTCTATCA,true,2,10,13,32,0,0,0,0,0,0,0,0,0,0,0,0,0,0,1,4,2,2,0,3,30,29,29,27,21,20,16,15,15,13,13,11,10
CTATCTCAACATTGTATTCCT,TGCGCTTTTGAAC,true,4,9,7,23,0,0,0,0,0,0,0,0,0,0,0,0,0,0,2,2,0,0,0,2,21,19,17,15,14,14,14,12,11,10,10,9,9
GGTCCGAGACCTCCTGAAAAG,ATAATGAAGTCAG,true,2,10,12,26,0,0,1,0,0,0,0,0,0,0,0,0,1,0,1,3,1,1,1,0,26,25,25,23,22,21,20,20,17,16,13,13,10
GTAATGATCTCAACTTTATGC,CCTATGCCCGGCA,true,3,4,13,24,0,0,0,0,0,1,2,1,0,0,0,0,0,0,1,2,1,2,1,1,24,21,19,18,17,14,14,13,9,8,7,5,4
GAAGCGGCATTTCAGTACATA,TATATTAAGGAGA,true,2,3,8,21,0,0,0,0,0,0,0,0,0,0,0,0,2,1,0,1,2,0,0,0,19,18,18,15,14,13,12,8,7,6,5,5,3
AGCGAAAGGCCTTGATTGTTT,CTGAAGCGGCGGT,true,3,6,13,31,0,0,0,0,0,0,0,0,0,0,0,0,0,5,4,1,0,1,1,1,23,20,20,18,18,17,15,13,11,9,7,6,6
TGGATGCCTTGGGCACTAGGA,GCCGATGAAGGAC,true,2,6,5,17,0,1,0,0,0,0,0,0,0,0,0,0,0,0,1,1,1,1,0,0,17,16,13,11,10,9,8,7,6,6,6,6,6
CATGGAGTGCAGGAGCGGCTT,TTTGAATTCGGAG,true,5,10,13,36,0,0,0,0,0,0,0,0,0,0,0,0,1,1,0,1,0,1,2,3,35,32,29,24,23,21,20,18,17,16,14,12,10
TGAAAAATACATCCTTTAAAA,ACCCGACCGGGCT,true,5,3,11,26,0,0,0,0,2,0,0,0,0,0,0,0,2,0,1,1,2,3,0,0,17,15,14,10,9,8,6,6,6,5,4,3,3
TACGCAATAGGAAATAACACT,ATGCATTTTTGAT,true,5,4,7,18,0,0,0,0,0,0,0,0,0,0,0,0,1,1,0,3,1,0,0,1,16,15,13,12,9,8,8,8,8,7,4,4,4
CGGTTTAATCATCCCGAATAT,TGTATCGATTTAC,true,3,7,10,25,0,0,0,0,0,0,0,0,0,0,0,0,2,0,0,2,0,0,0,2,23,22,21,19,17,15,14,14,14,12,11,10,7
AAAATGATCTTCAACGGGACT,TTTAAGCCGGGGA,true,4,4,11,32,0,0,0,0,0,0,0,0,0,0,0,0,1,0,2,3,0,1,0,0,32,30,26,20,19,16,13,11,10,10,9,8,4
GCAGACAGCGGACGATGCGGG,CGGCAATACAGAG,true,3,11,10,30,0,0,0,0,0,0,0,0,0,0,0,0,0,1,1,1,4,0,2,0,29,28,24,22,21,17,16,14,12,12,11,11,11
TCTTTTGGATAATTCATGGCT,TTCCGATGATCAT,true,3,9,10,29,0,0,0,0,0,0,0,0,0,0,0,0,2,1,0,0,2,2,1,2,29,26,23,18,16,16,15,13,11,9,9,9,9
TCTAATTCAATGCTGCCGTTC,ACTTCCTTATGAG,true,2,7,7,24,0,0,0,0,0,0,0,0,0,0,0,0,1,1,0,1,0,3,1,0,22,18,18,15,14,12,12,12,12,11,8,7,7
ATCACAATCACGATTCCGGAA,AAGAAGTATGATG,true,4,6,13,36,0,0,0,0,0,0,0,0,0,0,0,0,4,1,0,3,3,0,0,1,35,28,17,17,15,14,14,11,8,7,7,7,6
GGGCTGTGGCATTTAGGAAAG,CTGCTGTATAGCG,true,1,5,10,25,0,0,0,0,0,0,0,0,0,0,0,0,2,1,2,2,0,1,0,2,24,21,20,18,16,15,12,9,7,7,6,5,5
GCGTCATAATTGCCCGCTCCG,TCGCTGCATCAAC,true,2,9,14,33,0,0,0,0,0,0,0,0,0,0,0,0,0,2,4,4,0,1,0,2,29,29,28,26,23,20,18,16,13,11,11,10,9
CGTCATTAGGCAAATGATCAA,AATTGAATTTCTA,true,4,4,12,29,0,0,0,0,0,0,0,0,0,0,0,0,5,0,0,1,2,0,1,0,27,26,21,18,16,16,12,9,9,9,7,6,4
CTTGCTATCAAAGGCATGCTT,CCAAAAGGTTCTC,true,4,9,13,31,0,0,0,1,0,0,0,0,0,0,0,0,2,0,0,1,2,3,2,0,30,25,24,24,21,17,15,12,11,11,10,9,9
GTATTAAGCGGGCAGCTTTAA,ATGATATCAGTGA,true,3,9,7,26,0,0,0,0,0,0,0,0,0,0,0,0,3,0,0,1,0,0,1,1,24,20,17,16,15,14,13,13,12,11,10,10,9
CGTAGCCGTCCCCGCCTTTTG,CCGAATGTATGGC,true,2,4,4,11,0,0,0,0,0,0,0,0,0,0,0,0,1,1,0,0,0,1,1,0,10,8,7,6,6,5,5,5,5,5,5,4,4
GCATGAGCTCAAGCAGATGAT,CTCTTCCTCTAAT,true,2,7,15,28,0,0,0,0,0,0,1,0,0,0,0,0,2,0,1,3,0,2,0,2,27,26,20,20,19,18,16,16,14,12,11,8,7
ACGGTTTTCCAGGCACCCCAC,GCTTATGAAGTGA,true,2,12,10,26,0,0,0,0,0,0,0,0,0,0,0,0,1,0,0,4,2,0,3,0,26,26,26,23,20,19,15,15,13,12,12,12,12
AAGAAAGCATGCAAAAACAAA,AACAAGAGCTGCA,true,5,10,10,46,0,0,0,0,0,0,0,0,0,0,0,0,4,2,0,0,2,0,0,1,46,35,26,24,21,19,16,13,12,11,11,10,10
GTTTGCCTTAACAGAAGGCGA,TCGAAAAATGGCG,true,5,6,12,27,0,0,0,0,0,0,0,0,1,0,0,0,4,1,0,1,4,0,0,0,21,19,19,19,19,18,17,11,9,9,7,6,6
TTCCTCCATGATTATCCTTCC,TCCTCAGTTATTC,true,2,8,14,26,0,0,0,0,0,0,0,0,0,0,0,2,4,1,0,3,0,1,1,1,24,23,21,21,21,20,16,14,13,11,9,9,8
GGCGTGTAAGGTAACCTGAGT,CAGCAGTTTTAAG,true,4,13,7,27,0,0,0,0,0,0,0,0,0,0,0,0,0,0,0,2,0,0,0,3,27,26,25,23,21,21,21,21,21,18,15,15,13
CTGTTAATGCTGTTTCAAACG,GTGCAAAATGAAC,true,4,4,10,28,0,0,0,0,0,0,0,0,0,0,0,0,0,1,2,1,2,0,1,1,21,18,15,14,13,13,12,8,7,7,6,6,4
AACCGTCCATCCCCTTTTTAG,AATAAACCCCTAT,true,4,5,9,23,0,1,0,0,0,0,0,0,0,0,0,0,2,0,2,0,0,2,0,0,20,19,16,15,14,11,9,9,9,7,7,5,5
TGATGCGTTTGAAGAGGAAGG,AATCTTTACTTTG,true,3,5,9,17,0,0,0,0,0,0,0,0,0,0,0,0,1,0,1,2,1,0,0,1,16,15,13,13,13,13,12,10,8,8,8,7,5
AAATGCTTTTACTGTTTCTCC,TCTATAGGAATCA,true,2,7,6,22,0,1,0,0,0,0,0,0,0,0,0,0,1,0,0,1,1,0,1,1,21,19,19,15,14,13,12,10,10,9,7,7,7
TTTTTTTTCTTGACTGTTCAG,TCTGGAAAAGGTA,true,4,12,21,43,0,0,0,1,0,0,0,0,0,0,0,1,3,2,1,1,5,1,3,0,39,38,35,32,29,28,28,27,20,17,16,14,12
ATTACGTTAACAAGCAGAGAC,GGCGGTGCGGCTG,true,2,6,3,16,0,0,0,0,0,0,0,0,0,0,0,0,0,0,1,0,0,0,1,1,16,15,15,13,12,9,8,7,7,7,6,6,6
AACACAAGATTGCGCAGAATC,AGGATATTGTCGA,true,2,8,10,28,0,0,0,0,0,0,0,0,0,0,0,0,1,1,2,4,0,0,1,1,28,27,24,23,22,19,19,18,14,11,9,8,8
TCGCGATTTTGCACTGTCAGA,TCAGATCCGCGAC,true,2,17,8,38,0,0,0,0,0,0,0,0,0,0,0,0,1,0,1,2,0,1,2,0,32,29,28,22,20,20,19,18,18,18,18,18,17
TCCGTAGCTTTCTGACACTTC,TTTTAAAAATTGC,true,5,6,10,28,0,0,1,0,0,0,0,0,0,0,0,0,2,1,0,3,0,0,0,1,27,26,26,21,17,16,16,15,13,9,9,7,6
AATTCGTTAAGTTATTTCTTT,ATGTTCTTTATCT,true,3,2,6,16,0,0,0,0,1,0,0,0,0,0,0,0,1,2,0,0,1,0,0,1,14,12,11,10,10,10,10,9,6,2,2,2,2
CTTGCGGATGCGACATATCGC,CAAGTGTTCGGTA,true,2,9,9,30,0,0,0,0,0,0,0,0,0,0,0,0,0,1,1,1,0,3,2,1,24,23,22,20,19,18,16,15,12,11,9,9,9
AAGTAAAAGCAAAAACTGAGG,CTGTATAAGCCTC,true,2,3,4,13,0,0,0,0,0,0,0,0,0,0,0,0,1,0,0,2,0,1,0,0,12,11,9,8,8,7,6,5,5,5,3,3,3
TTTTTGCCACGGCCGTGCATC,GCAACTTTATGAT,true,3,9,13,29,0,0,0,0,0,0,0,0,0,0,0,0,1,2,2,1,2,0,1,2,28,27,26,24,22,22,21,16,14,13,11,11,9
TCTTACAAAGAAGCGAACCCT,AATGATGAAGTTG,true,2,5,10,24,0,0,0,0,0,0,0,0,0,0,0,0,3,1,1,2,0,0,0,0,23,22,19,17,17,16,14,13,11,11,10,7,5
CGCTTTCGGTATTTCTTTTCT,GACATCATCTTCT,true,2,4,9,16,0,0,0,0,0,0,0,0,0,0,0,0,1,0,0,3,1,1,0,2,15,15,14,12,10,10,10,9,5,5,5,5,4
TCTCGTGCTCTGTCACCTGTC,CCTGACTGTTAAT,true,3,4,16,27,0,0,0,0,0,0,0,1,0,0,0,0,1,4,1,3,0,2,0,2,23,20,18,15,14,10,9,9,8,7,6,4,4
CCTTTCTGTCTGCTAAACGCA,TATCGCTTCCCAG,true,3,4,10,24,0,0,0,0,0,0,0,0,0,0,0,1,2,1,1,0,1,2,0,0,20,17,15,14,13,9,9,7,7,7,6,6,4
AAATCTGTGAATCTGCCGGCG,CCAAAAGAAACTC,true,4,11,17,36,0,0,0,0,0,0,0,0,0,0,0,0,4,1,0,0,9,3,0,0,35,32,30,28,28,21,16,16,16,13,11,11,11
AATGGAGAGAATATAATATGT,ATCGCACAATGAT,true,2,2,8,17,0,0,0,0,0,0,0,0,0,0,0,0,2,1,0,2,1,0,0,0,16,14,12,11,8,6,6,6,5,5,4,4,2
TGACTTGCTGTAAAGACAGTG,GTTGCACCGAGCT,true,2,8,7,19,0,0,0,0,0,0,0,0,0,0,0,0,1,0,3,2,0,1,0,0,17,15,15,12,12,12,10,9,9,9,9,8,8
CTTGTCCATTGTTTTTTCAAT,TTGGTCCATATCG,true,3,4,12,25,0,0,0,0,0,0,0,0,0,0,0,0,0,3,0,4,0,0,3,1,24,21,16,11,11,9,8,7,6,5,5,5,4
CGGCTCGGTTGATGTACTGAT,CAACAATGCGGGC,true,3,7,12,25,0,0,0,0,0,0,0,0,0,0,0,0,1,2,1,2,3,2,1,0,19,17,13,13,12,11,11,10,9,9,8,7,7
AGTGCCGAGCAGCCTGATCCG,CCGCTATCTTGAT,true,2,5,10,25,0,0,0,0,0,0,0,0,0,0,0,0,0,1,0,3,2,0,0,4,24,20,19,19,17,15,13,10,10,6,6,5,5
ATTTCAATTCAATCTGCCTGA,CGGACTGTTTACG,true,3,7,9,26,0,0,0,0,0,0,1,0,0,0,0,0,2,0,0,1,1,1,0,3,24,24,22,21,18,17,15,15,15,12,10,7,7
CCATGCCGAATCCCTTCATAA,ATCGGATCATTTA,false,3,4,7,19,0,0,0,0,0,0,0,0,0,0,0,0,1,0,1,0,4,0,0,0,7,7,7,7,7,7,7,7,7,6,5,4,4
ACTTAAATTCTATCATAGAGA,TATTCACCATTCT,true,2,6,20,36,0,0,1,0,0,0,0,0,0,0,0,0,4,1,1,2,3,4,0,1,31,27,26,25,20,18,17,13,12,11,10,6,6
TGCTCATGGTAAGCCTTTTGT,GTTAACAGCTTTC,true,3,2,5,14,0,0,0,0,0,0,0,0,0,0,0,0,2,0,0,1,0,0,0,0,11,9,8,8,8,7,7,5,4,4,4,4,2
ATCATACGGCAGCTTCTGCTA,AAGGCTTCACATG,true,3,10,6,24,0,0,0,0,0,0,0,0,0,0,0,0,1,0,0,2,0,0,2,0,24,22,19,14,14,14,14,12,12,11,11,11,10
CAACCATATAGACTTGCTGAA,AGCAGGCTTGACT,false,3,4,4,34,0,2,0,0,0,0,0,0,0,0,0,0,0,0,0,0,2,0,0,0,6,6,5,5,5,4,4,4,4,4,4,4,4
CGAGAAACACATTTAATAAAA,TTTGAAATGCCAT,true,4,8,9,25,0,0,0,0,0,0,0,0,0,0,0,0,2,1,2,1,0,1,0,1,23,22,22,20,18,17,15,13,13,11,10,9,8
TTTCATATATGGGGGCCTCCA,GCGTTGAAAAGCT,true,4,7,4,22,0,0,1,0,0,0,0,0,0,0,0,0,1,0,0,0,0,0,0,0,20,19,17,17,16,14,11,10,10,10,9,9,7
AAAAAGATCCTTTGGCTAGAG,TGCTTTATTTAAG,true,3,4,12,19,0,0,0,0,0,0,0,0,0,0,0,0,1,0,2,3,0,0,0,3,19,19,16,16,16,15,13,11,11,8,7,7,4
GTACTTAAAAGACCATTCATT,GGATGATCTTGCG,true,2,6,13,32,0,0,0,0,0,0,0,0,0,1,0,0,0,2,2,3,1,0,2,2,28,24,21,21,18,16,14,13,10,7,6,6,6
CTGCTGGTGCAGATTACGTTG,GAGATACTGACTA,true,2,10,12,39,0,0,0,0,0,0,0,0,0,0,1,0,3,0,1,3,1,0,2,1,33,32,24,23,21,18,14,14,13,13,12,10,10
GGATACCATCAACGAAAGGGA,TGCTGTAAATGAT,true,3,12,10,29,0,0,0,0,0,0,0,0,0,0,0,0,1,0,0,2,2,0,0,5,25,22,22,18,18,17,16,15,13,12,12,12,12
GAGCAGCAGCCGGCTGAACCA,GTTCAATCTGAGC,true,2,7,6,19,0,0,0,0,0,0,0,0,0,0,0,0,2,0,1,1,0,1,0,1,19,18,15,11,10,10,8,8,8,8,8,7,7
CGTTGAAGCACTTAGGTCACA,TAATGTTGAGGTC,true,2,5,7,18,0,0,0,0,0,0,0,0,0,0,0,0,0,0,1,1,2,0,2,1,16,15,14,13,11,11,10,9,8,7,6,5,5
ATTAAAAGAAATAGAAAAATG,GGAAAAAGATCAG,true,5,9,13,37,0,0,0,0,0,0,0,0,0,0,0,0,3,1,1,0,4,0,2,0,34,26,24,24,23,23,17,12,12,11,11,11,9
ACCTGAGATCGGTGACATAAT,CAGCATCACGATC,true,1,6,9,20,0,0,0,0,0,0,0,0,0,0,0,0,2,0,1,2,0,0,0,0,19,18,15,14,14,13,12,12,12,12,11,10,6
CTCCTTATGGCAAGGAGAATG,AGAAGATGGCATG,true,2,9,8,21,0,0,0,0,0,2,0,0,0,0,0,0,0,0,0,2,1,0,2,0,21,20,20,19,18,18,17,14,13,13,10,10,9
TCACTTTGTTTCTTTAAATGA,AAATGAATCCTAC,true,4,4,13,27,0,0,1,0,0,0,0,0,1,0,0,1,2,0,0,0,2,3,0,1,27,26,20,12,12,11,11,10,9,6,6,5,4
CGCATAGCCCGGAAAATAAAG,CGCAGCACACGAT,true,1,9,10,28,0,0,0,0,0,0,0,0,0,0,0,0,3,0,4,0,1,0,0,0,25,24,23,22,19,18,16,14,12,11,11,11,9
TTCTTTACAGCCTCAAGAAAT,GATTGTAAGGCGT,true,2,15,12,32,0,0,0,0,0,0,0,0,0,0,0,0,3,0,0,4,1,1,2,0,31,29,27,27,27,27,24,23,22,17,16,15,15
CATTCATGTAAGGGAATGATT,CCGGAAGAATTTC,true,3,7,12,33,0,0,0,1,0,0,0,0,0,0,0,0,3,2,3,0,1,1,0,0,32,23,22,19,15,14,11,11,11,10,8,8,7
CTCGATTGTGGCTGTAATTAT,TCAATCCTATTAT,false,2,4,6,27,0,0,0,0,0,0,0,0,0,1,0,0,3,0,0,0,0,1,0,0,24,22,21,20,8,7,5,5,5,5,5,5,4
CGCCGTGGGTCAGGCAAATTC,GGCTTGTATCCGC,true,2,5,10,26,0,0,0,0,0,0,0,0,0,0,0,0,0,2,1,1,0,3,1,2,22,18,17,16,14,12,10,9,8,7,5,5,5
CTTTTGGCTGCGGCAATGGCC,TCCATTGCGGAGC,true,2,5,7,19,0,0,0,0,0,0,0,0,0,0,0,0,2,2,0,1,0,1,0,1,17,17,14,13,12,10,9,8,8,7,7,5,5
GTACCAGGGTGAAATAAACAA,GGCTGATGATTTG,true,3,9,4,23,0,0,0,0,0,0,0,0,0,0,0,0,0,2,2,0,0,0,0,0,21,20,19,16,14,12,9,9,9,9,9,9,9
AAGTCTGTAAAGGAGACTCAT,GTATGAAACTATA,true,3,3,9,22,0,0,0,0,0,0,0,0,0,0,0,0,1,0,2,0,2,0,0,1,18,18,15,14,13,11,10,8,7,6,4,3,3
GCGTTTATTTGCAGCGACTGA,TCACTGGTTCCAT,true,2,6,14,35,0,0,0,0,0,2,0,1,3,0,0,0,1,1,2,0,1,0,2,1,32,28,26,24,23,20,12,11,11,9,7,6,6
AACCGGCTTTAACCACTTTGT,ACTCTTTGCCGTC,true,3,12,13,34,0,0,0,0,0,1,0,0,0,0,0,0,0,2,0,2,2,2,2,1,30,28,28,24,23,22,21,19,19,17,14,13,12
CTGCGGAGTTTTTCATAACCG,AAATAATGGCCAG,true,3,2,3,12,0,0,0,0,0,0,0,0,0,0,0,0,2,1,0,0,0,0,0,0,12,11,10,10,8,7,3,3,3,3,2,2,2
AGGCTGGGCCTCCAGCTATGC,TGCTGAATATGAC,true,2,6,12,31,0,0,0,0,0,0,0,0,0,0,0,0,2,1,2,0,3,0,1,2,26,23,21,17,15,13,11,10,9,7,7,6,6
AAGAGCATTTAAAGATATTGC,CTTTGCATCCGGA,true,3,9,13,27,0,0,0,0,0,1,0,0,0,0,0,0,2,0,2,1,0,3,1,2,22,22,22,19,19,18,18,17,14,12,12,10,9
GCCGTTTTAGGCTGCGGGATA,TTAATCCTGCCGT,true,2,4,13,28,0,0,0,0,0,0,0,0,0,0,0,0,0,1,1,0,2,4,2,3,27,25,23,21,18,17,16,13,10,10,6,4,4
CTCTTGGTTGGCTAATCCCGT,TTCGCTCGCCGCT,true,3,4,5,19,0,0,0,0,0,0,0,0,0,0,0,0,1,1,0,2,0,0,0,0,18,15,13,10,10,9,7,6,5,5,5,5,4
GAAGAATCAAAATTAAACCGG,GTGATTTCTATTA,true,3,6,11,33,0,0,0,0,0,0,0,0,0,0,0,1,0,1,0,6,0,0,0,2,26,19,14,13,13,13,11,8,8,7,7,7,6
TGGCACCATGAAGATAGACTT,TCGTCAGCACGCT,true,3,5,4,13,0,0,0,0,0,0,0,0,0,0,0,0,0,2,0,1,0,0,0,1,11,9,8,8,8,7,7,7,7,7,7,5,5
GTACATTTTCCTCAACAAGCT,CTGGAAGATACGT,true,2,5,13,25,0,0,0,0,0,0,0,0,0,0,0,0,2,0,2,2,1,1,2,1,21,20,18,17,14,14,13,11,9,9,8,6,5
CCGCATTCCGGGTGTCCGTGA,TATTGCGATGACG,true,2,11,19,44,0,0,0,0,0,0,0,0,0,0,0,0,6,3,1,4,0,1,1,2,41,37,35,32,26,24,23,22,19,16,16,12,11
AATGCGGTACAGCTCTTCAAG,CGGCACAACCTCT,true,2,7,9,20,0,1,0,0,0,0,1,0,0,0,0,0,3,2,1,0,0,0,0,0,18,18,18,15,14,13,12,10,8,8,7,7,7
CGGTCCGCGCCGTGCGAAGAA,AAAGAACTCCTCT,false,5,6,7,25,0,0,0,0,0,0,0,0,0,0,0,0,5,1,0,0,0,0,1,0,25,25,23,7,7,7,7,6,6,6,6,6,6
CTGCCCGCCGAAGTGGACGGG,TACAACTGCTTTC,true,3,6,12,22,0,0,0,0,0,0,0,0,0,0,0,0,4,0,1,3,0,0,0,2,20,19,17,17,16,13,12,11,10,10,10,8,6
AATGACGGCTGATGTGCGATC,CTGAAAAAACACA,true,6,10,19,39,0,1,0,0,0,0,2,0,0,0,0,0,0,0,0,3,3,2,0,0,34,33,30,28,28,26,26,26,22,14,13,11,10
GGAGGAGGGAGGAAAGAGAGA,GATTTCTCACAAT,false,3,1,0,19,0,0,0,0,0,0,0,0,0,0,0,0,0,0,0,0,0,0,0,0,19,18,17,5,2,1,1,1,1,1,1,1,1
GGTTTCAGAAGCAATTTGTGA,GACCACCGTTTCG,true,3,7,13,27,0,0,0,0,0,0,1,0,0,0,0,0,2,1,1,2,0,5,0,1,24,24,24,18,17,16,13,12,12,12,10,7,7
GCGAGCATAATCAAACCGACT,CCAGGAACACCCG,true,3,7,5,28,0,0,0,0,0,1,0,0,0,0,0,0,0,1,0,0,1,1,0,0,27,22,19,15,11,11,9,9,8,8,8,7,7
TTTCATGTGTAGACGAGTATG,TCATACGTTTGTC,true,3,6,10,25,0,0,0,0,0,0,0,0,0,0,0,0,0,3,3,2,0,1,1,0,23,19,17,17,16,13,12,11,9,8,7,6,6
ACCATGATGTTTATCCCTGAT,CAGTAATTTGAGC,true,3,3,12,19,0,0,0,0,0,0,0,0,0,0,0,0,1,0,0,6,0,1,2,2,15,14,11,10,8,8,7,7,5,4,4,3,3
GTCCATTCATGACAAAGAAGG,GCGGAGTTTCCAG,true,3,6,14,34,0,0,0,0,0,0,0,0,0,0,0,0,2,0,2,1,0,2,2,1,27,25,25,23,21,18,18,17,15,13,10,8,6
GATTATGACAGTCGGTGAGGC,AAACGGTGTCGCT,true,3,7,10,27,0,0,0,0,0,0,0,0,0,0,0,0,2,2,0,4,1,0,0,0,27,26,24,20,19,18,17,12,12,11,8,8,7
AGCGCTCACTAACATCAAATT,GCTTTTGGAACTG,true,4,5,15,32,0,0,0,0,0,2,0,0,0,1,0,0,3,0,1,1,0,1,1,3,31,28,27,25,24,19,15,13,13,13,8,7,5
CGATCGACGGCATCAGCATTA,AAGACATGACGCT,true,3,7,10,24,0,0,0,0,0,0,0,0,0,0,0,0,3,0,2,0,3,1,1,0,24,19,13,11,10,8,8,8,8,7,7,7,7
CTGTTTTTTTTTCCGTTAATT,AAAATATCATTAG,true,4,2,6,12,0,0,0,0,0,0,0,0,0,1,0,0,1,1,0,1,1,0,0,0,12,12,11,9,6,5,4,3,3,3,3,3,2
GCTGAAACCGTCTTGTTTTGT,CATCAGTACATGC,true,1,10,13,32,0,0,0,0,0,0,0,0,1,0,0,0,2,1,1,2,2,3,0,0,27,23,22,22,22,20,20,19,15,13,12,10,10
TTCATGCTGTGAATGAATTCT,TTAGCTTTTTGGC,true,5,16,14,45,0,0,0,0,0,1,0,0,0,0,1,0,1,0,1,4,1,0,0,3,43,39,30,28,25,24,23,23,22,20,18,17,16
AAACTCAGTTAACTTCGGGTT,ATTCGGTGTTTCA,true,3,13,15,41,0,0,0,0,0,0,0,0,0,1,0,1,1,0,1,5,0,0,1,4,35,35,32,27,27,24,23,22,20,20,15,14,13
AACAGGCAGGGAAATTTCATG,TATTACTAGGGAG,true,3,11,14,32,0,0,0,0,1,0,0,0,0,0,1,1,0,0,1,2,3,1,0,1,30,26,26,26,23,19,18,15,15,15,13,13,11
TTAAACAATCCATGAATGAAA,GCCTGACAATTGA,true,3,6,15,29,0,0,0,0,0,0,0,0,0,1,0,0,3,1,1,2,2,3,0,2,24,22,17,15,14,14,13,12,10,8,7,6,6
AAGTGAAGTCAGATCATCCGT,TACTTTCTGAGCT,true,3,5,16,34,0,0,0,0,0,0,0,0,0,0,0,0,1,0,3,5,1,2,1,3,32,28,25,24,24,22,14,12,8,7,7,5,5
AATCGCCGCTTCTTTAAGAAA,CCTCGGCTTGCCG,true,3,9,10,37,0,0,0,0,0,0,1,0,0,0,0,0,2,0,0,0,0,2,3,1,32,27,26,24,24,18,16,14,13,12,11,10,9
CAAGTCATAGCTTGTGAAGGA,CAGAAACAGGGAC,true,3,6,13,29,0,0,0,0,0,1,0,0,0,0,0,0,1,2,2,1,3,0,3,0,27,26,23,23,20,17,14,12,12,12,7,6,6
CAATGGACCGCTTGCTTAAAT,GAAGTGCATCTGC,true,2,8,14,31,0,0,0,0,0,0,1,0,0,0,0,0,2,2,2,1,3,1,0,0,29,28,24,23,21,19,16,13,11,10,10,9,8
GAAAGAATCTCTCTATATAAA,CAGCTCTACAAGA,true,3,3,9,24,0,0,0,0,0,0,0,0,0,0,0,0,1,2,2,1,1,0,1,0,16,14,10,9,8,7,7,4,4,4,4,3,3
TCTCCGTGAGACTTGGTTACG,TAAACCTGATACA,true,3,12,13,34,0,0,0,0,0,0,0,0,0,0,0,0,0,3,3,2,2,1,0,1,30,28,25,22,20,18,15,15,14,13,13,12,12
GAACCCTTTTCATAGGTGGCG,GTGTGCGTTTTGT,true,4,12,14,33,0,0,0,0,0,0,1,0,0,0,0,1,1,2,2,1,0,0,3,2,29,28,27,27,25,22,18,17,17,16,13,12,12
CTCATATAGCTTGATCGGCAT,CATGATGGCGATC,true,2,6,8,24,0,0,0,0,0,0,0,0,0,0,0,0,3,0,1,2,0,0,0,0,20,19,19,16,14,12,11,9,9,9,9,8,6
ATGACAAGTTTGAATTTCAGA,TGCTGTACGGCAT,true,2,9,13,29,0,0,0,0,0,1,0,0,0,0,0,0,1,4,1,1,1,1,1,1,26,22,21,18,18,17,16,13,13,13,11,10,9
GAAGGTTGAAGCCGGCAAGCA,GTGATTGAAAGTA,true,3,8,9,27,0,1,0,0,0,0,0,0,0,0,0,0,2,0,0,1,1,0,2,1,22,21,19,16,16,15,13,13,13,12,9,9,8
GCGGCGGGTGCAAGCTGGGTT,TCCTTCCACCATG,true,3,9,10,25,0,0,0,0,0,0,0,0,2,0,0,0,2,0,0,1,1,1,0,2,20,18,18,17,17,15,14,13,13,11,11,10,9
TTTTCTCAAGCCAGCTGATCG,CATCCTTTTGATA,true,4,9,13,33,0,0,1,0,0,0,0,0,0,0,0,0,1,0,1,4,0,2,0,2,31,27,25,21,19,18,18,14,12,11,11,11,9
GGAAAAAAAAAAGAAAAGAAA,TAATAAAAACAAG,false,5,1,0,14,0,0,0,0,0,0,0,0,0,0,0,0,0,0,0,0,0,0,0,0,3,1,1,1,1,1,1,1,1,1,1,1,1
TCACAGGGAGGATAGTTATAA,GAGACTAGGGCGA,true,3,3,2,11,0,0,0,0,0,0,0,0,0,0,0,0,2,0,0,0,0,0,0,0,10,10,10,10,9,8,7,3,3,3,3,3,3
CTGCACAAACTCTTCTCTTGT,CTCGCAATGATTG,true,2,10,11,29,0,0,0,0,0,0,0,0,0,0,0,0,3,0,1,2,1,2,0,0,26,26,23,22,19,18,16,15,14,14,12,12,10
CAAAGGTGTTGATGCGGGAGA,AGACGGAGGAGAC,true,2,8,8,23,0,0,0,0,1,0,0,0,0,0,0,0,5,0,0,0,0,0,1,0,20,15,15,14,12,11,11,10,10,10,9,9,8
ATTCGGTCGATCACAAAGCCA,TTGAGACGCATTG,true,2,5,14,26,0,0,0,0,0,0,0,0,0,0,0,0,2,1,2,1,2,0,3,0,26,24,22,21,19,15,15,10,10,9,9,6,5
TGGTATATTAATAGGCAACGT,GCCACCTCCATCA,true,2,4,7,18,0,0,0,0,0,0,0,0,0,0,0,0,1,1,2,1,0,2,0,0,15,13,9,9,8,8,7,7,7,7,6,4,4
TGACGCTGTATCCGGAAACGA,TCGGATTTGTCGA,true,3,11,12,33,0,0,0,0,0,0,0,0,0,0,0,0,1,2,0,3,0,0,2,1,31,26,24,20,20,20,20,19,16,14,14,14,11
ATCGTATCTGATCTTCAGTTT,CATACGCCTTTAG,true,3,12,10,30,0,0,0,0,0,0,0,0,0,0,1,0,2,0,0,4,0,3,0,0,25,25,23,21,20,18,17,14,13,12,12,12,12
CCGCGGAACAGCCATACCTGT,CAGCTTGCTTACT,true,2,11,14,30,0,0,0,0,0,0,1,0,0,0,1,0,2,4,1,0,0,0,1,3,26,25,25,25,22,21,20,18,14,12,12,11,11
AGGGAGTGCCCCATCATCTCA,TTGACATTTTAGA,true,4,5,4,14,0,0,0,0,0,0,0,0,0,0,0,0,1,0,0,0,1,1,0,0,14,12,12,11,6,6,6,6,6,6,6,6,5
CGGGAGTTTCTTTTGGCGCCG,GCAGATTCACAGA,true,2,7,12,30,0,0,0,0,0,0,0,0,0,0,0,0,0,2,2,0,1,0,2,2,25,22,21,17,13,13,11,11,11,11,10,7,7
AGTACTTCATAAGAAATCTGG,TAAAGGTACAGCT,true,3,7,9,27,0,0,0,0,0,0,0,0,0,0,0,0,1,0,2,2,2,1,1,0,25,21,21,15,13,12,12,12,10,10,7,7,7
CAGAAACCTTCACAGGCAGGA,TACCGGCTTTTGT,true,4,4,11,29,0,0,0,0,0,1,0,0,0,0,0,0,1,0,1,1,0,1,0,4,26,23,21,19,16,13,11,11,11,9,6,4,4
ATCGTTCCAGATGGTTGTGTT,TGCCTTTGTCGGC,true,3,8,16,37,0,0,0,0,0,1,0,0,0,0,0,0,0,3,1,3,0,2,2,3,32,24,24,22,21,20,16,12,12,12,10,9,8
TTTGAAAACAGTTATTGACCG,GATCATTATAAAG,true,3,1,2,11,0,0,1,0,0,0,0,0,0,0,0,0,0,0,0,0,0,0,0,1,10,9,7,2,2,2,1,1,1,1,1,1,1
TTTTTTCAGTTTGATCTTCGT,TTTCGTGTTCTGT,true,4,10,17,45,0,0,0,0,0,0,0,0,1,0,0,0,1,1,1,4,0,0,2,5,45,43,31,24,23,21,19,19,18,14,12,10,10
ATAACGATAAATTCAAAGAAG,AGCTTGCAAAGCT,true,3,6,11,23,0,0,0,0,0,0,0,0,0,0,0,0,0,0,2,4,2,0,0,1,21,20,19,19,18,13,13,12,12,10,10,8,6
TAACGACACGTTTTTCTCTAA,GTGGCGTATCGCT,true,2,4,4,14,0,0,0,0,0,0,0,0,0,0,0,0,1,0,0,2,0,0,1,0,10,9,7,7,7,6,6,4,4,4,4,4,4
GAACTATCAAGTGACTATAAA,GTAACAATCTTCA,true,3,7,10,30,0,0,0,0,0,0,1,0,0,0,0,0,2,0,0,3,1,1,0,1,22,21,19,18,15,15,15,11,10,10,10,8,7
TGATAGCGGTCCATTGCGTTT,ATTCTATTGCTCT,true,3,1,2,11,0,0,0,0,0,0,0,0,0,0,0,0,1,0,1,0,0,0,0,0,11,11,10,8,8,6,3,1,1,1,1,1,1
TTCGCTTTCACAGGAGTCTTT,AACCGAGCAGCTG,true,3,11,13,36,0,0,0,0,0,0,1,0,0,0,0,0,2,2,0,2,2,2,2,0,33,31,28,23,22,20,19,18,17,14,13,11,11
CCCGTGTAGCGTATATGGCCG,CCGGCACAAAACG,true,4,8,15,31,0,0,0,0,0,0,2,0,0,0,0,0,3,2,2,0,4,2,0,0,27,25,23,22,20,17,16,16,16,15,12,8,8
GTAAAAAGCGGGAGGATTCCC,GCTTTTTTATCGT,true,6,4,3,15,0,0,0,0,0,0,0,0,0,0,0,0,1,0,0,1,0,0,0,1,11,10,8,8,7,7,7,6,4,4,4,4,4
TTTTTGATTTAATAAGTCCTT,TAACGATTGGTCA,true,3,6,10,32,0,0,0,0,0,1,0,0,0,0,0,1,1,0,0,1,1,0,3,1,27,25,23,17,17,17,14,13,12,7,7,7,6
AGAAAAAGGAAAATCAGCCTT,TCAATTCGTGCGA,true,3,3,1,12,0,0,0,0,0,0,0,0,0,0,0,0,1,0,0,0,0,0,0,0,10,9,9,8,7,4,3,3,3,3,3,3,3
CGGTCTGAGAACACCGAACAA,AGCAATCGAGATG,true,3,7,9,22,0,0,0,0,0,0,0,0,0,0,0,0,3,0,1,1,1,2,0,0,18,16,14,14,13,11,10,10,9,8,8,8,7
GCTGATACTCTTTCATAGAAT,CGGCAAGTGACCT,true,2,4,6,18,0,0,0,0,0,0,0,0,0,0,0,0,1,0,1,0,0,0,3,0,16,16,12,12,11,10,9,7,7,6,5,4,4
CTGTTGTCCTTTGGTTCTTCT,CAAACATCACGAC,true,3,4,8,22,0,0,0,0,0,0,1,0,0,0,0,0,0,0,1,0,1,5,0,0,17,16,16,16,9,8,8,6,6,5,5,4,4
GATAAGAGCGGTTTTATTTTG,TAAACTTTGCAAT,true,3,5,8,17,0,0,0,0,0,0,0,0,0,0,0,0,0,1,0,2,1,0,0,1,14,13,13,12,11,11,11,10,9,9,8,6,5
GCGTAGCGATGGTTCTCTTTT,TAAATAGCTTCGT,true,5,7,11,31,0,0,0,0,0,0,0,0,0,0,0,0,1,0,0,5,1,0,0,2,28,22,22,20,16,16,14,14,14,13,9,9,7
GCGGATGTGACATACTGAAGC,GCTAAGGCTGTCA,true,2,9,9,26,0,1,0,0,0,1,0,0,0,0,0,0,0,0,2,0,1,1,0,0,24,20,19,19,16,15,15,14,13,13,13,12,9
GCTCGGCGGCTTTCTCGCTGA,CTTTTTTACAGTA,true,6,9,10,29,0,0,0,0,0,0,1,1,0,0,0,0,2,1,0,1,1,1,1,1,22,20,20,20,20,19,18,13,13,10,9,9,9
CAGCGCATAAAGAAAAACCTG,TCAAGCCGGCAGC,true,2,2,3,11,0,0,0,0,0,0,0,0,0,0,0,0,0,1,0,0,0,0,1,0,10,8,8,7,6,5,5,4,4,4,3,3,2
CATTCGTTTTCCTCCTTTCGT,TTAATCAGTCAGA,true,3,12,13,36,0,0,1,0,0,0,0,0,0,0,0,0,4,0,1,2,2,0,0,3,35,30,23,21,17,15,13,12,12,12,12,12,12
ATATCCATATGACGTTCTCCT,TATATTTGATTTG,true,3,10,5,24,0,0,0,0,0,0,0,0,0,0,0,0,0,0,0,0,0,0,1,2,23,22,20,19,18,18,15,13,13,13,13,12,10
CGATGGACCGCTTTACGCAAA,TTGCGGGCTTTGC,true,3,7,13,36,0,0,0,0,0,0,0,0,0,0,0,0,0,0,2,3,0,0,4,4,33,28,26,23,23,22,15,12,12,11,9,7,7
TTATGGCAACCGGAACGGGCA,TTGCCCTCAGCAT,true,3,7,16,27,0,0,0,0,0,0,0,1,0,0,0,0,2,3,0,5,1,1,0,0,27,26,23,22,20,18,16,15,13,11,11,9,7
CTTTTCTTGAACAATTTGGTC,TAAAACGCTGGAC,false,4,4,5,22,1,0,1,0,0,0,0,0,0,0,0,0,3,0,0,0,0,0,0,0,18,18,16,16,15,4,4,4,4,4,4,4,4
GTCTCATCGGAGATATCAAAG,GTGTAGAAAAAAC,true,6,6,10,26,0,0,0,0,0,0,0,0,0,0,0,0,1,0,1,0,0,0,1,0,23,22,18,15,15,13,13,13,13,13,13,10,6
AAACAGTAAATAAACAATAGC,TACACGTTTAAAT,false,3,1,0,12,0,0,0,0,0,0,0,0,0,0,0,0,0,0,0,0,0,0,0,0,10,9,1,1,1,1,1,1,1,1,1,1,1
CTTTTCTTCTCCTGTGCGCTG,TTCAACGAGGACG,true,2,6,14,30,0,0,0,0,0,0,0,0,0,0,0,0,0,0,2,3,3,0,4,1,30,25,20,20,19,18,15,11,11,8,7,7,6
GTCGAAATCAGAGGTGAAGAA,AATTGCGGACGGA,true,4,5,13,27,1,0,0,0,0,1,0,0,0,0,0,2,2,1,0,0,0,2,2,2,25,23,19,14,12,11,11,9,8,7,6,5,5
CAGCGCAACGTCAGCAAGCTC,TTTTTGCTCAGCA,true,5,9,14,32,1,0,0,0,0,0,0,0,0,1,0,0,0,1,1,3,0,2,0,3,31,30,30,29,25,20,16,16,13,11,11,11,9
ACGAATTTTTATGGCTGTCGC,AAATGAGCACGGA,true,3,2,7,11,0,0,0,0,0,0,0,0,0,0,0,0,2,1,2,0,0,1,0,0,10,10,10,10,10,8,7,5,5,4,3,3,2
GCGGGTGAGAAGAAAATTTGA,ATGTAAAGTCCGA,true,3,9,9,31,0,0,0,0,0,0,0,0,0,0,0,0,3,0,0,1,3,1,1,0,28,22,21,21,21,19,16,12,11,10,9,9,9
TACGCTCGCCGCGCTGACTTG,CGCTGAAGACGGA,true,2,10,7,25,0,0,0,1,0,0,1,0,0,0,0,0,0,0,0,1,0,1,1,0,20,19,17,17,17,16,16,14,14,14,13,12,10
AATAAAGAAAACATATCAGTC,ATTTCGACAGGCG,true,3,8,12,31,0,0,0,0,0,0,0,0,0,0,0,0,2,1,1,1,1,2,1,2,29,29,24,20,16,15,13,10,10,10,8,8,8
CACGTATTTTATTGCCATCAT,GGGCGCGCAGGCT,true,3,12,10,29,0,0,0,0,0,0,0,0,0,0,0,0,0,1,1,2,1,2,3,0,28,27,22,21,21,18,18,16,14,14,12,12,12
GTGTGATAGACGAGCGTGCTG,ATTCGTTTATTAG,true,3,11,10,29,0,0,1,0,0,2,0,0,0,0,0,0,1,0,1,2,2,0,0,1,28,27,23,18,16,16,16,14,12,12,12,11,11
TGAAGACATTCGCCTGTAAAA,ATAGAGATAAAGT,true,5,7,10,31,0,0,0,0,0,0,0,0,0,0,0,0,1,0,0,1,6,0,2,0,27,19,17,17,17,15,15,15,14,14,9,7,7
TCAGAAAAAAATTCCGCCCAT,TTTTCAAGACAGA,true,5,8,6,22,0,0,0,0,0,0,1,0,0,0,0,0,3,0,1,0,1,0,0,0,21,20,20,17,13,13,12,8,8,8,8,8,8
ATAGACTGATTTTTTGAGCGT,GCTGCATAGGAAG,true,2,2,4,14,0,0,1,0,0,0,0,0,0,0,0,0,0,0,0,0,0,1,0,0,14,11,10,10,10,8,8,7,5,5,5,2,2
GGATACGCCGGTGTATGCCCA,CGCAAATGAAGAG,true,3,9,6,18,0,0,0,0,0,0,0,0,0,0,0,0,1,1,0,2,1,0,1,0,17,16,16,15,15,13,13,11,10,10,9,9,9
GTATATCAGACACTTGATCCG,CTGCAATGAGACA,true,2,7,7,22,0,0,0,0,0,0,0,0,0,0,0,0,1,1,1,1,0,0,1,1,22,18,16,15,14,14,11,10,10,9,9,7,7
GATAGGAAGCTTCTTTTTTCC,GGAAAGCATAAGC,false,3,1,3,14,0,0,1,0,0,1,0,0,0,0,0,0,0,0,0,1,0,0,0,0,14,10,1,1,1,1,1,1,1,1,1,1,1
GTAATACATATCTTGAACCTG,ATCCTTGCTAAAT,true,3,7,9,23,0,0,0,0,0,0,0,0,0,0,0,0,0,1,2,2,0,1,1,0,22,21,20,19,17,15,12,11,10,9,9,9,7
TACCGGGAAGTCTTCCGTCGA,AATTTCCGTACAC,true,3,3,8,18,0,0,0,0,0,0,0,0,0,0,0,0,0,2,2,1,0,0,0,0,17,15,13,11,10,8,7,6,6,5,4,4,3
GACTTCCATCAGCTCTTGATA,AAGCCCCTGCTCA,true,4,7,14,31,0,0,0,0,0,0,0,0,0,0,0,0,0,2,1,1,5,4,0,0,30,20,18,18,18,18,15,14,13,11,10,8,7
TCGGTCCAAACGAAATATCTT,TAAGAACTGTTTC,true,3,10,5,26,0,0,0,0,0,0,0,0,0,0,0,0,1,0,1,2,1,0,0,0,23,19,18,18,16,15,13,11,10,10,10,10,10
GCAGAACCTACAAGAACAGGG,TAGAATTCAACAT,true,3,9,11,30,0,0,0,0,0,0,0,0,0,0,0,0,2,0,0,2,5,0,1,1,29,26,20,20,18,16,15,14,14,12,9,9,9
GTGACGATATGTTTCGCCGCA,CCGAGCTCGCTTC,true,2,10,7,30,0,0,0,0,0,0,0,0,0,0,0,0,1,1,0,2,1,1,0,0,24,19,19,17,16,15,13,11,11,11,11,10,10
CGACAGAAGTTTGGAGAATTT,AAAAAAAATCCAT,true,8,9,12,31,0,0,0,0,0,0,0,0,1,0,0,0,5,0,0,2,4,0,0,0,29,28,28,28,28,28,26,19,12,10,9,9,9
CGAAAAATCCGTCTTCCCATT,CAATGTCAGTCAT,true,2,11,8,27,0,0,0,0,0,0,0,0,0,0,0,1,1,0,0,2,1,0,1,2,22,21,19,18,17,16,15,14,13,11,11,11,11
GAGTTTCGCCGTACCGATCGG,TGCGCAAGCTGCT,true,2,9,4,21,0,0,0,0,0,0,0,0,0,0,0,0,1,0,1,1,0,0,1,0,20,16,15,14,13,13,13,9,9,9,9,9,9
ACATCGTGTTGAAATGGGAAG,CGGGACGCGCTGT,true,3,9,15,32,0,0,0,0,1,0,0,0,0,0,0,0,1,3,3,1,0,1,1,0,27,26,25,22,21,20,19,18,16,14,13,12,9
GGTCGTCTGCATTTCCATTCG,GGATAAAATGCCG,true,4,6,12,38,0,0,0,0,0,0,0,0,0,0,0,0,4,0,1,1,0,0,3,1,36,24,22,16,15,15,14,11,9,9,8,8,6
TTCAAGCCCTGTGTATTTGCC,CCATCCAAATGAT,true,4,9,13,32,0,0,0,0,0,0,0,0,0,0,0,0,3,1,1,1,3,3,0,0,31,18,18,17,16,16,16,16,13,11,11,10,9
GCCATCAAAAGCGGAGACGGA,GAACAGGCATTTC,true,3,3,6,20,0,0,0,0,3,0,0,0,0,0,0,0,0,2,1,0,0,0,0,0,18,16,16,11,10,10,7,7,3,3,3,3,3
GCGAAAATTTGTTTGACGGTC,GGATGCTTTCTGA,true,3,5,7,19,0,0,0,0,0,0,0,0,0,0,0,0,1,1,1,1,0,0,0,2,18,17,15,12,12,11,11,11,9,7,6,6,5
CAGCCGTTTCACGTCCATGTT,GGCAAGAGCCGCA,true,2,6,7,24,0,0,0,1,0,0,0,0,0,0,0,0,1,1,0,1,0,2,0,0,21,19,19,18,16,13,11,10,10,8,7,7,6
GCCAACGCGACATTATAATCA,TTTGAAAAAGGGC,true,5,5,11,26,0,0,0,1,0,0,0,0,0,1,0,0,5,0,0,0,1,0,0,1,24,24,17,15,14,14,14,13,11,7,7,7,5
TGGATAGACAGCCGGCTTTGG,AAAGAAGAATCGC,true,3,5,10,23,1,0,0,1,0,0,0,0,0,0,0,0,1,0,1,1,1,1,2,0,23,22,19,17,15,14,11,10,10,10,8,6,5
ACGCGCTGAAACATAAACGAT,TGAATTTAAAGAG,true,3,3,5,13,0,0,1,0,0,0,0,0,0,0,0,0,0,0,0,2,1,0,0,1,12,10,9,9,9,8,6,5,4,4,4,3,3
TCATTTAGGTTTTGCAGGATA,TCACTGAAATCAG,true,3,8,10,24,0,0,0,0,0,0,0,0,0,0,0,0,0,2,1,4,1,0,0,1,23,21,20,20,18,14,12,11,10,9,9,9,8
TATAGTAAATACGAAGTTGGG,TTGTGTTTTTTTG,true,7,5,5,32,0,0,0,0,0,0,0,0,0,0,0,0,0,0,0,0,0,0,0,5,28,25,20,19,15,14,14,14,13,13,10,5,5
CGCCCCTAAAACTGTTCCGAT,CAAAATCGAACCG,true,4,7,13,28,1,0,1,0,0,0,0,0,0,1,0,0,2,1,1,3,0,2,0,0,22,21,21,19,16,13,12,12,10,10,10,7,7
GTATGAGAAAGACGGCTCTCA,CAAATCATATCTA,true,3,13,17,37,0,0,0,0,0,0,0,0,0,0,0,0,5,2,0,3,3,1,0,0,37,35,35,29,25,24,23,21,20,19,18,15,13
AGTTGCAATGATTCCTGACGG,GTTTGGACCCTGA,false,3,3,5,24,0,0,0,0,0,0,0,0,0,0,0,0,0,1,0,0,0,0,1,3,19,18,15,6,5,4,4,4,4,4,3,3,3
AAGTGTTTTCATAATTCGCTG,CTGATAAACATAT,true,3,4,12,25,0,0,0,0,0,0,0,0,0,0,0,0,2,3,0,1,2,0,0,1,23,20,20,20,18,14,13,10,8,7,6,5,4
GCTGATTATGGATAAACTGCT,GCTGTATTAAAAT,true,4,9,8,26,0,0,0,0,0,0,0,0,0,0,0,0,1,1,0,0,1,1,1,1,22,21,19,18,16,16,14,13,13,12,12,11,9
ATATTCTGTTATCAAGTTTAA,AATCATTGAATTA,true,4,6,9,24,0,0,0,0,0,0,0,0,0,0,0,0,3,0,0,1,0,1,0,1,23,21,14,11,11,10,9,9,9,9,9,8,6
TGCTCCGCTTTCTGCGGCAGC,CTTGATGAGTGCT,true,2,6,17,25,0,0,0,0,0,0,0,0,0,0,0,0,2,2,3,2,0,2,2,2,23,23,19,18,17,16,16,13,10,9,8,6,6
CTCAAGAGCTTATCTCAAACC,ACCTACAAAAAGT,true,5,13,8,28,0,0,0,0,0,0,0,0,0,0,0,0,2,0,0,0,2,1,0,0,28,27,24,23,21,21,21,20,20,19,17,16,13
TCATTTTCAAACCGATGTCCT,CCTTTACGCTTTA,true,3,5,8,18,0,0,0,0,0,0,0,0,0,0,0,0,0,0,0,3,0,0,0,2,18,17,17,17,14,11,9,9,9,9,9,8,5
GCAGCAGCGAGCGGGGGAGCA,GGTCTGCAAAGCA,true,3,11,11,25,2,0,0,0,0,0,0,0,0,0,0,0,3,2,0,0,2,1,1,0,25,25,23,22,21,21,21,19,17,15,12,11,11
AGGTTGAAAAAGTCGGTGAAG,AGGCATTGATGGA,true,2,6,7,17,0,0,0,0,0,0,0,0,0,0,0,0,2,1,2,0,0,0,0,2,16,16,16,14,14,12,10,10,8,7,7,6,6
GCTGAGAATGAAACAGGTGAA,CGCGAGCCGAGCG,true,2,8,10,22,0,0,0,0,0,0,2,0,0,0,0,0,2,0,3,0,0,1,1,0,19,19,16,14,13,12,11,10,10,9,9,9,8
ACCACCTTTTACCATTATATA,TTTCAAAATTGCT,true,4,7,10,21,0,0,0,0,0,0,0,0,0,0,0,0,0,0,0,0,1,1,1,5,21,21,16,14,14,14,14,12,12,10,9,7,7
CTGATGTCTCCGGAATGGAGT,ACAAAAAGGCGGC,true,5,3,12,26,0,0,0,0,0,0,0,0,0,0,0,0,2,1,1,1,2,0,3,0,25,23,21,21,20,19,14,9,7,6,6,5,3
TCATTCCGAATATATGTCAGC,TTGTGCTGAATTA,true,2,9,6,29,0,0,0,0,0,0,0,0,0,0,0,1,0,1,0,1,1,0,1,1,27,24,21,17,13,13,11,10,10,9,9,9,9
ATACATTCTGGTAAATCTCCC,ATTTTGTTTAACA,true,4,3,7,25,0,0,0,0,0,0,0,0,0,0,0,0,0,0,0,1,2,0,0,3,21,21,19,18,13,11,11,8,8,6,3,3,3
CAGCATCTTTCACCGATTCGC,ACCAACCATCGGC,true,2,5,8,20,0,0,0,0,0,0,0,1,0,0,0,0,1,1,0,1,1,0,2,0,20,20,18,17,15,13,12,10,9,8,8,6,5
CTGGAAGCGGAAAAACAGAAA,TTTATCTGCAATC,true,3,6,13,28,0,0,0,0,0,0,0,0,0,0,0,0,4,1,0,1,1,2,1,1,20,20,18,17,16,12,12,10,9,9,8,8,6
TTTCAGTGTTCAAACTGCCAA,AACGTGTTTTCTC,true,4,5,7,32,0,0,0,0,0,0,0,0,1,0,0,0,0,0,0,1,0,0,1,0,28,23,18,14,13,11,11,10,10,10,5,5,5
ATAACCGTTGATATAGGATTT,CATTGCACCATTA,true,3,3,10,18,0,0,0,0,0,0,0,0,0,0,0,0,0,1,3,0,0,4,0,1,16,15,14,12,12,11,10,9,4,4,4,3,3
ATATTCATAGCCGAATCTGTC,ACAAACATCAATC,true,3,6,9,25,0,0,0,0,0,0,0,0,0,0,0,0,2,0,0,1,4,0,0,1,22,20,19,18,12,11,10,9,8,8,8,7,6
ACAGCGCACCAAGGTTCTTCT,CGCCAAGCTTCTC,true,2,6,19,36,0,0,0,0,0,0,0,1,0,0,0,0,1,3,3,1,1,5,2,1,34,30,28,21,18,16,12,8,8,7,7,6,6
GCTCGCCATAAAAGCACCGCA,TACTCCCCAAGGA,true,4,3,6,26,0,0,0,0,0,0,0,0,0,0,0,0,0,2,0,2,0,0,0,0,24,21,16,13,12,12,12,8,7,7,5,5,3
GAAAGGGTTTATATATAATGA,GCAAACCCGAGAT,true,3,6,20,41,0,0,0,0,0,0,2,0,0,0,0,0,3,4,2,0,1,7,0,0,35,31,29,29,25,20,19,10,7,7,7,7,6
CAACAAAAGCAGGTCTTTCTT,TGGTGATTTAGAC,true,3,8,7,25,0,0,0,0,0,0,0,0,0,0,0,0,0,1,0,0,0,0,1,4,21,18,15,13,13,13,12,12,9,9,9,9,8
TTCATCACCTCAACATCATAC,AGCTTCAAATGAC,true,3,8,11,34,0,0,0,0,0,1,0,0,0,0,0,0,0,2,1,3,3,1,0,0,31,27,24,24,22,18,17,17,12,11,9,8,8
AAAGCAAATCGACGGACTATT,TTTATCCGCAGTA,true,5,5,14,35,0,0,0,0,0,0,0,0,0,1,0,0,1,1,3,3,0,0,1,1,34,30,24,16,14,12,11,10,10,8,8,8,5
AGGGGCACTGGAAGCGGCTTT,AAGCTTAGTTGGC,true,3,5,7,14,0,0,0,0,0,0,0,0,0,0,1,0,2,0,0,3,1,0,0,0,14,13,12,12,11,11,10,8,8,7,6,5,5
TCCTCAAGAAGCTGATGATAG,CCCGCTTCCTCTG,true,3,8,14,35,0,0,0,0,0,0,0,1,0,0,0,0,0,1,1,2,0,6,0,3,31,29,23,19,16,16,14,12,12,10,8,8,8
CGACCGGACGCCTGATCGGCA,GACGGGCCGGTTA,true,3,5,13,27,0,0,0,0,0,0,0,0,0,0,0,0,3,2,2,0,0,1,2,1,26,24,20,20,19,16,14,11,10,8,8,7,5
GTTTAATCCATTCGCCAGCAC,ATTTGCCATATCG,true,3,8,7,18,0,0,0,0,0,0,0,0,0,0,0,0,1,0,0,3,0,2,0,0,18,17,17,16,14,14,11,11,11,10,9,9,8
ATTTCAGATACGGACAAGCTG,AAACAGAAGATCA,true,3,8,1,11,0,0,0,0,0,0,0,0,0,0,0,0,0,0,0,0,0,0,0,1,11,11,10,9,9,9,9,9,9,9,8,8,8
TAACGAAGTCAATGCCGGGGT,GTCGCAAAAGAAC,true,4,4,6,15,0,0,0,0,0,0,0,0,0,0,0,0,0,1,1,1,1,0,0,0,13,13,12,12,11,10,10,7,6,6,6,6,4
CATAGTGAACTTCACCGGTGA,TATATAGCACTTG,true,2,6,11,29,0,0,0,0,0,0,0,0,0,0,0,0,2,1,2,0,1,2,0,2,26,23,20,18,17,15,14,10,10,8,8,7,6
TTTTTGTTTTTTTTTTGGTTG,TTCTTTCCTGCTG,false,3,1,0,35,0,0,0,0,0,0,0,0,0,0,0,0,0,0,0,0,0,0,0,0,20,9,1,1,1,1,1,1,1,1,1,1,1
TTTACCGTGATCCGCCAGCGC,TCTGAGCCTTTTG,true,4,6,14,28,0,0,0,0,0,0,0,0,0,0,1,0,1,2,3,2,0,3,0,0,27,22,21,20,18,14,12,9,8,8,8,8,6
CTTTTTTCTCAAGTCCGGTTG,ATGCATCCTGCAT,true,2,6,7,18,0,0,0,0,0,0,0,0,0,0,0,0,1,3,1,0,0,0,0,1,17,13,12,10,10,8,8,8,8,8,8,7,6
GGTTTTCGCAAATCGGCATCA,ATCAGGAGCACCT,true,2,10,10,32,0,0,0,0,0,0,0,0,0,0,0,0,1,0,3,0,2,0,1,0,30,25,25,24,23,22,17,16,14,13,13,10,10
ATCCTAATAGCTGTTTAATCA,CACTTGGATACCA,true,2,5,16,35,0,0,0,0,0,0,0,0,1,0,0,2,1,1,2,2,0,1,1,3,32,31,28,26,15,12,9,9,9,9,9,7,5
AGGTTTATCGCAAACATCTGG,TTTTGATACGATA,true,4,5,7,18,0,0,0,0,0,0,0,0,0,0,0,0,1,0,1,4,0,0,0,0,18,18,17,13,12,11,10,7,6,6,6,5,5
ATTTTTGCGATTTGCGACAGA,ATCACCGTCATGC,true,2,5,9,26,0,0,0,0,0,0,0,0,0,0,0,0,3,0,0,2,0,2,0,1,23,22,18,18,15,11,11,11,11,10,8,6,5
AACCATTGCTGCTTTAATGTA,AAACTATTATTCA,true,4,10,4,21,0,0,0,0,0,0,0,0,0,0,0,0,0,2,0,1,0,0,0,1,20,20,17,14,13,12,12,12,11,11,10,10,10
GAAGCAGGAAGACCTTTAAGC,GGTGTAGAATTTG,true,3,9,6,28,0,0,1,0,0,0,0,0,0,0,0,0,0,0,0,1,2,0,1,1,27,23,21,19,18,15,13,13,10,10,10,9,9
CTGGTATGTTCATATCATATT,GTATGAAACGCAT,true,3,6,9,17,0,0,0,0,0,1,0,0,0,0,0,0,1,1,1,2,0,3,0,0,15,13,13,13,12,12,12,12,8,7,7,6,6
GGCTACTTAGCCGCACTGATT,CATCATCATATTC,true,2,8,12,29,0,0,0,0,0,0,0,0,0,0,0,0,3,1,0,5,1,2,0,0,23,19,19,14,14,13,11,11,9,8,8,8,8
CTCAGCGTGAAACAGGCATGA,CTGCGTATGAAAT,true,3,9,13,29,0,0,0,0,0,0,0,0,0,0,0,0,2,1,0,2,3,3,0,2,23,21,20,19,19,19,15,13,12,12,10,9,9
GATGTTCCCAGCCCCATAAAT,CCCATTGACGACA,true,3,8,10,30,0,0,0,0,0,0,1,1,0,0,0,0,1,1,1,1,0,2,0,1,27,25,20,15,14,13,11,10,10,10,9,8,8
CCGGGGGAGAGCCGGCAGTGT,TTGGATACACGCT,true,3,6,7,16,0,0,0,0,0,0,0,0,0,0,0,0,1,1,0,0,0,0,3,1,16,13,12,9,9,9,9,9,9,8,7,7,6
AGGACGAGATATTAGAAGGCT,ATTTAAATACGAT,true,3,12,7,30,0,0,0,0,0,0,0,0,0,0,0,0,2,0,0,2,0,0,1,0,29,26,26,24,20,19,19,18,17,15,14,14,12
TGATGATTCACGCTCAGGCGG,ATTTGAACCACTC,true,3,10,11,39,0,0,0,0,0,0,0,0,0,0,0,0,2,2,0,2,2,2,0,1,32,29,26,24,19,19,17,13,11,10,10,10,10
ACTTCCTTCGCATGGAAAAGC,TCCAGGAACGATA,true,2,5,9,20,0,0,0,0,0,0,0,0,0,0,0,0,1,2,0,0,2,1,1,0,19,16,14,13,13,11,11,9,7,7,7,6,5
TTTCCAGTAAACGTTGCTCAT,AGAGTCAACAGAT,true,2,11,12,36,1,0,0,0,0,0,1,0,0,0,0,0,3,0,0,1,2,0,3,1,31,29,26,23,22,19,18,16,13,12,11,11,11
TTATGACGCGGTCAGGCCGTT,CTGTACTCTGTAC,true,2,5,9,20,0,0,0,0,0,0,0,0,0,0,0,0,0,0,3,3,0,1,0,2,17,13,12,10,10,8,7,7,7,7,7,5,5
TAAAAAAAAATCCATAATTAT,GTGGCGAATGATA,true,2,4,8,14,0,0,0,0,0,0,0,0,0,0,0,0,1,0,1,0,0,0,2,0,13,12,12,9,9,8,8,8,8,8,8,5,4
CAATCATCTGCCTGAAGCTGT,CAAGCGCGTTGGC,true,2,6,10,28,0,0,0,0,0,0,0,1,0,0,0,0,3,0,0,2,0,1,0,2,25,24,21,17,15,14,11,10,10,8,7,7,6
TTGTTCTTTGATGTTTTGGCT,GATGACGTTGACA,true,2,7,8,19,0,0,0,0,0,0,0,0,0,0,0,0,0,0,1,2,2,0,1,2,19,17,15,15,14,13,11,11,8,7,7,7,7
CCATTGTCTTCAGTTCCATGA,TACGTGTAAGCGA,true,2,11,11,26,0,0,0,0,0,0,0,0,0,0,0,0,5,3,0,0,0,0,1,2,21,21,18,18,16,16,16,16,16,13,13,11,11
TTCACATCAATATTTCCTCTG,GTTGCCTTTGAAT,true,3,6,8,28,0,0,0,0,0,0,0,0,0,0,0,0,0,0,1,0,0,0,2,3,20,16,12,12,11,11,11,11,9,8,8,7,6
CGGTTCTGAACACAGCGATTA,TCATTCTATGCGT,true,2,11,12,36,0,0,0,0,0,0,0,0,1,0,0,0,3,2,1,2,1,0,0,1,31,29,25,24,22,21,21,21,18,15,13,12,11
GAAAACATGGCAGAACGAGAA,TTGCCGCATCCTA,true,2,7,7,27,0,0,0,0,0,1,0,0,0,0,0,0,3,0,2,0,0,0,1,0,23,18,14,12,10,9,8,8,8,7,7,7,7
TATTAAAGCGAGAAAAGCAGT,TAACACTAAAATA,true,4,7,10,26,0,0,0,0,0,0,0,0,0,0,0,0,0,0,0,1,3,2,0,1,24,21,17,15,15,12,12,12,12,12,10,7,7
GAGCTGGAGCATGTTGAAATC,GCGCTGACTGCCT,true,2,7,11,25,0,0,0,0,0,0,0,0,0,0,0,0,0,1,0,3,1,3,2,1,24,23,22,21,20,17,16,15,13,10,9,7,7
TCAACCAGCTATCCCGGACAG,GGCTACCGTATAT,true,3,8,12,25,0,0,0,0,0,0,0,0,0,1,0,0,0,0,2,3,0,2,2,0,24,22,18,18,15,14,13,12,11,11,10,10,8
GGATGCTGCGTAAAACAGCTG,CATTTTAATAAAT,true,4,8,10,26,0,0,0,0,0,0,0,0,0,0,0,0,0,1,0,2,4,0,0,1,24,22,22,21,20,18,16,14,13,12,12,10,8
ATTAATGTTTTGATGAGCCAC,TGGGCATTTGCTG,true,3,8,5,22,0,0,0,0,0,0,0,0,0,0,0,0,0,0,1,0,0,0,2,1,21,21,20,16,15,14,13,12,10,10,9,8,8
GAGGAGGTGGTTACAGGAATA,TCAACCTGTTGTC,true,2,4,7,18,0,0,0,0,0,1,0,0,0,0,0,0,3,2,0,0,1,0,0,0,17,16,16,14,12,9,8,6,6,4,4,4,4
ACTAATGTAACCGACCAGCGT,CGGAACACAATCT,true,2,6,15,31,0,0,0,0,0,0,0,0,0,0,0,0,3,1,0,1,4,0,3,0,28,26,21,20,19,16,16,15,15,11,9,8,6
GCATTGAACGTCAACTAGCCG,GGGAAAATCGATA,true,4,9,11,40,0,0,0,0,0,0,0,0,0,0,0,0,0,1,1,0,3,1,2,1,38,34,24,22,22,21,16,14,13,13,12,11,9
AAAAACGGGCGGTTCGTCGCC,AAAATAGCCAGCT,true,4,5,1,12,0,0,0,0,0,0,0,0,0,0,0,0,0,1,0,0,0,0,0,0,12,11,11,8,8,8,7,6,6,5,5,5,5
TTCACGATATGGGATCCGCCA,AGCGAAAGGCCTG,true,3,8,13,37,0,0,0,0,0,0,0,1,1,0,0,0,0,0,3,1,2,3,2,0,27,24,22,21,19,19,17,17,17,15,9,8,8
GTTTCTTAAAGGTATTTTTAC,TCGAACCTCTGCT,true,2,5,12,27,0,0,0,0,0,0,0,0,0,0,1,0,0,1,1,2,2,3,0,0,26,20,19,19,16,14,9,9,9,8,8,7,5
ACACTTTCTGCTTCAAAACTG,AACGATAACATGA,true,2,15,12,39,0,0,0,0,0,1,0,0,0,0,0,0,4,0,0,2,2,0,1,1,36,35,30,29,28,26,24,23,22,21,18,16,15
ACGAACATATATAATATGGTT,ACTTTAAAAGCGC,true,4,6,11,25,0,0,0,0,0,0,0,0,0,0,0,0,1,0,0,2,1,0,2,5,23,22,22,21,15,11,11,11,10,6,6,6,6
CCAAAAAGAAACTGGGGACAT,TCTGGGTATATCT,true,3,8,8,27,0,0,0,1,0,0,0,0,0,0,0,0,0,1,2,2,0,0,1,1,26,21,21,21,19,13,12,10,10,9,9,8,8
GTCGATCTGCTGGTCAGACTC,AAACAGCTCTTGA,true,3,7,12,30,0,0,0,0,0,0,0,0,0,0,0,0,1,3,2,2,1,1,0,2,28,26,23,19,18,18,17,15,13,12,10,7,7
GTTTGTCAAATTGCTCTTTTG,CTAGCGCTTTCAT,true,3,11,12,35,0,0,0,0,0,0,0,0,0,0,0,0,0,2,2,2,0,2,1,2,30,27,24,22,20,18,18,18,18,16,13,12,11
TGAATTTATAACGGCTGTGGT,CGCCGTTTTGCAG,true,4,5,12,27,0,0,0,0,0,1,0,0,0,0,0,1,1,2,0,4,0,2,0,0,23,22,21,20,18,17,16,16,14,8,6,5,5
CGGGGCTTGCCGTTCAGCTGT,CGATGCTGGAGCG,true,2,8,12,26,1,0,0,0,0,0,0,0,0,0,0,0,1,2,0,1,0,2,4,0,25,19,18,17,16,15,14,13,9,9,9,9,8
CTGAATACGTTTGAAAGGGCC,TCCTGAACGATTC,true,2,11,12,26,0,0,0,0,0,0,0,0,0,0,0,0,0,2,2,3,0,2,0,1,25,23,19,17,15,15,15,14,14,13,13,12,11
ATTTTCATAGAACTCGGGTCA,GGAGGATAAAACA,true,4,8,8,23,0,0,0,0,0,0,0,0,0,0,0,0,0,0,1,0,2,0,2,0,23,22,19,17,14,14,12,12,12,12,11,8,8
TCATCATGATGATGATTGCGG,GTGCGGCCATGAT,true,3,3,11,23,0,0,0,0,0,0,1,0,0,0,0,0,2,0,0,2,2,2,1,0,18,16,15,13,13,11,11,8,6,4,4,4,3
GTGAAGAGGCTTTGCGAAAAT,ATACAAAAGAAGA,true,4,9,6,25,1,0,0,0,0,0,0,0,0,0,0,0,0,0,0,0,3,1,0,0,24,20,18,16,16,16,16,11,10,10,10,10,9
AAAGCTTAACACCAAAAGCAG,AAAGCATCCGCTC,true,3,4,10,23,0,0,0,0,0,0,0,0,0,0,0,0,3,0,1,0,1,2,0,0,22,21,17,14,13,13,11,11,7,7,7,6,4
GGGGGTTCAGTGAAAACGGCG,GATTTGACTTCAC,true,3,6,14,26,0,0,0,0,0,0,0,0,0,0,0,0,2,2,2,2,0,1,0,2,25,23,21,21,18,15,12,10,9,9,9,8,6
TGTAGGCATAAAGGCAACCCA,TCCAAATAGCATG,true,3,10,9,25,0,0,0,0,0,0,0,0,0,0,0,0,2,0,0,0,3,3,0,0,23,21,18,18,18,15,15,15,13,11,11,10,10
AGCGGGTAGCCCTGATGCTCG,AATGCTTGAAGGC,true,2,8,9,31,0,0,0,0,0,0,0,0,0,0,0,0,2,1,0,1,1,1,2,1,29,21,19,17,16,15,13,13,12,12,10,8,8
TTGAAGAGTTTTTTGACTTGC,TAGAAAGAATACT,true,3,12,11,33,0,0,0,0,0,0,0,0,0,0,0,0,4,2,0,0,0,0,1,2,29,27,24,24,24,22,17,17,17,15,15,14,12
ATTCCAATAACCTTCATGGCG,TGAATCACTTTGT,true,3,5,12,22,0,0,0,0,0,0,0,0,0,0,0,1,3,2,0,1,0,1,1,1,22,21,21,20,17,15,15,12,10,10,8,6,5
CCTGAAAACGTATAAGCATTC,ATACTTAATCGCA,true,2,11,15,35,0,0,0,0,0,0,0,0,0,1,0,0,5,2,1,1,3,0,1,1,31,30,30,27,25,22,21,18,14,13,12,11,11
TTGCCCAGAAGGATTGGTACA,GATCAACACGCTC,true,2,5,9,19,0,0,0,0,0,0,0,0,0,0,0,0,2,1,2,0,1,0,1,1,18,17,16,14,13,12,8,8,7,6,6,6,5
GAAACGCGTTTATCAAAATCG,GCAATAACTTCCT,true,2,9,11,30,0,1,1,0,0,0,0,0,0,0,0,0,1,0,1,2,0,1,2,2,25,21,21,20,18,14,13,12,11,10,9,9,9
GGACACTGCACCCCTCATCTA,TGTAATCAACCCA,true,3,6,12,30,0,0,0,0,0,0,1,0,0,1,0,0,3,0,1,5,0,0,0,0,28,23,23,20,20,15,11,11,11,7,7,7,6
TGAACGGACACCCGGTATGGC,CGCCAAATGAAAG,true,3,9,13,28,0,0,0,0,0,0,0,0,0,0,0,0,2,3,2,0,0,2,1,1,23,22,22,20,18,18,17,14,13,13,12,10,9
GCCAAACAAAAACTCACGAAT,ATCGCCCTCCAGC,true,3,7,9,29,0,0,0,0,0,0,0,0,0,0,0,0,0,0,1,2,0,5,0,0,26,22,18,17,16,15,9,9,9,8,8,7,7
CTCACATTGACTAACAGCTGC,GGGAACTTCTGCA,true,3,8,15,35,0,0,0,0,0,1,0,0,0,0,0,0,0,2,0,4,2,1,4,1,32,28,24,21,17,14,13,12,12,11,9,8,8
CCGCGTTGAATTTAGCGGTGG,AGCTTGAAGAAAC,true,3,9,15,33,0,0,0,0,0,0,0,0,0,0,0,0,1,0,1,3,5,1,3,0,30,26,23,23,22,17,17,15,13,13,13,10,9
TTGAAAATTTCAGTCCTCTTG,AAAACATCGGTTC,true,4,5,5,12,0,0,0,0,0,0,0,0,0,0,0,0,0,0,2,0,1,0,1,0,11,10,10,9,9,9,9,8,8,7,6,5,5
AAGCCGTTCAAAAAAATCTCG,AAGCCTACTATCA,true,2,10,10,34,0,0,0,0,0,0,0,0,0,0,0,0,1,0,3,1,2,2,1,0,34,32,29,24,20,17,14,13,11,11,11,10,10
TGTTGGGATATTCCTGCTGGA,AGGAGCCGATGAG,true,2,9,10,27,0,0,0,0,0,0,0,0,0,0,0,0,0,2,2,2,0,0,4,0,23,22,18,18,15,15,14,12,11,11,9,9,9
CTTCTATCTTGCCACCTTCAC,GGATATATTTTCG,true,4,6,12,28,0,0,0,0,0,0,0,0,0,0,0,0,1,0,0,3,2,0,1,5,27,24,22,21,17,16,16,15,15,15,9,6,6
AACTACCATTCATCTTTGATA,TCGTTGCGCATAT,true,2,5,3,13,0,0,0,0,0,0,0,0,0,0,0,0,0,0,2,0,0,0,0,0,13,13,12,12,12,10,8,8,6,6,5,5,5
CGTAATCGTATCCACCTTCGA,GTACCCTACATAT,true,3,4,4,11,0,0,0,0,0,0,0,0,0,0,0,0,1,1,0,2,0,0,0,0,11,11,10,8,8,8,8,7,5,5,4,4,4
GCTACAGCCGAATCGGTCTGC,CGGGAGGACCTTC,true,3,7,11,30,0,0,0,0,0,0,1,0,0,0,0,0,2,0,1,0,1,2,3,0,26,26,25,20,17,16,11,11,9,9,9,8,7
CATATTCCCTTAGGATATGCA,GTTTTTTATTTTA,true,6,8,10,28,0,0,0,0,0,0,0,0,0,0,0,0,1,2,0,6,0,0,0,1,27,26,25,25,25,23,19,12,11,10,9,8,8
TGAAAATCGCATTTTTCAACA,GCATCGCCGAGCA,true,2,2,8,27,0,1,0,0,0,0,0,2,0,0,0,0,1,0,2,0,0,0,1,1,25,24,20,17,13,13,12,9,9,4,2,2,2
ACCTGAAAAAAGTGCTTATCA,CGTACCTCTCTGT,true,2,10,16,34,0,0,0,0,0,0,1,0,0,0,0,0,2,1,0,2,1,6,1,2,29,27,26,23,21,14,12,12,12,11,10,10,10
AAACAGGCTCTCCTTATCAGT,TTCAAGCAAAATA,true,4,12,26,49,0,1,0,0,0,0,0,0,0,0,0,0,3,0,2,1,3,1,0,3,48,43,36,36,33,28,28,28,26,24,21,18,12
CAAAACTGATCAATAAGGAAC,AGATTCAATCCTA,true,2,4,4,11,0,0,0,0,0,0,0,0,1,0,0,0,0,1,0,0,0,2,0,0,11,9,9,9,9,9,8,8,7,6,4,4,4
GTGCCGCCAATCATGTTTGCG,TTAGAAAGAATGT,true,3,4,6,14,0,0,0,0,0,0,0,0,0,0,0,0,0,1,0,1,2,0,0,1,13,11,8,8,8,8,6,6,5,5,5,5,4
CTAAGATGACGGTATCAACAG,TCTGATAAAACGC,true,4,9,11,28,0,0,0,0,0,0,1,0,0,0,0,0,2,1,1,2,0,1,0,1,25,23,21,19,18,17,15,15,15,15,10,10,9
CGTTGCATGTTTTCCATTGTT,TTGTCGGCAGCTG,true,4,12,13,35,0,0,0,0,0,0,0,0,0,0,0,0,0,1,4,4,0,0,1,3,34,30,22,21,20,19,18,17,16,15,13,12,12
ATGTTGTATGAATCTCCCAGC,GTTCCTTCAGAAT,true,2,9,9,24,0,0,0,0,0,0,0,0,0,0,0,0,0,1,1,2,1,1,0,0,24,23,19,18,14,14,14,14,12,12,12,12,9
CTCCGTTTTAAGAAAAAGCTC,ATCACGACAGCTA,true,1,4,9,17,0,0,0,0,1,0,0,0,0,0,0,0,3,2,1,0,1,0,0,0,17,16,13,12,11,9,7,6,6,5,5,5,4
CCCATTGTAAACAAGTGTCCT,GTACCGTACTGGA,true,2,7,6,20,0,0,0,0,0,1,0,0,0,0,0,0,0,1,0,0,0,1,2,0,18,17,16,14,12,9,9,9,9,9,9,8,7
ACATTGATGAAATTCCTTTTC,AGCAAATAGACAG,true,3,8,6,22,0,0,0,0,0,0,0,0,0,0,0,0,1,0,0,0,4,0,0,1,22,20,18,18,18,16,13,11,10,8,8,8,8
TCCTGCAGATATTAAAAAAAT,TGAGGTAACAACG,true,2,9,4,27,0,0,0,0,0,0,0,0,0,0,0,0,1,0,0,1,0,1,0,0,26,23,21,18,15,13,13,13,10,10,10,10,9
AATCATCGTACGCATCATCCT,CAATGATCGGCAG,true,2,7,6,24,0,0,0,0,0,0,0,0,0,0,0,0,1,0,0,2,0,0,2,1,23,21,19,15,13,12,10,10,10,7,7,7,7
GAAGTCTCCTGCGCTTACAAC,AGCACTCTTGCGA,true,2,6,12,25,0,1,0,0,0,0,0,0,0,0,0,1,0,0,1,2,0,2,2,2,24,20,19,19,16,16,15,15,12,9,7,7,6
ACGCGGCTTCCGTCTACAAGA,ATGTGACCGTGGT,true,2,6,11,22,0,0,0,0,0,0,1,0,0,0,0,0,1,0,2,3,0,1,1,2,21,19,16,15,14,10,8,7,7,6,6,6,6
TTTAAAAAAAGGAACACATGA,CAGCTGCCCTGAT,true,3,4,3,12,0,0,0,0,0,0,0,0,0,0,0,0,1,0,0,0,0,1,0,0,10,10,9,8,5,5,5,5,5,5,5,5,4
ATGTCATGTGTATCTTGCCCT,TTCAGCAGTCCGC,true,3,10,10,30,0,0,0,0,0,0,0,0,0,1,0,0,0,2,0,1,1,1,0,4,29,22,19,18,16,14,11,10,10,10,10,10,10
TCGAGATTCAGCATGTGGAGA,TATATAGTCTTGA,true,2,9,6,25,0,0,0,0,0,0,0,1,0,0,0,0,0,0,1,1,2,0,0,1,23,17,15,14,13,12,12,11,10,10,9,9,9
CCTTGGCGGAAGAGAACAATG,TCTATGTGGTGAT,true,2,7,8,22,0,0,0,0,0,0,0,0,0,0,1,0,1,0,1,3,0,0,0,2,21,18,18,15,14,13,12,10,10,9,8,7,7
GTTACAGGGCTTGCCTATACA,ACCGTCGGCGGAG,true,2,7,8,26,0,0,0,0,0,0,0,0,0,0,0,0,1,0,2,1,0,1,0,0,22,18,14,13,13,12,12,12,10,10,9,8,7
AAAAAAATCGATATGGCCGCA,CAAAAAATGCTGA,true,6,3,12,26,0,0,0,0,0,0,1,0,0,0,0,0,2,2,0,2,4,0,0,0,23,22,22,22,22,20,15,8,8,7,6,3,3
GGCTGATACGGAATCACGACA,GCAGAGCGAACGT,true,2,7,11,25,1,0,0,0,0,0,1,0,0,0,0,0,1,2,1,0,2,2,1,0,22,18,17,15,15,15,14,14,12,10,10,7,7
ATTCTATATTGCCTTCCTCAA,CATTATCAAGGTC,true,2,9,10,34,0,0,0,0,0,1,0,0,0,0,0,0,1,0,1,0,3,0,0,2,26,22,22,20,19,18,18,17,13,13,12,10,9
AATTTTGTAAGGAACACTGCT,ATGAATATGGTGA,true,2,7,7,19,0,0,1,0,0,0,0,0,0,0,0,0,3,1,0,1,0,0,1,0,17,14,13,12,12,11,10,10,10,9,8,7,7
TGTCCATTTTCAAACGTTTCT,CCTGCTTTTCTCG,true,4,9,11,28,0,0,0,0,0,0,0,0,0,0,1,1,0,0,0,2,0,5,0,2,23,17,17,17,16,16,15,15,13,10,9,9,9
TTCAGCAATATAGCTGTAATC,ACAGGATACCGCA,true,2,11,10,36,0,0,1,0,0,0,0,0,0,0,0,0,0,1,1,0,3,3,0,1,35,32,31,29,27,22,20,18,16,13,12,11,11
GACAACAGCTTTGCAAACGGG,ACTTCCATATCTA,true,3,5,8,24,0,0,0,0,0,0,0,0,0,0,0,1,0,0,0,3,0,2,0,1,20,18,17,15,12,11,10,10,9,7,6,6,5
TCTTCCCTTGAAAAAACCGGT,GATTTCAGCGCCT,true,3,6,7,20,0,0,0,0,0,0,0,1,0,0,0,0,1,0,0,2,1,2,0,0,19,17,17,17,14,11,10,9,8,8,8,6,6
TAAACTCAACTCTGATTAACA,TCATCCTCAATAT,true,2,9,10,28,0,0,0,0,0,0,1,0,0,0,0,0,0,2,0,1,0,4,0,1,26,21,21,21,21,16,10,10,10,10,9,9,9
AACCCCTGTCCAGCACATCCG,CACAAACAGAGCA,true,3,5,13,28,0,0,0,0,0,0,0,0,0,0,0,0,5,2,1,0,3,2,0,0,26,22,17,17,17,14,11,10,9,8,6,5,5
GCGGGTGCTTACAGGGGGAAT,CATCAGAATCATC,true,2,5,5,18,0,0,0,0,0,0,0,0,0,0,0,0,2,0,0,1,0,1,0,0,17,16,12,9,9,7,7,7,6,6,6,6,5
AATCCGTTACCGGGTACGAGA,AGGAACAGCGGCA,true,2,5,8,18,0,0,0,0,0,0,0,0,0,0,0,0,2,1,1,1,1,1,1,0,17,15,14,14,12,11,10,8,5,5,5,5,5
AATACATGTCCAAGGCTTAAA,TACCCGATTACAT,true,3,6,4,15,0,0,0,0,0,0,0,0,0,0,0,0,1,0,0,0,1,2,0,0,11,11,11,11,9,8,8,8,8,7,7,6,6
GGAAATTGTACCGGGAAAGGC,TGAGGAAAAAGAT,true,5,2,1,15,0,0,0,1,0,0,0,0,0,0,0,0,0,0,0,0,0,0,0,0,13,12,11,10,8,8,8,8,8,7,2,2,2
CAACACAACAACGGAGGAAGG,AGGAAAGAGAGAG,true,3,2,5,12,0,0,0,2,0,0,0,0,0,0,0,0,0,0,0,0,0,0,1,0,12,9,8,8,8,7,4,4,3,3,3,2,2
TTGTCATTGCCGGATCTTCTT,TTATCCATTGGAT,true,4,4,11,21,0,0,0,0,0,0,0,1,0,0,0,0,1,2,1,1,1,1,0,2,21,16,15,15,14,12,10,8,6,5,5,5,4
CATCTTAAAGCTGGACATATT,GTTATAAATGGCT,true,3,8,16,35,0,0,1,0,0,0,0,0,0,0,0,0,2,1,0,2,4,0,1,4,31,28,27,24,24,24,23,17,10,10,9,8,8
ATCCTTTTTCCCGTTATTTTT,TCTTTTAATCTCA,true,6,6,9,27,0,0,0,0,0,0,0,0,0,0,0,1,0,0,0,3,0,2,0,3,24,16,16,15,15,11,11,11,9,7,6,6,6
CCTCATCCCGCACTTTTTCAA,CGTGCGTGGGTTC,true,3,4,8,17,0,0,0,0,0,0,0,0,0,0,0,0,2,1,1,2,0,0,1,0,13,12,11,9,9,7,7,7,7,5,5,5,4
ATTCCGCGGCTGCAGCAGCTT,GCCAAACAGATGA,true,3,6,11,21,0,0,0,0,1,0,0,0,0,0,0,0,2,2,0,1,1,1,0,1,21,21,19,18,18,16,14,13,12,12,9,7,6
AGATAAACGATCGCTATTGCG,GCCAGCATCGCTA,true,2,6,14,30,0,0,0,0,0,0,0,0,1,0,0,0,3,2,1,0,0,2,3,0,28,25,21,18,15,15,12,11,11,9,8,8,6
TAGCCTTTTGAATGGTGAGCT,GTTGCATCATTAT,true,2,10,10,30,0,0,0,0,0,0,0,0,1,0,0,0,2,0,2,1,1,1,0,0,27,25,22,19,18,17,14,12,12,12,12,11,10
TTTGATGAAATGCGCGCTGAT,CCGACCGGCATTG,true,2,8,9,26,0,0,0,0,1,1,2,0,0,0,0,0,1,0,1,1,1,1,0,0,22,20,18,18,17,15,15,13,11,9,8,8,8
GAATGAAGACACAGAGTCTGA,TAGATTGTATAGA,true,2,9,5,22,0,0,0,0,0,0,0,0,0,0,0,0,0,2,0,2,0,0,0,1,18,17,16,15,15,13,13,13,12,11,10,9,9
AGAGCTGCCGATAATGAAAAT,CCCGCCTCCCCTA,true,4,3,10,24,0,0,0,0,0,0,0,0,0,0,0,0,1,3,3,1,0,2,0,0,20,19,16,15,13,11,8,8,7,7,5,3,3
GGCTGTAACTCTTCTTGCCCC,TCTGATTTTTCGC,true,5,8,11,26,0,0,0,0,0,0,0,0,0,0,0,0,2,1,0,3,0,0,1,4,23,21,20,17,17,15,14,14,13,10,9,8,8
GCTGTCTGATCTAAATGAAAG,CACCTCCCCATTG,true,4,6,16,31,0,0,0,0,0,0,2,0,0,0,0,0,4,3,0,0,0,4,0,1,29,27,24,19,17,17,16,15,10,9,9,7,6
ACGAAGAGGAAATACGCAAAA,TACGGAGAGATCA,true,4,10,14,36,1,0,0,0,0,0,0,0,0,0,0,0,8,0,0,2,0,0,1,0,25,22,20,20,18,18,16,16,14,13,12,10,10
TTCCTTAGCATAAGGTCTGGA,GACGCAGGAAACT,true,3,6,4,11,0,0,1,0,0,0,0,0,0,0,0,0,0,0,0,0,1,0,2,0,10,10,10,9,9,9,9,8,8,8,6,6,6
GTCAGCCTGTTTACCATTACA,AAACTCGGCAAAC,true,4,11,14,40,0,0,0,0,0,0,0,0,0,0,0,0,1,4,1,0,1,0,4,0,39,37,31,26,23,22,21,17,17,15,14,12,11
CCTTGAGACGATTCCTTTTTT,TTATAATGTACGC,true,8,8,16,42,0,0,0,0,0,0,0,0,0,1,0,0,2,0,0,3,1,1,1,5,38,28,20,20,20,19,15,14,14,12,11,10,8
AAGTACAGCAACAGCACCATC,AAGTACACGAAGA,true,2,6,7,23,0,0,0,0,0,0,0,0,0,0,0,0,0,0,0,0,2,0,0,0,22,19,14,14,14,13,13,12,11,11,10,8,6
AGAACAGTCTCAATGCATGAA,GATTCATCGTTCA,true,2,10,9,31,0,0,0,0,0,0,0,0,0,0,0,0,2,0,1,3,1,2,0,0,26,24,23,22,16,15,14,11,11,11,10,10,10
AGCAAACGGCAAAGAGCTTGC,CGTCATTAATTTG,true,3,4,10,24,0,0,0,0,0,0,0,0,0,0,0,0,1,0,1,1,1,2,0,2,19,17,17,12,10,8,7,7,7,7,7,6,4
GGAGCCTTTGTAGGGATGCAA,TGTCAAGATACCA,true,2,6,9,24,0,0,0,0,0,0,0,0,0,0,0,0,1,0,2,2,1,1,0,1,23,23,20,19,19,17,13,11,10,8,8,7,6
ACCGTATCAAAACCGAGGTGA,ATGAGGATTTCCG,true,3,5,7,19,0,0,0,1,0,0,0,0,0,0,0,0,2,0,0,2,1,0,0,1,18,14,12,12,10,7,5,5,5,5,5,5,5
CGAGCTGCAAGGATGGAAAAA,CAGAGGTCATGGA,true,5,4,3,11,0,0,0,0,0,0,0,0,0,0,0,0,1,1,0,0,1,0,0,0,7,6,6,6,6,6,6,5,5,5,4,4,4
ATTGGATGAAACATTGAAGCT,TCTAAGGATGGTC,true,2,1,0,11,0,0,0,0,0,0,0,0,0,0,0,0,0,0,0,0,0,0,0,0,8,6,1,1,1,1,1,1,1,1,1,1,1
TAAAACGGTTATGTTTCATTT,AAATAGAAAAAAG,true,6,14,8,32,0,0,0,1,0,0,0,0,0,0,0,0,0,0,0,1,0,0,0,0,27,27,23,22,22,20,20,20,20,20,20,19,14
CTGAGGAATGGCTTGAGTATA,TCGTTGAGGATAT,true,2,8,13,28,0,0,0,0,0,0,0,0,0,0,0,0,0,0,1,0,0,1,2,4,27,25,24,24,22,19,19,18,16,15,10,10,8
GAACAACCGCGATTGTGTTGA,GAAGGCGGATGCA,true,2,5,9,23,0,0,0,0,0,1,0,0,0,0,0,0,3,0,0,1,1,0,1,0,22,18,15,14,12,12,12,9,9,8,7,7,5
CTACGCCATGAACGTTGCGGA,AACGGCCTCAACG,true,3,10,9,38,0,0,0,0,0,0,1,0,0,0,0,0,4,0,0,1,2,0,1,0,35,30,28,26,20,19,16,14,14,14,12,10,10
AAAACAAATTGCTGAGCGCTT,TGCCCCGGATGAC,true,4,7,10,29,0,0,0,0,0,0,0,0,0,0,0,0,0,3,1,1,0,2,0,1,26,23,22,22,22,15,11,10,10,10,10,9,7
GTGTATGTCTATGAAAAACAG,CGGCTGCCCAGAT,true,3,8,13,28,0,0,0,0,0,0,0,0,0,0,0,0,1,2,2,2,0,1,2,1,27,26,22,18,16,14,14,13,12,11,10,10,8
AACACATTCGTCCGAATGGCA,GGCGCCTCACGAG,true,2,7,11,19,0,0,0,0,0,0,0,0,0,0,0,0,3,1,2,2,0,1,0,1,17,17,16,15,15,14,13,10,9,8,7,7,7
ACGTTTTTTAATGTGCTGGAA,GATAAGGGAGAGT,true,3,3,5,16,0,0,0,0,0,0,0,0,0,0,0,0,0,0,0,0,0,0,5,0,14,13,11,11,9,9,8,4,4,3,3,3,3
TAACAGCTCTGGCGGGAGCCC,TGTAAGAGAAGCG,true,3,3,13,22,0,0,0,0,0,0,0,0,0,0,0,0,4,1,3,1,1,0,3,0,20,16,14,14,14,11,10,8,7,7,3,3,3
TCATGCAACGCTGTTCTGAGG,TCGGGGTTTGTAG,true,4,9,11,27,0,0,0,0,1,0,1,0,0,0,0,0,0,0,1,2,0,0,5,0,26,23,22,21,20,15,15,14,14,11,10,10,9
GGCGGATTGTTGAAAAACAAT,ACAAGAATTATTC,true,2,4,5,20,0,1,0,0,0,0,0,0,0,0,0,0,2,0,0,0,1,0,0,0,16,13,13,13,10,8,6,6,6,5,5,4,4
CATAATCTATTTCCGAATCTA,AATGATGAAACAG,true,3,14,15,36,0,0,0,0,0,0,0,0,0,0,0,0,3,1,2,1,5,0,1,1,36,30,28,26,23,23,20,19,18,17,15,15,14
TACACATTCCACATGCCTGCC,TTTATTCTCGTAT,true,3,11,11,26,0,0,0,0,0,0,0,0,0,0,0,0,2,2,1,3,0,0,0,3,24,24,20,20,20,20,16,16,15,13,11,11,11
GGCAGATGAACCGCTTTTAGT,GCAGGGGATCATC,true,4,11,8,24,0,0,0,0,0,0,0,0,0,0,0,0,2,0,0,1,1,1,2,1,24,24,24,20,18,18,15,14,14,13,12,11,11
ACATGAATTCATATACTGTCG,CCCGATTGTGGCG,false,3,6,8,30,0,0,0,0,0,0,0,1,0,0,0,0,1,1,5,0,0,0,0,0,10,9,8,7,7,7,7,7,6,6,6,6,6
CTTAAGACGATCGGCTTCATT,TCGCATCCTCCTC,true,3,6,6,31,0,0,0,0,0,0,0,0,0,0,0,0,0,0,1,2,0,0,0,0,25,21,20,15,14,13,12,11,10,9,8,6,6
GCTGTTAAAAGGAATTGTCGT,GATCGTGCTTGTC,true,2,5,2,15,0,0,0,0,0,0,0,0,0,0,0,0,0,0,0,0,0,0,0,1,11,11,11,9,9,7,7,7,7,6,6,5,5
GCAGTCAGGCTTCCTCTTTAC,TATTTTTGCGAAC,true,5,7,7,25,0,0,0,0,0,0,0,0,0,0,0,0,0,0,0,0,0,0,0,7,25,22,21,20,18,16,8,7,7,7,7,7,7
ACACGCTGCCGATTACTTGGC,TGTATCCCTTCTG,true,3,13,5,24,0,0,0,0,0,0,0,0,0,0,0,0,0,1,0,2,0,1,0,1,21,18,17,17,17,15,15,14,14,14,13,13,13
CGAGCTGCATATTTGCTTCAT,CTTTTCTGCTCGC,true,4,7,11,30,0,0,0,0,0,0,0,0,2,0,0,0,1,0,1,2,0,0,0,4,24,23,23,19,14,13,13,12,10,9,8,8,7
GCATAATAAAAATCTAAGGAG,GAGATGTCATGCA,true,2,2,3,12,0,0,0,0,0,0,0,0,0,0,0,0,1,0,1,1,0,0,0,0,8,8,6,5,5,5,5,4,4,3,3,2,2
GCTCACCCTTCCTCTTCTATA,TGAATGGATGGCA,true,2,5,9,22,0,0,1,0,0,1,0,0,0,0,0,0,2,0,1,2,0,0,0,0,19,16,16,14,14,13,12,10,10,7,7,7,5
GCCATTGCGCCAAGCAGAGAA,AGATGGAGATCGC,true,3,4,8,22,1,0,0,0,0,0,0,0,0,0,0,0,3,0,0,0,2,0,1,1,18,12,11,11,11,10,9,7,6,5,4,4,4
AATGTTCACCATATGGATGAG,AACGTACTTAAGC,true,2,4,5,12,0,0,0,0,0,0,0,0,0,0,0,0,1,1,0,1,1,0,0,1,11,10,8,8,7,7,6,6,5,4,4,4,4
TTCAGATGGTATTGGCCGGAA,AGTCTTATACAGA,true,3,8,12,28,0,0,0,0,0,0,1,0,0,0,1,1,2,1,0,1,0,1,2,1,24,20,19,18,15,14,13,11,11,10,9,8,8
AAGACACCTTTTATTAGGGTG,TCTTTTTTATTAT,true,6,6,8,23,0,0,0,0,0,0,0,0,0,0,0,0,2,1,0,1,0,1,0,2,22,19,18,17,17,16,15,13,10,8,7,7,6
GCCAAATATAAGGAGGGATAC,CCCTGCGATTCCG,true,4,5,9,19,0,0,0,0,0,0,0,0,0,0,0,0,0,2,0,0,0,1,0,2,19,18,14,12,12,12,11,10,10,9,9,5,5
CTTTAAAATTCGGCAGGAAAG,TGGTCTTCATCGC,true,2,11,5,23,0,0,0,0,0,0,0,0,0,0,0,0,0,0,0,3,0,1,0,0,22,22,19,19,16,16,16,13,13,13,12,12,11
CGAAATATTACACCAATGTAA,ACGTTTAATAGGA,true,3,6,8,27,0,0,0,0,0,0,0,0,0,0,0,0,3,0,0,0,2,0,1,1,23,20,19,19,19,16,14,12,8,7,7,7,6
CCGCTTTTGGAATAGAGAGGG,TGTGCAATATGCA,true,3,4,2,11,0,0,0,0,0,0,0,0,0,0,0,0,0,0,1,0,1,0,0,0,9,8,6,6,6,5,4,4,4,4,4,4,4
GCTATACGGAAAAAACCGCTC,ATAGATTTGAGCG,true,3,7,5,15,0,0,0,0,0,0,0,0,0,0,0,0,1,0,0,2,0,0,0,1,15,15,14,14,13,11,11,10,10,10,8,7,7
ACTCCTGCGCCGGACTGCATA,AATGCCTGCCCTC,true,3,9,17,33,0,0,0,0,0,0,0,0,0,0,0,0,3,1,0,3,1,6,0,1,33,28,22,20,20,18,17,15,15,15,11,10,9
TCCAAGACTGATGCACTCACT,GAACAGGAAGCGA,true,2,9,10,29,1,0,0,0,0,0,0,0,0,0,0,0,5,0,0,0,2,1,0,0,27,27,25,22,21,20,20,16,15,10,10,10,9
AAGCCGGGTGATTATTTTATG,TTGCAGCTTGGCA,true,2,9,7,22,0,0,0,0,0,0,0,0,0,0,0,0,0,1,2,2,0,0,0,2,21,20,19,18,16,16,15,14,13,11,11,9,9
CATTTTCTTCACGTCTGTCAT,TTCTCTTCCCCTC,true,4,6,7,17,0,0,0,0,0,0,0,0,0,0,0,0,0,0,0,2,0,1,0,0,17,15,13,13,11,10,10,10,10,10,8,6,6
ATCATACTCATATCGCCCTTC,AGCACATTAAATA,true,3,10,10,34,0,0,1,0,0,0,0,0,0,0,0,0,0,2,0,1,2,2,1,1,30,27,25,24,21,18,15,14,14,13,10,10,10
CAAAAACCGGAACTGCAGAAC,AAATGCAGATTCA,true,3,13,9,32,0,0,0,0,0,0,0,0,0,0,0,0,2,2,1,0,0,0,1,1,32,32,27,27,25,23,20,19,19,16,15,14,13
ATCCCTTCCCCTCCCGCTTGT,CCGTTACTACATA,true,2,5,12,23,0,0,0,0,0,0,0,1,0,0,0,0,2,1,1,4,0,1,2,0,23,20,16,15,15,12,11,10,8,6,5,5,5
TAAAACGGACAGCCAGCCATA,CTCCTGGAATCGC,true,2,10,14,34,0,0,1,0,0,0,0,0,0,0,0,0,4,2,0,1,0,0,3,0,31,30,29,27,23,21,17,15,14,13,13,13,10
TGCTCCGGCCTTATTTGTTCA,ATTCTTTCAGTCT,true,3,20,13,42,0,0,1,0,0,0,0,0,0,0,0,1,1,2,0,4,0,0,0,2,37,33,32,31,30,30,27,23,22,22,22,22,20
CCGCTGCCGTTTCTTTCATCT,CTTTCTGTAAACG,true,3,7,12,28,1,0,0,0,0,0,0,0,0,0,0,0,2,0,1,2,1,3,1,1,25,25,22,18,14,13,12,11,10,10,9,7,7
AAGTAACAGTAAACACGCACA,GGCTGCATAAGCA,true,2,4,15,31,1,0,0,0,0,0,0,0,0,0,0,1,3,2,2,0,2,0,4,0,29,23,19,14,13,13,11,9,7,6,4,4,4
TTTCAATGGATTCAGCAATTG,CTCCATTCCATCG,true,2,12,15,36,0,0,0,0,0,0,0,1,0,0,0,0,2,2,3,0,1,2,0,2,34,28,27,23,23,22,19,19,19,17,14,14,12
TCTAACAACAACAACGGAGAG,GAGGAAAAGAGAG,true,4,3,1,12,0,0,0,0,0,0,0,0,0,0,0,0,0,0,0,0,0,0,0,0,8,5,5,5,5,4,4,4,4,4,3,3,3
CAAGTGTCTTTCATTTTTTCC,CACTGCTTCGGAT,true,3,6,13,40,0,0,0,0,0,0,0,0,0,0,0,0,2,0,3,1,0,4,0,2,26,24,20,17,17,15,14,11,9,9,8,7,6
AAGCTGATATCAGTGATCTGC,AAGGTGTAGTTGA,true,2,7,10,26,0,0,0,0,0,0,0,0,0,0,0,0,0,0,0,2,1,0,3,2,26,23,22,19,17,14,13,12,11,11,11,9,7
TTGCGATAAACTGCTCGCAAT,CGAATAGAAGACG,true,2,1,1,12,0,0,0,0,0,0,0,0,0,0,0,0,0,0,0,0,1,0,0,0,10,7,7,5,3,3,2,2,1,1,1,1,1
CCAGCTACAGCCTGGTTATCA,TAGATTTAGGAAG,true,3,6,10,25,0,0,0,0,0,0,0,0,0,0,0,0,3,0,1,1,1,0,2,2,23,21,20,20,20,20,17,16,12,8,7,6,6
GAGACCAGGTTCGCTTTTCGT,CGCTACGGCGCTG,true,2,2,1,11,0,0,0,0,0,0,0,0,0,0,0,0,0,0,0,0,0,0,1,0,8,4,4,2,2,2,2,2,2,2,2,2,2
GCTTAAAGTGTATGAAAAGCA,GCAGGATGAAATC,true,3,3,7,15,0,0,0,0,0,0,0,0,0,1,0,0,1,1,0,0,3,0,0,0,14,13,10,9,8,8,7,7,7,7,5,4,3
GTACATTGTTTCTGTCCATAA,AGGCAAATATGTG,false,3,2,3,21,0,0,0,0,0,0,0,0,0,0,0,0,0,1,0,0,2,0,0,0,6,5,5,5,5,5,4,3,2,2,2,2,2
ATGACTTCAAAGAATGATTCA,TCAGTTTAAGGAG,true,3,6,4,13,0,0,0,0,0,0,0,0,0,0,0,0,2,0,0,1,0,0,0,1,13,12,10,10,10,10,9,8,8,6,6,6,6
CCACTTGGAGCAAAGTCGTCA,GCAAAAACAAAAT,true,5,8,11,26,0,0,0,0,0,0,0,0,0,0,0,0,2,0,1,0,1,1,0,0,24,22,22,22,22,22,20,15,14,14,14,14,8
AAAACTATGGCGGCCAGCTCC,ATCTTTTCCAAAG,true,4,9,13,29,0,0,0,0,0,0,1,0,0,0,1,0,2,2,0,2,0,0,0,3,27,23,22,22,22,21,18,16,15,12,12,11,9
AACGCTCCGTTAAAATTGACA,ATCGGCGTTGTCA,true,2,7,13,37,0,0,0,0,0,1,0,1,0,0,0,0,1,1,1,1,1,0,4,1,34,30,27,25,20,19,13,13,13,10,8,8,7
ATCATCCAGATATCCGCTGAC,AGGCTTCTGATCT,true,2,8,13,28,0,0,0,0,0,0,0,0,0,0,0,0,2,1,1,4,0,2,2,0,27,27,20,18,18,18,13,11,10,10,9,9,8
ATACCAGGTGATGTAATCAAT,ATTAATTTTGAAT,true,4,3,12,23,0,0,1,0,0,0,0,0,0,0,0,0,1,0,1,2,2,0,0,2,19,18,16,13,10,9,9,9,9,6,6,4,3
GCAGGGTGGAGATCCGGCGAA,ATTAGGTAAGGCG,true,3,9,10,33,0,1,0,0,0,0,0,0,0,0,0,0,1,0,0,2,2,0,0,2,30,27,23,22,18,17,17,16,12,11,11,10,9
ACGGACAGGAAGCAGGCAAAA,CCATACAAGAAAT,true,4,10,10,33,0,0,1,0,0,0,0,0,0,0,0,0,3,0,1,0,0,1,1,0,28,22,21,20,20,17,17,16,14,14,13,12,10
TCCTTGTCGGGTAAGTTCCCG,ACCCGCACGAAAG,true,3,4,6,14,0,0,0,0,0,0,1,0,0,0,0,0,1,1,0,1,0,0,0,0,12,11,11,9,9,9,8,7,7,6,6,6,4
ATGCCACCTTTCAAAATAACT,ATCTACAAAATAT,true,4,11,16,36,0,0,0,0,0,0,0,0,0,0,0,0,0,1,1,3,6,1,0,3,33,30,27,26,25,24,21,20,19,14,12,12,11
AAAATATCCGGATCGATTTGC,TCAATTGCTCGAG,true,2,9,1,13,0,0,0,0,0,0,0,0,0,0,0,0,0,0,0,0,0,0,1,0,13,11,10,10,10,10,9,9,9,9,9,9,9
AGGAATCAATCACTTATTATT,TTCAGTTTCTCAT,true,4,7,7,26,0,0,0,0,0,0,0,0,0,0,0,0,1,1,0,3,0,1,0,1,25,23,17,14,13,12,12,11,7,7,7,7,7
TTTATGATCTTCTTTGGAAGG,ATTGCATTCGGCA,true,2,7,15,29,0,0,0,0,1,0,0,0,0,0,0,0,0,0,1,1,4,0,3,5,28,26,21,19,18,15,13,13,12,12,8,7,7
TTGACTGGAAAAACGTCTGTA,TGTGAAGTTTTCG,true,4,8,5,15,0,0,0,0,0,0,0,0,0,0,0,0,1,0,0,0,2,0,2,0,15,15,15,13,12,10,8,8,8,8,8,8,8
TTCGGCCATCAGATTAAAACG,TTAATTTCTAATC,true,3,6,9,22,0,0,0,0,0,0,0,0,0,1,0,0,1,0,1,2,2,0,0,1,21,20,19,17,15,13,10,9,9,8,7,7,6
TTGGAAACTGGGGAACTTGAT,GCAGAAGAGGAGA,true,2,4,3,19,0,0,0,0,0,0,0,0,0,0,0,0,0,0,0,0,1,0,1,0,14,9,7,6,5,5,5,5,5,4,4,4,4
AGCATCCGGCAAACGAGCTTA,TAATCCAGGATAC,true,2,5,9,19,0,0,0,0,0,0,0,0,0,0,0,0,0,1,0,2,1,1,1,2,17,15,15,12,10,8,7,7,6,6,6,6,5
CACTAAAACCTGGCGACAGGG,GAAGGCGGCATGC,true,4,5,2,16,1,0,0,0,0,0,0,0,0,0,0,0,0,1,0,0,0,0,0,0,12,11,10,10,6,6,5,5,5,5,5,5,5
ATTGTGCGTTTTATGGCGATA,ACGTCTGTCAAAG,true,3,4,15,29,1,0,0,0,0,0,1,0,0,0,0,0,1,2,1,2,1,1,0,2,28,22,20,19,18,15,15,13,8,7,7,6,4
AAAATAGACTGGCAATTGTTA,CATAGGGCATTAT,true,3,6,8,30,0,0,0,0,0,1,0,0,0,0,0,0,3,0,0,1,0,0,0,2,23,22,20,17,16,14,12,11,9,9,7,6,6
TTTAGACTCGCAAATCCTTTA,ATCAGATAGGATG,true,2,2,6,13,0,0,0,1,1,0,0,0,0,0,0,0,0,0,0,2,2,0,0,0,12,9,9,9,7,7,7,5,5,2,2,2,2
GATATGCGATCGGCGGAGGCC,ATGTGCTTCACAT,true,2,4,16,36,0,1,0,0,0,0,0,0,0,0,0,0,1,3,0,3,2,1,0,4,32,26,20,19,17,15,15,12,9,9,9,5,4
TATAGATATTAAAAACTGCGC,GAGGAAGCTGCGA,true,2,7,0,14,0,0,0,0,0,0,0,0,0,0,0,0,0,0,0,0,0,0,0,0,13,12,12,10,10,8,8,8,8,8,7,7,7
TGAAATTGCTCCAGCACGTGC,TGATGCTGATGAC,true,1,9,11,30,0,0,0,0,0,0,0,0,0,0,0,0,1,1,3,3,1,0,2,0,29,27,26,24,21,18,17,15,13,12,11,9,9
GCTTCCTGAATCGTTTGATTC,GGAGAAATGGTTG,true,3,14,5,27,0,0,0,0,0,0,0,0,0,0,0,0,2,1,0,0,1,0,1,0,27,25,23,20,19,19,16,15,15,15,15,14,14
GCTTCACGAGCGCATCAGCCA,AAGCTTTTACACG,true,4,2,7,12,0,0,0,0,0,0,0,0,0,0,0,1,3,0,1,1,0,0,1,0,11,9,7,6,6,5,5,5,4,3,3,2,2
ATTTTAATGACCTTAATAAAC,AAAAAACCCAGCT,true,6,9,11,30,1,0,1,0,0,0,0,0,0,0,0,0,0,1,1,0,5,1,0,0,30,30,30,28,27,17,15,12,11,10,10,10,9
TTCAGGTTTATACGGATCATC,CCGCATTTTATAT,true,4,4,6,20,0,0,0,0,0,0,0,0,0,0,0,0,0,1,0,0,0,1,0,1,20,16,13,13,12,12,11,11,7,6,6,6,4
ATGCAGGGAATGCAAGTGACT,TGTTAGCCGGACT,true,2,6,4,16,0,0,0,0,0,0,0,0,0,0,0,0,0,0,0,0,1,0,1,1,15,14,14,11,10,9,9,8,8,8,7,7,6
TCCTTTGCTTCCATTTCTCCC,AAATTTCCATTGC,true,3,10,9,26,0,0,0,0,0,0,0,0,0,1,0,0,1,1,0,1,0,1,0,2,25,23,21,18,18,15,14,13,13,13,13,11,10
AATTGACAGCGCTTTTCTTCC,GTGCTTCGCTGCT,true,2,9,8,28,0,0,0,0,0,0,0,0,0,0,0,0,0,0,0,6,0,1,0,1,26,26,23,20,20,18,16,14,14,13,9,9,9
CGCCCGGATTTGTCGTCCAAT,ATCCTGTCCGCCG,true,2,8,13,31,0,0,0,0,0,0,1,1,0,0,0,0,0,1,1,3,1,4,0,0,25,24,18,15,14,14,12,12,9,9,9,9,8
AATTTGGAGAGGGTTTTTTCA,ATGTGTTCCGGTG,true,2,9,10,30,0,0,0,0,0,0,0,0,0,0,0,0,1,2,0,0,1,1,1,0,27,22,21,20,18,16,16,14,13,13,13,12,9
ATTTCCGTATGACGGCACACA,TCGCGGCAGTGCT,true,2,3,7,20,0,0,0,0,0,0,0,0,0,0,0,0,0,0,2,1,0,1,3,0,17,14,14,12,12,7,6,6,5,5,4,3,3
GTTTATCCCTGATCAGTAATT,TGAGCTGCAGTGA,true,3,3,3,14,0,0,0,0,0,0,0,0,0,0,0,0,0,0,1,2,0,0,0,0,11,7,7,6,6,6,5,5,5,5,4,3,3
GCGTGTAATGGCCAGCTAATG,TAAACATCGTGAC,true,3,11,11,32,0,0,0,0,0,0,0,0,0,0,0,0,1,1,3,2,3,1,0,0,31,28,27,23,20,19,19,16,14,12,12,11,11
GGATGACATTAAGAGCGGGAA,GGGAGAATTTGCT,false,3,4,6,34,0,0,2,0,0,0,0,0,0,0,0,0,1,0,0,1,2,0,0,0,32,30,24,20,15,15,5,5,5,5,4,4,4
TGGAATCTTTTGCTCGATGAT,AAGCTGAGCCATA,true,2,7,9,21,0,0,0,0,0,0,0,0,0,0,0,0,4,0,1,0,1,0,0,1,21,20,17,17,15,13,12,10,9,9,9,9,7
AAAACGATCTCCATCATTCAA,GAAGCCGAGCAGT,true,2,13,21,57,0,0,0,1,0,0,0,0,0,0,0,0,6,4,1,0,3,3,2,0,49,49,45,38,33,28,27,23,22,20,16,14,13
TTGATGACATCCTTGCAGACC,TGCAATCACTGAC,true,2,11,9,29,1,0,1,0,0,1,0,0,0,0,0,0,0,1,1,1,0,1,0,1,25,24,21,19,18,17,17,16,15,14,12,11,11
AACCTACGACCGATCGGTTAA,CAGCCGATAGCTC,true,2,21,24,65,0,0,0,0,0,0,0,0,0,0,0,0,3,3,3,1,2,6,3,0,55,52,50,44,36,31,29,29,26,25,25,24,21
AAAAAAAAACCCAAAATTTTT,ACCTTTTGGGAAG,false,5,1,0,12,0,0,0,0,0,0,0,0,0,0,0,0,0,0,0,0,0,0,0,0,1,1,1,1,1,1,1,1,1,1,1,1,1
CGATTGAAGGATATGTAAAGA,GATCAGCAACCGT,true,2,3,7,18,0,0,0,1,0,0,0,0,0,0,0,0,1,1,2,1,0,1,0,0,18,16,16,14,12,10,9,9,8,7,3,3,3
ATAGCAAAGGCGCCAAAAGCA,ATCGCAGCCGTAC,true,2,18,11,40,0,0,0,0,0,0,0,0,0,0,0,0,2,1,3,1,1,0,2,0,36,32,31,29,28,27,26,26,23,21,19,18,18
TAAACATTTGAATGCTTTTTG,CCTGAAACAAAGC,true,3,7,7,28,0,0,0,0,0,0,0,0,0,0,0,1,1,1,0,2,2,0,0,0,27,24,19,14,14,13,10,8,8,8,8,7,7
GGTTTTTTTTTTTTTATTATT,TTAATATTTTTCT,true,5,1,0,11,0,0,0,0,0,0,0,0,0,0,0,0,0,0,0,0,0,0,0,0,10,6,3,1,1,1,1,1,1,1,1,1,1
CAAAAGGAAAAGAAGTTCGCA,TAGATGAAAATAT,true,4,4,8,22,0,0,0,0,0,0,0,0,0,0,0,0,1,0,0,1,1,0,0,1,18,16,15,14,13,10,10,10,10,8,6,6,4
CGAGACGGCGGCATTGTTGAC,CCATGTGTCAAAG,true,3,7,10,25,1,0,0,0,0,0,1,0,0,0,0,0,1,1,0,3,0,1,0,0,21,18,17,17,14,14,14,14,11,9,9,9,7
AGGACCCGTCAAGTGTCGCTG,TTGTCGGCGGACA,true,2,6,6,21,0,0,0,0,0,0,0,0,0,0,0,1,0,0,0,1,0,0,3,0,21,20,15,15,13,13,8,8,8,7,7,7,6
ATTTTTGCTGCAGGTTCCAAT,CGGTTTCTCCATG,true,3,4,11,24,0,0,0,0,0,1,0,0,1,0,0,0,1,0,1,1,0,0,1,4,23,22,18,17,17,13,8,7,6,6,6,5,4
CTCTGATAAAAGTAATTCATA,AAGCGCTCATCCG,true,3,7,7,25,0,0,0,0,0,0,0,0,0,0,0,0,4,1,0,1,0,0,0,1,22,18,15,14,13,12,11,10,10,9,8,7,7
AAATTAATAAAAAACTTCATA,TTAAGAATCGCCT,true,2,11,22,48,1,0,2,0,0,0,0,1,0,1,0,0,3,0,0,5,1,0,1,3,44,36,29,28,27,24,23,21,18,17,16,15,11
TTGATGGGCGTTCTGGTTGTT,CTGCTGATCCTGC,true,2,13,12,34,0,0,0,0,0,0,0,0,2,0,0,0,0,0,0,2,0,5,1,1,28,27,25,24,24,22,22,20,19,15,15,14,13
CTGTTTCAGCTCTTTTTTATC,ACGTTCAGTGATC,true,2,3,6,11,0,0,0,0,0,0,1,0,0,0,0,0,2,1,0,1,0,1,0,0,11,8,7,7,7,5,5,5,5,5,5,3,3
ACCGACTTTAACTTGTCCGCG,TTCTACACGTCCA,true,2,9,10,30,0,0,0,0,0,0,0,0,0,0,1,0,2,1,1,1,1,3,0,0,29,23,21,18,17,15,14,10,10,10,10,9,9
AGTCATTCACATCGGGACTGT,ATTACGATTTCTC,true,3,4,4,15,0,1,0,0,0,0,0,0,0,0,0,0,2,0,0,0,1,0,0,0,12,8,8,6,6,5,4,4,4,4,4,4,4
CATGATAATTCTCGATAAATT,CCAGCAAAAGAAC,true,4,7,11,24,0,0,0,0,0,0,0,0,1,0,0,0,5,0,1,0,2,1,1,0,20,19,17,15,15,15,15,15,13,8,7,7,7
TGTTATTCATAACTGGTGGAC,ATGCGCATAAACT,true,3,4,13,22,0,0,0,0,1,0,0,0,0,0,0,0,5,0,0,1,3,0,1,1,22,22,19,18,15,15,15,11,10,10,7,5,4
GATGTCGGGAAGGTGCGCTTG,CCATTCGGCCCCT,true,4,6,7,23,0,0,0,0,0,0,0,0,1,0,0,0,0,0,0,1,0,0,1,0,22,20,16,16,15,12,12,11,11,11,10,7,6
GTTTTGCTTCTATCTTCATCA,CCTTGTTTTATCA,true,4,4,6,27,0,0,0,0,0,1,0,0,0,0,0,0,0,0,0,2,0,1,0,2,26,19,18,14,10,10,10,10,10,4,4,4,4
CATCCCAGTGCGGTACATTCG,GGTACCCGGAGGA,true,3,2,2,11,0,0,0,0,0,0,0,0,0,0,0,0,1,1,0,0,0,0,0,0,10,9,7,7,7,4,2,2,2,2,2,2,2
AAGTGAAACAGAAGCTGTAGA,AATGAGATTGGCA,true,3,6,14,30,0,0,0,0,0,0,0,0,0,0,0,0,6,2,2,0,0,0,2,2,28,27,17,17,16,11,10,10,9,8,6,6,6
CCGAACTGTCTTCACGACGTT,CTGAACCCAGCTC,true,3,3,4,14,0,0,0,0,0,0,0,0,0,0,0,0,1,0,0,0,1,1,1,0,12,12,10,10,9,7,7,5,4,3,3,3,3
CATAACCAGCGCCTAGAATGA,CAATATGTTTTGA,true,4,6,9,21,0,0,0,0,0,0,0,0,0,0,0,1,2,0,1,1,0,0,0,3,20,19,19,15,13,13,13,12,12,10,8,6,6
ATATCCGCTAGCTATCGTTTA,AATATAGCTGCAC,true,3,15,20,54,0,0,0,0,0,1,0,0,0,0,0,1,5,0,1,3,2,0,1,4,53,48,35,32,29,28,26,24,21,17,17,16,15
GCAGGCAAGAAGATGAGTGAA,ACTACAAATATGC,true,3,12,10,35,0,0,0,0,0,0,0,0,0,0,0,0,2,0,2,3,1,0,0,0,30,24,24,21,16,16,16,15,15,15,15,14,12
TCAAGAGCTGGTTTTATGGAA,TAGGCGGTTATGA,true,2,12,13,37,0,0,0,0,0,0,0,0,0,1,0,0,3,1,0,3,0,1,4,0,30,27,25,21,18,18,16,16,16,13,13,12,12
TCTGAATTTATGGCCCGTATG,AAAAACTTGATTA,false,5,4,10,26,1,0,0,0,0,0,0,0,0,0,0,0,2,2,0,0,3,0,0,1,24,23,22,22,11,7,6,5,5,5,5,5,4
ACTCGGTACGGATTATAGTGA,GCTTTTGAAAAGC,true,4,3,3,18,0,0,0,0,0,0,0,0,0,0,0,0,1,0,0,0,1,0,0,1,18,17,17,16,15,13,6,6,6,5,4,3,3
TCTTTTTGTGGATTTCGCTTG,TTCTTCATAATAT,true,2,9,16,38,0,0,1,0,0,0,0,0,0,0,1,0,1,2,1,3,1,1,0,2,38,35,28,26,21,20,20,16,14,12,10,10,9
ATCCTTAGTCCCTGCGTTCTT,TATGCATGCCTCG,true,3,6,10,25,0,0,0,0,0,0,0,0,0,0,0,0,2,1,0,0,0,1,1,4,20,19,17,16,16,16,11,10,10,9,8,7,6
TGAAGATATTGAAACAAAAAA,CATTCAATATGAG,true,6,4,12,27,0,0,0,0,0,0,0,0,0,0,0,0,5,0,0,1,3,1,0,1,17,16,16,14,14,13,12,8,7,6,5,4,4
GCAAAGTGTTTCTGAAAAGAT,TCCGCATGCATGT,true,2,11,11,31,0,0,0,0,0,0,0,0,0,0,0,0,0,3,0,2,1,4,0,1,29,26,20,18,17,16,16,16,15,13,11,11,11
GAGCGAGCTCATTCGATAGTG,ATGATAGTTTAAT,true,3,14,7,29,0,0,0,0,0,0,0,0,0,0,0,0,0,0,1,3,1,0,1,1,27,26,24,22,22,19,19,19,18,18,14,14,14
TTGGCCGTAAAAGACGCTAAT,CAAAAAACCGCTC,true,6,7,14,31,1,0,0,0,0,0,0,1,0,0,0,0,3,0,1,2,4,1,0,0,22,21,21,21,21,20,15,11,9,8,8,8,7
TGATGAAATCGGGGAACTGAC,TAAGTCGGTCAAT,true,2,10,7,30,0,0,0,0,1,0,0,0,0,0,0,0,1,2,1,0,1,0,1,0,29,28,27,24,24,22,21,14,12,11,10,10,10
CACCTGTCAAAATTCTTTGTT,TCATGTCCACCAT,true,3,5,12,27,0,0,0,0,0,0,0,0,0,0,0,0,0,2,2,2,0,4,0,1,26,20,20,18,17,15,14,11,10,9,7,6,5
AATCATCGGGAGGTCGTCATA,CTGATGCCCGATG,true,3,6,8,23,0,0,0,0,0,0,0,0,0,1,0,0,2,0,2,1,0,0,0,1,17,14,12,12,11,9,8,8,7,7,7,6,6
TCATAATAAATAAATCCCCTA,CATTTCCGTATAG,true,3,4,9,20,0,0,0,0,0,0,0,0,0,0,0,0,1,2,1,1,0,1,2,1,18,16,15,15,14,13,12,7,5,5,4,4,4
AACAGTAGCGGAGCATTTCCA,TTGGATGAACGTC,true,2,5,5,19,0,0,0,0,0,0,0,0,0,0,0,0,2,0,0,0,0,0,3,0,19,19,17,13,11,9,8,8,8,6,5,5,5
GGTGAAAAAGCGGCAAGAAGA,ATGGGCAGCCATA,true,3,2,5,11,1,0,0,0,0,0,0,0,0,0,0,0,0,0,0,1,0,1,1,0,10,9,8,8,6,4,3,3,3,3,3,2,2
TCTTGATGAAGGTATTCATAA,AATAAAACTACTG,true,4,6,6,21,0,0,0,0,0,0,0,0,0,0,0,0,4,0,1,0,1,0,0,0,19,14,10,10,10,10,9,7,7,7,6,6,6
GTTCTCCCTTTGTGTTGAGCT,AAAAATTCACAGA,true,5,7,11,26,0,0,0,0,0,0,0,0,0,0,0,0,1,2,0,4,3,0,0,1,25,24,24,23,16,14,12,11,9,7,7,7,7
AATGGGGGAACCGCGAGTTTG,CACATATCGCCTC,true,2,6,11,21,1,0,1,0,0,0,0,0,0,0,0,0,0,2,0,1,2,3,0,0,19,16,16,14,14,11,10,9,9,9,7,6,6
GGCACGTCCCTCCTTTTCATA,GAAAATGGTGTCT,true,4,7,13,29,0,0,0,0,0,0,0,0,0,0,0,2,3,0,2,2,4,0,0,0,26,26,26,25,20,17,13,13,10,9,7,7,7
GTTTGAAAAGACCAGATAAGA,TTCAGGAATCGGC,true,2,5,14,24,1,0,0,0,0,1,0,0,0,0,0,0,2,1,2,0,0,0,3,2,24,20,20,18,15,14,11,11,9,9,9,7,5
TTTGGCCAATGATGTGAAATT,GTGGCGGACACAG,true,2,2,3,12,0,0,0,0,0,0,0,0,0,0,0,0,0,1,0,0,0,0,2,0,12,10,10,6,5,5,4,3,3,2,2,2,2
ATCAATTAACTGATGATTCAG,AAATGTTAATTCA,true,3,11,8,30,0,0,0,0,0,0,0,0,0,0,0,1,2,0,1,1,2,0,0,0,28,28,23,19,17,16,15,14,12,12,12,12,11
ACAAGAATGAACGCGAGAAAT,GCGAGTGTTAAGT,true,2,4,13,25,0,0,0,0,0,0,0,0,0,0,0,0,4,2,1,2,1,0,1,2,22,21,19,18,14,14,11,11,7,7,6,4,4
CTGAAGTCATCACAGATTCAT,CTGTTCAGTCAAC,true,2,9,7,28,0,0,0,0,0,0,0,0,0,0,0,0,1,0,0,3,0,1,0,0,20,20,19,19,17,14,14,13,11,11,11,11,9
GATGCGGCTTCTTATTTAAGG,GCAAAAGGCGCCG,true,4,7,14,31,0,0,0,0,0,0,0,0,0,0,0,0,4,4,1,0,3,0,2,0,26,26,25,25,25,20,14,12,12,8,7,7,7
AAGAAGCCTTGAATAGAAGAA,CCTAGCGCGCTGA,false,2,1,0,11,0,0,0,0,0,0,0,0,0,0,0,0,0,0,0,0,0,0,0,0,2,1,1,1,1,1,1,1,1,1,1,1,1
TCGCCAATGCCATCTGATTCG,AATGAAATTTCGC,true,3,13,20,45,0,0,1,0,0,0,0,0,0,0,0,0,2,0,1,6,3,0,2,2,42,38,34,29,28,28,25,24,24,22,16,14,13
TCGATATTGACGAGGCGACTA,AACACGGGGTCAT,true,4,4,9,29,0,0,0,1,0,0,0,0,0,0,0,0,2,0,2,1,2,1,0,0,28,23,20,18,14,13,13,9,7,5,5,4,4
AGGACAAATGAATAAAGATTG,TATCCTTCGGGGC,true,4,7,5,18,0,0,0,0,0,0,0,0,0,0,0,0,0,0,0,0,1,1,1,2,16,15,14,14,12,11,9,9,9,9,8,7,7
TTACCTTCTCTCCTCTAAAGA,CCTTTCTAAAGAG,true,3,9,6,26,0,0,0,0,0,0,0,0,0,0,0,0,0,2,0,0,1,1,0,1,24,20,20,20,15,13,11,11,11,9,9,9,9
GCTTCAGTATCCCTGCCGATT,GACAGGCTGACCG,true,2,5,17,29,0,0,0,0,0,0,1,0,0,0,0,0,2,2,2,5,1,2,0,0,24,23,19,18,18,17,15,13,11,10,8,7,5
CAATTTTATCTTTGGCCCGCT,CAGTAAGTCCGAC,true,2,4,5,17,0,0,0,0,0,0,0,0,0,0,0,0,0,1,1,0,1,1,0,0,14,12,11,11,11,10,7,7,7,6,5,5,4
ATTGAGCACCGATAATGATTT,GTGGAGAAAGGGC,true,3,6,10,22,0,0,0,1,0,0,0,0,0,0,0,0,4,1,0,0,2,0,2,0,19,19,18,15,14,11,11,11,10,7,7,6,6
GCGTGGCAGCAGTCCTGTTGA,AACCTTTGCAGGC,true,3,7,10,21,0,0,0,0,0,0,0,0,1,0,0,0,1,1,0,2,1,2,0,1,21,20,17,15,15,15,14,12,11,10,9,8,7
TATGATCACATCCTGCCTTAT,CCCTTTATGATCA,true,3,4,14,26,0,0,0,0,0,0,0,0,0,0,0,0,2,2,1,2,2,3,0,1,26,25,19,19,18,15,10,9,8,6,5,5,4
CATATATCGTTGATCTAGCCG,GGCGATTGCTTAC,true,3,2,6,12,0,0,1,0,0,0,0,0,0,0,0,0,0,1,0,2,0,0,1,1,12,10,10,10,9,7,6,4,4,4,4,2,2
TTCTAGTTCGTTCTTTTTATC,ATTGAAGTCACGT,true,2,11,12,32,0,0,0,0,0,1,1,0,0,0,0,0,2,2,1,2,0,1,1,0,32,30,29,23,22,21,16,16,16,15,12,11,11
ATTATTTGGAATCGCTTCTAT,AAGTTGTTTTTCT,true,5,6,10,35,0,0,0,0,0,0,0,0,0,0,0,0,0,0,0,0,0,1,0,9,30,27,24,22,19,18,18,18,18,16,7,6,6
GTTCGAACAAATTACAGCCCA,GCCGAAAACGGTC,true,4,6,9,24,0,1,0,0,0,0,0,0,0,0,0,0,3,0,1,0,1,1,1,0,23,22,16,15,13,13,13,11,8,8,7,7,6
AGAATGACAGAAATCAGAAAA,TTAAAAAACTACA,true,6,6,14,32,0,0,0,0,0,0,0,0,0,0,0,0,2,0,0,2,7,0,0,2,27,24,24,23,22,21,21,16,10,10,7,7,6
CAGTCTGATTGTTCTGCTGTA,CTCTATTTTGTTG,true,4,7,16,33,0,0,0,0,0,0,0,0,0,0,1,1,0,1,1,3,0,1,1,4,26,24,23,22,20,20,20,20,16,13,11,10,7
GAACCGTTCACGGATCGGCGT,GCGTTTTTTTACT,true,7,4,2,17,0,0,0,0,0,0,0,0,0,0,0,0,0,0,0,1,0,0,0,1,16,16,13,13,12,12,12,11,9,6,4,4,4
CCGCCTACTTCACTATATTCA,CCTTCACTGTTCT,true,2,9,13,30,0,0,0,0,0,0,0,0,0,0,0,0,2,1,0,1,0,2,1,3,28,26,24,22,20,19,17,15,12,12,12,10,9
TCAAGTTTGAAAACGGATAGT,TGTGATCCGAAAT,true,3,7,8,18,0,0,0,0,0,0,0,0,0,0,0,0,1,0,0,0,1,0,1,2,16,15,14,13,12,11,11,10,10,10,10,9,7
AGCTTCGACATTTCTGTGATG,GTGGCATTCGGCT,true,2,7,19,36,0,0,0,0,0,0,0,1,0,0,0,0,1,1,2,1,0,0,10,2,28,26,25,21,20,19,19,17,17,17,9,8,7
AAAGGTAATTTCGAAAAATTA,GAAGCAAAGGATA,true,3,7,10,19,0,0,0,0,0,0,0,0,0,0,0,0,2,0,0,0,2,0,5,0,18,18,17,15,15,14,14,12,11,8,8,7,7
CTTCTTCTTAATTGCGGTCGT,CCTGTTATGGATC,true,2,7,7,24,0,0,0,0,0,0,0,0,0,0,0,0,0,0,0,3,0,0,2,1,22,20,19,16,15,14,9,9,9,8,8,8,7
TTCCCGATGCGTGGAAATTTG,CCAAACCGTGAGC,true,3,6,10,31,0,0,0,0,0,0,0,0,0,0,0,0,3,0,1,1,1,3,0,0,30,24,19,19,17,12,9,9,8,7,7,7,6
GTGAAGCAGAGCTGATTAGCG,GAAAGCAACAGGA,true,3,4,11,27,1,1,0,0,0,0,0,0,0,0,0,0,2,0,0,0,3,1,2,0,19,16,15,11,11,10,10,8,5,5,5,4,4
AATGCGGCATAATAATATCCA,ATACGAGCACATC,true,2,6,7,24,0,0,0,1,0,1,0,0,0,0,0,0,0,0,1,1,1,0,2,0,23,17,16,15,11,8,6,6,6,6,6,6,6
TGTGACATGGAACACAATCTG,CCTTGATGAAGCG,true,2,10,12,30,0,0,0,0,0,0,0,1,0,0,0,0,1,3,0,1,2,1,0,1,29,24,21,18,17,16,15,14,14,12,12,11,10
TGGGATGAGACAGCGTCTTGG,CTTGGCCCAATGT,true,3,5,4,17,0,0,0,0,0,0,0,0,0,0,0,0,0,0,2,0,0,2,0,0,15,14,11,9,9,7,7,5,5,5,5,5,5
TTCCTTTAAAATTGTCGCCTA,AATCCGCCACTTC,true,3,10,10,30,0,0,0,0,0,0,0,1,1,0,0,0,1,0,0,0,0,2,0,1,29,25,21,20,18,17,16,15,15,14,14,13,10
CGTTCGCTTGAAAAATTCAAA,TGCTTTGTGCCAT,true,3,8,17,35,0,0,0,0,0,0,0,0,0,0,0,1,1,3,4,3,0,1,0,3,26,23,22,21,21,18,17,15,12,11,10,9,8
AGAGCAGATCGTCTTGGCATT,AATAGTCCGTCAC,true,2,9,20,45,0,0,0,0,0,0,0,0,0,0,0,0,2,1,1,4,3,4,0,1,41,34,31,29,26,24,22,17,15,15,14,10,9
TCCTGACGGTGTCGAGTACGG,AGAAGGCAACACG,true,2,9,14,40,0,0,0,0,0,0,0,0,1,0,0,0,3,0,0,0,6,1,2,0,38,35,32,30,27,22,21,21,17,14,12,10,9
ACTTGAAGTGGATCTGATGAA,CAGTGAGTTTAGC,true,3,10,15,41,0,0,0,0,0,1,0,0,0,0,0,0,3,0,4,2,0,0,1,3,38,38,34,32,30,26,23,22,21,17,13,11,10
CTATCTTTTCCCATAAAGTGA,AAAAAGACCACTG,true,6,7,5,25,0,1,0,1,0,0,1,0,0,0,0,0,1,0,0,0,1,0,0,0,25,25,24,24,18,10,10,7,7,7,7,7,7
GATTCAAAATGACGCCGCGGC,GGGCCTTCTATTA,true,3,10,12,27,0,0,0,0,0,0,0,0,0,0,0,0,2,2,0,0,0,1,4,1,27,27,19,19,16,15,14,13,12,12,12,11,10
CAGCTTTTTATCGAAATAAAA,ACTGCAGGTTTGC,true,5,7,2,12,0,0,0,0,0,0,0,0,0,0,0,0,0,2,0,0,0,0,0,0,10,10,9,8,8,8,8,7,7,7,7,7,7
TTTTCTTCGCTTCCGCTTTAG,CATTAATAGCCGC,true,2,6,10,25,1,0,0,0,0,0,0,0,0,0,0,0,3,0,1,0,0,2,1,1,23,21,21,17,17,17,14,13,9,9,7,7,6
CTTTTGCGATAAAACAAAAAT,CATTGCCCAAAAT,true,4,2,3,11,0,0,0,0,0,0,0,1,0,0,0,0,0,0,0,1,0,1,0,0,10,10,10,8,7,6,5,2,2,2,2,2,2
TTGTTCTCAGTCCAAGGTTTT,CGATTATTTGCCG,true,4,3,4,13,0,0,0,0,0,0,0,0,0,0,0,0,0,0,0,3,0,0,0,0,9,8,8,7,7,7,6,6,6,5,5,4,3
AGAGTCCGCCAGTTTGCAGCG,CTTGAAGAACACG,true,2,4,6,16,0,0,0,0,0,0,0,0,0,0,0,0,0,1,1,1,2,0,1,0,16,12,11,9,9,7,7,6,6,5,4,4,4
TGGAGTTTTTTTGATGGAAAT,AAAACGATTCCGT,true,4,9,9,27,0,0,0,0,0,0,0,0,0,0,0,0,2,0,2,2,1,1,0,1,24,24,24,21,17,17,16,15,14,11,9,9,9
TCAGCTTTTTTAATAGGCTTG,TCGCCTTCCTTGC,true,2,17,8,36,0,0,0,0,0,1,0,0,0,0,0,1,0,1,1,0,0,2,0,1,34,33,28,27,24,23,21,21,19,18,18,17,17
ACTAAATTACATGAAGATTTT,GGTGTTCAAACAG,true,4,13,11,37,0,0,0,0,0,1,0,0,0,0,0,0,2,2,1,3,0,1,0,0,29,28,26,23,22,21,20,19,19,19,16,14,13
TAAAGACAGGTCTGCCTAATT,GATTTGAAACCCA,true,3,6,6,18,0,0,0,0,0,0,0,0,0,0,0,0,0,0,2,0,2,0,0,1,17,16,16,16,14,10,10,10,8,8,8,6,6
CACGGCAACGGCCATGATCCA,TGGAGAAGCATGT,true,2,7,11,26,0,0,0,0,0,0,0,0,0,0,0,0,1,1,0,2,4,0,3,0,24,23,18,15,14,14,13,13,13,8,8,7,7
GAAAAATCAAGCCGGCCCGGT,TTTTTTGTAAGCA,true,7,6,6,20,0,0,0,0,0,0,0,0,0,0,0,0,0,0,0,1,0,0,2,2,19,19,19,19,16,14,7,7,7,7,7,7,6
AAGACAGCAAATTGACGCCGT,TGCCGAGGATTTG,true,3,6,9,26,0,0,0,0,0,0,0,0,1,0,0,0,0,1,1,1,0,1,0,2,23,20,19,14,12,12,12,10,9,9,9,7,6
AAAATACGCTCATTATGTTTA,AACAAACGTTTCA,true,3,11,10,38,0,0,0,0,0,0,0,0,0,0,0,0,1,0,1,2,2,1,0,3,37,34,27,26,26,24,20,18,17,17,13,11,11
TCTACTCTATTTGTACTAGTG,GCGAATCATTCCT,true,2,10,8,26,0,0,0,0,0,0,0,0,1,0,0,0,2,0,2,1,1,0,0,1,22,21,20,18,17,13,12,12,12,11,10,10,10
AATTTCAGAAGCTCACGCGCC,CGTTCTTTCCGAT,true,3,7,6,19,0,0,0,0,0,0,0,0,0,0,0,0,0,0,0,3,0,0,0,2,15,14,14,12,9,9,9,8,8,8,8,8,7
CCAATAAAAAAAAGCGCCTCT,GCATGAAAACATG,true,4,6,3,11,0,0,0,0,0,0,0,0,0,0,0,0,0,0,0,1,2,0,0,0,10,10,10,9,8,8,8,8,6,6,6,6,6
CGATGGCGCATTTTCTTTATT,TGCAATGTATGTA,true,3,12,14,32,0,0,0,0,0,0,0,0,0,0,0,0,0,0,2,0,1,0,1,5,28,26,25,24,24,23,23,23,22,19,18,15,12
GGAAAATCTCAAGCAGGTTCA,GGCTGTTCAGGAG,true,2,4,13,24,0,0,0,0,0,1,0,0,0,0,0,0,1,3,0,2,0,2,1,1,24,23,20,17,16,15,14,10,9,7,6,5,4
AAAAAGAACAGGCTTTTTTCG,AATGAACAAGCCT,true,2,2,0,11,0,0,0,0,0,0,0,0,0,0,0,0,0,0,0,0,0,0,0,0,10,8,5,4,4,3,2,2,2,2,2,2,2
GCTGACCGATGAAGGCAGCCA,GAAAAAAAGGCTC,true,7,7,8,25,0,0,0,0,0,0,0,0,0,0,0,0,2,0,2,1,2,0,0,0,25,23,23,23,22,22,20,16,8,8,8,7,7
GCTCAAGGGCTTCTTTGACGA,CCAGAATCAAAAG,true,4,7,8,23,0,0,0,0,0,0,1,0,0,0,0,0,0,0,1,2,1,0,0,0,20,17,16,15,14,13,13,12,11,11,10,8,7
GTCAGCCGGAGCCTCTCAGCG,GAAGCAAAAAAGT,true,6,8,12,32,0,1,0,0,0,0,0,0,0,0,0,0,5,1,0,0,3,0,0,0,27,26,26,24,24,23,22,22,22,20,16,9,8
GCATCATGTACTTAAATGGAC,TGTGGGACGCATA,true,3,7,12,29,0,0,0,0,0,0,0,0,0,0,0,0,0,2,0,0,0,0,6,2,27,26,23,22,21,13,11,9,9,9,9,8,7
TGTCCTGCTTGATATCAACCT,GCCTTTTTTTGAC,true,7,10,15,32,0,0,0,0,0,0,0,0,0,1,1,1,0,1,0,3,1,3,2,1,32,32,27,25,24,24,23,21,21,18,12,11,10
AAAATGTGCGGCTTTCGTTCA,TCTGAACAAAGTC,true,3,14,10,34,1,1,0,0,0,0,0,0,0,0,0,0,0,0,0,1,4,1,0,1,30,26,24,22,22,21,20,20,18,15,15,15,14
TCTCCGCCAAACGGTTAAAAA,TTCGTCTGTCGCT,true,5,4,8,21,0,0,0,0,0,0,0,1,0,0,0,0,1,1,0,3,0,0,1,1,16,13,11,11,10,7,7,7,6,5,4,4,4
TCCAAACCGGTCTTGCACCCC,GATTCGTTTGACT,true,4,4,3,12,0,0,0,0,0,0,0,0,0,0,0,0,0,1,0,1,0,0,0,1,12,11,9,7,5,4,4,4,4,4,4,4,4
GCTGCTGCGGAAAGATACGAC,CTTTATTTCCTTA,true,3,8,11,24,0,0,0,0,0,0,0,0,1,0,0,0,1,2,0,2,0,0,0,3,22,20,19,17,16,16,16,14,12,12,10,9,8
TCAGCAGCGTCATCCCGTACT,CTTTGCTCAGCAC,true,3,9,14,27,0,0,0,0,0,0,0,0,1,0,1,0,0,1,1,3,2,0,0,3,23,21,20,18,17,17,15,15,15,14,13,11,9
TAGACCCACTGCGGTTCAGCT,TTGTATCATAATA,true,3,7,14,27,0,0,0,0,0,0,0,0,0,1,0,0,1,1,2,1,3,1,0,2,26,22,21,19,18,18,14,14,12,12,9,7,7
GTTGTGTCTCCTTGGGCGAAC,GTCACGATCAAAC,true,3,7,6,26,0,0,0,0,0,0,0,0,0,0,0,0,0,0,0,1,1,1,0,0,20,20,19,16,15,15,13,12,11,10,10,9,7
GCCTGATTGCCCAAAAGGCCG,AAGGGGCCTGGGT,true,4,4,10,21,0,0,0,0,2,1,0,0,0,0,0,0,1,1,0,0,0,1,0,0,21,19,17,17,17,12,12,11,9,8,8,6,4
AAGTGCGGTAATTAACAGCGT,CTGATTCAAAATC,true,4,10,7,25,0,1,0,0,0,0,0,0,0,0,0,0,1,0,0,0,3,2,0,0,22,22,20,19,18,17,14,14,14,13,10,10,10
CAAACGAGTGACCGGAGTGTC,CCCGTCTGTATAT,true,4,10,9,33,0,0,0,0,0,0,1,1,0,0,0,0,0,0,0,0,0,0,1,1,33,31,28,24,23,21,20,18,14,12,11,10,10
AAGGGAGAGATATGGAATGGT,GATTCTTTTAACG,true,4,3,7,18,0,0,0,0,0,0,0,0,0,0,1,1,0,0,0,0,0,1,0,4,18,18,17,14,11,10,10,9,3,3,3,3,3
CGCCGACTGTAAACGGAATCG,CAAGCTTCGCGGC,true,2,7,8,25,0,0,0,1,0,0,0,0,0,0,0,0,2,1,1,0,1,0,1,0,23,22,16,14,14,13,11,11,10,10,9,8,7
AACCCTATGTTCTGTTTGATT,GAACGGTTTTTTA,true,6,6,11,21,0,0,0,0,0,2,0,0,0,0,0,0,0,1,1,1,0,0,0,0,20,20,20,19,18,13,13,12,12,12,12,8,6
TTCTTGGTCAATTGGGAACAG,GTAGTCTGCGGCT,true,2,6,9,24,0,0,0,0,0,0,0,0,0,0,0,0,0,2,1,1,0,0,3,1,21,19,17,17,17,14,11,10,10,9,8,7,6
TTGGTTTTAGGGAGAAGCACT,GCCGAGTATCGCG,true,2,3,2,11,0,0,0,0,0,0,0,0,0,0,0,0,1,1,0,0,0,0,0,0,9,8,6,5,5,5,5,4,3,3,3,3,3
ACCGCCAGCCTGACCCCGAGG,AACAATCGTTACT,true,2,7,7,23,0,0,0,0,0,0,0,0,0,0,0,0,1,0,1,2,2,0,0,1,22,19,17,17,15,13,12,12,11,10,7,7,7
GGATTCCAGTACTGCAGCATA,CTCGGGTGAGCTG,true,3,6,9,23,0,0,0,0,0,0,0,0,0,0,1,0,0,3,0,1,0,1,3,0,19,18,17,17,16,9,9,9,9,8,8,6,6
TCAGGCGTCCGGTTAAACATG,ACGCCCATCCGGT,true,3,8,14,33,0,0,0,0,1,0,1,0,0,0,0,0,1,2,3,1,1,2,2,0,29,25,25,21,21,18,17,15,14,13,12,8,8
CCCAGATTATGTTCTCTCATA,GGTTTTCCAAAAG,true,4,3,9,24,0,0,0,0,0,0,0,0,0,0,0,0,2,1,0,2,1,0,1,0,21,18,18,18,18,13,9,8,6,6,6,5,3
AAGCGCATAGCGTTTTGCCTT,TTTCTCCGGCAGC,true,5,3,3,11,0,0,0,0,0,0,0,0,0,0,0,0,1,0,0,0,0,0,1,1,11,11,9,7,6,6,6,5,4,4,4,3,3
AACTGTTCCGATTTATCAGGC,GCTTGAAAAAGTA,true,5,8,8,25,0,0,0,0,0,0,0,0,0,0,0,0,1,2,0,2,2,0,1,0,19,17,17,17,14,14,14,14,13,10,8,8,8
CTTTTTCAAATCGGGCGTTCT,CCATTGGACAGGA,true,2,5,10,21,0,0,0,0,0,0,0,0,0,0,0,0,2,1,0,1,1,0,1,2,18,15,13,13,11,10,9,9,8,8,8,7,5
AACAGAAATAGAGTATTCATA,TTTCTTATATAGA,true,3,14,13,37,0,0,0,0,0,0,0,0,0,1,0,0,2,0,0,3,1,0,1,3,35,34,28,23,23,22,20,19,19,19,16,15,14
AAAACGGCGGAATGCCGGGCT,GACCAGCGGGTGC,true,3,6,6,17,0,1,0,0,0,1,0,0,0,0,0,0,1,0,0,1,1,0,1,0,17,15,14,14,12,10,10,10,10,6,6,6,6
GTTTCTGCAAACCGCGTGAAA,TCAGGAATATTTA,true,3,7,14,29,0,0,0,0,0,0,0,0,0,0,0,0,2,0,2,1,2,0,2,2,24,21,19,18,16,14,13,12,11,10,10,10,7
ATAATCCTGCACCTCATAGGA,CGCAAGCAGGCAG,true,2,7,9,28,0,0,0,0,0,0,0,0,0,0,0,0,2,2,1,1,1,1,0,0,23,21,19,17,16,13,11,8,8,8,8,8,7
GGGCTGAGTCAGGTTCGCTGG,CATGTTTTTTTCT,true,7,10,19,35,0,0,0,0,0,0,0,0,0,0,1,1,3,0,0,2,2,1,0,5,33,30,25,23,22,21,21,21,20,20,14,10,10
TTTATTACCTTATGTGACGCG,TTTCATATTCCAT,true,3,9,6,24,0,0,0,0,0,0,0,0,0,0,0,0,1,1,0,3,0,1,0,0,24,23,22,18,16,16,14,11,11,9,9,9,9
CACATCAATCCCATGAAGATG,AATGTCCCTTTCG,true,3,9,5,21,0,0,0,0,0,0,0,0,0,0,0,0,0,0,3,0,1,1,0,0,17,16,13,11,11,11,11,10,10,10,9,9,9
ATTTGCCACGTTTGGGGAAAG,CTTTACATAAACG,true,3,4,9,18,0,0,0,0,0,0,0,0,0,0,1,0,1,0,0,1,5,1,0,0,17,16,16,13,12,9,9,9,8,8,4,4,4
CTGGAAAGAGGCGGACGTCTC,TTTCCCAGCTTTA,true,3,3,10,23,0,0,0,0,0,0,0,0,0,0,0,0,0,1,0,2,0,3,0,2,22,21,16,14,14,8,6,6,6,6,6,3,3
CCGACAGATCTTTCACGTGAT,ATAATATAAGATG,true,2,6,9,29,0,0,0,0,0,0,0,0,0,0,0,0,2,0,0,0,4,0,0,1,26,22,20,19,14,14,14,12,10,9,8,8,6
TGGCATGCTTGCAGCTCCGCG,AAGGTGATGAGAG,true,2,5,12,22,0,1,0,0,0,0,0,0,0,0,0,0,1,0,0,2,2,0,3,1,22,19,18,15,14,13,12,11,9,8,6,5,5
TTCACCCAACCCTTTTCTGGT,CAATACAAAGGCG,true,3,2,5,11,0,0,0,0,0,0,0,0,0,0,0,0,0,1,0,0,2,1,0,0,11,10,8,7,7,4,4,4,3,3,3,2,2
CCGGTTGCGTATAGATCATGA,TGCCTCAAAATAT,true,4,6,4,18,1,0,0,0,0,0,0,0,0,0,0,0,0,0,0,0,0,1,1,0,17,15,15,13,10,9,8,8,7,7,6,6,6
TGAACTGAACCAGGCCGCACT,TTGCCCCGTTTCG,true,4,4,10,19,0,0,0,0,0,1,0,0,0,1,0,0,2,0,2,0,0,1,1,2,17,16,14,13,13,11,9,8,7,6,4,4,4
CAGACAGAGGCAAAAGAAATG,GAGGAAATGGAAG,true,3,3,12,26,0,0,0,1,0,0,0,0,0,0,0,0,1,1,0,0,3,0,3,0,22,19,16,14,12,12,9,8,8,8,7,6,3
GGACACAGACTTTGTCCTTAG,ACACACTTAATCA,true,2,5,4,12,0,0,0,0,0,0,0,0,2,0,0,0,1,1,0,0,0,0,0,0,11,11,10,7,7,7,6,6,5,5,5,5,5
CATCAGCGCGAGCATACCGAT,TCGAACCTCAATG,true,2,7,7,17,0,0,0,0,0,0,1,0,0,0,0,0,0,0,0,2,0,1,0,1,14,13,13,13,13,13,10,10,9,9,9,9,7
GAAATACATTAGTAGACGGGC,AAAACAACGGCTA,true,4,8,14,31,0,0,0,0,0,0,1,0,0,0,0,0,5,1,1,0,3,2,1,0,28,28,28,23,14,14,13,10,10,8,8,8,8
GCCGCCTCCTTATGAAACTTC,CTTCAATCTCTGC,true,2,8,11,23,0,0,0,0,0,0,0,0,0,0,0,0,1,0,0,1,2,3,0,2,20,20,20,19,17,15,13,13,11,10,10,10,8
TGCCAAGGTCATCCCCAGCAC,ACGCTGAAATGTA,true,3,2,7,20,0,0,0,0,0,0,0,0,0,0,0,0,0,0,2,0,0,2,1,1,17,16,15,12,9,8,7,6,5,3,3,3,2
TGCAAAAGAAGAATTAAGGAA,TATTGAGAACTCT,true,2,8,8,33,1,0,0,0,0,0,0,0,0,0,0,0,0,0,1,1,1,0,1,1,30,25,23,19,19,17,15,13,12,10,10,9,8
GCCCGGCGGCGGAGGCCATTA,AATGCAAAAAGAG,true,5,5,9,18,0,0,0,0,0,0,0,0,0,0,0,0,0,2,0,0,3,0,1,0,18,16,15,14,14,12,11,11,11,10,8,6,5
GATCCGCATAAACAAAAGCTG,ACATGTTGCCGGC,true,2,8,5,18,0,0,0,0,0,0,0,0,0,0,0,0,1,1,0,2,0,0,0,1,16,15,15,15,14,14,12,9,9,9,8,8,8
AGCTGATTGATTTTCGCCACC,TCTTCTAAATCCG,true,3,7,8,22,0,0,0,0,0,0,0,0,1,0,0,0,1,0,1,2,1,0,0,1,18,18,17,16,14,14,13,11,10,9,9,7,7
AGGCTAGTGTCGCTCTCCGGA,TGATGACGAGATA,true,1,5,13,29,0,0,0,0,0,0,0,0,0,0,0,0,1,1,2,3,1,0,1,1,27,24,21,19,16,13,12,11,10,8,7,6,5
AAGCGCTCTTTCAAGGGCTCT,CGGCGACATATTC,true,2,7,10,25,0,0,0,0,0,0,0,0,0,0,0,0,1,1,1,2,1,1,1,1,22,22,20,18,17,15,14,12,11,9,8,8,7
CCGCCTTAATGCACAAGCCTG,AGCTGCTGATCAT,true,1,9,9,22,0,0,0,0,0,0,0,0,0,0,0,0,1,0,2,3,1,2,0,0,21,20,19,18,17,15,15,14,13,12,9,9,9
GGCCGGATATTTCCTCATATG,ACTCTATCGCGTC,true,1,8,10,26,0,0,0,0,0,0,0,0,0,0,0,0,3,1,2,0,0,2,0,1,26,21,20,20,20,18,14,12,11,10,10,9,8
AGCGTAAAAAACGACCAGAAA,AAGATGCTTAATG,true,5,6,14,31,0,0,0,0,0,0,0,1,0,0,0,0,5,0,0,1,3,0,1,2,31,23,16,16,13,13,12,12,11,9,8,7,6
CTTGAACTGCTTCTTCTTTTT,GTATATTTTTCGC,true,5,2,1,12,0,0,0,0,0,0,0,0,0,0,0,0,0,0,0,0,0,0,0,1,9,6,5,5,4,4,4,4,3,2,2,2,2
GACAGCTGTTCGACGGTGGAA,TTCATCGTCTGCA,true,2,7,8,24,0,0,0,0,0,0,0,0,0,0,0,0,0,3,0,2,0,0,0,2,23,21,16,15,15,13,13,12,11,9,8,8,7
CATCCGCTTTCTGACGCCGCT,CGTCATCTCAGAC,true,1,5,5,17,0,0,0,0,0,0,0,0,0,0,0,0,2,1,0,0,0,1,0,1,14,13,13,11,10,8,8,7,7,7,6,5,5
TTAAACGCCATCCGATGAAGA,TTACGATAAAAAC,true,5,12,12,41,1,0,1,0,0,0,0,0,0,0,0,0,1,1,0,2,1,0,0,1,39,35,28,26,25,24,21,18,17,17,17,16,12
CGCCCACAGATTCGGGCTGAT,TTCAAGCTTCGTC,true,3,3,15,29,0,0,0,1,0,0,1,0,0,0,0,0,1,1,2,3,1,0,2,2,29,26,21,19,17,14,13,12,8,8,6,4,3
GGCGGGCGACAACACCTTTTT,CTCAAAGGACAAT,false,5,4,3,26,0,0,0,0,0,0,0,0,0,0,0,0,1,0,0,1,0,0,0,0,8,8,8,8,8,8,6,6,5,5,5,5,4
CAAGGCCTTGGCATTTTTTCC,GGCGTCAAATTGA,true,3,6,5,18,0,0,0,0,0,0,0,0,0,0,0,0,0,0,1,2,0,0,2,0,18,15,13,12,11,10,8,8,8,8,8,6,6
CCGCAGACCGCTTGTCACCGG,CAATGAGGATTGT,true,2,5,12,26,0,0,0,0,0,0,0,0,0,0,0,2,2,1,3,0,2,0,0,1,21,19,16,14,13,13,13,12,10,8,6,5,5
CAAAAGGAAACACAATCGTCT,TGCCAGTAAGGAG,true,2,7,14,34,0,0,0,1,0,0,0,1,0,0,0,0,0,0,1,1,1,4,2,1,28,25,24,18,17,12,12,11,11,11,10,9,7
TTTCGTCGGATACATGTTCAG,CCACTTCCCTGTA,true,3,10,18,39,0,0,0,0,0,1,0,0,0,0,0,0,0,1,1,0,0,10,0,2,36,30,25,24,24,23,23,23,18,15,14,12,10
CATCGCCCCTGTGAATGCGTC,CGCCTACTTCACT,true,2,10,12,32,0,0,1,0,0,0,0,0,0,0,0,0,3,0,0,0,0,5,0,1,25,23,21,20,18,18,16,16,15,15,14,12,10
CTTTGCAGTTAAAAGTAGTCC,CTCAATCATTAAG,true,3,2,6,12,0,0,0,0,0,0,0,0,0,0,1,0,0,0,0,0,1,1,0,2,10,7,6,6,5,3,3,3,3,3,3,2,2
GCAGAGCTAGTCAAACGGGCA,AAACGCATAAAAC,true,4,4,11,23,0,0,0,0,0,0,0,0,0,0,0,0,1,0,1,0,3,1,1,0,23,23,18,15,14,12,12,12,11,11,10,7,4
GATCAAAAAAAAAGTAGCCTT,TATAGGAGCAGGA,true,3,2,6,13,0,0,0,0,0,0,0,0,0,0,0,0,0,0,1,1,1,0,3,0,13,13,12,11,10,5,4,3,3,3,3,2,2
CCTCGCAATTTTTGCACAGTC,CTTAAATGTGGCG,true,3,8,7,27,0,0,0,0,0,0,0,0,0,0,0,0,0,1,0,1,1,1,0,1,23,23,22,20,19,18,14,12,12,11,11,8,8
AGTGAAGGAGATCATTACAGC,TACATTCCGGAGA,true,2,14,14,35,0,0,0,0,0,0,1,0,0,0,1,0,3,2,1,1,0,3,1,1,33,30,26,25,22,20,20,17,15,15,15,14,14
GTCTGAGCCACTCCCACAGCA,ATAAAAATGCCAG,true,5,4,13,31,1,0,1,0,0,0,0,0,0,0,0,0,1,3,1,2,0,1,0,1,28,22,20,20,20,20,16,13,11,10,9,6,4
GCTGCTCGAGGGAGCCATCCA,GGGAATGCTGTCT,true,3,4,9,18,0,0,0,0,0,1,0,0,0,0,0,0,5,1,0,0,1,0,1,0,17,16,13,12,10,7,6,6,6,5,4,4,4
CAAATTATTTCCGGAATCTTT,TTGATGCGTTCAG,true,5,8,13,35,0,0,0,0,0,0,0,0,0,0,0,1,2,0,1,4,0,0,1,2,35,25,21,20,18,17,16,16,13,13,10,9,8
AATAAGAAAAAGCAGAGAGGC,TAGCCTCTCTGCT,true,2,11,15,33,0,0,0,0,0,0,1,0,0,0,0,0,0,2,0,4,1,4,0,1,30,28,25,23,20,19,17,16,15,15,14,13,11
GGCGCTTCGCCTTGTTGACGT,TATGCCAATTGAC,true,2,5,11,29,0,0,0,0,0,0,1,0,0,0,0,0,0,1,2,4,2,0,0,1,26,21,19,17,15,10,10,8,6,6,5,5,5
ATCAGCTTCAAAGCTGTCAAC,CTGCCGGCCAAAC,true,3,7,16,41,1,0,0,0,0,0,0,0,0,0,0,0,1,1,0,3,3,2,1,1,36,33,29,29,23,22,19,19,15,14,14,10,7
TTCATATGATCGTTAATGGAC,CGATACGCGCGCG,true,2,8,9,24,0,0,0,0,0,0,0,0,0,0,0,1,1,0,0,2,0,2,0,0,21,21,19,17,14,13,10,10,10,9,8,8,8
AAAAGCAAAAAATCGAAAGCT,AAAACGCCCGGCA,false,4,1,1,11,0,0,0,0,0,0,0,0,0,0,0,0,0,0,0,1,0,0,0,0,10,10,10,9,7,1,1,1,1,1,1,1,1
CGTGTTCAAAAGCAGTTCCGT,TCTGTAAATATGT,true,3,11,14,31,0,0,0,0,0,0,0,0,0,0,0,0,1,0,0,2,5,0,1,4,28,25,24,23,23,23,22,18,16,13,12,11,11
TTGAAGCGGGACAGATTTTCT,CTGTTTTATTTTG,true,4,13,14,34,0,0,0,0,0,0,0,0,0,0,0,0,3,3,1,1,1,0,0,1,29,28,26,25,25,24,22,21,19,17,17,15,13
CGTGCCATACTGCTTATTCAC,AGCTTTTATCCAT,true,4,5,6,15,0,0,0,0,0,0,0,0,0,0,0,0,1,0,1,2,0,0,1,0,13,12,12,11,11,11,10,8,7,7,7,6,5
ACCAAACAGGCGATTCCCTGC,AACTGGCCCAAAT,true,3,10,11,27,0,0,0,0,0,0,0,0,0,0,0,0,2,2,0,0,0,2,3,1,26,25,21,19,19,15,15,15,13,11,11,11,10
GGAGGACGGGGGTTATTTTTA,CTTTGAATTCCCT,true,3,5,11,21,0,0,0,0,0,0,0,0,0,0,0,2,0,0,1,2,2,2,0,0,21,20,18,18,17,15,12,12,11,9,9,7,5
AACCCAAGGACAAAGGCAATA,AGCGGTGAAAAGA,true,4,9,10,26,0,0,0,0,0,0,0,0,0,0,0,0,0,2,0,2,3,1,2,0,23,21,20,17,15,15,13,12,12,12,10,9,9
GCAGCACGAGACTCGGCAGAA,AGGCAGTATGAAT,true,3,7,12,23,0,0,0,0,0,1,0,0,0,0,0,0,0,1,1,2,2,1,1,1,21,21,19,17,15,13,13,12,11,10,10,8,7
CTTCGGGCAGCCTTGACGACA,TGGTGTCGAGGGC,true,3,9,15,35,0,0,0,0,0,0,0,0,0,0,0,0,0,1,1,2,0,0,10,0,34,32,25,24,18,16,15,14,14,14,14,10,9
GATTTTTATGGCAGCAGAGCA,TGCCTAATATCAT,true,2,6,10,26,0,0,0,0,0,0,0,0,0,0,0,0,2,0,1,3,3,1,0,0,20,18,17,13,13,12,10,9,7,7,6,6,6
GCATGAAGACACCTCTGTCAT,CAAAGCCATATAT,true,3,9,8,23,0,0,0,0,0,0,0,0,0,0,0,0,1,2,0,0,1,1,0,0,23,21,21,20,17,17,14,13,13,12,11,10,9
TCTTTTAGCATGATTCATTCA,GCAAATGGCAACA,true,3,4,5,12,0,0,0,0,0,0,0,0,0,0,0,0,0,1,0,0,2,2,0,0,10,9,9,9,9,8,7,7,6,6,4,4,4
ATACAGTAGCGATTTCTTCAC,GGCTGTTAGCGTG,true,2,7,9,22,0,0,0,0,0,0,0,0,0,0,0,0,2,2,1,0,1,0,2,1,21,21,19,16,14,12,11,10,9,8,7,7,7
TGGCCCTGGTGCAATAATGGA,TTCAATCAACGAT,true,2,11,11,36,0,0,0,0,0,0,0,0,0,0,0,0,1,2,0,1,0,2,0,4,33,29,25,23,21,17,16,16,15,13,12,12,11
ATGACGTTTTAATGAAGGACA,GCCCGTTTCATGA,true,3,13,12,38,1,0,0,0,0,0,2,0,0,0,0,0,1,2,0,2,0,2,1,0,34,31,30,23,21,21,21,21,19,16,15,14,13
TGATACCGCAGCACCAATCGG,ATATTGGAAATAT,true,3,6,14,25,0,0,0,0,0,0,0,0,0,0,0,0,2,0,0,1,0,0,4,2,25,24,23,21,18,17,12,11,11,10,8,6,6
ACCTTTGAGGTTCACTTGGAT,ATTGGGAAAAAAG,true,6,2,6,16,0,0,0,1,0,0,0,0,0,0,0,0,0,1,2,0,0,0,0,0,11,10,8,8,7,6,4,4,4,4,4,2,2
GCTGAAATGGTATCGAGACCC,ACCGGGCCGCCGT,true,3,5,7,23,0,0,0,0,0,0,1,1,0,0,0,0,1,0,2,0,0,2,0,0,21,21,18,18,17,15,13,10,9,7,6,5,5
AGGTCATCGTCAGCCTTACAC,TAAAGTGACGATC,true,3,10,10,29,0,0,0,0,0,1,0,0,0,0,0,0,3,1,0,1,2,0,1,1,25,23,23,19,13,13,12,12,12,12,12,10,10
GAAAAGGAGATTCGTTTGGCA,CAACATACAACAT,true,2,6,12,26,1,0,0,0,0,0,0,0,0,0,0,0,2,2,2,1,0,2,0,0,22,20,18,15,15,14,12,11,9,9,8,8,6
AAGTCAGCCAGGAAGCTGTTC,AGAGAGCAGAAGA,true,2,8,10,25,0,1,1,1,0,0,0,0,0,0,0,0,1,0,0,1,2,1,0,0,22,18,17,16,14,13,12,11,11,10,10,8,8
CACCTACTGCCATACTTGCGA,TAATGGCATCCGA,true,2,5,8,25,1,0,0,0,1,0,0,0,0,0,0,0,2,2,0,1,0,1,0,0,25,23,23,17,16,13,10,9,7,7,7,5,5
CATTCGATACAGGCATTATCT,AGGCAGTTTGCCT,true,3,6,14,29,0,0,0,0,0,0,0,0,0,0,0,1,2,1,0,4,0,1,3,1,26,23,19,17,15,14,14,14,11,7,7,6,6
TTTTCCTCAAACAATGCTTTG,AGGGTAATCGTCA,true,3,6,8,27,0,0,1,0,0,0,0,0,0,0,0,0,2,2,1,1,1,0,0,0,24,22,20,14,13,11,10,8,6,6,6,6,6
TTCTATTGCAATAAAAGGGGC,TGTATTCATCGGA,true,2,5,5,21,0,0,0,0,0,0,0,0,0,0,0,0,1,2,0,0,0,0,0,0,19,15,15,14,13,12,11,11,11,9,7,6,5
GAAATAACAGCTTTTTATAAA,TTTTCAATAAAGC,true,4,4,5,19,0,0,0,0,0,0,0,0,0,0,0,0,1,0,0,0,1,0,0,3,14,13,13,7,5,5,5,5,5,5,4,4,4
TGGCGGAACTGTGAGTTTCCG,GGTAAACTTCAAT,true,3,5,11,22,0,0,0,0,0,0,0,0,0,0,0,0,1,2,2,3,1,0,1,0,21,19,16,12,11,9,7,7,7,7,6,5,5
ATAAACGCCATCATCATCCTC,CTTTTTTCTTTAC,true,6,7,8,22,0,0,0,0,0,0,0,0,0,0,1,0,0,0,0,2,0,1,0,4,20,19,19,17,17,15,12,11,10,10,8,7,7
CCGATGCAAGGAGCTTGAGGA,ACGCAGTCGGGAG,true,3,6,14,33,0,0,0,1,1,0,0,0,0,0,0,0,3,2,0,0,3,0,0,0,29,21,21,20,17,16,16,15,13,12,8,6,6
TTCTAGATATATTTAAAAGCT,TTATCAAATCAAT,true,3,6,13,33,0,0,0,0,0,0,0,0,0,0,0,0,3,1,1,2,1,1,0,1,32,28,23,17,15,15,15,14,12,10,10,9,6
CTGGTGAATCCATAACCTCCA,GCTCTTTATATTC,true,3,9,14,29,0,0,0,0,1,0,0,0,0,0,1,0,0,0,0,4,0,1,0,6,26,23,21,20,19,19,18,14,14,14,14,10,9
GCAAGGAAATAACGTAGAGAA,TCGGCTCCGTACT,true,2,7,7,23,0,0,0,0,0,0,0,0,0,0,0,0,2,0,0,3,0,1,1,0,20,16,16,13,11,10,10,10,10,10,8,7,7
ACAAGGTTTGTGTTAAACCTG,GCTTCGTTAAAAT,true,4,9,11,30,0,0,0,0,0,0,0,0,0,0,0,0,0,1,1,3,1,1,0,3,28,26,24,22,18,17,17,14,12,11,11,10,9
TCAAGACTGGCTGTCTCCATG,AAAAACGATTCAC,true,5,8,13,28,0,0,0,0,0,0,0,0,0,0,0,0,3,1,0,2,3,0,0,2,27,27,26,25,19,15,15,14,12,10,10,8,8
CACGGGATACAGCTCGCTTCT,GTCAAATGTCGAT,true,3,6,12,26,0,0,0,0,0,0,0,0,0,0,0,1,0,2,0,3,3,1,0,0,24,20,19,18,18,12,12,11,11,9,8,7,6
CCAGAACAACAAGGGAACCGA,TCAGACCCCATGA,true,4,3,7,19,0,0,0,0,0,0,1,0,0,0,0,0,0,1,0,0,2,1,1,1,17,16,15,12,9,8,8,7,5,4,3,3,3
AACGGACGCGTAATCGTTGAG,GAGTTTATCCCAT,true,3,9,11,36,1,0,0,0,0,0,0,1,1,0,0,0,1,0,0,1,1,2,1,1,32,28,26,26,26,24,19,17,14,12,10,10,9
ACACCTGACAGATCGATTAAA,CAGATGCTCCACG,true,3,3,3,13,0,0,0,0,0,0,0,0,0,0,0,0,2,0,0,0,0,1,0,0,10,10,10,9,6,6,4,4,4,3,3,3,3
GAATACCTGTTACAATTGCCG,CAAATCCTGAACG,true,3,8,9,28,0,0,0,0,0,0,1,0,0,0,0,0,1,1,2,1,0,1,1,0,24,22,20,17,17,16,12,12,11,11,11,8,8
GACTTCATCCGTTTGCAGCGG,GAAGTGCAAAATG,true,4,4,10,20,0,0,0,0,0,0,0,0,0,1,0,0,1,1,1,1,0,0,1,1,18,17,16,13,12,11,10,9,9,9,9,5,4
CTTTTCTTTCTATCTATGAAA,GTTTACACTTACA,true,3,6,5,15,0,0,0,0,0,0,0,0,0,0,0,0,1,0,0,1,0,0,0,1,14,13,12,10,8,8,8,8,8,8,8,6,6
TGAACATTCAATCGATCATTC,GAAAAAAACGACG,true,7,6,11,31,0,1,0,0,1,0,0,0,0,0,0,0,6,0,1,0,0,1,0,0,28,27,26,25,25,22,19,18,12,9,8,6,6
CATTGCTTTTTTGCCTTCTAT,AACTGTAGGCAAC,true,2,2,4,12,0,0,0,2,0,0,0,0,0,0,0,0,0,0,0,0,0,0,2,0,11,10,10,8,7,7,7,4,2,2,2,2,2
GTGAAACATATCCTGAAAAAA,ATATTTTTGCGGT,true,7,3,10,30,0,0,0,0,0,0,0,0,0,0,0,0,4,0,0,0,2,0,0,2,24,14,14,13,12,11,11,8,5,5,5,4,3
ATATGGGAAGCCTCTTTGCCC,AGCACACCCGGGA,true,3,4,7,20,0,0,0,0,0,0,0,0,0,0,0,0,1,1,2,0,0,1,0,0,20,19,17,17,14,11,10,9,6,6,6,6,4
CTGTTTCGGCTTGCCGGTAAA,AAAGCCGTGTCAC,true,6,5,9,34,0,0,0,0,0,0,0,0,0,0,0,0,1,0,0,2,1,1,0,2,30,25,22,15,15,12,10,10,10,7,6,5,5
TGGAAGACATTGAAGCACTAA,GCGTCAGGCTTAT,true,2,7,10,25,1,0,0,0,0,0,0,0,0,0,0,0,1,1,1,0,0,2,2,1,25,24,20,15,13,11,11,9,8,8,8,7,7
AAAGGAGCTTGTGGGAAAAGC,TGCTAAATTTATG,true,3,6,11,21,0,0,0,0,1,0,0,0,0,0,0,1,0,0,0,3,3,0,0,1,21,17,17,15,13,12,9,9,9,8,8,8,6
GATACTAAAATTCCGCAGATA,GCGATGATGGTTA,true,2,9,10,27,0,0,0,0,0,0,0,0,0,0,0,0,2,0,2,1,1,0,2,0,24,24,23,21,20,17,15,13,13,12,11,11,9
TCGTTTTTCACGGAAGAAGTG,GTTAATCTGAATG,true,2,12,7,27,0,0,0,0,0,0,0,0,0,0,0,1,1,0,0,2,1,0,1,1,23,22,20,19,17,15,14,13,13,13,12,12,12
CTTGGAAAGGCGAGCCGTACT,GTCTTAATTTGTA,true,3,5,13,26,0,0,0,0,0,0,1,0,0,0,1,1,1,1,0,2,0,0,0,3,26,24,21,16,14,12,12,11,11,9,8,7,5
CTTCGTCCGGCGCTTTAAGGC,CTAAATCACCATA,true,3,5,5,18,0,0,0,0,0,0,1,0,0,0,0,0,2,0,0,0,0,1,0,0,16,15,15,15,13,12,12,10,9,6,6,6,5
CGGTGAGCAGTCAGGACATCT,TATTTTCCTTGAT,true,4,6,12,32,0,0,0,0,0,0,0,0,0,1,0,0,0,1,1,1,0,0,0,8,29,26,24,24,24,15,12,12,10,8,7,6,6
ATGGAAGCTTGGTCACCTTTA,ATGCAGGACAGCT,true,2,2,1,11,0,0,0,0,0,0,0,0,0,0,0,0,0,0,1,0,0,0,0,0,9,7,7,6,5,5,5,2,2,2,2,2,2
TGTTCAAATACGTGGCTCATC,ATGTCAACCATGC,true,2,13,13,38,0,0,0,0,0,0,0,0,0,0,0,0,2,1,0,7,1,1,0,1,37,37,28,27,24,21,19,16,15,15,14,13,13
AATCTTTCCGTACCGATGCTT,GCAAGGAAATTCG,true,3,4,12,26,1,0,0,0,0,0,0,0,0,0,0,0,2,1,2,3,1,0,2,0,24,22,18,16,15,13,12,12,9,6,6,4,4
TCTGTTAAGCCGACACTGGCA,GCTTCAGGGCTTG,true,3,8,17,33,0,0,0,1,0,0,2,0,0,0,0,0,2,3,1,1,0,0,4,3,30,27,24,23,21,19,16,16,12,10,10,8,8
CCATTTGCTGTTTGTTTTCTT,CGCTACGATTCCT,true,2,4,10,26,0,0,0,0,0,0,0,0,0,0,0,0,2,0,1,3,0,1,1,0,23,21,20,19,15,10,9,9,9,9,7,5,4
TCGTGGAAAGATGCCGCAAGC,ATCCCTGTATAGT,true,3,9,11,29,0,0,0,0,0,1,1,0,1,1,0,0,2,0,1,1,1,2,0,0,27,25,24,22,16,15,13,12,12,10,9,9,9
GCCAGTCATGTATTCACAGCC,GTGATCACCGATA,true,2,5,6,17,0,0,0,0,0,0,0,0,0,0,0,0,0,2,0,1,0,1,1,0,16,15,14,13,12,10,9,9,7,6,6,5,5
CAAAAAAATACGGCCGCCACA,TCGCCGTCAATGA,true,2,11,9,26,0,0,0,0,0,0,0,0,0,0,0,0,1,1,0,2,1,2,1,1,23,22,19,19,17,16,15,14,13,12,12,11,11
TCAGAAATGCCGGTTTAGTGA,AAGCATCAGAGGC,false,3,4,4,24,0,0,0,0,0,0,0,0,0,0,0,0,3,0,0,0,0,0,0,0,23,23,6,6,6,6,6,6,5,5,5,4,4
TTTTTTGTATAAAATCACTGT,GAAACGGGACAAT,false,3,7,6,38,0,0,0,0,0,0,0,0,0,0,0,0,4,0,0,0,0,0,1,0,32,32,32,30,12,10,10,8,8,8,8,7,7
GCGGAATGGATCGGGAAAAAC,AACAATTAAGCAT,true,2,5,6,16,0,0,0,0,0,0,0,0,0,0,0,0,2,1,0,0,2,1,0,0,16,14,11,11,10,10,10,10,9,6,5,5,5
TGCGCCGAGCTCTGGACGGAC,AAGCACTCCGCTC,true,2,4,9,21,0,0,0,0,0,0,0,0,0,0,0,0,0,0,1,2,1,1,0,1,19,18,16,16,13,12,11,10,9,9,7,7,4
CGAGCTGGGTATCATTGATGT,GCTGCACGGCTTG,true,2,7,7,25,0,0,0,0,0,0,0,0,0,0,0,0,2,0,1,2,0,0,1,0,24,18,18,15,14,13,11,11,9,9,9,8,7
CGATCTTGCCGGTGAGTTTTT,GCCTCAAGCCGCG,true,5,2,2,11,0,0,0,0,0,0,0,0,0,0,0,0,0,0,0,0,2,0,0,0,9,8,7,6,5,5,2,2,2,2,2,2,2
GGTTTCGTCTTTTTTCAGCGT,TCCCTCTTTTAAC,true,4,6,12,25,0,0,0,0,0,0,1,0,0,0,0,0,1,1,1,2,1,2,0,0,22,19,18,16,14,14,14,14,13,12,10,9,6
CATATCTTTAATTCCGAGAAT,ATGGGCTCCGGCA,true,3,7,10,25,0,0,0,0,0,0,0,0,0,0,0,0,1,0,1,3,0,2,1,0,22,19,18,18,16,14,13,11,10,10,9,9,7
CTCCACGTTTGAAAGCAGCAG,AATCATTAATTCG,true,2,6,11,27,0,0,0,0,0,0,0,0,0,0,0,0,1,0,1,3,0,0,0,4,27,26,23,21,20,19,16,14,14,14,10,8,6
CCACTGTGCCACTCAGCGATT,TTTTCATGATCTC,true,6,6,12,35,0,0,0,0,0,0,0,0,0,0,1,0,2,2,0,2,1,0,0,4,33,31,28,18,13,10,9,8,7,6,6,6,6
GGAAACTCACTCTCCGCGTGG,GCGCATCGCCTTA,true,3,8,15,37,0,0,0,0,0,0,1,0,0,0,0,0,1,2,1,2,0,3,4,0,29,28,24,22,21,18,16,14,13,9,9,8,8
CAACGATTCGCTTAACAAAGC,ACTTATCAAAAAG,true,5,8,6,23,0,0,2,0,0,0,0,0,0,0,0,0,1,2,0,1,0,0,0,0,21,15,15,15,11,10,10,9,9,8,8,8,8
GCTCGCTGAGCACCAAATCGA,TTCTTTTAATCTC,true,4,6,12,26,0,0,0,0,0,0,0,0,0,0,0,0,0,1,1,3,0,1,0,5,24,23,19,19,18,18,11,7,7,7,7,7,6
CTTCTTTTGTTATGTTATAAT,TCTCTTTTGCAAG,true,4,10,10,31,0,0,0,0,0,0,0,0,0,0,0,0,0,3,0,2,0,0,0,5,24,22,21,19,18,18,18,15,13,13,10,10,10
GAACCAGCAGCCAAAATCAGT,AAGGTCCTCATAG,true,2,3,8,26,0,0,0,0,0,0,0,0,0,1,0,0,2,1,0,2,1,1,0,0,23,19,15,11,11,9,6,4,4,4,3,3,3
CAGCGCCATGATGCCGACAAG,ACACTCGACAAGC,true,2,13,7,29,0,0,0,0,0,0,0,0,0,0,0,0,0,1,2,2,1,1,0,0,24,22,20,18,18,15,15,14,13,13,13,13,13
GGCTTAAGCTCGAGAAGCATT,TCTTTTCCGAGCG,true,4,10,12,38,0,0,0,0,0,0,0,0,0,0,0,0,2,1,0,4,0,3,1,1,37,26,26,24,24,20,18,15,14,14,12,10,10
TCATCCACGCCATAATTTGCG,AGTTGGTGTACAC,true,2,5,6,19,0,0,0,0,0,0,0,1,0,0,0,0,3,0,0,0,0,0,0,1,18,17,15,12,12,11,10,9,8,8,5,5,5
TCCCTATTGATGACGTTATGC,CGGGAGCCGGCCT,true,3,6,10,24,0,0,0,0,0,0,0,0,0,0,0,0,1,1,2,0,0,2,4,0,19,18,16,10,9,8,7,7,6,6,6,6,6
CCATATACAGATCTGGCGTTT,GAAGGCTTCCACT,true,3,6,8,25,0,0,0,0,0,0,0,0,1,0,0,0,1,2,0,0,2,1,1,0,22,21,16,13,12,11,10,10,9,8,6,6,6
GTTCCGGAAATAAAGGCATTT,TTCCATATAAACA,true,5,6,13,27,0,0,0,0,0,0,0,0,0,0,1,0,1,1,0,3,0,0,0,3,26,18,14,14,14,12,11,10,10,10,10,7,6
GCCTGCTCTTTCCGCTTCATT,ATTTTGAAATCGT,true,4,8,11,31,0,0,0,0,0,0,0,1,0,0,0,0,2,0,1,1,2,0,0,3,26,22,22,22,15,13,13,13,11,10,9,9,8
CAATAGAAAAAATCAATTAAT,TTATTTACAGTTC,true,3,11,15,32,0,0,0,0,0,0,0,0,0,0,0,0,4,0,2,2,1,0,3,2,32,30,26,25,24,23,22,18,18,14,12,12,11
CTCGGTGTTTTATCATTATCA,AAAACTGGTTCAG,true,5,7,5,16,0,0,0,0,0,0,0,0,0,0,0,0,1,0,0,2,1,0,0,0,16,16,15,13,11,11,11,10,10,10,8,7,7
GCATATTTGTAGTTTCACTCA,TCTTCTTGCCTGC,true,2,12,7,25,0,0,0,0,0,0,0,0,0,0,0,0,0,0,0,4,0,1,0,1,23,20,19,19,15,15,15,14,14,13,13,12,12
TAACGGGGTATGCTGGGAGCA,AAAACCGATATCA,true,5,4,6,18,0,0,0,0,0,0,0,0,0,0,0,0,2,0,0,1,2,0,0,0,18,18,17,8,5,5,5,5,5,5,5,4,4
AACCTTTGGGCGCCTCCGTTA,CCTTTTAGGAGGC,true,4,64,90,225,0,0,0,0,0,0,3,1,1,1,0,3,15,4,3,11,2,5,9,18,202,180,171,166,164,132,114,107,93,84,79,69,64
ACTAAAAGTAAATGTCGGTTT,ATCATGGGTTGGC,true,3,9,15,34,0,0,0,0,0,0,0,0,0,0,1,0,1,0,2,3,2,1,3,0,28,26,23,22,20,20,20,16,13,13,11,10,9
CATGGTGTTGATGACGGGATG,TGCTGCGCCGAAG,true,2,7,14,28,0,0,0,0,0,0,0,0,0,0,0,0,1,1,1,3,0,2,3,0,28,22,21,20,17,16,13,13,11,10,10,9,7
ATCGCAGATAAAAAAATATGC,ATAGGGGAGAATC,true,4,8,8,27,0,0,0,0,0,0,0,0,0,0,0,0,2,1,0,0,2,0,3,0,25,24,23,23,23,22,14,13,11,11,10,8,8
TTCAGACTTCGGATCAAGTTT,CATACTAACCGCG,true,3,6,16,35,0,0,0,0,0,0,0,0,0,0,0,0,2,0,2,6,3,1,0,0,24,24,20,19,17,14,13,10,9,8,7,6,6
GATGGAGAAAGCCCTTCGTAC,ACATTGGATAACG,true,2,7,11,25,0,0,0,0,0,0,0,0,0,0,0,1,2,1,0,0,5,0,0,0,24,24,24,24,20,19,18,16,16,15,11,9,7
GGACGCCGGTCCAACACACGG,AAGGAGACCAAAT,true,3,9,7,26,0,0,0,0,0,1,0,0,0,0,0,0,2,1,0,0,1,1,1,0,24,24,22,21,20,17,14,11,10,10,10,9,9
CAATCCATACGTTTTTAATGG,AAGCAGACAAAGT,true,3,5,8,17,0,0,0,0,0,0,0,0,0,0,0,0,1,0,3,0,2,1,1,0,17,17,12,9,8,8,7,6,6,6,5,5,5
ATCAATCAGATTGGCGGGATT,GCTTTGCATGTGA,true,3,4,10,20,0,0,0,0,0,0,0,0,0,0,0,0,1,2,1,2,0,0,0,3,18,18,17,17,15,11,9,7,5,5,5,5,4
GTTAAATCATATTTCGCAGCC,ATCTCATCTCCCG,true,3,4,8,13,0,0,0,0,0,0,0,0,0,0,0,0,1,0,0,3,0,1,0,0,12,12,11,11,11,11,10,9,9,8,8,4,4
CCCGTCTAGCTAAAGCAAGGA,CAATTTTCAGCCT,true,4,10,13,30,0,0,0,0,0,0,0,0,0,0,0,1,3,2,0,1,0,1,0,4,29,26,26,26,24,23,18,15,14,12,11,11,10
AAAGCGTTTGGCATCACAGCG,CCTCTCGGGATGT,true,3,8,13,31,0,0,0,1,0,0,0,0,0,0,0,0,2,0,0,1,0,1,4,1,31,29,27,25,24,22,22,20,13,12,10,8,8
GGAGGACTTATTCTCGCACTT,ATCACAAAGAACA,true,3,7,6,29,0,0,0,0,0,0,0,0,0,0,0,0,1,0,0,2,0,0,0,0,23,21,14,14,12,11,11,11,11,10,10,8,7
AAGCGATATTTCGTTAAAAGA,AATATCTATCGAC,true,3,7,9,28,0,0,0,0,0,0,0,0,0,0,0,0,3,0,1,1,3,0,0,0,28,20,16,16,14,11,11,8,8,8,8,8,7
AGCACAAGGATTTTAGGCTGT,TTTTCCTTTGCCA,true,5,8,8,20,0,0,0,0,0,0,0,0,0,0,0,0,1,0,2,1,0,2,1,1,20,19,18,15,14,11,11,11,11,9,8,8,8
GGGAACAGATGCAGGCAGAGT,TCATATTTCGAAC,true,3,4,10,38,0,0,0,0,0,0,0,0,0,1,0,0,0,0,0,4,0,1,0,2,33,22,22,21,17,16,15,9,6,6,6,5,4
CACAAGCATCGGAATTGGCGG,ACAGGTTCACAAC,true,2,4,8,25,0,0,0,0,0,0,0,0,0,0,0,0,0,2,0,1,1,1,0,1,21,18,16,15,12,11,10,8,7,7,7,6,4
TGTACGCCTTGCGTGAGGGTG,TAAGGCTGGTGCT,true,2,7,9,26,0,1,0,0,0,0,0,0,0,0,0,0,1,2,1,2,0,0,1,0,25,22,20,17,15,14,14,13,12,8,8,8,7
ACGTACATAACTTTCCCGGCA,GAAAGCTTAATGA,true,3,3,5,11,0,0,0,0,0,0,0,0,0,0,0,0,1,0,0,1,3,0,0,0,9,9,9,7,7,7,6,5,4,3,3,3,3
TCCCAATAGTCCGATCACACT,GCCGACAGCTACA,true,2,6,9,22,0,0,0,0,0,0,0,0,0,0,0,0,0,2,0,2,1,1,1,1,20,18,17,15,14,13,11,11,11,10,8,6,6
TTCCTTAAAATTGGACACGTC,GGAGGTCTTCACG,true,2,8,17,32,0,0,0,0,1,0,0,0,0,0,0,0,1,0,0,4,0,1,6,3,32,28,28,24,19,17,13,13,11,9,9,9,8
TCGGGTGCCAGGTTGTTGATG,TTTCAAATAAAGC,true,3,3,15,20,0,0,0,0,0,0,0,0,0,0,0,0,2,0,0,4,5,0,0,2,20,20,18,17,17,17,15,12,9,9,6,4,3
TCTTTTCATTTTTTAAAGATG,CCTTTTGCGATAT,true,4,5,4,11,0,0,0,0,0,0,0,1,0,0,0,0,1,0,0,0,0,0,0,1,9,9,9,8,8,6,6,6,6,6,6,6,5
CTATAAAAAGAAATTTCATAC,ATAGGAGTGCGAT,true,2,4,7,15,0,0,1,0,0,0,0,0,0,0,0,0,0,1,0,2,0,1,1,0,14,12,10,10,8,8,8,8,7,6,5,5,4
TGTTTGAAGACGTGGCTGTGT,TCAACAGAGAGGT,true,2,4,14,32,0,0,0,0,0,0,0,0,0,0,0,0,3,0,2,2,2,1,2,0,28,23,23,21,14,14,14,10,8,7,7,6,4
AAAATCCTCAACTGTACCCCA,GTTATGAGAAATA,true,3,8,6,22,0,0,0,0,0,0,0,0,0,0,0,0,0,0,1,1,1,0,1,1,17,15,13,10,10,10,10,10,9,9,9,8,8
CTGATGACGCATTTCCTTTGA,TTGAACGGGAGCA,true,3,11,13,35,0,1,0,0,1,0,0,0,0,0,0,0,2,1,0,2,1,1,2,1,34,30,28,27,26,23,19,18,17,15,13,12,11
AAATTCTGCAGGGGGAAAGAG,GTCTTGTTTTTCG,true,5,5,12,24,0,0,0,0,0,0,0,0,0,0,0,0,0,1,0,8,0,1,0,1,23,21,18,16,15,12,12,11,11,11,10,6,5
ATTAAGAGCCGTTTTATCATA,TGCTGTTCCCACT,true,3,6,10,21,0,0,0,0,0,1,0,0,0,0,0,0,1,2,0,1,1,2,2,0,21,17,17,15,13,12,12,12,12,10,7,6,6
GATATTATAGTTCTCTATCTG,TCTGACCTCGCCG,true,2,9,11,33,0,0,0,0,0,0,1,0,0,0,0,0,0,1,3,1,0,1,2,0,32,30,29,23,21,21,17,17,16,13,12,11,9
TGATCTTTTTATCCTTCAGCT,CCTCAGCTGAAAG,true,3,12,14,36,1,0,0,0,0,0,1,0,0,0,0,0,1,0,1,1,3,2,1,0,35,30,29,28,27,23,21,20,20,19,19,15,12
GCCTTCCCTCTGACTGCTTCT,GAAACAAGCCCAT,true,3,7,5,15,0,0,0,0,0,0,0,0,0,0,0,0,0,0,0,0,2,3,0,0,14,14,14,13,12,11,10,9,9,9,7,7,7
TGAATTCCTTCACGCCTTCCC,CAGGCAAACCGAT,true,4,6,10,31,0,0,0,0,0,0,0,0,0,0,0,0,0,2,1,1,0,4,2,0,22,18,17,16,13,11,11,10,8,7,6,6,6
AGCAGAGCTGCAAAGCAAGCT,TCTCAAGGATGCT,true,2,6,16,32,1,0,0,0,0,0,1,0,0,0,0,0,1,1,1,3,1,1,2,3,27,24,23,18,17,15,14,12,10,10,8,7,6
GTCACACAGTAAAAAACCTTG,TTGCCAAGGGGAG,true,4,8,7,27,0,0,0,1,0,0,0,0,0,0,0,0,0,0,0,0,2,0,4,0,26,23,18,18,17,16,13,12,11,11,8,8,8
TTTTCTCATTTTATCGTATAA,AAAAAGCTTGCCG,false,7,7,9,43,0,0,0,0,0,0,0,0,0,0,0,0,1,0,0,0,7,0,0,0,41,39,37,25,10,9,8,8,8,8,8,8,7
AGTCCCCATTTTTGCAGAAAA,ATGAATGTAACCG,true,5,4,14,32,1,0,0,0,0,0,0,0,0,1,0,0,3,0,0,2,1,1,2,1,27,21,20,19,16,14,10,9,9,7,7,4,4
ATCACACGCTTATCACATCTG,TCAGTATCGGGAT,true,3,8,16,30,0,1,0,1,0,0,0,0,0,0,0,0,0,1,2,3,1,0,3,1,29,25,25,24,24,22,21,18,18,18,13,9,8
ATTTTGAATATGAAATTCAAG,TGAACCGCCCGGA,true,3,6,7,23,0,0,0,0,0,0,0,0,0,0,0,0,2,3,0,0,0,1,1,0,23,19,18,16,14,11,11,11,11,10,7,6,6
AAATTGAACGTCAATTGGCAG,ATCTGCGCCGCGT,true,2,9,11,27,0,0,0,0,0,0,0,0,0,0,0,0,1,1,2,2,0,3,1,0,24,23,20,17,16,15,15,15,11,10,10,9,9
TAAGCATTGAATATAAGGTAT,AACTTCACCGTAC,true,2,7,14,29,0,0,0,0,0,0,0,0,0,1,0,0,3,1,0,0,3,3,0,1,27,26,21,20,19,19,16,14,11,10,10,8,7
AATTGTTTATTTTGAGATAAA,AATAATACTGAAT,true,5,4,3,12,0,0,0,0,0,0,0,0,0,0,0,0,0,0,0,0,1,0,0,1,11,9,8,7,6,5,5,5,5,5,5,5,4
CAAGCTAGGAAAGTCAGTTCG,CTCTGCCTTTCGT,true,3,8,7,27,0,0,0,0,0,0,0,1,0,0,0,0,1,1,0,1,0,2,0,1,25,23,20,18,16,15,10,9,9,8,8,8,8
CTTCTTCTGACGGATTCATTA,CGCGCTTTAACCG,true,3,8,7,24,0,0,0,0,0,0,1,0,0,0,0,0,1,0,0,1,0,0,1,3,21,21,20,18,18,17,16,11,11,11,8,8,8
CAATTACATTAAATGGAGAAG,ATCCTGAGGCGCT,true,2,10,10,29,0,0,0,0,0,0,0,0,1,0,0,0,1,0,2,1,0,3,1,1,26,22,22,19,18,16,15,14,14,13,12,10,10
GAACTGTTAAAAGCGCCGGCA,AGACCGCGGTCAG,true,2,6,11,25,0,0,0,0,0,0,0,0,0,0,0,0,1,1,0,0,2,5,2,0,23,20,18,16,10,9,8,7,6,6,6,6,6
AAAAATAAATAGTTGTTATAG,AAGGAGGCTGTTG,true,2,9,15,28,0,0,0,0,0,0,0,0,0,0,0,0,1,3,2,2,1,0,1,1,27,23,23,21,20,19,18,17,14,13,13,10,9
AGTGCAGATTTCGGAGATCTT,TTCCAATCTTGCT,false,4,3,4,23,0,0,0,0,0,0,0,0,0,0,0,0,0,1,0,0,0,0,0,3,17,5,5,5,4,4,3,3,3,3,3,3,3
TCATCATATGTGAATTGATCT,TGTATGACTGGAT,true,2,5,9,16,0,0,0,0,0,0,0,0,0,0,0,0,1,1,0,1,1,0,1,2,14,13,13,13,10,9,8,7,7,7,7,6,5
GACAGCGTAATGATTGGTCAC,GATTTCGCCGTAT,true,3,10,7,21,0,0,0,0,0,0,0,0,0,0,0,0,0,2,0,1,1,1,0,0,20,20,18,18,18,16,16,16,15,13,13,11,10
ATGTAAATGTAGCTGAACCAG,ACCATTCTTGTGT,true,2,4,10,20,0,0,0,0,0,0,0,0,0,0,0,0,3,0,3,0,0,1,0,2,15,14,12,11,9,8,7,7,5,4,4,4,4
CCATTGAAGGCATGCTGACAA,CAGAAACATCGAT,true,3,9,13,32,2,0,0,0,0,0,0,0,0,0,0,0,6,1,1,0,1,1,0,1,26,22,21,21,18,16,12,12,10,9,9,9,9
AGGAAACGGAAACACTGTCAG,AACGCCTGAAAGT,true,3,12,16,40,1,0,0,0,0,0,0,0,0,0,0,1,1,2,2,1,4,1,1,0,39,37,28,27,26,25,22,20,20,19,14,13,12
ATACTACGTGCTTCAGGATTC,TTATTATTTAACG,true,3,3,10,22,0,0,0,0,0,0,0,0,0,0,0,0,1,1,0,2,2,0,0,3,20,19,17,15,13,10,10,10,9,8,5,3,3
GGATCAGCAAAATCACGAGAA,TGCCGACAACAAG,true,2,4,5,16,0,0,0,0,0,0,0,0,0,0,0,0,0,1,1,0,0,1,0,0,14,14,13,11,10,10,9,9,8,8,6,6,4
CAGAAGAAACGTTCCAGAAGA,CATTCAAATTATC,true,3,10,11,31,0,0,0,0,0,0,0,0,0,0,0,0,3,1,0,6,0,1,0,0,28,27,26,25,17,17,17,16,15,14,11,10,10
TTATCTCGAAGTGTTTGTTAG,AGAATATCTTTCT,true,3,9,7,20,0,0,0,0,0,0,0,0,0,1,0,0,1,0,1,2,1,0,0,0,19,18,17,14,14,14,12,11,11,10,10,9,9
GCCCGTGCTGGAAGGTTAAGA,GGAGCGCTTAGCG,true,2,13,5,27,0,0,0,0,0,0,1,0,0,0,0,0,3,1,0,0,0,0,0,0,26,25,23,20,18,17,16,15,14,14,14,13,13
TCACTCTTTCATATGACAGCA,CAGTGATTATTGA,true,2,12,12,47,0,0,0,0,0,0,0,0,0,0,0,0,3,2,0,0,1,0,3,3,38,34,29,27,24,22,22,19,16,15,12,12,12
CAGGAAAAATGTGTCGCGTGG,ATAGATGATGTAT,true,2,5,5,19,0,0,0,0,0,1,0,0,0,0,0,0,0,0,1,2,0,0,0,0,17,16,16,14,13,12,9,8,8,6,6,6,5
AAAGCAGGTCCAATTCCGGGA,AGCAGACATATTA,true,2,9,16,29,0,0,0,0,0,0,0,0,0,0,0,0,5,1,1,0,3,4,0,0,28,25,23,20,20,19,16,15,12,12,11,11,9
AAATAAAAGGTATCGGATCTT,AGCCCTAAGCGCA,true,3,11,8,26,0,0,0,0,0,0,0,0,0,0,0,0,0,1,0,1,1,2,2,0,25,22,21,21,19,19,18,17,15,14,13,12,11
AAAGATCACCCAATACATATA,CCACGTACTCAAC,true,2,3,7,24,0,0,0,0,0,0,1,0,1,0,0,0,0,0,1,2,0,0,1,0,22,16,14,12,9,9,7,6,6,4,4,4,3
TGGTGAGCAAGATGGAGAAAA,GTGCGCAAGAACA,true,4,11,9,32,0,0,0,0,0,0,0,0,0,0,0,0,3,0,2,1,2,0,0,0,24,23,23,21,21,20,17,16,14,14,12,12,11
AAAAAACAGCCAGAGCAGTGA,ATTTCGTCGTCAT,true,3,4,4,14,0,0,0,0,0,0,0,0,0,0,0,0,1,1,0,0,0,1,0,1,13,12,11,9,7,6,6,5,5,5,5,4,4
TATTATTTCGCCAAGCAGAAG,AATCCAGCCAGCT,true,2,13,10,31,0,0,1,0,0,0,0,0,0,0,0,0,1,1,1,1,3,1,1,0,29,27,25,25,21,19,16,15,15,13,13,13,13
CTGAGTGGGTGTGCTGTTTTG,ATTAAAGGATATG,true,3,4,6,12,0,0,0,0,0,0,0,0,0,1,0,0,1,0,0,2,1,0,1,0,10,9,9,7,7,7,6,5,5,5,4,4,4
ATTCTAAAGCCAGCGTGACAG,GAACAATGGGACT,false,3,4,4,30,0,0,0,0,0,0,0,0,0,0,0,0,3,0,0,0,0,0,1,0,24,23,22,6,6,6,6,6,6,5,4,4,4
TTTAGAGGCGGACTGGCGGCG,AAGATGGATGTCA,true,2,8,9,28,0,0,0,0,0,0,0,0,0,0,0,0,3,0,1,0,1,0,4,0,28,25,21,19,17,17,16,13,13,8,8,8,8
TTTGCAAGAAGAACCGCACTC,ATGGATACGTTCA,true,2,5,10,24,0,0,0,0,0,0,0,1,0,0,0,0,0,1,2,1,1,2,1,0,23,20,19,17,14,14,12,9,9,8,8,6,5
GGAGAAGGCAGTTGTTTTGGA,ATTTATCAATTTA,true,3,9,11,26,1,0,0,0,0,0,0,0,0,0,0,0,2,0,0,2,2,0,0,3,24,22,22,21,19,17,17,16,14,11,11,10,9
GCTGTAATAAGTATCTGCCTG,TGCCATCTTTAAG,true,3,6,7,23,0,0,0,0,0,0,0,0,0,0,0,0,0,0,1,3,0,2,0,0,19,16,16,13,13,12,11,11,11,9,7,7,6
TGGTCTGTTAACCGAACAAGG,GTGATGCGATTGT,true,3,4,10,19,0,0,0,0,0,0,0,0,0,0,0,0,0,2,1,1,1,0,3,2,17,14,13,11,11,9,9,7,6,6,4,4,4
GGATTGTAAAACCTGCTGAAT,CCGTTACATAAGA,true,2,4,7,16,0,0,0,0,0,0,0,0,0,0,0,0,1,0,1,2,0,0,0,1,13,13,12,12,11,10,9,9,8,6,6,5,4
CGGGGGACACAATGGACTGAC,TCCGATTCTGTAT,true,2,5,11,24,0,0,0,0,0,0,0,0,0,0,0,0,2,0,2,3,0,2,0,0,23,21,18,18,17,15,14,11,11,8,7,7,5
CTGCAGTCGTTCTGTTTAATA,CGCCAGAAGGCTG,true,2,8,13,28,0,0,1,0,0,0,0,1,0,0,0,0,4,0,0,0,3,3,0,0,25,25,24,19,18,16,16,13,11,10,9,9,8
CAAGCCGTCTTATGAGCGAGA,GCCGCATGAACTG,true,2,7,7,22,0,0,0,0,0,0,0,0,0,0,0,0,2,1,0,1,1,1,0,1,18,18,13,13,12,10,9,9,9,8,7,7,7
AAAAAGAAGATGAAACTTGTT,TAGGTATAGAACG,true,3,7,15,44,0,0,0,0,0,0,1,0,0,0,1,0,2,0,1,4,2,0,2,1,34,29,26,21,20,16,15,14,12,12,10,8,7
ACTGAAACTGACGTAAAGGGG,CTGATTTCTCTTC,true,4,7,11,27,0,0,0,0,0,0,0,0,0,0,0,0,2,3,1,2,0,0,0,3,24,17,17,17,16,16,12,11,9,8,7,7,7
CCGGAAGTTTCTCTTGTATGC,TCATCTTTGAAGC,true,3,5,3,11,0,0,0,0,0,0,1,0,0,0,0,0,0,0,0,1,0,0,0,1,11,11,11,10,9,9,9,7,6,6,5,5,5
TCTTGCAGTGTGGAATCAGAA,CTTCGCTACTACA,true,2,3,2,13,0,0,0,0,0,0,0,0,0,0,0,0,2,0,0,0,0,0,0,0,11,11,10,9,8,7,4,4,3,3,3,3,3
CGAGCGCAGTAGCACCACCAT,AGCGGAAGAGAAG,true,2,7,14,28,0,0,0,0,0,0,0,0,0,0,0,0,5,0,2,1,1,0,1,0,25,23,20,20,18,17,16,14,13,11,11,11,7
CTTAGATCAGCTTGTTATTTT,TGCGGGGGCCTGC,true,5,9,19,47,0,0,0,0,1,0,0,1,0,0,0,0,1,1,3,4,0,2,2,2,38,25,23,23,23,23,22,19,15,12,11,11,9
CGTTTGCTGAACTCCCTTGGG,CTTGCCCGTCGTA,true,3,11,10,23,0,0,0,0,0,0,0,0,0,0,0,0,2,2,2,2,0,1,0,0,21,20,19,19,19,19,18,16,16,13,12,12,11
GTGGCGGAGTAAAAACATCAT,CAGAAAAAGGGGC,true,5,5,9,18,0,0,0,1,1,0,0,0,0,0,0,0,0,0,0,1,3,0,3,0,17,16,15,15,15,15,15,12,10,9,8,5,5
GATGATTCAAAAGATACAGAA,GACGAAGCATTGA,true,2,6,8,23,0,0,0,0,0,0,0,0,0,0,0,0,2,1,0,1,3,0,0,1,21,19,15,15,15,13,13,13,11,11,8,6,6
TGCTTAATGGATTTTTTATCA,TTCGATCAATGGA,true,2,9,6,21,0,0,0,0,0,0,0,0,0,0,0,0,1,1,0,1,1,1,0,1,20,20,19,19,19,17,16,14,12,10,9,9,9
AGAATTCCGGTTTTTCCTTCA,ATTCAACCTTTTC,true,4,9,10,22,1,0,0,0,0,0,0,0,1,0,0,0,0,1,0,0,0,1,0,0,20,20,20,20,18,18,17,15,15,15,15,11,9
GAAAGTCATTTTCTGATTGGG,AGAGCAGCTCTGC,true,3,3,3,11,0,0,0,0,0,0,0,0,0,0,0,0,1,0,0,1,0,0,1,0,11,8,7,6,5,5,4,4,4,3,3,3,3
CAAGCGTAAGGCAACGGACTT,TGACTCCGTCATG,true,3,3,3,13,0,0,0,0,0,0,0,0,0,0,0,0,0,0,1,1,0,0,0,1,10,9,8,6,5,5,5,4,4,4,4,3,3
TCTTCCTCTCCAATCGTCTGA,ATAATGGTCATCG,true,2,2,14,29,0,0,0,0,0,0,0,0,0,0,0,0,1,1,1,2,4,1,1,2,22,20,19,15,14,11,9,7,6,5,4,3,2
CACGGGTCACGGGCTCTAAAG,CGAATTCGCTTTA,true,3,10,3,16,0,0,0,0,0,0,0,0,0,0,0,0,0,2,0,0,0,0,0,0,16,15,15,14,14,14,13,12,12,11,11,11,10
CTGCGAAAAAGGAAGGTTATG,AACTGGCAGCTGT,true,2,3,8,17,0,0,0,0,0,0,0,0,0,0,0,0,2,0,0,1,0,1,0,0,17,15,9,9,8,8,8,8,7,7,7,4,3
GCGGCTCTCCTTTGAGCCTGT,AGCCCATACGGTC,true,3,7,12,36,0,0,0,0,0,0,1,0,0,0,0,0,0,0,1,2,2,3,2,0,31,27,26,24,20,19,17,13,11,11,9,8,7
ATGGAAAAGATCTGATCTGCA,AACTATCGGATCG,true,3,7,15,35,0,0,0,0,0,0,0,0,0,0,0,0,4,4,1,0,2,0,3,1,33,27,21,19,17,16,15,14,9,9,8,7,7
GAACGCCTCTGCTCGTTGCGT,CTCCTGCCGCCCA,true,3,5,9,23,0,0,0,0,0,0,0,0,0,0,0,0,1,0,1,0,0,3,0,2,20,19,19,17,14,12,12,8,8,8,7,6,5
AACCAGGAAAAAAACAGCTTG,TAAACGCGCTTAC,true,3,5,9,19,0,0,0,0,0,0,0,0,0,0,0,0,3,0,1,1,3,0,0,0,19,18,18,15,10,10,10,10,10,9,9,5,5
TGTGACTGTCAAAAAAGATTT,AGACGTCAAAGAG,true,3,9,9,29,0,0,0,0,1,0,0,0,0,0,0,0,0,0,0,4,3,0,0,0,22,20,19,18,17,15,15,15,15,12,10,9,9
TTTCCGACAGTGTTTCCGTTT,GAATCGACAACAT,true,3,8,9,24,0,0,0,0,0,0,0,0,0,0,0,0,1,0,1,3,1,1,0,0,21,18,16,15,13,12,11,11,10,10,10,9,8
ACGGAAACAGACATGCAGTGG,TCATTATGGGCCG,true,3,12,12,34,0,0,0,0,0,0,0,1,0,0,0,0,0,0,3,1,0,0,5,2,30,29,27,24,23,23,22,22,22,16,12,12,12
AATTTCAGAAAGACCTGATTG,CAGGTATCGTAGT,true,2,11,6,24,0,0,0,0,0,0,0,0,0,0,0,0,2,0,0,0,1,0,2,1,23,22,22,20,19,17,14,13,13,13,13,11,11
TCAAAAGCACGACAAGCCCAT,TAAATTCAGTAAT,true,3,2,5,13,1,0,0,0,0,0,0,0,0,0,0,0,0,0,0,0,2,0,0,1,11,9,9,9,9,7,7,7,7,6,5,3,2
TATCGTCAACATATTTTCTGC,TGGAGTATGAGTC,true,2,6,5,15,0,0,0,0,0,0,0,0,0,0,0,0,2,0,0,1,0,0,2,0,15,15,10,10,10,10,9,8,7,7,6,6,6
CTGAGTTGCCTAGTTTTGTTT,TCGTTTGGCCTTC,true,4,4,8,31,0,0,0,0,0,1,0,0,0,0,1,0,1,0,0,2,0,1,1,1,24,17,16,13,13,11,8,7,7,6,5,4,4
CGGTATATTTGATTCAAAACA,GAGAAGTGAAAGA,true,3,9,10,22,0,0,0,1,0,0,0,0,0,0,0,0,3,0,1,1,2,0,1,1,21,21,20,19,17,15,11,10,10,10,9,9,9
AGAATGATTGGTCGAGAACAC,AGGTGCAGCAATG,true,2,13,11,33,0,0,0,0,0,0,0,0,0,0,0,0,2,0,1,1,0,0,2,1,30,29,25,22,21,21,20,19,17,17,17,15,13
CTGTGAAAGGCGAAGAAGCCG,AAGATCTGTATCA,true,2,7,6,22,0,1,0,0,0,0,0,0,0,0,0,0,2,1,1,0,0,1,0,0,20,20,17,16,14,12,12,10,10,10,7,7,7
CGGATTTCCTTTTAAGTAGCG,GTACAGCTTATTA,true,2,3,12,23,0,0,0,0,0,0,0,0,0,0,0,0,2,0,0,3,2,0,3,2,20,20,16,13,12,7,7,7,4,4,3,3,3
ATCAACAGCGTTTTGAAAACG,GAGGAAAACCAGT,true,4,8,6,25,0,0,0,0,0,0,1,0,0,0,0,0,1,1,0,1,2,0,0,0,23,22,21,19,18,18,18,12,11,9,8,8,8
AGAAAGTATTTGCTGAGATCA,GCCGCGGATAAGA,true,2,6,15,28,0,0,0,0,0,0,0,0,0,0,1,0,1,1,1,0,1,3,4,0,25,24,21,19,18,18,14,12,10,9,7,7,6
AAGGGACAGCTGAATGTGTAA,AAGAGGCGGCAGA,true,4,8,11,30,1,0,0,0,0,0,0,0,0,0,0,0,2,3,0,1,2,0,0,0,28,22,19,17,16,15,13,12,12,12,10,9,8
CTTGCTTTATGTGGCGGTTAA,CAGCAATCAAGCA,true,2,7,14,29,0,0,0,0,0,0,0,0,0,0,0,0,4,1,3,1,1,1,0,1,24,22,21,15,15,13,11,11,11,10,9,8,7
CCAGCGTCCAATTGTGATTAC,TCAAAAGAAACAG,true,4,4,4,20,0,0,0,0,0,0,0,0,0,0,0,0,3,1,0,0,0,0,0,0,17,14,10,10,10,8,6,6,6,5,4,4,4
CCGGTGAAATCTGTGATTTTA,AATGGACTTCATA,true,3,7,14,31,0,0,0,0,0,0,0,0,0,0,0,0,3,0,1,1,2,1,4,0,30,25,18,17,13,12,12,11,11,9,9,8,7
TTTGAGATTGTGGTAAAGTAA,TCCACATGTATCG,true,2,12,15,33,0,0,0,0,1,0,1,0,0,0,0,0,4,1,2,0,2,3,0,1,30,28,23,22,22,22,21,20,18,16,12,12,12
GCCGGAATTGAACGCGCTCTT,CTTGAAGAAGTGC,true,2,12,6,30,0,0,0,0,0,0,0,0,0,0,0,0,3,0,1,0,0,0,0,1,24,23,22,21,21,21,17,16,16,15,13,13,12
TGACGGCGATCGTTGACAGGC,CAATAACAGAAAG,true,3,8,13,32,1,1,0,0,0,0,1,0,0,0,0,0,1,1,0,1,2,3,0,0,25,21,20,17,16,15,14,13,12,11,10,8,8
ATAATATCGAATTAAATGCGA,ACATATCGCCGGA,true,2,14,9,42,0,0,0,0,0,0,2,0,0,0,0,1,1,1,0,2,0,0,1,1,38,28,26,24,21,20,18,17,17,15,15,14,14
CCTTCCATCCGTTGAAAATGA,GCTTGGTCCGAAT,true,2,7,12,34,0,0,0,0,0,0,0,0,0,0,0,0,0,0,3,3,0,2,1,2,30,25,23,19,15,13,12,10,8,8,8,8,7
CCGACTCCGCAGGCATGAGAA,AGGATTAAATTTA,true,3,8,18,33,0,0,0,0,0,0,0,0,0,0,0,0,4,0,0,3,4,0,3,1,29,26,21,19,19,18,15,15,13,11,11,9,8
AGCCTGCCGCTTACTTTGACA,GCTGAAGACAATG,true,2,7,6,19,0,0,0,0,0,0,1,0,0,0,0,0,3,0,1,0,0,0,0,0,18,16,16,16,16,15,14,14,11,10,9,8,7
TCAAATCACTCGGCGGTTTTG,TGAACGATTTTTG,true,5,7,14,29,0,0,0,0,0,0,0,0,0,0,0,0,3,2,2,0,1,0,0,0,26,26,25,23,19,19,17,15,14,14,13,9,7
AGCCCTTTCAAATACGGATGG,TCTTTTAAATAAT,true,4,11,10,33,0,0,0,0,0,0,0,0,0,0,1,0,2,0,1,1,2,0,0,2,29,24,20,20,20,18,18,18,16,14,14,12,11
AGAACTTGCTTGCGGTGTATC,AATAAAACTGGTG,true,4,4,11,25,0,1,0,0,0,0,0,0,0,0,0,0,5,2,0,0,1,1,0,0,22,20,17,16,15,14,13,6,6,5,5,5,4
GGAAAAATTGTTTGGAATTAT,GTTCGAAGCACTC,true,2,11,6,24,0,0,0,0,0,1,1,0,0,0,0,0,1,0,1,1,1,0,0,0,24,22,21,21,19,18,16,14,13,13,11,11,11
CGCCAATGCCGACTAAAATCA,GCCGAATCGGGTC,true,3,5,3,17,0,0,0,0,0,0,0,0,0,0,0,0,0,0,2,1,0,0,0,0,16,11,10,10,10,9,9,8,8,8,7,5,5
AAGCAGGACGATCAGCTCGCC,GAGACCGGTGTAT,true,2,10,9,24,0,0,0,0,0,0,0,0,0,0,0,0,1,0,1,0,0,1,4,1,21,21,18,18,18,16,16,12,11,11,11,10,10
ATGAAGTGAAGCTTGTTGAGG,AAGAGCCGGAGCT,true,2,10,8,25,0,0,0,0,0,0,0,0,0,0,0,0,2,1,1,0,0,3,1,0,24,23,19,18,17,17,13,12,11,11,10,10,10
CCAATAACAGCGGGTATAACG,GGAAGATTTATGA,true,3,3,1,15,0,0,0,0,0,0,0,0,0,1,0,0,0,0,0,0,0,0,0,0,14,9,9,9,7,6,6,6,3,3,3,3,3
TTTCCGCAAAGTGTTGTAGTG,CTGTATTTAATGA,true,3,9,8,28,0,0,0,0,0,0,0,0,0,0,0,0,3,1,0,2,0,0,0,2,25,20,18,15,15,14,14,13,11,11,9,9,9
TATACATTCTGCAAATTGATT,TATTGAAGAGTTA,true,3,9,13,39,0,0,0,0,0,0,0,0,0,1,0,0,0,3,2,1,1,0,1,1,36,29,28,23,19,18,17,17,15,14,12,11,9
TTTTACAGCGCCAGCCACTCC,CGTCTCCTGTTTA,true,3,7,11,29,0,0,0,0,0,0,0,0,0,0,0,0,0,1,1,2,0,2,1,2,25,22,21,16,15,13,12,11,10,9,9,7,7
CACCGATATACATTTCACCCG,GTACGCCGGACCG,true,2,2,3,17,0,0,0,0,1,0,0,0,0,0,0,0,0,0,0,0,0,0,2,0,15,15,12,9,9,6,5,4,2,2,2,2,2
TCTGGATTTGCACATGCGTAT,ATCCGGACTACCG,true,2,5,14,29,0,0,0,1,1,0,0,0,1,0,1,0,1,1,0,1,1,1,1,0,26,23,23,21,19,15,14,12,11,10,10,5,5
TCAGTTTCATGATGTTTTTTT,CAATTTTTCTTAT,false,7,3,8,28,0,0,0,0,0,0,0,0,0,0,0,0,0,0,0,4,1,1,0,2,14,14,12,11,11,11,11,8,3,3,3,3,3
TTTTCGGATCGGTAAAGCTCT,GTTGTTAGGGAAG,true,3,4,3,14,0,0,0,1,0,0,0,0,0,0,0,0,0,0,2,0,0,0,0,0,12,11,11,10,10,8,8,6,6,6,4,4,4
CTGACGTTTTCGCTATCACTT,CCTTTCCAATTCG,true,3,2,7,12,0,0,0,0,0,0,1,0,0,0,0,0,0,1,0,1,2,0,0,2,12,12,10,10,8,7,6,6,4,4,4,2,2
GTCTTGAATTCCTTTTTCAAA,GATTCATGAATGA,true,3,5,10,28,0,0,0,1,0,0,0,0,0,0,0,0,2,2,0,2,0,1,0,2,21,20,18,16,9,8,7,7,6,6,6,5,5
TATCGGATTTTATATCTGTTC,GTATGAGAGTATA,true,1,12,10,36,0,0,0,0,0,0,0,0,0,0,0,0,2,0,0,1,0,0,2,1,33,31,27,22,21,20,19,18,17,16,16,14,12
TTTTCCTGACGCATGCAGATT,CTTTAAAAAGCGA,true,5,13,10,32,0,1,0,0,0,0,0,0,0,0,0,0,2,0,1,1,5,0,0,0,31,31,31,31,27,27,27,26,20,14,13,13,13
GCGGATATGCTTTCTCCGATC,CTTTCAATCTGAC,true,3,6,10,25,0,0,0,0,0,0,0,0,0,0,0,0,1,0,1,2,2,0,1,1,23,23,23,21,17,14,11,11,11,9,8,7,6
TTTTTCTTTATTTTTTTTTGT,GTGTGTGTGTGTG,false,1,1,0,15,0,0,0,0,0,0,0,0,0,0,0,0,0,0,0,0,0,0,0,0,2,2,1,1,1,1,1,1,1,1,1,1,1
GGCGGCCATTCGTCTTTGGGA,AATGCATTTAATC,true,3,7,12,25,0,0,1,0,0,0,0,0,0,0,0,0,3,0,0,1,5,0,1,1,25,21,16,14,14,12,12,12,11,10,8,7,7
GAAGAAATGCCGCCAAAGTGT,TTTCCGTCTCTTC,true,4,5,12,21,0,0,0,0,0,0,0,0,0,0,2,1,1,1,0,3,0,1,0,2,21,21,14,13,12,10,10,9,9,7,6,6,5
TGGCTCCTACCATTCTGCATT,TGCTCGGAGTGGA,true,3,7,16,31,0,0,0,1,0,0,0,0,0,0,0,0,1,0,2,2,0,2,6,1,29,22,20,20,18,16,13,12,12,11,11,8,7
AACTGATGGAGGTACAAGTAG,AAAAAATACATAC,true,6,6,13,29,0,0,0,0,0,0,0,0,0,0,0,0,5,1,1,1,3,1,0,1,28,26,26,25,23,18,9,9,8,7,7,6,6
GATCAGCTGAATCTCCTCAAG,CAGGCCTTCCTCA,true,2,10,9,26,0,0,0,0,0,0,0,0,0,0,0,0,1,0,1,2,1,1,1,2,25,23,22,20,19,18,16,12,11,10,10,10,10
TACAGCAGCAATGTAAGGATG,TTTTGTCCTGTTC,false,4,5,10,30,0,0,0,0,0,2,0,0,0,0,0,0,0,0,0,5,0,0,0,3,29,28,28,26,7,7,7,7,6,6,6,5,5
ACGCCATATTTCTTACTTGAA,AAGTGTGTTTGTC,true,4,12,9,37,0,0,0,0,0,0,0,0,0,0,0,0,3,2,1,1,0,0,0,1,35,33,28,25,24,21,20,19,19,18,14,13,12
CTGTTTTTTCATTTGTATCCG,CAACGAAAAGTTG,true,4,4,3,12,0,0,0,0,0,0,0,0,0,0,0,0,0,0,1,0,2,0,0,0,11,11,10,9,9,9,8,8,6,5,4,4,4
ATGATGAAGAAGTGTTTCCGG,TAGAAGTACAGGC,true,2,8,6,26,0,0,0,0,0,0,0,0,0,0,0,0,0,0,0,2,2,0,2,0,25,23,22,20,14,9,9,9,8,8,8,8,8
CAGCTAATGATTCAAACGGCG,GCATTACCGGGTC,true,3,5,11,35,0,0,0,1,0,0,0,1,0,0,0,1,0,1,5,0,1,0,0,1,27,26,23,23,20,18,18,17,16,15,14,5,5
AAGGGCAGCGAAACGCGAGGT,TAAGCCAATCCCA,true,3,6,13,41,0,0,1,0,0,0,0,0,0,0,0,2,5,0,0,1,2,1,0,0,33,24,22,17,17,13,13,10,7,7,7,6,6
TGATACATCCAGCGTTAATGC,TCCTCCGATTGTA,true,2,9,8,30,0,0,0,0,0,0,0,0,0,0,0,0,1,0,0,0,1,2,1,3,27,26,22,21,18,13,12,11,11,10,10,9,9
TCTCTTTCCATTTGGATTTTC,AAATTGTCTATAT,true,3,4,8,20,0,0,0,0,0,0,0,0,0,0,0,0,1,1,0,2,1,0,1,0,19,19,18,13,10,8,8,7,6,5,4,4,4
AATTTACAGTGGATCAGACCG,AAGCCCAATGGCT,true,3,2,10,22,0,0,0,0,0,0,0,0,0,0,0,0,1,2,3,0,0,1,2,1,19,19,15,15,14,12,11,11,8,8,4,2,2
AACGGCGATGTATATATCAAG,GCTCCTGAAGCCA,true,2,6,10,22,0,0,0,0,0,0,0,0,0,0,0,0,1,0,2,2,0,2,0,1,20,16,16,15,11,9,8,8,8,8,8,7,6
GATCTGGCGGAAACCTGTGAA,GACGGTATCGAGC,true,2,2,2,11,0,0,0,0,0,0,0,0,0,0,0,0,1,1,0,0,0,0,0,0,8,8,6,4,4,4,4,3,2,2,2,2,2
ATTCTCCAAAAGAGAAACGTG,ACACAATGGGAGA,true,3,7,11,27,1,0,0,0,0,0,0,0,0,0,0,0,2,1,0,0,3,1,1,1,26,23,21,18,17,14,11,10,10,8,8,7,7
TCATAATTAGCATCCTTCGTA,AACCGCTTAGACA,true,3,3,6,15,0,0,0,0,0,0,0,0,0,0,0,0,3,0,1,0,0,0,0,2,15,14,9,9,8,8,8,6,4,4,3,3,3
AACAAGCTTGCAGCACTTGAT,CATGTGAAGAGCT,true,2,5,11,27,0,0,0,0,0,0,1,0,0,1,0,1,2,0,1,1,1,0,1,1,22,22,15,14,13,12,10,9,8,8,7,6,5
AGTGGGACGTCATGAAGAATC,CTTTTACAGATCT,true,4,6,10,29,0,0,1,0,0,1,0,0,1,0,0,0,2,1,1,0,0,1,0,0,25,20,20,17,16,13,11,10,8,8,8,7,6
ACCATTGATAAACCTCCCTCT,TTGGAGATAGATG,true,3,9,10,27,1,0,0,0,0,0,0,0,0,0,0,0,0,0,0,2,2,0,1,3,26,21,19,17,16,15,14,14,14,14,11,10,9
GGTGATCGAGCGTCTACCGTT,TGATATCAGCGAT,true,3,10,17,42,0,0,0,0,0,0,0,0,0,0,0,0,5,0,2,4,2,1,0,1,36,27,26,25,20,17,15,15,13,13,13,11,10
TAGGGTTCTTTCTGTTTCGTC,CTTTTGCACAAGC,true,4,6,15,29,0,1,0,0,0,1,0,0,2,0,0,0,2,0,1,2,1,1,1,3,24,22,21,21,15,13,12,11,10,10,9,6,6
AAGTTTCTGGCCCACAGTCGG,GAAAATTGCTTTA,true,4,8,8,24,0,0,0,0,0,0,0,0,0,0,0,0,2,1,0,3,1,0,0,0,20,19,18,18,15,12,12,10,10,10,9,9,8
TTTCAGCTCTCTCGGCGGAAA,ACTGATAAAAACA,true,5,5,11,31,0,0,0,0,0,0,0,0,0,0,0,0,1,0,1,3,3,2,0,0,26,17,17,13,12,10,9,9,9,9,6,5,5
TTTCTGACATCAAACGGAAGA,ACGTGATCCTCGT,true,2,13,14,31,0,0,0,0,0,0,0,0,0,0,0,0,3,2,1,4,1,2,0,1,28,24,24,24,24,23,22,20,16,14,13,13,13
TTAATGTTTTGTTTATTTTTC,AATGAAGTTGTAG,true,2,8,10,27,0,0,0,0,0,0,0,0,0,0,0,0,0,2,1,0,3,0,1,3,25,19,16,15,14,13,12,11,9,9,9,8,8
CTCAAGAAGGTAAAGCACTGT,CAAACGACGAGCT,true,3,11,11,27,0,0,0,0,0,0,0,0,0,0,0,0,2,3,2,1,1,1,1,0,24,21,21,20,18,16,16,13,13,12,11,11,11
ATAATACGTCTGCTTTCTTAC,ATCCAGTAAAAGA,true,4,6,14,28,0,0,0,0,0,0,0,0,0,0,0,0,5,1,0,0,1,1,0,1,26,22,21,17,16,14,13,13,12,12,11,8,6
TTTTCCATCCGCAGCAAGTGT,GCAAACACGTCAC,true,3,9,8,31,0,0,0,0,0,0,0,0,0,0,0,0,1,2,1,1,1,1,1,0,28,25,24,24,23,18,14,12,12,10,9,9,9
TCTCTGAATCTTACTTCATTT,TGAAACAGGTGCT,true,4,8,8,31,0,0,0,0,0,0,0,0,0,0,0,0,4,0,0,1,1,0,2,0,28,20,20,18,16,12,12,12,9,8,8,8,8
TGACATGGTGTATGTTTTACG,CCGAAAGGAGATG,true,3,3,2,11,0,0,0,0,0,0,0,1,0,0,0,0,0,0,1,0,0,0,0,0,8,7,7,7,5,4,4,3,3,3,3,3,3
TAAAATAGAGTTTAAGCGGGC,CTTGTCTTGGACA,true,2,12,13,34,0,0,0,0,0,0,0,0,0,0,0,0,1,0,0,4,2,1,3,2,32,32,29,25,24,21,20,18,17,14,12,12,12
AATGTCGGTCGCGTATCCTGC,TGATATCCCGGTA,true,3,3,10,18,0,0,0,0,0,0,0,0,0,0,0,0,3,2,1,0,0,1,1,1,16,16,16,13,12,11,10,10,8,8,7,4,3
ATATCAGCGCATTCCCTGTCA,AGCCGTATGCAGC,true,2,8,6,27,0,0,0,0,0,0,0,1,0,0,0,0,1,0,0,1,0,0,2,1,22,21,18,18,16,16,16,14,10,10,8,8,8
CTCCTGCAGGAAGGTAGGTCT,CAATTTGATAGGT,true,3,5,13,26,0,0,0,0,0,0,1,0,0,0,0,0,3,0,1,1,1,1,1,1,23,23,20,16,16,13,10,9,9,9,8,6,5
CTACGGAGTCAATTTCCCGGT,TGTTCTGGATACA,true,2,7,12,23,0,0,1,0,0,0,0,0,0,0,0,0,0,0,1,0,1,3,2,2,21,20,20,20,18,16,16,14,13,12,11,9,7
GTTTTTTTAGCTGTGGTAAAT,TATTTAAAGTATC,true,3,2,4,13,0,0,0,0,0,0,0,0,0,2,0,0,1,0,0,0,0,0,1,0,11,9,9,8,6,6,6,6,4,3,3,2,2
TTGAACCGATTGTTTTCGGCC,TTCCGTTTTTCCA,true,5,3,5,13,0,0,0,0,0,0,0,0,0,0,0,0,0,0,0,1,0,1,1,1,13,10,8,7,5,5,5,5,5,4,4,3,3
AAAAAAAAATTTCCCCCCAAA,CCCCCCCCTCCCT,false,8,1,0,12,0,0,0,0,0,0,0,0,0,0,0,0,0,0,0,0,0,0,0,0,3,1,1,1,1,1,1,1,1,1,1,1,1
ATGTGTCACAGTCAGATAAGT,GATGCAGCGGCAC,true,2,9,13,31,0,0,0,1,0,0,0,0,0,0,0,0,4,0,3,2,0,0,2,0,26,24,23,22,18,16,13,12,12,10,10,10,9
TCCAGAATCCGATTTTGAAGA,GCCATGCCATTCA,true,2,4,6,14,0,0,0,0,0,0,0,0,0,0,0,0,2,0,0,0,0,3,0,1,11,11,8,8,8,8,8,6,6,5,4,4,4
TTAAACAACTTGCTAAAAAAC,CCTTTAGCTTTAT,true,3,5,9,21,0,0,0,0,0,0,1,0,0,0,0,0,0,0,0,0,1,2,0,3,21,14,14,14,10,7,7,7,7,7,7,6,5
AGAACAGATTGTGTCCGATAT,TCTCAACTATTAT,true,2,8,11,30,0,0,0,0,0,0,0,0,0,0,0,1,4,0,0,3,2,0,0,1,27,23,22,20,20,19,12,12,10,10,8,8,8
CCGCTCCTTTTTCCACAAGAT,GATACAGCAAAGA,true,3,11,8,27,1,0,0,0,0,1,0,0,0,0,0,0,0,0,2,1,3,0,0,0,22,21,18,14,13,12,12,12,11,11,11,11,11
TTTCCGTCCCTGTCGCGGGTA,ACCTGCATCTTCA,true,2,3,10,16,0,0,0,0,0,0,0,0,0,0,0,1,1,0,0,1,1,2,0,3,14,14,12,12,12,11,11,9,8,8,4,4,3
CATATACTCACCTACTGCTTC,CGGTGCGATGATA,true,2,7,7,20,1,0,0,0,0,0,0,0,0,0,0,0,0,0,3,0,0,1,2,0,20,19,15,15,13,9,9,9,9,9,8,7,7
AGCTGTTAGGCGTTTTCAGAA,AGCTTGCCGCTTC,true,3,11,9,26,0,0,0,0,0,0,0,0,0,0,0,0,3,3,0,0,1,1,0,0,23,20,19,17,16,15,15,14,13,12,12,11,11
GATGGAGCTGTCAAAAACGCC,GCCATCATCACCG,true,2,3,8,24,0,0,0,0,1,0,0,0,0,0,0,0,1,2,0,0,0,0,1,0,19,17,14,11,10,9,9,8,7,7,6,5,3
ATTTGCGTTACCCCTTCCATT,CAAGGTGCGGGCT,true,3,7,14,27,0,0,0,0,0,0,0,0,0,0,0,1,0,2,1,2,2,3,1,1,23,22,20,20,19,16,13,13,13,13,11,8,7
AACGTGTGAACCGTGTTCTGA,CTGAAACAGAACA,true,3,6,8,26,0,1,0,0,0,0,0,0,0,0,0,0,2,0,0,0,1,0,0,1,23,19,17,15,14,14,13,12,10,10,9,6,6
AGCGTCTTATCAGCTTTTATT,CTCGGTTGAAATC,true,3,9,19,36,0,0,0,0,0,1,0,0,0,0,0,0,4,2,0,1,2,2,4,2,34,32,29,28,21,20,16,13,13,13,11,10,9
TTGTGACTGTTTCTCATGAGG,AAGTAGCGAAAGC,true,3,11,9,31,1,0,0,0,0,0,0,0,0,0,0,0,3,0,1,0,2,0,0,1,30,29,25,23,18,16,15,15,14,14,12,12,11
TAAAAATCCTGTTACGGTTAT,TGGGAAAACCTCT,true,4,3,7,19,0,0,0,0,0,0,0,0,0,1,0,0,1,0,0,0,2,0,2,1,15,13,13,9,9,9,9,5,3,3,3,3,3
CGTTTACCGTGTTTCAAACTG,CATTCCTCCTAGA,true,2,6,8,22,0,0,0,0,0,0,0,0,1,0,0,0,1,0,0,3,0,0,0,1,22,20,18,17,13,13,12,11,9,8,8,7,6
AATCTTCTTGATACACCGCTT,CTGCTGATGCGGT,true,2,6,5,26,0,0,0,0,1,0,0,0,0,0,0,0,1,0,0,1,0,0,1,0,21,21,20,18,17,16,16,14,12,11,9,6,6
GATTTAGCATAACTGCTTTGG,GCGTTCCCGTACT,true,3,8,11,31,0,0,0,0,0,0,0,0,2,0,0,0,2,0,1,1,1,1,3,0,24,21,19,18,17,15,15,13,11,11,9,8,8
TGGACATGCTCGGGCTGGATA,AAAGAGATCATGA,true,4,12,7,31,0,1,0,0,0,0,0,0,0,0,0,0,2,0,1,1,0,0,0,1,31,30,25,20,19,18,15,14,14,14,13,13,12
CTTATCGTAAATAACACAGAC,AAATCCAGTATAG,true,3,8,14,34,2,0,0,0,0,0,0,0,0,0,0,0,3,1,1,2,1,1,0,0,32,31,27,23,23,21,19,17,16,15,13,9,8
GGACACGCCAAACAGCGCCCA,AATGGAACCGATA,true,3,6,12,28,0,0,0,0,0,0,1,0,0,0,0,0,2,0,1,1,1,1,1,0,28,25,20,20,18,15,14,11,10,10,10,9,6
ACTAGCTTGTCTATGGTTAAT,ATCGGTTTTGGTG,true,4,6,8,23,0,0,0,0,0,0,0,0,0,0,0,1,0,0,0,1,0,0,2,2,23,19,18,18,13,13,13,12,9,8,8,7,6
ATAATTTAATTATGTTTCTTC,TTAGATCTGTAAG,true,2,11,8,31,0,0,0,0,0,0,0,0,0,0,0,0,2,0,0,2,3,0,0,0,30,29,26,23,21,19,16,16,15,14,14,12,11
GATTGATTATTAGCCAAGGAG,AAAGTAGTATGGA,true,3,6,10,24,0,0,0,0,0,0,0,0,0,0,0,0,1,1,1,1,3,0,2,0,24,24,21,20,19,13,11,11,10,7,7,6,6
TCGCCAGGCAGTGTTTCTTAC,TACGTGAAGGATG,true,2,5,19,32,1,1,0,1,0,0,0,0,0,0,0,0,1,3,1,1,3,0,6,0,32,31,30,26,26,22,19,14,13,8,6,6,5
TCTTCCGTGTTTTTTCAAAAA,TCTTCTATTTGAT,true,5,4,6,21,0,0,0,0,0,0,0,0,0,1,0,0,2,0,0,0,0,1,1,1,11,10,10,10,9,9,9,7,7,5,4,4,4
AGTTTTCTGATTTTCTCCGAT,GCGGCGTGAGAGC,true,2,8,6,20,0,0,0,0,0,0,0,0,0,0,0,0,1,1,1,0,0,1,2,0,18,15,15,12,12,12,11,11,9,8,8,8,8
TAAAACGGCCGATCAAGATCA,TATCAATATTCGC,true,2,6,9,22,0,0,0,0,0,0,0,0,0,0,0,0,2,0,0,2,1,1,1,2,19,17,16,14,14,13,11,10,9,9,7,6,6
TACGTTTTATACGAATAAGCT,GACGATGGATTAT,true,2,4,13,22,0,0,0,0,0,0,1,0,0,0,0,0,0,1,3,1,3,0,2,1,21,18,16,15,13,12,11,8,8,8,7,4,4
TCAGCTTCGCGTCCAGGTTTG,ACAAAGGCTCATC,true,3,12,15,37,0,0,0,1,0,0,1,0,0,0,0,0,2,5,1,2,1,0,0,1,34,34,33,33,30,26,25,24,17,14,13,12,12
GAATGCTGGCCAACAACTAAA,TGTAAAAATTGAC,true,5,9,15,35,0,0,0,0,0,0,0,0,0,0,0,1,6,0,3,2,1,0,2,0,28,22,20,19,19,19,18,15,11,10,10,9,9
CGGTTACATTAATTGAACGCT,ACGGTTTAGATGA,true,3,10,7,26,0,0,0,0,0,0,0,0,0,0,0,0,1,0,0,1,0,0,2,2,22,20,19,19,18,18,16,15,13,13,12,11,10
CCTTAAAGACCGCAATATAGC,GAAGTATACAGGC,true,2,3,3,11,0,0,0,0,0,0,0,0,0,0,0,0,1,2,0,0,0,0,0,0,9,9,8,6,4,4,4,4,3,3,3,3,3
CCAAGCGTTATTGGGATCAAT,ATTTGAAGGTTAT,false,3,2,4,19,0,0,0,0,0,0,0,0,0,0,0,0,0,1,2,0,0,0,0,1,19,19,19,14,13,2,2,2,2,2,2,2,2
GTGTCTGGAAGTCCTGCTTAT,TCTTATTGCTCAT,true,2,6,4,18,0,0,0,0,0,0,0,0,0,0,0,0,0,1,0,3,0,0,0,0,16,14,13,10,8,7,7,7,6,6,6,6,6
GACTAATGATGTTTATAAAGA,GATTAGGTGGTAT,true,2,7,11,25,0,0,0,0,0,1,0,0,0,0,0,0,2,0,1,2,1,0,3,0,24,21,20,20,16,15,10,10,9,9,7,7,7
AGAAGCCGCAGAAAAAAGCGG,CGGTAAACATGTG,true,3,9,15,32,0,0,2,0,0,0,0,0,0,0,0,0,1,2,1,1,1,0,1,0,30,30,29,28,24,24,19,16,15,15,14,13,9
AGAATGGCGCAAATTTTTTTA,TTTCCATTCGGCA,true,3,15,10,34,0,0,1,0,0,0,0,0,0,0,0,0,1,0,2,3,0,1,0,2,32,31,29,27,23,22,21,19,16,16,16,15,15
GAACGCCGGGTCATTTCTCAA,TTCATCTATCAGC,true,2,7,5,14,0,0,0,0,0,0,0,0,0,0,0,0,1,0,0,0,0,2,0,2,13,13,10,10,8,8,8,8,7,7,7,7,7
ATAGCCGCCAGCCTCGATTTC,CTGCTGGTCAATC,true,2,7,9,24,0,0,0,0,0,0,0,0,0,0,0,0,1,3,0,0,1,2,0,2,22,19,15,15,15,13,11,10,10,9,8,7,7
TGAGCTCGATAAAATATCGTT,GCATACGCTGTGA,true,2,8,9,24,0,0,0,0,0,0,0,0,0,0,1,0,0,2,0,3,0,0,1,1,20,19,19,18,16,15,14,14,13,10,9,9,8
ATTCATAGGAGTGTAAAACAA,TGATAAAACAATA,true,4,3,0,17,0,0,0,0,0,0,0,0,0,0,0,0,0,0,0,0,0,0,0,0,15,13,11,7,7,7,6,3,3,3,3,3,3
GCAAAATCTGTTTTCGAAATC,ACCCGCACTTCGC,true,3,8,8,22,0,0,0,0,0,1,0,0,1,0,0,0,0,1,0,1,0,2,0,1,21,19,19,17,14,13,12,12,12,11,9,8,8
CCGAGCTACCTTGTTGAAGAG,CGGGGACTAAGTG,true,4,4,11,23,1,0,0,0,0,0,0,0,0,0,0,0,3,0,2,0,2,0,3,0,21,21,21,21,15,13,11,11,10,7,4,4,4
TTCATCTCTCTCTTTTCCTCC,TCCTCCGTTGTTG,true,2,29,45,123,0,0,0,0,0,1,0,0,1,0,0,0,5,1,3,7,0,10,2,4,117,108,90,86,75,65,52,50,45,41,41,33,29
AATAAAATTTAAATTATATCA,ACGTTAATAAGAC,true,2,9,14,28,1,0,1,0,0,0,0,0,0,0,0,0,0,0,1,3,3,1,2,2,26,25,22,21,19,17,15,15,15,12,11,9,9
TTGGCAATGATGAAGTGTATG,TAGAAAAATTGAT,true,5,10,11,34,0,1,0,0,0,0,0,0,0,0,0,1,1,0,0,4,2,0,1,0,32,26,24,23,21,21,20,18,14,14,11,11,10
AGTGAGGATTACATTCAAATA,AAAAAGCCTGTCG,true,6,7,10,23,0,1,0,0,0,0,0,0,0,0,0,1,2,1,1,1,2,1,0,0,23,23,22,21,17,12,11,10,8,7,7,7,7
CATCGTAAAGTTATCGCCAAT,CGGCAGGAAGGCA,true,2,7,9,33,0,0,0,0,0,1,0,0,0,0,0,0,2,0,1,0,0,1,4,0,29,27,21,17,17,16,13,13,12,10,8,7,7
GTAGCCGGCTTGAATCATGGA,ACTGTATTTGTTC,true,3,5,8,19,0,0,0,0,0,0,0,0,0,0,0,0,0,1,1,1,1,0,1,1,17,17,16,13,13,12,11,10,9,7,7,7,5
GCTGCTCAGCTTTCTGAATGA,TGGTGTTCCGCTC,true,2,8,9,31,0,0,0,0,0,1,0,0,0,0,0,0,0,0,1,3,0,2,1,1,30,30,26,23,19,18,17,12,10,9,9,8,8
ATAAAGCTCCTGCATATCTTC,TTTAGTTTTCATA,true,4,6,13,27,0,0,0,0,0,0,0,0,0,1,0,0,1,1,1,3,1,0,0,1,26,26,24,19,16,15,14,14,13,12,10,7,6
TCTTCTCAACAAACTTAGTTC,AGAACCCGCAACG,true,3,2,6,13,0,0,0,0,0,0,0,0,0,0,0,0,0,1,0,0,1,0,2,0,11,9,8,7,7,7,6,5,5,5,5,4,2
CATTACATAGATGAAGTAAAA,CAGAAGCTGCATG,true,4,8,18,40,0,0,0,0,0,1,0,0,0,0,0,0,3,3,5,1,0,1,1,1,31,30,25,23,22,21,20,18,15,12,11,9,8
CCCGCTCACAATTATAGAAAG,CTACAGCAGCCTG,true,2,17,10,36,0,0,0,0,0,0,0,0,0,0,0,0,2,1,1,1,1,4,0,0,32,32,32,29,28,26,25,24,22,20,18,17,17
AATTGGCAGCCTAGTATCCCA,ATGCATGAAAGAG,true,3,5,7,19,0,0,0,0,0,0,0,0,0,0,0,0,3,1,1,0,0,0,0,0,17,13,13,12,10,8,8,7,7,7,7,6,5
AATGATTTCGGGGAAAAATTC,CATGATCAGCTCA,true,2,9,3,17,0,0,0,0,0,0,0,0,0,0,0,0,0,0,1,1,0,0,1,0,16,13,13,12,12,12,11,10,10,9,9,9,9
CCCCCCCCACCACCCCAACCC,AACCCACCACCAT,false,3,1,0,14,0,0,0,0,0,0,0,0,0,0,0,0,0,0,0,0,0,0,0,0,2,1,1,1,1,1,1,1,1,1,1,1,1
GCCCTTGCCCACTTTAAGGAT,GCTTCTGCACTGC,true,2,6,9,22,0,0,0,0,0,0,0,0,0,0,0,1,3,0,0,3,0,0,1,1,18,18,18,15,14,12,11,11,11,7,7,6,6
CAGCGATGATGACAAAAAACT,TCTGGAAGTAACA,true,2,9,9,26,0,0,0,1,0,0,0,0,0,0,0,0,2,2,0,0,1,0,1,1,23,19,18,16,14,14,14,12,12,11,10,9,9
TAAGCTGATTTTATTGTCTGC,AGCAGCACCCGCA,true,3,11,8,29,0,0,0,0,0,0,0,0,0,0,0,0,1,2,3,0,0,1,0,0,26,23,22,20,19,16,15,15,14,13,12,12,11
TTAAATAGTTAATCGAAAATA,CGCAGGTTTCGAC,true,3,11,9,25,0,1,0,0,0,0,0,1,0,0,0,0,0,0,2,2,0,0,1,1,25,25,21,21,21,19,17,17,16,14,14,12,11
TGGTTTTGGATTTACCTATCA,GCATCAATCATTG,true,2,2,3,11,0,0,0,0,0,0,0,0,0,0,0,0,1,0,0,2,0,0,0,0,11,11,11,9,3,3,3,2,2,2,2,2,2
TGGGATAAACTCCGGGAAACC,GGGGCTAATACCG,true,4,6,16,30,0,0,0,0,0,0,0,0,0,0,0,0,2,2,3,1,0,1,3,0,27,27,26,18,15,15,13,13,11,11,11,6,6
CTTGTCTGTCACGACTTGAAC,AAACCGCTGCCCT,true,3,8,11,32,0,0,0,0,0,0,2,0,0,0,0,0,2,0,1,1,2,2,0,0,30,30,26,23,20,19,18,18,14,13,12,9,8
ATGCGAGATCAACGAGTTTGT,CCACTATGTACAT,true,2,10,12,33,0,0,0,0,0,0,0,0,0,0,0,0,2,0,0,2,4,1,3,0,29,25,22,19,18,17,17,13,13,12,11,10,10
AAAAAAGAACGACAAAGGCAG,CATAAGAGGTAGC,true,2,15,10,41,0,0,0,0,1,0,0,0,0,0,0,0,4,2,0,0,1,0,1,1,37,36,30,28,26,24,21,18,17,17,16,15,15
GAAGCGCAATGACCCCGCTCG,TCAGCATCATTGT,true,2,6,6,24,0,0,0,0,0,0,0,0,0,0,0,0,2,2,0,0,1,0,0,1,21,20,16,14,13,10,9,8,7,7,6,6,6
CTGAAGACGACAGCTATGACG,AGTTCTTAGAGGA,true,2,10,7,29,0,0,0,0,0,0,0,0,0,0,0,0,0,0,0,1,0,0,2,1,28,26,25,22,20,19,18,14,14,14,14,11,10
AAAAGCGCGTTTAATAGATAA,TATCATTATTGAT,true,2,7,8,23,0,0,0,0,0,0,0,0,0,1,0,0,2,0,0,1,0,0,0,1,21,19,17,16,16,15,13,13,12,11,10,9,7
AGGATGCGGCTGCTGAAGAGA,CTGTAACGAAGGA,true,2,13,7,28,0,0,0,0,0,0,0,0,0,0,0,0,2,0,1,1,0,0,0,1,25,23,21,17,17,17,16,16,16,16,15,14,13
TGTACTGATGTTCGCGGATAG,TTGAATGCCTCTC,true,2,9,8,27,0,0,0,0,0,0,0,0,0,0,0,0,1,1,0,1,0,2,1,2,27,24,20,18,16,14,12,12,11,11,10,9,9
TCAAGCGGTGGTTCAGCTTGC,AAAAGAAAACGGC,true,4,6,10,29,0,1,0,0,0,0,0,0,0,0,0,0,1,1,1,1,4,0,1,0,26,26,23,19,14,13,13,12,9,8,7,6,6
TTTCAGTCACCACGACATCAA,ATTGATTCGGTGC,true,3,6,18,36,0,0,0,1,0,1,0,0,0,2,0,0,2,1,2,2,3,1,2,1,31,28,24,19,19,17,17,14,12,9,6,6,6
TGAACAATGGCTGATATACAA,AAATGATTTAAGC,true,5,9,16,44,0,0,1,0,0,0,0,0,0,0,0,0,3,0,3,3,4,0,1,0,42,37,28,19,19,16,16,15,15,12,11,10,9
AAGCCCCATTTGCTGACAAGC,ACCGCTCCGATGA,true,2,12,7,29,0,0,0,0,0,0,0,0,0,0,0,0,0,0,1,2,0,3,0,1,28,27,24,22,20,20,17,14,14,14,12,12,12
GGAAGGGGCTGCGCTCGGAAT,GCTTGGATTCAAT,true,2,6,7,20,0,0,0,0,0,0,0,0,0,0,0,0,2,1,0,1,1,0,1,1,15,14,14,11,11,10,10,10,8,8,7,6,6
AGGAGGAAAGAGAGAGATAGC,ATGCAGCACAAGA,false,2,1,0,12,0,0,0,0,0,0,0,0,0,0,0,0,0,0,0,0,0,0,0,0,3,2,1,1,1,1,1,1,1,1,1,1,1
TCCGAAACAGCAACAATCTAA,AATCAGACATGCT,true,4,8,13,35,0,0,0,0,0,0,0,0,0,0,0,0,3,1,5,0,2,0,1,0,32,29,24,23,22,17,13,12,10,10,9,9,8
AGCAGGCTCGATAATATTTTG,GAACTTTTCAATC,true,4,10,7,28,0,0,0,0,0,0,0,0,0,0,0,0,2,0,1,0,3,0,1,0,22,18,17,16,16,16,16,15,14,14,12,10,10
GCAGTAGCTGTAACAGGAAAA,GCGCCATATAAAG,true,4,3,9,21,0,0,0,0,0,0,0,0,0,0,0,0,3,0,1,2,0,1,0,0,14,12,10,9,8,8,8,7,5,5,5,5,3
ACCCCTCTTGTCGGTGATTAC,GTTGTGTATCAAG,true,2,11,8,25,0,0,0,0,0,0,0,0,0,0,0,0,0,3,0,2,0,0,1,2,23,22,20,18,17,15,14,14,12,11,11,11,11
TTTTTTTTCAACGTCGTCGAA,ACATTTTATCTGC,true,4,3,8,14,0,0,0,0,0,0,1,0,0,0,0,0,0,0,1,3,1,0,0,2,12,8,8,8,8,8,7,5,4,4,4,3,3
CGGAACATACCGCGTGATGAC,AAAGGTACTAAAT,true,3,7,11,24,0,0,0,0,0,0,0,0,0,0,0,0,1,1,1,3,2,0,1,1,24,23,22,18,16,15,12,11,10,9,9,8,7
TTTAAGGATATTTACGGAATA,TAAGACCTTGGGT,true,3,4,5,14,0,0,0,0,0,0,0,0,0,0,0,0,0,0,0,0,0,0,2,1,13,13,12,11,11,9,9,8,7,7,7,6,4
AGAAAGACCATGTCAGCTTCG,ATGATCTCCCCCT,true,5,6,12,26,0,0,0,0,0,0,0,0,0,0,0,0,4,0,1,0,0,1,0,1,26,25,24,23,21,19,17,17,14,13,11,6,6
GCCTTCCGTTTGTGATGCTTC,AAGCTCTTGTTCG,true,2,6,15,32,0,0,0,0,0,0,0,0,0,2,0,0,3,1,0,4,1,0,2,1,31,29,20,17,17,16,14,13,9,7,7,7,6
ATTTCCGTCCTCTGTATCTTC,AAAATAAACGGAT,true,4,7,10,24,1,0,0,0,0,0,1,0,0,2,0,0,1,1,0,0,2,1,1,0,23,22,20,19,14,14,13,12,10,9,7,7,7
ACCAAGCTCGTTGTTTGTGGA,GTAAGTAATGTCA,true,2,8,14,30,0,0,1,1,0,1,0,0,0,0,0,0,4,0,0,0,2,1,1,1,25,25,21,18,14,14,14,13,13,12,11,10,8
ACGGGCGATGGCTTGATAATC,TCTGGAGGAAGGA,true,2,9,12,27,0,0,0,0,0,0,0,0,1,0,0,0,1,1,1,0,1,0,4,2,21,19,19,19,19,18,16,16,14,14,14,10,9
CATTCTGTCGATCGGTGTAAG,ATATTCCCCCTGA,true,5,4,12,28,0,0,0,0,1,0,0,0,0,0,0,0,0,1,0,2,0,5,0,2,24,24,22,21,18,17,16,15,13,7,6,5,4
ATACATATAAACCCTCCAGTT,ACTGCAACATGTA,true,2,6,8,21,0,0,0,0,0,0,0,0,0,0,0,0,2,0,1,1,0,0,3,1,17,17,15,14,13,12,11,10,10,9,6,6,6
CTAATATCTTAATTAAAGATG,TTAATTTTGATAG,true,4,4,6,24,0,0,0,0,0,0,0,0,0,0,0,0,0,1,0,3,0,0,1,1,23,20,17,15,15,13,12,10,5,5,4,4,4
TATGGATGGAACACTTTTAAA,TGATCATCATGAC,true,3,6,15,47,0,0,0,0,0,0,0,0,0,0,0,0,3,1,1,2,3,1,0,1,37,33,32,30,24,23,20,13,11,10,10,8,6
ACAAAGCCGCTGTTCGCTTTC,TGCCGGTACGCCA,true,2,12,7,33,0,0,0,0,0,0,0,0,0,0,0,0,0,0,2,0,0,1,3,0,32,32,27,23,21,17,16,15,15,14,13,13,12
TAAGCCTGCACCTCCTATTAG,TACTATTTTATCA,true,4,6,6,20,0,0,0,0,0,0,0,0,1,1,0,0,0,0,1,2,0,0,0,1,20,19,17,16,14,14,14,13,10,8,8,6,6
CGTTGTAGTGATTGCGGCCGC,TGTTGGCGGAGCT,true,2,7,16,33,0,0,0,0,0,0,0,0,0,0,0,0,1,0,4,4,1,0,3,3,32,28,27,22,17,16,12,12,11,9,8,7,7
AATGTTTTCTTTAATCCACTC,GCTTTTCCGTGAC,true,4,7,7,22,0,0,0,0,0,0,0,0,0,0,0,0,1,0,0,0,0,1,3,2,21,20,20,20,18,15,13,11,10,9,7,7,7
AGGCAGCGATAAGCTTGTCCC,ACGGCGTCATGGA,true,3,14,7,32,0,0,0,0,0,1,0,0,0,0,0,0,1,2,2,0,0,0,1,0,29,27,25,21,21,21,19,18,16,15,14,14,14
AAGGTTTCCTGCTCCTCGAGC,CATTCCACATAAT,true,2,7,8,26,0,0,1,0,0,0,0,0,1,0,0,0,3,1,0,0,0,1,0,1,24,21,20,18,14,13,11,10,10,8,7,7,7
CTGCTCCACTCTTCCGCCTTT,TTCATTGAATTTC,true,5,6,15,34,0,0,0,0,0,0,0,0,0,0,0,1,3,0,2,1,1,1,1,4,31,25,19,18,16,12,10,10,9,7,7,7,6
GCTAATTGAATCTGCTGTTGA,GTTTTTGTCATAT,true,5,10,22,43,0,0,0,0,0,0,0,0,0,0,0,0,1,0,1,8,0,0,1,7,37,36,36,35,35,28,18,17,14,14,13,11,10
TTCAAAGCCTTTAAAACATGA,CCTTATGATCATA,true,2,2,2,11,0,0,0,0,0,0,0,0,0,0,0,0,0,1,0,0,0,0,0,1,10,10,9,7,5,4,4,3,3,3,2,2,2
GTCAGCCTCATCGAAAAAACA,AAAAGAGCATGTA,true,5,3,7,12,0,0,0,0,0,1,0,0,0,0,0,0,3,0,0,1,1,0,0,1,12,11,10,8,6,6,4,4,4,3,3,3,3
GGTCACCTTCAAGCCCGCCGG,CCACCCAGTTTGT,true,3,9,7,25,0,0,0,0,0,0,0,0,0,0,0,0,1,0,1,0,1,2,0,1,24,23,20,16,14,12,11,11,11,11,9,9,9
GAGAACCTTTTGGAAGCATGC,CTTTGATAGCAAG,true,3,9,11,29,0,0,0,0,0,0,0,0,2,0,0,0,1,1,1,3,1,0,0,0,23,23,23,21,17,16,16,15,14,12,12,11,9
TTCTGATATTACCCGTACGGT,CGCTGTAGGTCAT,true,2,3,6,23,0,0,0,0,0,0,0,0,0,0,0,0,0,1,1,1,1,0,1,1,19,15,13,11,10,8,7,7,4,4,4,3,3
AAAAATCGTTCCGAATCGTTC,TTGCGTCTTCGAT,true,2,15,20,48,0,0,0,1,0,0,1,0,0,0,0,0,1,1,1,6,0,2,3,3,48,43,34,31,30,30,26,26,23,21,17,16,15
CGACTGCTTAGTCCAACTTCA,TCTATTTGCTTTA,true,3,20,7,36,0,0,0,0,0,0,0,0,0,0,0,0,0,2,0,3,0,0,1,0,31,29,28,27,27,27,26,23,23,21,21,21,20
TTGAAACCCGATTAAAAATCC,GGTCATGCTGCTA,true,2,14,11,35,0,0,0,0,0,0,1,0,0,0,0,0,1,2,2,1,0,1,0,0,33,29,29,28,28,26,24,21,20,20,19,17,14
AGCCTCTCGATTTTTGGGAGG,CTCTTTATGGTAC,true,3,6,12,28,0,0,0,0,1,0,0,0,0,0,1,0,2,2,1,1,1,0,1,1,26,22,21,20,20,18,14,11,10,9,9,7,6
GCAAGCTGCAATCTTTCGGCG,TTCCTTATTTATC,true,3,8,14,30,0,0,0,0,0,0,0,0,0,0,0,0,0,1,3,6,0,2,0,2,27,22,18,15,15,14,14,14,13,12,8,8,8
TTCTAGTGATTTTCTGATAAA,CGCCGGATTATGT,true,3,9,7,26,0,0,0,0,0,0,0,0,0,0,0,0,0,2,1,1,0,1,0,1,26,25,24,20,20,18,17,17,16,13,12,9,9
TCGTCAACAAACATTTCACTT,CCATCAGATAAGT,true,2,9,7,23,0,0,0,1,0,0,0,0,1,0,0,0,0,1,0,1,1,2,0,0,21,18,17,16,14,13,13,13,13,12,11,9,9
TTGACTAAATTAGAAAGAGCC,TGGCGAACCGTCA,true,2,9,8,30,0,0,0,0,0,0,0,0,0,0,0,0,1,0,0,1,1,1,0,1,25,24,23,20,20,20,18,16,14,14,13,12,9
CGGCTTCAACGGGAATGGCGC,TCAAGAGAAAATG,true,4,13,8,33,0,0,0,0,0,0,0,0,0,0,0,0,2,3,1,0,1,0,0,0,31,29,25,21,19,19,17,16,16,16,15,14,13
TACTACATTTCCGCTCGCCAT,CACAGCTCAGCCT,true,2,4,7,16,1,0,0,0,0,0,0,0,0,0,0,0,3,0,0,0,0,3,0,0,13,13,12,11,9,7,7,7,7,4,4,4,4
CTTCTGCTGACACGAGCTTTG,AGAAAGCGGCTGT,true,3,4,11,26,0,1,0,0,0,0,0,0,0,0,0,0,2,2,2,0,3,0,0,0,22,22,19,19,12,10,10,8,6,5,5,4,4
ATCCACTGCGGGATGATTCCT,GCTTGTTTGAAGC,true,3,6,14,33,0,0,0,0,0,0,0,0,0,0,0,0,1,2,1,5,0,0,0,4,29,27,23,20,19,18,18,15,9,9,8,6,6
GAGTATTTGGATCTTAACAAA,ACGGCTTACGAGC,true,4,3,14,32,0,0,0,0,0,0,1,0,0,0,0,0,4,2,0,1,2,0,2,2,29,21,20,17,14,14,11,9,6,5,5,3,3
CTCCTCAAGCGTCTCATATTG,CTTTTTTCTGCTC,true,6,5,8,23,0,0,0,0,0,0,0,0,0,0,0,0,0,0,1,4,0,0,0,3,22,22,22,22,21,20,17,11,8,6,5,5,5
TCTCCTCCGCTTCCCTTGCAA,TTTGAATCATGGC,true,3,6,9,26,0,0,0,0,0,0,0,0,0,0,0,0,1,0,2,3,0,0,0,0,26,24,21,21,17,17,15,14,13,11,9,8,6
TGCCCTCTCATCCTCTTATTC,TTGTAAATCCAAT,true,3,10,5,21,0,0,0,0,0,0,1,0,0,0,0,0,0,1,1,0,1,0,0,1,21,19,17,16,15,15,12,12,11,10,10,10,10
TACCGGCGTTTTCAAACCTAT,GTCCGCAATTACA,true,2,7,8,19,0,0,0,0,0,0,0,0,0,0,0,0,1,0,1,3,3,0,0,0,16,15,15,13,12,11,11,8,8,8,7,7,7
GATCTCTTGCACCTTCTTAAA,CACTTGTTCCGCA,true,3,7,9,24,0,0,0,0,0,0,0,0,0,0,0,0,2,1,2,0,0,0,0,2,21,18,16,16,14,14,14,12,12,11,11,9,7
AATTCCAAAAGCATTTTCAGT,CAACTATATTTTC,true,4,8,11,27,0,0,0,0,0,0,0,0,0,0,0,0,1,1,0,2,1,0,0,5,23,22,19,19,19,19,16,14,13,13,13,9,8
GCTTCGGAGTCATTGCAGCCA,TCAATGAAGGCTA,true,2,9,13,25,0,0,1,0,0,0,0,0,0,0,0,0,2,1,2,1,1,0,2,1,24,24,24,21,18,18,16,15,14,11,11,11,9
AAGGTCTCCGCTTCCGGCTTT,GACTCGCCGGGCG,true,3,5,12,21,0,0,0,0,0,0,2,0,0,0,0,0,1,0,1,0,0,1,5,2,19,18,16,13,13,13,11,9,9,9,5,5,5
ATCGCTTTGTCATTAAGCCCA,AGTTGATTTTAAC,false,4,2,3,24,0,0,0,0,0,0,0,0,0,0,0,1,0,0,0,1,0,0,0,1,23,16,16,4,3,3,3,3,3,3,2,2,2
TACGTGAACTGAAGAGAAGAC,ACAAAAAAGGACG,true,6,10,12,30,0,0,0,0,0,0,0,0,0,0,0,0,4,0,0,1,3,1,1,0,29,26,25,25,25,25,24,21,14,12,12,10,10
CAATGCGGTAATAAACTTTGT,GTAATCGCGGTAC,true,2,7,13,27,0,0,1,0,0,0,0,0,0,1,0,0,0,0,1,0,2,1,4,0,23,22,22,19,19,18,17,16,14,11,10,9,7
GAGTGGATAGACCAGGCAGGA,GAAAGGACAGCCT,true,3,7,11,28,0,0,0,1,0,0,0,0,0,0,0,0,4,0,1,0,2,2,1,0,22,22,22,19,16,14,13,10,9,8,8,7,7
GTGTGCGGTGACGCGGCTGCC,TGTATATATTAAT,true,2,9,12,29,0,0,0,0,0,0,0,0,0,0,0,0,2,2,0,2,1,0,0,3,29,26,26,25,20,18,16,15,13,11,11,11,9
GAATTGCCCGTGTTTCGTGAA,TAAATCCAGCATG,true,3,5,12,26,0,0,0,0,0,0,0,0,0,0,0,0,5,1,1,0,3,1,0,0,23,22,21,16,13,12,10,8,8,7,7,6,5
AGCTATCTTTTCACCTGCTTT,TTTGCTATTAAGT,false,6,3,7,32,0,0,0,0,0,0,0,0,0,0,0,0,1,0,0,2,0,0,1,2,32,27,8,8,8,8,7,6,6,5,5,3,3
GCTGTGCTGTTTGATTCAGGT,GAGGCAAAGGTGC,true,3,8,10,24,0,1,0,0,0,1,0,0,0,0,0,0,2,0,1,2,1,0,1,0,24,22,20,20,18,17,16,15,13,13,13,9,8
AAACGGCGCTCCGTTTAGGTG,AAGGACGGGTTAT,true,3,17,11,36,0,0,0,0,0,1,0,0,0,0,0,0,2,0,1,0,3,0,2,0,36,33,27,25,23,22,21,21,20,20,20,19,17
CAATCCGAAGTCACCGACGGT,TGCTAGGTAACTG,true,2,5,11,28,0,0,0,0,0,0,1,0,0,0,0,0,1,0,2,4,0,1,2,0,25,22,20,18,18,15,12,9,7,7,5,5,5
TGAAGGAAATATTGTTGAACG,AAAATCGAAAAAG,true,5,8,7,28,1,0,0,0,0,0,0,0,0,0,0,0,0,0,0,1,2,0,0,0,28,28,23,20,14,12,12,12,12,12,12,10,8
CATAGTGATTTCAATTTTATT,TTTTTTGATACTG,true,8,14,8,36,0,0,0,0,0,0,0,0,0,0,0,1,1,0,0,1,0,0,1,3,35,34,32,31,28,21,18,17,16,15,15,14,14
GAATTGTCAATGATCTCGGCA,TAGCTTTATCCCA,true,3,7,4,17,1,0,0,0,0,0,1,0,0,0,0,0,0,1,0,0,0,0,0,1,16,12,12,12,10,9,8,8,8,8,7,7,7
TTCTTCTTCAGGACGCGGCCC,ATATGGACACCGT,true,3,4,15,32,0,0,0,0,0,0,0,0,1,0,0,0,2,2,1,4,1,1,3,0,27,27,21,19,17,12,12,12,11,7,5,4,4
ACGGAAGCATTATCGCTTCAG,GTATTCTTGTCAT,true,2,9,9,28,0,0,0,0,0,0,0,0,0,0,0,0,0,0,2,3,0,1,0,1,24,22,21,19,18,17,16,14,13,12,11,11,9
ACGAAACAAGAATCGGTGTGA,CAGGCGGAAGCCA,true,2,2,10,21,0,0,0,0,0,0,0,0,0,0,0,0,2,1,1,0,2,1,1,0,20,18,16,13,12,11,8,7,7,6,5,3,2
CGCAAGCGAAAGAAGTGTTGG,CTTCCTATGAGCA,true,2,6,11,25,0,0,0,0,0,0,0,0,0,0,0,0,1,0,0,3,0,2,0,2,25,25,20,19,16,16,12,10,10,10,9,8,6
ATCGATCAGCGCGGTGAATGA,AAAAGACAGTGAT,true,5,11,14,36,0,0,0,0,0,0,0,0,0,0,0,0,0,0,1,2,6,0,4,0,36,36,35,29,25,23,21,21,19,18,13,12,11
GGCCACAGCCATCGTTACAAT,TAACGCGTTCAGC,true,2,12,15,41,0,0,0,0,0,0,0,0,0,0,0,0,6,0,1,2,1,1,0,1,39,35,33,28,26,24,22,19,18,18,17,14,12
CTGTGACAAGAGCCAATTTAC,GCAATACAATGAG,true,2,5,7,15,0,0,0,0,0,0,0,0,0,0,0,0,1,1,1,1,1,0,0,1,15,14,14,11,9,8,8,7,7,6,6,5,5
AATGCTGATGGGCGACAAAGT,AGAACCGCGCCGA,true,2,10,10,30,0,0,0,1,0,0,0,0,0,0,0,0,2,1,2,0,2,1,1,0,26,22,21,20,16,13,13,13,11,10,10,10,10
TAATATTTTGACTGATGAAGA,ATTCACCATACAT,true,2,6,10,25,0,0,0,0,0,0,0,0,0,0,0,0,1,0,1,4,4,0,0,0,20,16,14,11,10,9,8,8,8,6,6,6,6
GATGTGCCGGCACGGTTAGGT,GAACCGAAACCGA,true,3,7,3,19,0,0,0,0,0,0,0,0,0,0,0,0,0,1,0,0,1,0,1,0,19,19,17,14,12,12,11,11,9,8,8,7,7
AATGGCAGATTGTTTCAGGAC,ACAGCGGTACAGC,true,2,8,9,30,0,0,0,0,0,0,0,0,0,0,0,0,1,0,0,2,4,0,2,0,29,26,20,18,18,17,13,11,9,8,8,8,8
CACAACAAAAAAAAAATAAAA,CGCAACCACAACA,false,4,1,0,12,0,0,0,0,0,0,0,0,0,0,0,0,0,0,0,0,0,0,0,0,1,1,1,1,1,1,1,1,1,1,1,1,1
AAATTACTTTTTGAAATCGGT,ATCCAAATTTCAC,true,3,3,4,14,0,0,1,0,0,0,0,0,0,0,0,1,0,0,0,1,0,0,0,1,11,10,10,8,8,8,6,6,5,4,3,3,3
ATGGAAGCACAGTCAATCGGC,CGGTTTCTTTGTC,true,3,3,11,28,0,0,0,0,0,0,0,0,0,0,0,0,1,1,3,1,0,1,2,2,22,20,13,12,11,10,7,7,6,5,5,3,3
CGCTTTGATCAGCTGATCAAG,ACCTGATTCTTCA,true,2,7,17,35,0,0,0,0,0,0,0,0,1,0,0,0,2,2,1,4,0,2,1,4,33,31,24,21,17,17,14,12,12,11,8,7,7
AAGAAATTCCTGTCAGCATTC,GTTTATACTAGAG,true,3,12,11,38,0,0,1,0,0,0,0,0,0,0,0,0,1,2,1,1,0,0,1,1,35,35,33,27,22,21,20,17,16,16,12,12,12
AACAGCCTTAAAACTATTTGC,CCAAAAAGGATAC,true,5,7,15,35,0,1,0,0,0,1,0,0,0,0,0,0,1,4,0,0,2,2,1,2,32,26,21,20,19,18,16,14,11,11,8,8,7
TAAAAAAACAGCTTCTCCCGT,GCAGTTTTCATGA,true,4,2,5,14,0,0,0,0,0,0,0,0,0,0,0,0,1,0,0,1,2,0,1,0,12,12,9,6,6,6,5,5,3,3,2,2,2
CTTTTTAGGACTGGAAATCTA,TGAGTTTAAGCAT,true,3,7,5,16,0,0,0,0,0,0,0,0,0,1,0,0,0,1,0,2,0,0,0,0,15,13,13,13,13,13,12,9,9,8,8,8,7
CACCAAAATACATTGAATTAC,CGCATCAAACAGA,true,3,10,9,26,0,0,0,0,0,0,0,0,0,0,0,0,2,1,0,1,1,1,0,1,25,23,23,21,18,15,14,14,13,12,12,10,10
TTCCGTGTGAAAGGGGCAGAT,TTGTATGCGATTG,true,3,6,8,26,0,0,0,0,0,0,0,0,0,0,0,0,3,1,0,1,0,0,0,3,25,18,14,14,12,8,7,7,6,6,6,6,6
ATTTTTAATTTCTTTTTCGAC,CAGTTCACGGCCT,true,2,6,12,23,0,0,0,0,0,0,0,0,0,0,0,0,2,2,3,2,0,1,0,1,18,17,15,14,13,11,11,9,9,8,7,6,6
AGAAATAAGCTTGCTTTTCGG,TATAGCCTCAGCA,true,2,9,10,31,0,0,1,0,0,1,0,0,0,0,0,0,1,1,1,0,1,2,1,1,28,27,23,21,17,15,13,11,11,11,9,9,9
TCATACAGGCATTATGGTAAG,GGATATCAACGCG,true,3,6,13,30,0,0,0,0,0,0,0,0,0,0,0,0,1,1,2,2,1,1,2,1,28,20,19,18,16,15,11,10,9,8,8,7,6
AATCATTTCTCTTGCCCTGCA,TTCATGGTATACT,true,2,7,7,18,0,0,0,0,0,0,0,0,0,0,0,0,2,0,0,1,0,0,2,0,18,17,16,16,15,14,11,11,10,9,9,7,7
TTAGACCAAATTGTTCAAGAA,AAGTCGGCGTTGT,true,4,6,14,29,0,0,0,0,0,0,0,0,0,0,0,0,2,0,1,0,3,1,2,1,29,21,16,15,15,15,12,10,10,10,8,6,6
CAGCTTTTTGACAAATGTCAT,GATGCCATTCGCT,true,2,7,7,30,0,0,0,0,0,0,0,0,0,0,0,0,2,0,0,2,0,1,0,1,28,27,24,21,20,14,13,10,9,8,8,8,7
GGAAGAGCTAGCTTGTTTTTC,GTTTGACTGTTGT,true,3,3,13,16,0,0,0,0,0,0,0,0,0,0,0,0,0,1,1,2,1,0,0,5,15,15,15,12,11,9,9,9,8,8,6,5,3
CATCAATCATCTGTACGCCGA,GCTCATATTCAAC,true,2,9,17,40,0,0,0,0,0,0,0,0,0,0,0,0,4,2,3,2,1,0,1,2,34,29,29,25,22,19,18,16,15,13,11,10,9
AAAGTCCGTTGTTCTGGAAAA,GTCAAAATGGCGA,true,4,8,9,31,1,0,0,0,0,0,0,0,0,0,0,0,2,3,0,1,1,0,1,0,21,21,19,16,15,14,12,9,9,9,9,8,8
CCTTCCCAGTATTTGTATCAT,TTCAATTGTGCTG,true,3,2,4,11,0,0,0,0,0,0,0,0,1,0,0,0,0,1,0,1,0,0,0,1,10,8,6,5,5,5,4,4,3,2,2,2,2
TTAAAAATGACTACCTTCAAG,CTGACAGCGTGCT,true,1,8,7,22,0,0,0,0,0,0,0,0,0,0,0,0,0,1,1,0,1,1,0,1,22,21,21,20,20,18,17,14,14,13,11,9,8
CGTTTACACTAAAACGGTTGC,TGAAATGATTGAT,true,3,4,6,13,0,0,0,0,0,0,0,0,0,0,0,0,1,0,1,0,0,0,2,1,12,9,9,9,9,8,7,6,6,5,5,5,4
AAAGCTGAGGCGATTTACGCC,GGATTCTTTTAAT,true,4,7,19,32,0,0,0,1,0,0,0,0,0,0,0,1,3,2,1,6,0,0,1,3,32,29,29,27,25,23,22,21,19,14,9,8,7
TTCATGAGAAAGTATTTTGAA,TCAGTTAGAAAGA,true,3,3,9,32,0,0,0,0,0,0,0,0,0,0,0,0,1,0,0,3,4,0,0,0,23,20,20,18,17,14,9,8,8,7,5,4,3
TGGGGCCCGAACTGGGAGGAT,GATCTCGCAGGCG,true,2,10,9,28,0,1,0,0,0,0,0,0,0,0,0,0,1,1,1,2,1,0,0,0,26,25,24,21,20,19,17,16,14,12,11,10,10
TTACAAGAGATTGAGGGTCCG,ATTGACATCGTCA,true,2,7,12,26,0,0,0,0,0,0,0,0,0,0,0,0,1,2,4,1,2,0,0,2,22,21,19,18,18,15,12,11,8,7,7,7,7
GTAATTGCGATCCGCGTCCCG,ACACCATTTGCTG,true,3,3,8,17,0,0,0,0,0,0,0,0,0,0,0,1,0,0,0,2,2,2,0,1,16,14,12,10,8,7,7,7,5,3,3,3,3
GTTGCCAGCATTCAGTTTGGG,CACTCTAAGGTGA,true,3,8,16,32,0,0,0,0,0,0,0,0,0,0,0,0,0,3,1,5,1,0,3,3,32,29,28,27,24,23,21,19,19,15,11,8,8
AATATCCTGCTCTGACTTACC,AAGCGTGATCTGA,true,2,11,9,35,0,0,0,0,0,0,0,0,0,0,0,0,1,0,1,1,1,1,2,0,34,29,24,22,22,22,20,19,17,15,14,13,11
GGGGGAACCTGCCTGAATGAA,GGCTGCATCCCGA,true,3,6,5,23,0,0,0,0,0,0,0,0,0,0,0,0,2,0,0,0,0,1,2,0,19,14,12,11,10,8,8,7,7,7,6,6,6
CAAGACAAGTCCAAAGCCGGC,GATACCGAAGGCA,true,2,4,5,12,0,0,0,0,0,0,0,0,1,0,0,0,0,0,1,0,1,1,1,0,12,11,9,8,8,7,7,7,6,6,5,4,4
ATTCGGCTGCTGTCACTTTTT,TCATTGAACAAGT,true,6,7,6,32,0,0,0,1,0,0,0,0,0,0,0,0,0,0,2,1,0,0,1,1,25,17,17,13,13,11,9,9,8,8,8,7,7
GTTTTTTTGTAGTCGATTGGT,CATGTTCATCGCG,true,2,2,8,15,0,0,0,0,0,0,0,0,0,0,0,0,0,2,0,3,0,1,0,1,10,9,7,7,7,7,6,5,5,2,2,2,2
CGGGATAAAAATGGTCGATAC,GATCGTCAGTGTC,true,1,7,5,19,0,0,0,1,0,0,0,0,0,0,0,0,1,1,1,0,0,0,1,0,18,17,16,14,14,14,13,13,8,8,8,7,7
AATAGATCTTGTCAATCGCGT,CACTCGAATTGGA,true,2,10,12,27,0,0,0,0,0,0,0,0,0,0,0,0,0,2,0,1,0,1,0,4,22,22,22,22,22,20,20,19,19,15,14,11,10
GGCTGGTTCAAAAGTAAATGA,AAAACACAGTTGT,false,5,4,6,21,0,0,0,0,0,0,0,0,0,0,0,0,1,0,0,0,4,0,0,1,21,21,17,6,5,5,5,5,5,5,4,4,4
CCGCGCCTGACATGCCTGGGG,ACACACGCACGCG,true,4,5,12,34,0,0,0,0,0,0,0,0,0,0,0,0,2,5,1,0,1,1,0,0,31,22,21,18,15,15,13,13,10,9,7,6,5
CTCATTACGCCGCTGACTGAT,GAAACGTATCACA,true,3,5,8,21,0,0,0,0,0,0,0,0,0,0,0,0,2,2,1,0,0,1,0,0,19,17,17,16,13,11,9,9,8,7,7,5,5
GCGGGTTTTTCACTTCACCAG,CCGTCACCCCAAT,true,4,6,8,26,0,0,0,0,0,0,0,0,1,0,0,0,0,1,0,1,0,3,1,0,25,24,22,20,17,15,14,14,11,7,7,6,6
CGCTGCTACCGCGAATGTACA,TGATTATTGAAGA,true,2,3,5,13,0,0,0,0,0,0,0,0,0,0,0,0,1,1,0,2,0,0,0,1,12,11,8,8,7,5,4,4,3,3,3,3,3
GTTTAACCAGCTCCGCCACTT,CATCCTTCAATAG,true,2,10,11,31,0,0,0,0,0,0,1,0,0,0,0,0,1,1,1,4,0,2,0,0,26,23,20,17,15,15,14,12,12,12,12,11,10
GAAAATCCTTTGATACATCAA,CGTCATTCGGCTC,true,2,9,13,35,0,0,0,0,0,0,1,0,0,0,0,0,2,1,0,3,0,1,2,2,30,30,29,26,23,22,18,14,14,11,10,9,9
AACTTTGTTTTTCTTCAACAT,GGAATTACGAAAG,true,3,5,12,27,0,0,0,0,0,0,0,0,0,0,0,1,2,1,0,1,2,1,2,0,25,18,17,15,13,12,10,8,8,8,7,5,5
GTACAGCTGATCCGGGCTGGG,TGACAGTACGGTA,true,3,2,1,14,0,0,0,0,0,0,0,0,0,0,0,0,0,0,1,0,0,0,0,0,13,12,11,7,6,5,2,2,2,2,2,2,2
ATCATCTTGAAATTCCTGAAT,TTCTTACAAGATA,true,3,6,16,32,0,0,0,0,0,0,0,0,0,0,0,2,2,0,1,4,2,1,1,1,32,29,22,22,21,18,17,17,15,12,11,8,6
TTCTTAACTTTTTTCTTGATT,GAAAGATGAAGCT,true,3,10,7,26,0,0,0,0,0,0,0,0,0,0,0,0,0,1,0,2,1,0,2,0,23,23,23,19,16,16,14,11,11,11,11,10,10
CTGTAAAACAAATCATCAATC,AGGAGATCGAAGA,true,2,6,10,22,0,0,0,0,0,0,0,0,0,0,0,0,2,1,0,1,0,0,2,0,22,21,16,16,14,14,14,13,11,10,10,7,6
GAAAATGCGAAACCGCTTCCT,GTCGTGACATATA,true,1,4,13,21,1,0,0,0,0,0,0,0,0,0,0,0,1,1,1,0,1,1,2,1,21,20,17,13,13,12,10,10,8,6,6,6,4
TCGGCTCGTCTTATGGCGCGC,TGCTCCCGGCGTC,true,3,5,9,29,0,0,0,0,0,1,0,0,0,0,0,0,0,2,1,0,0,1,3,0,26,23,22,21,21,21,16,15,12,12,7,5,5
TATTTTAGAAATGAACCTGAT,CAAAAAGCATGAT,true,5,4,10,22,0,0,0,0,0,1,0,0,0,0,0,0,1,0,0,1,2,0,2,2,20,20,20,19,18,15,12,11,10,8,5,5,4
CCATGTTTTTCAGTGCGGTCA,AAATTTCCTTACT,true,4,3,11,21,0,0,0,0,0,0,0,0,0,0,0,0,3,3,0,1,2,1,0,1,20,19,14,11,11,8,7,6,4,4,4,3,3
GGGCGGCGCATTAAATGTCGC,TTTAAAAAGTATC,true,5,9,12,32,0,0,2,0,0,0,0,0,0,0,0,1,2,2,0,3,2,0,0,0,29,28,24,19,19,19,19,16,13,12,11,9,9
AGAAACCCGCCTGTTAATATA,CTCTTTTCGGTTG,true,4,11,8,29,0,0,0,0,0,0,0,0,0,0,0,0,1,1,1,2,0,0,0,1,25,24,22,22,21,20,18,15,15,14,13,11,11
AGAGCGGCCATCCCGTTTTTG,ACGTATGCACTGA,true,1,6,8,22,0,0,0,0,0,0,0,0,0,0,0,1,0,1,2,2,1,0,0,0,21,21,20,18,16,14,13,12,11,9,8,7,6
GGTGTGACGGGCGGTGTGTAC,AAGGCCCGGGAAC,true,3,56,84,219,0,1,0,1,2,1,2,1,1,0,0,0,4,10,10,1,9,10,18,0,206,185,171,157,149,144,118,107,106,83,75,68,56
CCAGACGGAACAAAAGCACAG,AAGCTTAATTCTC,true,2,7,12,33,0,0,0,0,0,0,0,0,0,0,0,1,2,1,0,2,3,0,0,2,32,24,22,22,19,17,15,12,11,9,7,7,7
GTCCGATAAACAAGAGTAAAA,TCAACCATGGCAG,true,4,14,7,26,0,0,0,0,0,0,0,0,0,0,0,0,1,0,0,0,1,2,1,1,21,20,20,18,18,16,16,16,16,15,15,15,14
CAACATCCATTAATTCATGGG,ACAGCGAACCAAG,true,3,4,9,24,0,0,0,1,0,0,0,0,0,0,0,0,0,0,0,0,1,4,0,0,23,21,17,16,15,12,12,11,11,8,7,7,4
ATTCAAAACATAAAGCCAGCA,AGTCTCTGAGAGA,true,2,12,8,23,0,0,0,0,0,1,0,0,1,0,0,0,1,2,2,0,0,0,0,0,23,21,20,18,16,16,16,16,16,13,13,12,12
TTCCACACTTGCGTTATTAAT,ATTATGTACAGCA,true,2,4,12,25,0,0,0,0,0,0,0,0,0,0,0,0,2,2,1,0,2,1,3,1,20,20,19,16,11,8,8,8,7,5,5,4,4
AAGTGATCGGCGCGTAAAAAA,GCACGAAGCCGAC,true,6,9,11,38,0,0,0,0,0,0,0,0,0,0,0,0,2,1,3,0,0,3,1,0,27,25,23,18,18,18,17,15,14,12,11,10,9
ATAAAAAGCCCTTTAATTTTA,TCTTCATTTTTGA,true,5,5,13,26,0,0,0,0,0,0,0,0,0,0,0,0,1,1,0,3,0,0,0,8,24,23,23,16,13,12,11,11,10,9,6,5,5
ATATTCCGGTTTTAGATATGG,TGAAGGTCAAACG,true,3,6,9,22,0,0,0,0,0,0,0,0,0,0,0,0,4,0,1,1,0,0,1,0,21,21,20,20,17,16,13,12,12,11,11,7,6
ACACGGTGGACGGCGGCGTGA,CCTTGTCAATCAG,true,2,6,8,21,0,0,0,0,0,0,0,1,1,0,0,0,3,0,0,3,0,0,0,0,16,14,14,12,9,9,8,8,8,7,6,6,6
CCCTTTATCAAAAAGCAGGCG,AGCGCCCTGATGT,true,3,8,9,23,0,0,0,0,0,1,0,0,0,0,0,0,2,2,0,0,2,1,1,0,22,17,17,14,14,13,12,11,10,9,8,8,8
AAACGGATGAGCAGCCTGTTG,TCATGCGCAAAAT,true,4,9,11,26,0,0,0,0,1,0,0,0,0,0,0,0,3,2,0,1,1,2,0,0,24,21,20,19,17,17,15,13,11,11,11,10,9
TTCCTTTTCCCTTAAACTTAC,TTTTTGAAACACG,true,5,4,7,19,0,0,0,0,0,0,0,0,0,0,0,0,2,0,0,1,2,0,0,2,19,18,18,18,15,12,11,11,8,5,5,4,4
TAAAAAAACGATGAAAATGTC,CTCTGTTCATCAT,true,2,8,5,22,0,0,0,0,0,0,0,0,0,0,0,0,0,1,0,1,0,2,0,1,15,14,13,12,11,11,11,11,11,10,8,8,8
ATACATGCTTTCAAGCGTTTG,GCTCGCTACCTGA,true,2,12,16,41,0,0,0,0,1,0,0,0,0,0,0,0,3,2,1,2,0,5,2,0,35,30,28,27,26,24,22,20,20,15,14,12,12
GTGAAGCGTTCCCTGGGGATG,TATTCTACCTTCA,true,2,7,7,20,0,0,0,0,0,0,0,0,0,0,0,0,0,1,0,3,0,0,0,0,20,20,18,17,15,15,14,14,12,11,11,10,7
AAGCTTAGGCACATAGACTAA,GCTTTTTCCACCT,true,5,8,11,34,0,0,0,0,0,0,0,0,2,0,0,0,1,0,1,2,0,2,0,2,26,22,21,21,21,21,17,13,9,9,9,8,8
TTAAGAATAACAAATTATAAA,GCGTTTTTCAATA,false,5,2,5,20,0,0,0,0,0,0,0,0,0,0,0,0,2,0,0,1,0,0,0,2,17,16,16,15,15,15,13,3,2,2,2,2,2
AAGCCTCACTTTGACGGTCCG,GGACTGTTTGTTG,true,3,4,4,25,0,0,0,0,0,0,0,0,0,0,0,0,0,2,0,1,0,0,0,1,21,15,15,14,14,13,12,10,9,5,4,4,4
AACGATTTTTGCGGGTTTTCA,CTTCACCAGCCGT,true,2,3,6,12,0,0,0,0,0,0,0,0,0,0,0,0,2,1,0,0,0,2,0,1,12,11,10,8,7,7,5,5,4,4,4,3,3
GCTCCGGTCTTTGTTTTTTCC,AAGATTCAAATGC,true,3,10,10,25,0,0,0,0,0,0,0,0,0,0,1,0,3,0,0,3,2,1,0,0,24,22,19,18,17,17,14,14,14,13,11,10,10
GTCTTATGATATATCATTGTC,AGATCAACTCAGT,true,2,8,7,21,0,0,0,0,0,0,0,0,0,0,0,0,2,1,2,0,1,1,0,0,21,19,17,17,16,15,14,11,11,10,9,8,8
CCTCTTGAGGCGCATATTTTC,TAAAGCAGAGATA,true,3,9,5,18,0,0,0,0,0,0,0,0,0,0,0,0,1,0,2,0,0,1,0,1,16,15,15,14,14,12,11,11,11,10,10,9,9
CGCATTTCAGCCAAAAAACTG,TGAAGCTGAGCAT,true,2,2,6,12,0,0,0,0,0,0,0,0,0,0,0,1,0,0,0,2,0,2,1,0,11,10,8,8,7,6,6,4,4,3,2,2,2
TAAAGGACTGTTCAGAAGACT,TCATAAAATGAAC,true,4,2,7,18,1,0,0,0,0,0,0,0,0,0,0,0,2,0,0,3,0,0,0,1,14,8,8,7,6,6,4,4,3,3,2,2,2
GTTCATGTGTACATTTTAAAT,CAGCCGCTGGAAT,true,2,8,14,34,0,0,0,1,0,0,0,0,0,0,0,0,3,1,0,0,0,1,0,0,31,29,25,23,22,18,18,17,17,16,16,14,8
AGAAAAGCAGGTGATTGTATG,TGGAATGAATTTA,true,3,13,11,39,0,0,0,0,1,0,0,0,0,1,0,1,1,1,0,1,1,0,3,1,37,35,26,25,23,22,21,20,17,15,15,13,13
AAAAAAACAGACACATCATAG,CGCCCGTTTTAGA,true,4,8,9,32,0,0,0,0,0,0,0,0,1,0,0,0,0,0,0,1,0,3,2,1,29,28,27,25,17,14,13,13,13,11,9,8,8
TATCGTCGGCAATGATTATCG,TTGGGTTCTGCCG,true,3,4,15,29,0,0,0,1,0,3,0,0,0,0,0,0,2,1,0,4,0,1,1,2,29,27,27,24,18,17,14,11,9,7,7,4,4
ATAGGTGCATCGCTTTTTCCA,TTTCTGACGTATA,true,3,6,9,20,0,0,0,0,0,0,0,0,0,0,0,1,1,0,1,0,0,1,1,1,19,19,15,14,13,13,13,11,10,8,8,7,6
ACCCCACGGAATATCGCGATT,ATATTGAGTATGC,true,2,3,12,20,0,0,0,0,0,0,0,0,0,0,0,0,2,0,1,5,1,0,1,2,15,13,12,12,11,9,8,7,7,6,5,3,3
AGCTTCACGGCAAGGGGGCTG,AGGTCACCTATCA,true,2,4,4,17,0,0,0,0,0,0,0,0,0,0,0,0,1,0,0,2,0,0,0,1,17,16,13,10,8,7,6,6,6,5,4,4,4
GCGGTCATGCCGGTGGATCAT,CGGACAGTGCAGC,true,2,9,7,23,0,0,0,0,1,0,0,0,0,0,0,0,1,1,0,2,0,1,1,0,21,20,17,17,15,12,11,10,9,9,9,9,9
ACAGGAAAAAACAAACCTGAT,CAACACATTTGCA,true,3,6,4,18,0,0,0,0,0,0,0,0,0,0,0,0,1,0,0,0,2,1,0,0,16,14,10,8,8,7,7,7,7,7,7,6,6
GCAGTCGGTCCGGAAGCGGTG,GGCTGCATTGATA,true,3,7,13,34,0,0,0,0,0,0,0,0,0,0,0,0,2,0,2,0,3,1,2,1,33,27,22,21,20,16,13,12,11,9,9,7,7
GGAACCTGCGATAATATACAA,AAACGGCAAAATG,true,5,9,11,34,0,0,0,0,0,0,0,0,0,0,0,0,2,0,1,1,5,0,0,0,33,29,24,19,19,19,17,16,16,15,13,10,9
CGTTTTCTTCGGCAGAAATAA,AGTGAACGAAAGC,true,3,10,9,24,0,0,0,0,0,0,0,0,0,0,0,0,2,1,1,0,4,0,0,0,23,21,21,21,19,17,17,16,15,14,12,11,10
GCAGCATTGAAATGCCTGATA,CAGCTGCAGCGTA,true,1,15,10,33,0,0,0,0,0,0,0,0,0,0,0,0,3,2,0,1,2,1,1,0,33,30,25,23,23,22,21,18,15,15,15,15,15
TGTGATTACTGCTTTTATCTC,TCCTTTCCGCGAG,true,3,10,12,27,0,0,0,0,0,0,0,0,0,0,0,0,0,3,2,1,0,4,1,1,26,24,23,21,21,18,18,14,12,10,10,10,10
GAGATACGCAAACATCACGCC,GCCTGTCGAAATC,true,3,8,8,23,0,0,0,0,0,0,0,0,0,0,0,0,2,0,1,0,3,0,0,2,22,20,20,17,17,13,12,12,12,12,9,8,8
TCGTTGCCTCTGCCCTGATGG,TGCTCCAAGCTTC,true,2,4,4,12,0,0,0,0,0,0,0,0,0,0,0,0,1,0,0,1,1,1,0,0,11,10,10,9,8,7,7,6,5,5,5,4,4
GCGATTTCTTCATAAGAAAGC,TCTTGGAATTCTC,true,2,10,15,37,0,0,0,0,0,0,0,0,0,0,0,0,0,1,0,1,2,1,2,3,32,27,27,24,23,18,17,15,15,12,11,11,10
TGTGCATGTGAATGTGCCGCT,GCGTGAACCGCTG,true,2,9,8,22,0,0,0,0,0,0,1,0,0,0,0,0,1,0,0,3,1,2,0,0,21,20,20,20,18,18,17,13,10,9,9,9,9
GGGGAAACCCACCACTCGTAT,GGAGTGGTATCCA,true,2,10,16,32,0,0,0,0,0,0,0,0,1,0,0,0,3,0,2,4,1,0,3,2,30,29,26,24,22,21,19,17,15,13,12,10,10
CATATGACGCTGGCTAGAAAA,TGGACAGGCGAAG,true,4,8,9,24,0,0,0,0,0,0,0,0,0,0,0,0,1,0,1,1,1,1,2,0,19,19,15,15,13,12,12,12,10,10,10,8,8
AGGAGAACATATGAATAAGCG,GGATTTATTTGCT,true,3,4,13,30,0,0,0,0,0,0,0,0,0,1,1,0,1,1,0,2,0,1,3,2,29,21,21,17,16,13,10,9,7,6,6,5,4
CAAAGCGCAGGTCAAACAGAG,AACAAAGCATCAT,true,3,7,12,33,0,1,0,0,0,0,0,0,0,1,0,0,2,0,2,1,3,2,0,0,33,31,24,23,22,18,15,11,11,10,7,7,7
ATAAGAAGCACGGATTAGCAT,GTGCTTTCATTCA,true,3,7,11,25,0,0,0,0,0,0,0,0,0,0,0,0,1,0,1,2,0,0,3,2,22,18,17,17,16,16,12,11,11,10,9,8,7
ATAAGATCTTTTAGAGACGGG,TCATAGCCTAACA,true,3,10,5,24,0,0,0,0,0,0,0,0,0,0,0,0,0,1,1,0,0,1,0,0,20,17,16,15,15,15,15,13,12,12,11,10,10
ATAAAAAAGATGGTTAGAAGC,ACCGCTCCAGCCG,true,2,8,7,20,0,0,0,0,0,0,1,0,0,0,0,0,1,2,0,0,0,1,0,0,18,15,12,12,12,12,12,12,10,10,10,9,8
GGCAATAAAAATCAACATGAT,CCAAAGCAATAGC,true,3,6,8,21,0,0,0,0,0,0,0,0,0,0,0,0,0,0,0,1,2,3,0,0,21,16,15,15,13,12,12,12,10,10,9,7,6
AGCGTTGCAATCTCCACATTC,CCATACTGAGAAT,true,3,5,10,25,0,0,0,0,0,0,0,0,0,0,0,0,1,1,1,0,0,3,1,2,25,15,15,13,11,10,9,9,9,7,7,6,5
TATCTCGTCATCATCCGGAGA,GCGACACTAGCCT,true,2,5,12,22,0,0,0,0,0,0,0,0,0,0,0,0,3,0,2,1,2,0,0,0,19,17,17,16,15,13,12,11,9,9,9,9,5
GAGACACAGAAGCGATATGTG,AGCTGGCCCGAGA,true,3,15,17,39,0,0,0,0,1,0,1,0,0,0,0,0,1,1,2,0,0,5,1,1,38,36,32,31,31,29,27,27,22,19,19,17,15
TTGTTTCAAAAATAATCGAGA,TGACAGGCAGCAG,true,2,11,10,36,0,0,0,0,0,0,0,0,0,0,0,0,0,2,1,1,0,2,4,0,36,30,27,24,23,23,18,14,14,14,12,11,11
GAGGAAATCAAAGTGCCGATC,TCAAAGCGTTTTG,true,4,4,14,23,0,0,0,0,0,1,0,0,0,0,0,1,1,1,0,3,2,0,0,1,23,19,19,18,14,12,12,10,10,9,9,6,4
CTTTGAACAATGAAGTCAGCT,CAAAATAAGCCGA,true,4,10,14,41,0,0,0,0,0,0,0,0,0,0,0,0,2,2,1,0,3,3,3,0,39,38,38,36,27,22,20,19,18,16,13,10,10
TACGTCAGGTCATAAAGTGTG,ATTTTCGTTTATA,true,4,6,13,23,0,0,0,0,0,0,0,0,0,0,0,1,1,0,1,1,0,0,0,7,23,23,23,22,18,15,15,13,13,10,9,7,6
CGCTGACCCCTTCTCCTACTC,GGCAGCCCGCTTG,true,3,8,9,28,0,0,0,0,0,0,1,1,0,0,0,0,1,2,1,1,0,1,1,0,27,25,24,22,20,18,17,13,12,12,9,8,8
GAAAAACCGTCAATCTGTTTT,ATAAAGGGGAGAG,true,4,4,9,23,0,0,0,0,0,0,0,0,0,0,0,0,1,0,0,3,0,0,0,0,17,16,14,14,14,14,14,11,7,6,4,4,4
TGAGGCGTTTGATTAAAAGAT,CGACAAACTCAGC,true,3,8,10,25,0,0,0,0,0,0,0,0,0,0,0,0,6,0,1,1,1,1,0,0,22,21,20,19,18,17,16,10,10,10,10,8,8
GGAGCATTATGCGAAAGCGGC,AGGCCTTAACCAG,true,2,9,10,24,0,0,0,0,1,0,0,0,0,0,0,0,0,4,0,1,0,2,1,0,23,23,21,21,18,14,14,14,14,13,11,10,9
TGTCCGGAAGGCCTTCGGCGA,TTCCAAACGTGGA,true,3,5,6,17,0,0,0,0,0,0,1,0,0,0,0,0,1,0,0,1,1,2,0,0,16,15,13,11,11,11,10,5,5,5,5,5,5
CGTGGTTATTTTTTCAAAGGA,TCAGACAATGGCG,true,2,5,6,24,0,0,0,0,0,0,0,0,0,0,0,1,0,0,0,0,1,0,0,0,18,18,17,15,15,15,15,12,10,10,9,6,5
CACAAAAGAGGATACCGGCGC,GAAAGTGGAACTG,true,3,6,14,25,0,0,0,0,0,0,0,0,0,0,0,0,1,0,4,1,3,0,3,1,24,23,22,20,18,16,16,12,9,8,7,7,6
TCCGTTCTTTTGTTAGTAAAA,TTTATAATACTCG,true,4,4,9,18,0,0,0,0,0,0,1,0,1,0,0,1,2,0,0,2,0,0,0,2,17,17,14,14,11,10,10,9,8,7,7,4,4
ATCCTTTCAGCTGCAACTCAT,AAAAAAGCTGCTC,true,6,8,11,30,0,0,0,0,0,0,0,0,0,0,0,1,3,0,1,1,2,0,2,0,27,27,27,27,24,19,14,14,13,11,10,9,8
TGGAAAAATGTGTTGAAGAAA,AATTGTAAGAAGT,false,5,5,7,31,0,0,0,0,1,0,0,0,0,0,0,0,3,0,1,0,0,0,0,1,30,27,10,9,9,9,9,8,8,8,8,6,5
CTTCATCTAATTCTTCTGCAC,TCGCCTCAATAAT,true,2,11,11,40,0,1,0,0,0,0,0,1,0,0,0,0,1,2,0,0,1,2,0,0,36,30,28,28,24,22,21,20,18,16,15,13,11
CGCACTGATCAATATGAACTG,TTCACAAAATCGC,true,4,5,13,27,0,0,0,0,0,0,0,0,0,0,0,0,2,0,1,1,3,2,0,2,25,22,18,18,16,14,14,14,10,8,7,7,5
CCTCCTTCACTGCTTTTTCCT,CAGGTATATGAAT,true,2,3,10,20,0,0,0,0,0,0,0,0,0,1,0,0,2,2,0,2,0,0,1,1,16,16,16,12,10,10,8,6,5,4,4,4,3
ATGGCTTGAATAATCTGATAG,GGCTTATAACTGA,true,3,10,14,34,0,0,0,0,0,0,1,0,0,0,0,0,2,0,1,2,2,0,5,1,32,28,25,24,21,19,18,17,16,13,13,10,10
CGCATCAACGTCTTTTCCACT,TCCAGCACCGAAT,true,2,3,8,17,0,0,0,0,0,0,0,0,0,0,0,1,0,1,0,0,1,5,0,0,15,14,10,8,8,6,5,5,3,3,3,3,3
TGGCAAATATAATCGCCTTTA,TGAGAGAACAGCA,true,2,2,7,15,0,0,0,0,0,0,0,0,0,0,0,0,1,1,0,0,1,1,1,0,14,13,11,9,8,7,7,7,5,5,5,3,2
AAAGGAAAGCGAAAGGCTTCA,GTCTTTGGTTCAG,true,3,7,6,21,0,0,0,0,0,0,0,0,1,0,0,1,1,1,0,0,0,0,1,1,19,19,17,16,16,14,12,10,10,8,7,7,7
AGTTTATTTCAATTATTGCCT,TCCTCGACCCGGC,true,3,11,4,27,0,0,0,0,0,0,0,0,0,0,0,0,0,1,0,0,1,1,0,0,25,23,20,18,15,15,14,14,14,13,12,12,11
AGGGGAGAGCAGCGTTCCATT,GAAGAGCCGAGCA,true,2,3,3,11,0,0,0,0,0,0,0,0,0,0,0,0,0,0,1,0,1,0,1,0,11,11,9,9,7,6,5,5,5,4,3,3,3
TGTAGCCAAGCCGCGAATCAC,TTCAACTAGCTTC,true,2,5,14,28,0,0,0,0,0,0,0,0,1,0,0,0,4,1,1,1,0,0,1,3,28,28,23,23,22,17,16,14,13,12,10,7,5
TCGAGCCGTCATCCTCCACCA,TTTTGCCGGTGTA,true,4,2,5,24,0,0,0,0,0,0,0,0,0,0,0,1,0,0,0,1,0,1,0,1,23,19,14,9,5,5,3,3,3,3,3,2,2
ACATTCTTGGAGTTGAAATTC,AAGAAAGACTCCA,true,3,5,13,30,0,0,0,1,0,0,0,0,0,0,0,0,1,1,3,1,4,0,0,0,28,22,20,20,20,17,14,11,11,10,8,7,5
CCCATCTTGACAAGTCCTTCG,CTTCGATTCCTGA,true,2,11,13,31,0,0,0,0,1,0,0,0,0,0,0,0,1,1,3,3,1,1,1,0,29,29,27,24,19,17,16,16,14,13,12,12,11
TTTGCTTTAAGCCTTCACCGA,TAAAATAGCCAGC,true,4,7,13,29,0,0,0,0,0,0,0,0,0,1,0,0,4,1,3,1,2,0,0,1,26,23,22,22,17,12,11,9,8,8,7,7,7
GACCGCCGGTTACGTCCATTT,CCTGCATACAGGT,true,3,4,7,18,0,0,0,1,0,0,0,0,1,0,0,0,1,0,0,0,1,1,0,1,14,12,12,12,10,8,7,7,7,7,7,4,4
AAAGTTTGAAAACGAGCCAAT,TCGACATCGGCAT,true,2,2,2,12,0,0,0,0,0,0,0,0,0,0,0,0,0,0,0,0,0,0,0,0,11,9,9,9,8,5,5,5,5,4,4,4,2
TTAATTGCCCCTATGCAATAT,AATTTAGTGAATG,true,3,6,10,32,1,0,0,0,0,0,0,0,0,0,0,0,0,0,2,3,1,0,0,2,29,28,22,21,16,15,13,11,9,9,7,7,6
GATATCAGTAAGGCCGCCAAA,TGGCGCCTGGCCT,true,3,12,10,29,0,0,0,0,0,1,0,0,0,0,0,0,5,0,0,1,0,2,0,0,22,21,18,16,16,16,15,14,14,13,13,13,12
ATAAAGAATGGATACATCAAG,GCGATTGGCCTTG,true,2,8,6,19,0,0,0,0,0,1,0,0,0,0,0,0,0,1,0,0,0,1,1,0,16,16,15,15,13,13,12,11,11,10,10,8,8
AGTCTGCGCTATATCATTTTT,GGCGGAGAAGCGC,true,5,9,7,22,0,0,0,0,0,0,0,0,0,0,0,0,1,0,0,2,0,0,4,0,18,15,14,14,13,12,10,10,10,9,9,9,9
TTGTTTTTTCCGCCTTTGTTT,TTTCGCCTTCGAC,true,6,4,5,20,0,0,0,0,0,0,0,0,0,0,0,0,1,0,1,1,0,1,0,1,20,15,11,8,8,8,6,6,5,5,5,4,4
TTATTTGTATGATTACTACGA,TACTGTGTATGAG,true,1,8,10,25,0,0,0,0,0,0,0,0,0,0,0,0,2,1,0,3,1,0,0,2,21,18,15,14,13,13,12,12,12,11,10,9,8
ATCCGGCGATCGTCAATATCA,TGGCTACAACGCT,true,2,3,6,11,0,0,0,0,0,0,0,0,0,0,0,0,3,0,1,0,0,2,0,0,9,9,9,8,8,8,5,5,5,3,3,3,3
GCTTATGATTATTTTCCGCAA,TGGGATCCGACTG,true,3,9,12,27,0,0,0,0,1,2,0,0,0,0,0,0,0,0,2,2,0,1,3,1,27,24,23,17,16,15,13,12,11,10,10,9,9
ATAAACAGCACACCGCCGTGG,GCATGGGTAACAG,true,3,6,8,26,0,0,0,0,0,0,0,0,0,0,0,0,2,0,0,2,0,0,4,0,18,18,16,14,13,10,8,8,8,8,6,6,6
TCATTGAGGTCATTGCCGGCA,TTGCAGCTTCAGA,true,2,10,8,23,0,0,0,0,0,0,0,0,0,0,0,0,2,2,1,1,0,0,1,1,22,21,19,18,16,15,14,14,10,10,10,10,10
GTCCGAAGCTTGAGAAAGCGG,GTCTGATGCATGC,true,3,3,9,31,0,0,0,0,0,0,0,0,0,0,0,0,0,1,3,3,0,0,0,2,23,17,16,14,13,11,10,9,7,6,4,3,3
TTATGCATTGCTGGGTGTTCA,GCAGAAAGATCAT,true,3,13,6,28,0,1,0,0,0,0,0,0,0,0,0,0,2,1,0,0,1,1,0,0,27,22,22,21,21,21,17,14,14,13,13,13,13
TTTGCTGATTCTGCTCATACG,TCAATCTTCTTCT,true,2,11,9,30,1,0,0,0,0,0,0,0,0,0,0,0,0,1,0,2,1,2,0,2,30,28,25,23,20,18,18,17,15,14,12,11,11
CCTACCATTCTTGATTCAATG,CTGTCTTTTGAGA,true,4,8,9,19,0,0,0,0,0,0,0,0,0,0,0,0,0,0,0,4,0,1,0,2,19,19,19,18,15,15,15,15,13,10,10,9,8
GTACAGATCATGAATAATCAC,TTCAGTTATAGGC,true,2,7,7,20,0,0,0,0,0,1,0,0,0,0,0,0,3,1,0,1,0,0,0,0,19,16,15,15,14,14,12,10,9,9,8,8,7
CATGATCCAGGAATCAAAGGA,ACTGGGCGCTTTG,true,3,12,16,39,0,0,0,0,0,0,0,0,0,0,0,0,1,0,0,0,2,2,3,4,33,28,26,26,26,22,22,19,19,19,19,16,12
CGGATGCGCCTGAGGAAGATA,TCGAAACGCTGCG,true,3,6,12,24,0,0,0,1,0,0,0,0,0,0,0,0,3,0,1,2,2,1,0,1,23,21,18,18,16,13,9,9,9,8,7,6,6
CATCAGGGTTAAACACGACTT,GAACAATTCCTGT,true,2,2,9,14,1,0,0,0,0,0,0,0,0,0,0,0,2,1,0,0,2,2,0,1,14,14,13,9,8,5,5,5,5,3,2,2,2
GCATGCTTGACCCCGTGTCTT,GCGTCGTGTGAGA,true,2,4,8,20,0,0,0,0,0,0,0,0,0,0,0,0,1,1,1,2,0,1,1,1,18,17,16,13,12,9,9,7,7,5,4,4,4
TGCTGTGTGTCGATCAGAAAG,CGTATGAATTGCT,true,2,9,10,25,0,0,0,0,0,0,0,0,0,0,0,0,2,1,1,0,0,1,1,3,21,21,19,19,13,12,12,12,12,10,10,10,9
TCAGCAATCCTCCGAGAAAAA,GGATGGATCAACT,true,5,11,10,37,0,0,0,1,1,0,0,0,0,0,0,0,1,0,0,0,3,0,3,0,31,26,26,24,24,18,18,17,15,15,12,11,11
TGTAATTTGGGAGATTCCCTT,TACTTTGACGTCT,true,3,4,11,23,0,0,0,0,0,0,0,0,0,1,0,0,1,1,2,2,1,2,1,0,20,16,14,14,13,13,13,11,6,4,4,4,4
AAAGGCATGAAACAGATTTAT,CAGGCGCTAAAGC,true,3,11,11,41,1,0,0,0,0,0,0,0,0,0,0,0,2,2,3,0,0,0,2,1,37,36,33,27,23,18,16,15,15,14,13,11,11
CTATGCTGACGGACCAAATCA,ACAAAGCCTTGGA,true,3,9,13,31,0,0,0,0,0,0,1,0,0,0,0,0,2,1,3,0,2,1,2,1,26,21,21,21,20,19,16,15,14,12,11,9,9
AGCCGGTGGTATTTTTCTCAC,TTCAATTTCAAAG,true,3,3,4,13,0,1,0,0,0,0,0,0,0,0,0,0,0,1,1,0,0,0,0,0,12,12,10,9,8,6,5,5,5,5,4,4,3
CCAGTCGTATCTTGCATTCCG,TTCAACAGCAAGA,true,2,9,6,21,0,0,0,0,0,0,0,0,0,0,0,0,0,0,1,1,3,1,0,0,20,19,15,15,13,13,13,13,11,11,9,9,9
GTTAGATAAGGTAATGAACTT,CGTATAGAACGGC,true,2,11,9,26,0,0,0,0,0,0,0,0,0,0,0,0,0,2,0,1,0,3,2,0,22,22,22,22,21,20,19,17,15,13,13,12,11
CAAACTGCTCTCTGAGCTCAG,ACAGCGTGCCGCG,true,2,10,8,35,0,0,0,0,0,0,0,0,0,0,0,0,2,1,1,1,0,2,0,0,28,25,23,22,19,18,16,15,14,12,12,11,10
TTCAGAAGAGATCACAAAACT,GACTGGCCAAACG,true,3,7,10,26,0,0,0,0,1,0,0,0,0,0,0,0,1,3,2,0,1,2,0,0,25,24,22,20,19,18,17,14,11,10,9,7,7
ACTTACTCGCTTGAATCGTGG,CGGGAGCACATCG,true,3,9,13,32,0,0,0,0,0,1,0,0,0,0,0,0,4,0,2,1,0,1,1,1,30,30,29,25,21,18,16,15,15,15,11,9,9
CAGCAAGTAGATCGCGCCAAT,CGCTTGAACCTGC,true,2,12,21,46,0,0,0,0,0,0,0,0,0,0,0,0,3,1,0,8,1,3,0,5,36,33,32,30,24,21,21,20,16,13,13,12,12
TGAGGGAGAACATCATGAATT,GGGTATCCTTTTC,true,4,4,12,22,0,0,0,0,0,0,0,0,0,0,0,0,2,0,1,3,1,1,1,0,22,22,21,19,16,14,11,9,9,9,8,7,4
TCAATCGACGGCATGACATCT,GACTGGGCGCGTA,true,3,8,8,22,0,0,0,0,0,0,0,0,0,0,0,0,0,1,2,1,0,0,2,1,20,19,19,19,18,17,15,13,11,11,10,8,8
AATGAGTCCCGCAATGAGGTA,AAGATGAAGAAAG,true,3,4,7,15,0,0,0,0,0,0,0,0,0,0,0,0,1,0,0,0,3,0,1,0,15,10,7,7,7,7,7,7,6,6,6,6,4
TTAATGCTTGTTACGGCGCTA,AACCCGCATATTG,true,3,6,8,26,0,0,0,0,0,0,0,0,0,0,0,0,0,2,0,0,2,1,1,0,26,19,16,15,12,10,10,10,10,9,8,7,6
GGGTTTATTATCTCATACATC,CCTGCAGCATTTG,true,3,8,9,19,0,0,0,0,0,1,1,0,0,0,0,1,3,0,0,0,1,1,0,0,19,16,16,15,15,15,12,12,11,9,9,9,8
GTCAGCTTCGGGATCGTCTCA,CCCGGCATTTTAC,true,4,2,3,18,0,0,0,0,0,0,0,0,0,1,0,0,0,0,0,0,0,0,0,2,18,15,12,11,9,7,6,6,5,4,2,2,2
CGAAAACATACATCAACCAGC,TGAACGAACAAAT,true,3,10,14,36,0,0,0,0,0,0,0,0,0,0,0,0,3,4,3,0,0,1,0,1,30,28,28,25,19,19,18,18,14,12,12,12,10
CAAGCCTTCGTACAGAGACGG,CATGACAAACACA,true,3,6,14,32,0,0,0,0,0,0,0,0,0,0,0,0,2,1,2,1,1,1,1,0,31,25,22,19,17,14,14,14,13,8,7,7,6
ATGCTCTTGATGAAGGGCGCC,GTGTATTGTTTGA,true,3,8,7,19,0,0,0,0,0,0,0,0,0,0,0,0,1,1,0,1,0,0,0,3,18,15,14,14,13,11,9,9,9,9,9,8,8
CCCGTTGATCAGGATGTAAAT,GACATCTTGCCGA,true,2,8,10,28,0,0,0,0,0,0,0,0,0,0,0,0,1,1,1,1,2,1,2,1,26,23,19,17,16,14,14,11,9,8,8,8,8
TAGACGGATACCTTAATAAGG,CGAACATTGAAAT,true,3,10,11,27,0,0,0,0,0,0,0,0,0,0,0,0,3,1,1,0,3,1,0,0,26,23,22,21,19,18,16,15,15,14,14,12,10
TCCTTGTTACCTAATTGTTAT,ATAATTGAAACCG,true,3,5,4,14,0,0,0,0,0,0,1,0,1,0,0,0,1,0,0,0,0,1,0,0,13,12,10,10,10,10,10,10,10,10,8,5,5
TTCTTTGATATAAGGACTGTT,GTTGAGCGCTCTG,true,2,10,15,34,0,0,0,1,0,0,0,0,0,0,0,0,2,0,2,4,1,2,1,1,33,32,30,25,22,18,17,16,14,14,11,11,10
TTCTCGCCAGTCTCTTTTTCA,AGCTTGACTACCT,true,2,12,14,45,0,0,0,0,0,0,0,0,0,0,0,0,3,1,2,0,2,1,1,2,39,31,28,27,23,20,20,18,17,16,16,14,12
GTGATCGGTGCGCAAACGGAG,AATATGCAAGGAC,true,2,4,9,25,0,0,0,0,0,0,0,0,0,1,0,0,0,0,1,0,3,0,2,0,25,19,13,13,12,9,9,9,8,8,7,6,4
GCAAAAACAATGCCCCGTCAC,CCTTCCGTCCAGC,true,3,5,4,18,0,0,0,0,0,0,0,0,0,0,0,0,0,1,0,2,0,1,0,0,17,15,15,13,12,10,9,7,6,5,5,5,5
AACCGTGAACCAAGCCATTAA,GGCCCTTTCCTAT,true,3,11,12,33,0,0,0,0,0,0,0,1,2,0,1,0,0,3,0,2,1,2,0,0,30,28,25,25,21,19,19,19,16,15,12,11,11
ATGACGAACCTGAATGATTTT,CATGATTGTTTTC,true,4,6,9,21,0,0,0,0,0,0,0,0,0,0,0,0,1,0,1,4,0,0,0,1,20,19,19,13,12,11,9,8,8,8,8,7,6
GCCTTGTTATGGTGCGCGCCG,CATGGAGAAGCGA,true,2,6,12,27,0,0,0,1,0,0,0,0,0,0,0,0,1,0,1,2,0,1,4,1,25,24,21,21,18,16,11,10,9,8,7,6,6
ATGGGCGCCGCTTTTCGTTGA,ACGGCCAAACGAT,true,3,10,5,27,0,0,0,0,0,0,0,0,0,0,0,0,0,1,0,1,1,0,2,0,23,18,18,15,15,14,11,11,10,10,10,10,10
TCTTTCTTGGATTCAAAGAGG,CAAATGGATCTTG,true,3,5,18,31,0,0,0,0,0,0,0,0,0,0,0,0,1,2,2,4,3,2,1,0,28,26,26,21,19,17,14,11,11,9,9,8,5
AGAGCGCAGGACTTTTTAGAG,AAAATATTATAGA,true,4,5,6,19,1,0,0,0,0,0,0,0,0,0,1,0,0,0,0,1,2,0,0,1,18,18,16,12,10,9,9,7,6,6,5,5,5
ATAGATAAGTGGACATTGCAT,GCAAAACAAAACA,true,4,15,19,46,1,0,0,0,0,0,0,0,0,0,0,0,3,2,0,2,5,0,1,0,42,40,39,38,38,34,28,25,23,23,20,15,15
AGCGAGCGAATTTATAGAATA,TTGTCTGAAGAAC,true,2,12,12,34,0,0,0,0,0,0,0,0,0,0,0,0,2,2,3,2,0,0,0,1,33,29,26,23,21,18,18,17,16,14,14,14,12
TTATTTAAGCCGCCTTCATTT,TATCTTTTACACT,true,4,5,5,12,0,0,0,0,0,0,0,0,0,0,0,0,1,0,0,1,1,0,0,2,10,9,8,7,7,7,7,6,6,6,5,5,5
GGCGTTCCTTTGTAATCTCCT,CAATCGCATGAGA,true,2,4,9,20,0,0,1,0,0,0,0,0,0,0,0,0,3,0,1,1,1,0,0,0,19,18,14,13,12,11,10,10,7,6,6,5,4
GGGCCCGGTCCGTCGTTTTAT,GTTTCAAAAACGA,true,5,8,16,34,1,0,0,0,0,0,1,0,0,0,0,0,6,2,0,5,0,0,0,0,33,33,32,30,23,21,21,18,17,16,9,9,8
ATGCTCGAAACCTCTAAAGCC,AATGCCAATGCGT,true,2,10,12,29,0,0,0,0,0,0,0,0,0,0,0,0,1,2,0,3,2,3,0,0,27,24,24,22,22,19,18,16,15,12,11,11,10
GTTGACGAAGATTTAAATTCA,GCGGAGTCGTAAT,true,2,6,16,35,0,0,0,0,1,2,0,0,0,0,0,0,0,1,2,2,2,0,1,3,29,29,28,26,24,21,19,15,14,11,10,8,6
TTATCCATTGGATAGAAGCAT,ATATATTTTGACT,true,4,6,10,30,0,0,0,0,0,0,0,0,0,0,0,0,3,1,2,1,1,0,0,1,26,24,21,17,16,15,15,13,11,10,8,7,6
ATGCTGCTCTAAAATCAGGTG,CTGAGGTGCGCGA,true,2,12,9,29,0,0,0,0,0,0,1,1,0,0,0,0,0,0,2,3,0,1,0,0,27,26,23,22,22,21,20,19,16,16,14,12,12
CATAGGACACCATCTCATCAA,CAACTTCATCATA,true,2,4,5,18,0,0,0,0,0,0,0,0,0,0,0,0,0,2,0,1,0,1,0,0,14,12,12,11,10,9,7,7,6,5,4,4,4
TACAAACAAACTGCTGCGTAC,GGCCACTTTGGAC,true,3,6,13,28,0,0,0,0,0,0,0,0,0,0,0,0,1,1,0,0,1,4,2,3,25,23,21,15,14,11,11,11,8,8,7,7,6
CATCACAGCTGTCTGATACGT,GCCGGAGAGGCCT,true,2,7,17,36,0,0,0,0,1,0,0,0,1,0,0,0,3,2,2,1,0,3,3,0,34,32,26,24,21,20,16,13,13,10,10,8,7
GGTGTGAGAGTTGCAAAATGA,CGGACCGTCTCAG,true,2,6,6,26,0,0,0,0,0,0,0,0,0,0,1,0,2,2,0,0,0,0,1,0,20,20,13,12,12,11,11,9,9,6,6,6,6
AGCAAATTCGCGAACATTACG,GCTTGGATAATCA,true,2,11,4,23,0,0,0,0,0,0,0,0,0,0,0,0,0,0,0,1,1,0,2,0,17,15,15,14,13,12,12,12,12,11,11,11,11
GGCGGATCGCCTTCACCGTGC,GTACTGACGACGA,true,1,9,15,28,0,0,0,0,0,0,1,0,0,0,0,0,3,2,3,0,2,0,1,2,24,23,22,20,19,19,14,14,14,13,11,10,9
CAAAAATTGACGTGTCCACAA,CAATAGCGTGTTC,true,2,11,9,30,0,0,0,0,0,1,0,0,0,0,0,0,1,0,0,2,2,2,0,1,26,25,20,18,18,17,14,13,12,11,11,11,11
GGCAGCTTTAAATGATATCAG,TGACGGATTAGCT,true,2,10,11,30,0,0,0,0,0,0,0,0,0,0,0,0,3,1,1,0,1,0,4,1,26,24,23,20,20,15,13,12,12,11,10,10,10
AGTTTTTCCTTAGAGAGAGGA,GGTTCTGGCATGC,true,2,6,11,26,0,0,0,1,0,0,0,1,0,0,0,0,4,0,0,2,0,2,1,0,22,15,15,15,13,13,12,11,9,9,7,6,6
GTTTGTAAAAAGGAAGACGTT,CCTATGGGGAAAT,true,4,3,5,11,1,0,0,0,1,0,0,0,0,0,0,0,0,0,0,1,0,0,1,0,11,9,8,7,7,6,6,6,5,5,5,3,3
GTAAAGGTAGATCCGACATTT,GTTCCCAGGATCA,true,3,4,7,20,1,0,0,0,0,0,0,0,1,0,0,0,0,0,1,1,0,3,0,0,18,18,18,14,12,6,5,5,5,5,4,4,4
GAGTTCCCGAACTCATCTAAA,GACATTCACGGGC,true,3,6,10,24,0,0,0,0,0,0,0,0,0,0,0,0,2,1,0,1,2,2,0,1,24,22,16,12,11,10,9,9,9,8,7,6,6
TAAGGGGGTTTTATACGTGTT,TTTTGTAACAAAG,true,6,8,5,25,0,0,0,0,0,0,0,0,0,0,0,0,1,0,0,1,1,0,0,2,25,25,23,17,12,12,12,12,10,10,9,8,8
AGAGGAAAGGATAAGACTGGG,AAAGCAGCTGTCT,true,3,5,10,22,0,0,0,0,0,0,0,0,0,0,0,0,4,1,3,0,0,0,0,0,20,19,18,13,13,11,10,9,7,7,7,6,5
TAAAGCACTGAAAAAGTTGTC,AAAAAAAAGCAAT,false,8,5,10,28,0,2,0,0,0,0,0,0,0,0,0,0,1,0,1,0,5,0,0,0,27,27,27,26,26,24,19,7,6,6,6,5,5
AATTACAGCGGCTGCCGAACA,GAAATGAACAAGC,true,3,4,11,27,0,1,0,0,0,0,0,0,0,0,0,0,4,0,0,1,3,0,1,1,20,19,19,17,13,12,11,9,5,5,4,4,4
GCGGAATTTTTCTTTTCCGGG,GCCGTACGCGTAT,true,4,7,9,29,1,0,0,0,0,0,0,0,0,0,0,0,0,0,3,1,0,0,1,0,22,20,20,16,15,14,14,13,11,11,10,8,7
GCCGCCAAGCTGGATGGAATT,CTTGTCTTTTCTG,true,4,8,4,19,0,0,0,0,0,0,0,0,0,0,0,0,0,1,0,2,0,0,0,1,17,15,12,12,12,10,9,9,9,9,8,8,8
TTTTCTCAGCGATGTATGCCC,CGCTGTGGGTAAT,true,4,12,13,49,0,0,0,0,0,1,0,0,0,0,0,0,0,1,0,1,0,3,3,2,38,30,29,26,24,21,20,20,16,15,14,13,12
TTGGAATAAGGATTTTCCAAG,CAAAGTCGTTTGA,true,3,10,11,27,0,1,0,0,0,0,0,0,0,0,0,0,1,2,1,6,0,0,0,0,26,24,22,21,19,18,16,16,15,14,14,10,10
GCTTTTTTTATTCTTAATACA,TTAAAAGGCCGAG,true,4,7,11,26,0,0,0,0,0,0,0,0,0,0,0,0,1,0,0,2,3,1,2,2,24,22,20,19,17,12,11,8,8,7,7,7,7
GATACTTTGTCAACGTTTATT,TTTAAAAAATACA,true,6,7,11,33,0,0,1,0,0,0,0,0,0,2,0,0,2,0,0,3,1,0,0,0,32,32,26,18,18,17,16,16,15,10,9,8,7
GAAACAGGCGTTTTTACCGTC,AGCCAATCCCGCA,true,3,8,9,24,0,0,0,0,0,0,0,0,0,0,0,0,0,1,1,1,1,5,0,0,23,23,22,21,21,17,16,16,16,9,8,8,8
AAAAGCCGCTTGCCGAGCCGT,TCAAATAAAGGAG,true,3,5,9,19,1,0,0,0,0,0,0,0,1,0,0,0,3,1,0,0,1,1,0,1,17,15,15,15,14,9,8,7,7,6,6,5,5
TCTTGTATAAGGATATTTTTT,GTGATTTTGAATG,true,6,4,10,23,0,0,0,0,0,0,0,0,0,0,0,0,1,0,1,2,1,0,2,2,12,11,9,8,8,8,8,7,7,6,6,5,4
ATATTTGTCTTACGTAAATAT,CTTAAAAAGCTTA,true,5,4,10,28,0,0,0,0,0,0,0,0,0,0,0,0,2,1,1,1,2,0,0,2,27,26,24,22,21,20,19,14,8,6,5,5,4
TTATCATTCGGCTCTACTGCA,TGGCAGCTCAGAC,true,2,14,8,39,0,0,0,0,1,0,0,0,0,1,0,0,1,0,1,2,0,0,1,0,31,27,21,20,20,17,17,17,16,16,16,15,14
TGAATTCGCCGTAAACATGCC,AGAGCAAGACCCA,true,3,7,9,27,0,0,0,0,0,0,0,0,0,0,0,0,0,0,1,0,2,1,0,0,25,24,21,20,19,19,18,16,13,13,12,9,7
CTGACCTCTGCACAAAAACCG,TTGCGCGAGTCTG,true,2,4,3,11,0,0,0,0,0,0,0,0,0,0,0,0,0,0,1,1,0,0,0,1,11,10,9,9,9,6,6,6,6,5,4,4,4
ACGGGCAGCGATGACGGGGCA,TCTGGTGCTGACG,true,2,8,7,20,0,0,0,0,0,1,0,0,0,0,0,0,1,0,1,2,0,2,0,0,17,13,13,13,12,11,10,8,8,8,8,8,8
ATCAGCGGACGTTACCAAATT,CTCCGCGTCATAG,true,2,3,8,16,0,0,0,0,0,0,0,0,0,0,0,0,2,0,1,1,1,1,1,1,13,12,11,10,8,7,7,7,7,5,3,3,3
ATCAGTGTCCCACGTTTTTTC,CATTAGCCGGTCT,true,2,12,11,29,0,0,0,0,0,0,0,0,1,0,0,0,0,2,1,0,0,3,3,1,24,21,21,20,20,18,17,15,14,12,12,12,12
GATGCGGAATTAAAAAGTCGA,CGTCTTCTTTTTG,true,5,4,6,21,0,0,0,0,0,0,0,0,0,0,0,1,0,0,1,0,0,0,0,4,19,17,15,14,14,13,13,12,11,11,8,4,4
CGTTCCAAGGCCTGATGTTTT,TTGCATTAAAAAT,true,6,5,8,25,0,0,0,0,0,0,0,0,0,0,0,0,0,0,1,1,3,0,0,3,24,17,12,12,10,9,8,8,8,8,8,5,5
ATGCACAGGCCGTCAGCAATC,GCTTCCCCCGGCA,true,5,12,13,29,0,0,0,0,1,0,0,0,0,0,0,0,0,1,0,1,0,8,0,0,27,24,24,24,23,23,23,21,15,15,14,13,12
AAGTTTTCAGCCGAGATTTTT,TTAGAAATTTTTA,true,7,2,4,11,0,0,0,0,0,0,0,0,0,1,0,1,1,0,0,0,0,0,0,0,10,7,6,6,6,6,6,3,3,3,3,2,2
AAATGATGTGGGTTGCATATG,TTTATGTCATGAC,true,3,3,6,17,0,0,0,0,0,0,0,0,0,0,0,0,1,1,0,1,1,0,0,2,17,16,10,9,8,8,7,6,4,3,3,3,3
ATGCTTGATTTCGCTGCTGAG,CATGGCATTGCAC,true,2,5,11,25,0,0,0,0,0,0,0,0,0,0,0,0,1,4,0,2,0,0,1,0,21,18,16,13,11,11,11,9,8,8,8,6,5
CGGGAATTCCTTATGAAAATA,TTATGGTTCAGGA,true,2,7,9,28,0,0,0,0,0,1,0,0,0,0,0,1,2,0,0,3,0,0,0,1,25,22,18,15,14,11,11,10,8,8,8,7,7
ATGAAGTTCAGGATCAATGAT,GGTCAGGTGCGCT,true,2,10,7,28,0,0,0,0,0,0,0,0,0,0,0,0,1,0,1,1,0,2,0,1,26,22,20,17,17,15,14,13,12,12,12,11,10
GCTGCGCTTTGACAGAGTGCT,GCAATTTGCCGCA,true,3,7,11,27,0,0,0,0,0,1,0,0,0,0,0,0,1,2,1,2,0,2,1,1,24,22,21,19,17,17,14,11,11,9,7,7,7
TTTCTATGATATTCATTTTGA,CTTTGAATATTTG,true,3,5,13,29,1,0,0,0,0,0,0,0,0,0,1,1,2,0,1,4,1,0,0,2,28,27,25,22,16,13,12,11,9,8,7,5,5
TTGGAAAAAAAACACATATTT,CACCTTTATCCGC,true,3,3,5,12,0,0,0,0,0,0,0,0,0,0,0,0,3,0,1,0,0,1,0,0,12,11,8,8,7,7,7,6,5,4,3,3,3
CCCGCGTTTCTTAATGGTGAC,GCAAAATGAAACA,true,4,14,8,35,0,1,0,0,0,0,0,0,0,0,0,0,1,1,0,1,2,1,0,0,33,32,28,26,23,17,16,15,15,15,15,15,14
TTCCTCCTCTTTGACTGGTTT,ACAGCAGTCCGCT,true,3,11,17,36,0,0,0,0,0,0,1,0,0,0,0,0,2,1,2,4,0,3,2,0,31,23,22,22,20,20,19,19,19,16,14,13,11
GTTCTTCAGAAATCAGATTTT,GGCAATCCGACGA,true,4,8,9,24,0,0,0,0,0,0,0,0,0,0,0,0,0,0,0,7,1,1,0,0,16,14,14,13,10,10,9,9,9,9,8,8,8
AATTGCGGCTGATAATGCAAG,ACAAATCTATTGT,true,3,15,10,35,0,0,0,0,0,0,0,0,1,0,0,0,1,1,2,0,2,1,0,1,31,27,25,25,24,20,18,16,16,16,16,16,15
CGCAATTCCTTGAAGAAGTCA,AAACAGCAAGCCT,true,4,11,10,31,0,0,0,0,0,0,0,0,0,0,0,0,3,0,2,1,1,0,0,0,31,31,26,22,20,18,16,16,15,14,14,12,11
CTTTCAGCAAATAATTGACCA,TCGCTGTATGCCA,true,2,4,10,28,0,0,0,0,0,0,0,0,0,0,0,0,1,0,2,1,0,1,3,2,21,18,15,14,13,11,10,10,8,5,5,4,4
TTCACATTTTATGTTTATTGA,AAATATTCGTTAT,true,4,9,9,24,0,0,0,0,0,0,0,0,0,0,0,0,3,0,0,2,1,0,0,1,23,23,21,19,16,14,13,12,12,12,10,9,9
TTATGGTTAATAACGCATTCT,CTTTTTTAGTATG,true,6,4,7,17,0,0,0,1,0,0,0,0,0,0,0,0,1,1,0,0,1,0,0,2,16,14,14,14,14,14,10,9,6,6,5,5,4
CTGCAAGCCTGATGGCCAGCT,GACTCAGTGTCTC,true,1,6,12,28,0,0,0,0,0,0,0,0,0,0,0,0,1,1,3,2,0,0,2,0,25,21,20,15,14,14,12,12,11,8,7,6,6
GCCATTATTGGCATGAGTGGC,AGGTTTCCTCAAG,true,3,4,13,23,0,0,0,1,0,0,0,0,0,0,0,0,0,0,2,5,0,1,1,2,23,20,18,18,16,13,11,9,9,5,5,5,4
AGAAGACAAGCAGTGCACCAG,AATCAATACATCA,true,2,1,3,14,0,1,0,0,0,0,0,0,0,0,0,0,0,1,1,0,0,0,0,0,14,13,10,8,6,5,1,1,1,1,1,1,1
TTTTGGGCGATGGCAATCCTT,TTTCATAGTACCT,true,5,4,4,12,0,0,0,0,0,0,0,1,0,0,0,0,1,0,0,1,0,0,0,0,12,12,11,10,9,8,8,8,8,7,6,5,4
AGGATTTCACTCACCTTCAGA,CCCGGCATGACAC,true,3,6,11,26,0,0,0,0,0,1,0,0,0,0,0,0,2,1,3,2,0,1,1,0,23,21,18,16,15,12,11,10,8,6,6,6,6
AGCGGAGCGGTTTCTGTCCTT,AAAATTCTTGGTC,true,4,9,8,31,0,0,0,0,0,0,0,0,0,0,0,0,2,1,0,1,3,0,0,1,29,29,28,21,16,14,13,13,11,11,9,9,9
GTTAATAACAACTGTGCCTTT,CCCCATTCTGCCT,true,4,9,7,27,0,0,0,0,0,0,0,1,1,0,0,0,1,0,1,0,1,0,0,1,24,22,22,21,18,17,15,13,13,12,11,10,9
ATGGCTGCGTTTAAGCATCAG,AAGCGCAAGGGTG,true,3,5,15,29,0,0,0,1,0,0,0,0,0,0,0,0,3,1,2,1,1,3,1,0,27,24,20,16,15,14,13,13,9,9,7,6,5
CTTAGGGATGATTGAAACACC,TGATGTTCTTCCT,true,2,4,5,18,0,0,0,0,0,0,0,0,0,0,0,0,2,0,0,0,0,0,1,0,17,14,14,12,11,11,11,8,8,7,6,4,4
TCACTTCTATAGCTGAAGCCC,GGCGTGTGATTCG,true,3,7,13,32,0,0,0,0,0,1,1,0,0,0,0,0,2,1,1,1,0,0,5,1,30,26,22,21,19,14,13,11,9,8,7,7,7
AACGCTTCATATTGACGCGGA,ATGGTGATGTAAG,true,2,7,3,11,1,0,0,0,0,0,0,0,0,0,0,0,0,0,1,0,0,0,1,0,11,11,11,10,9,9,7,7,7,7,7,7,7
CCAAGTTCAGTAGGGGGAGGC,ATACGGACAACGA,true,2,4,6,17,0,0,0,0,0,0,0,0,0,0,0,0,2,2,0,1,0,0,1,0,16,13,12,12,11,9,9,8,7,7,5,4,4
TGGAAACCGAATTCATCATCA,GGCTGCCGACAAT,true,2,6,8,18,0,0,0,0,0,0,0,0,0,0,0,0,2,2,1,0,0,2,0,0,17,15,13,12,11,11,9,8,8,8,8,6,6
TATTTATTTTATTTTATTTTT,TTTTTTTTTTTAT,true,16,1,2,15,0,0,0,0,0,0,0,0,0,0,0,0,1,0,0,0,0,0,0,1,15,8,6,6,5,4,4,3,3,2,1,1,1
TGTTTGATGAGGAAGAGCTGC,ATTTACTCGAATC,true,3,7,13,32,0,0,0,0,0,0,0,0,0,0,0,0,2,1,0,4,1,0,0,2,28,26,26,22,14,14,13,11,11,11,11,10,7
TTGAGACACGGATCGGTTATT,ATCGCGTAAATAC,true,3,3,2,12,0,0,0,0,0,0,0,0,0,0,0,0,0,0,0,0,1,1,0,0,12,12,11,10,9,7,7,7,6,3,3,3,3
CTCTTGCGACGGAAGTTATCC,ATCAAGAAGATAT,true,2,12,8,22,1,0,0,0,0,0,0,0,0,0,0,0,1,1,1,0,3,0,0,0,19,18,18,18,16,16,16,15,15,14,13,13,12
TAGATTTCAGGTCAAGGCCAA,GATCTTCTGTGAT,true,2,10,9,27,0,0,0,0,0,0,0,0,0,0,0,0,1,1,1,3,1,0,0,2,22,21,18,18,15,14,13,13,12,11,11,10,10
AACTTTGGAGCAGGGCAAGCA,ATACGACCGTCTC,true,2,4,2,12,0,0,0,0,0,0,0,0,0,0,0,0,0,0,0,2,0,0,0,0,11,11,9,9,7,6,6,5,4,4,4,4,4
TACATGCTTGCCGTCCGCTTC,AAGGCCCGGAAGC,true,3,8,13,33,0,0,0,1,0,0,0,0,1,0,0,0,2,0,2,0,1,1,3,0,32,30,26,22,20,19,14,14,11,10,10,10,8
TCATAAAATCTCTTATCTTCC,ACTGCGATAAACG,true,3,7,6,25,0,0,0,0,0,0,0,0,0,0,0,0,2,1,0,2,1,0,0,0,22,20,20,18,16,14,14,13,11,11,10,7,7
CAACGCTTTTAGGTTGATTTC,TTTTTCTCTTTTA,true,5,2,5,13,0,0,0,0,0,0,0,0,1,0,0,0,0,0,1,2,0,0,0,0,13,13,12,11,10,3,3,3,3,3,3,3,2
AACCCTTAACAATGACAAGCG,TAAGTTTTCTAAT,true,4,11,15,29,0,0,1,0,0,0,0,0,0,1,0,0,1,2,1,3,2,0,0,1,26,25,22,20,20,20,20,19,18,17,14,14,11
AGCCCGGTCAGCCGAACGGGA,TGAATCGTCATCG,true,2,6,8,25,0,0,0,0,0,1,0,0,0,1,0,0,2,0,0,2,1,0,0,1,20,17,16,13,9,9,7,7,7,7,6,6,6
ATCATTTAGTCTTTCAAGCTT,ATCTTTCCTGGCT,true,3,7,9,28,0,0,0,0,0,0,0,0,0,0,0,0,1,0,1,4,1,0,0,2,21,19,17,17,17,13,11,11,10,7,7,7,7
ATGATGCCGAAAGATGAAAAT,GAAGGACAGCATA,true,2,7,12,28,0,1,0,0,0,0,0,0,0,0,0,0,3,1,2,0,2,0,2,0,27,26,24,24,17,16,14,11,9,9,8,8,7
ACCGTGCAGTACGGTCAATTT,TAAGGCAGATCAT,true,4,6,10,35,0,0,0,0,0,0,0,0,0,0,0,0,1,1,1,2,1,0,0,3,24,18,16,15,15,13,12,9,8,8,7,6,6
GTTCAACTTGAGATACTTTTT,GTCTCGGTGTTGT,true,5,8,6,22,0,0,0,0,0,0,0,0,0,0,0,0,0,1,0,1,0,0,3,0,16,15,13,12,12,12,11,11,10,9,9,8,8
CAGTGCCAATCGTTATATACA,GGCAGCTGTCGAG,true,2,13,10,31,0,0,0,0,0,0,0,0,0,0,0,0,1,0,1,1,0,1,1,1,29,25,23,22,22,20,20,19,17,17,17,15,13
GATGATGTGAAAACAGAAAAG,CTGCTGCTGCAGA,true,1,9,10,25,0,0,0,0,0,0,0,0,0,0,0,0,0,4,1,2,0,0,1,2,22,19,16,16,14,13,13,12,11,10,9,9,9
GAAAGGCTAATGAAAATGTTG,AGGAGGATTGGGA,true,3,5,11,27,0,0,0,0,0,1,0,0,0,0,0,0,3,0,2,0,0,0,3,0,26,25,18,16,15,13,11,8,8,7,7,5,5
AACCCTTTGAAACGACTAATG,ATGTTTATAAAGA,true,3,8,8,27,0,0,0,0,0,0,0,0,0,0,0,0,1,0,1,1,0,0,0,3,25,22,19,19,19,15,13,11,10,10,8,8,8
TTGAAGCCGGCATTGCCGGTA,TGCTATTTGTAGT,true,3,4,10,23,0,0,0,0,0,0,1,0,0,0,0,1,0,2,0,1,1,0,1,2,19,14,12,10,9,9,9,5,5,5,5,4,4
ACGCAATAGCCAAACAGCTGA,AATCCACAAAGCA,true,3,13,17,37,1,0,0,1,0,0,0,0,0,0,0,0,5,1,2,3,2,1,0,0,36,33,28,25,25,21,18,18,18,17,15,13,13
CAATACGTTACGCGAGTGCGT,CTTGAGCATGCGA,true,2,9,6,22,0,0,0,0,0,0,0,0,0,0,0,0,2,1,0,2,0,0,1,0,21,18,16,13,13,11,11,10,9,9,9,9,9
ACGCCGACAAATGCCGCATAT,TTGCCTGAAGCGT,true,3,8,8,22,0,0,0,0,0,0,0,0,0,0,0,0,1,0,0,1,0,1,2,3,21,18,16,16,15,12,11,11,11,8,8,8,8
GTGACTAGAGCGAGTCTGGTC,GACATTGTGTATG,true,2,5,9,18,0,0,0,0,0,0,0,0,0,0,0,1,1,3,2,1,0,1,0,0,16,16,14,13,12,12,10,9,9,5,5,5,5
TATACTGGGGAACAGATAGAC,GTTTGTTGGAGGT,true,3,6,10,26,0,0,0,0,0,0,0,0,0,0,0,0,1,0,1,1,0,0,4,3,24,23,23,20,18,16,15,13,10,9,8,6,6
TGCATCAGGCAGCAGCATCTG,AATGCTCCTGCCG,true,2,2,4,11,0,0,0,0,0,0,0,0,0,0,0,0,0,0,2,0,0,1,0,0,4,4,4,4,4,4,4,4,4,4,4,3,2
TAAGAATCTGCGAAATATAAG,CTGTTTCGCAGAT,true,3,8,9,22,0,0,0,0,0,0,0,0,0,0,1,1,0,1,2,3,0,1,0,0,21,20,19,18,17,15,10,10,8,8,8,8,8
CTAACGCGGCACAGCACGCTA,CAGCGATATACGT,true,1,7,11,23,0,0,0,1,0,0,1,0,0,0,0,0,1,0,3,0,1,2,0,0,19,18,15,11,11,10,10,10,10,10,9,7,7
TGGCCGAGCAAATTGCCTTCG,ACCGTATACGAAG,true,2,6,14,30,0,0,1,0,0,0,0,0,0,0,0,0,1,0,1,4,2,1,2,0,27,24,18,17,16,13,13,11,11,9,9,8,6
ATTTGAAAGCCGAGCAGCTGC,GGAAGCCCGAAAT,true,3,8,8,22,1,0,0,0,0,0,0,0,0,0,0,0,1,0,1,0,0,1,2,0,20,17,16,16,14,14,14,12,12,11,10,10,8
ATTTCAAAAAATCAGAAAATG,TTCAAAACGCTTC,true,4,2,4,11,1,0,0,0,0,0,0,0,0,0,0,0,0,0,0,1,2,0,0,0,11,10,8,8,8,7,2,2,2,2,2,2,2
GATTGTTTTTTTCTGAGGAAT,CATGTCCTGCTGT,true,2,6,10,25,0,0,1,0,0,0,0,0,0,0,0,0,1,2,2,0,1,1,0,2,21,18,16,13,11,10,9,8,8,7,6,6,6
ATAATACAGGACGCCAGCTTT,ACGTGTTTCCAAG,true,3,4,11,25,0,0,0,0,0,0,0,0,0,0,0,1,0,0,1,4,0,2,0,3,21,17,16,14,13,11,11,8,5,4,4,4,4
TTAGGCGCAAACGGAATTGCA,AACGGTTACAACT,true,3,7,12,31,0,0,0,0,0,0,0,0,0,0,0,0,3,0,0,1,2,0,1,4,30,25,20,19,18,18,13,11,11,11,9,8,7
ACCTTTTACAAAATACTCTGT,GAGCTTTTTATCG,true,5,3,8,15,0,0,0,0,0,0,0,0,0,0,0,0,0,1,2,2,0,1,0,1,12,10,9,8,8,8,7,6,5,4,4,3,3
TTTATGTGCAATGGTTTGTTC,AGTCATAGTAAGT,true,2,7,8,23,0,0,1,0,0,0,0,0,0,0,0,0,1,1,0,1,2,0,1,0,22,21,19,17,14,12,9,9,9,8,8,8,7
ATACTCTTGACATTTCTTGAA,GAGAGGATGTCAG,true,2,16,11,33,0,0,0,0,0,1,0,0,0,0,0,0,3,0,2,1,1,0,3,0,31,30,28,26,26,23,22,21,17,16,16,16,16
TTGTTTTTCAAGAAGACTTGT,CATGCTTGGACGA,true,2,7,10,25,0,0,0,0,0,0,1,0,0,0,0,0,1,1,0,1,0,1,3,2,21,21,18,17,16,14,12,11,9,9,7,7,7
GGATGATGTTGTCGACCCGTC,TGATGCCGCTGTG,true,2,6,7,19,0,0,0,0,0,0,0,0,0,0,0,0,0,0,0,1,0,3,0,1,19,17,16,14,14,14,13,12,9,8,7,7,6
AAGCTTGCCTCTGTTATTGCC,TATATGACAGACG,true,2,8,10,29,0,0,0,0,0,0,0,0,0,0,0,0,2,0,0,5,0,0,2,1,27,24,21,20,18,15,15,12,11,8,8,8,8
ATCAGCCTTTAAGTCACGATG,AAGTAATGGAAGT,true,2,7,11,29,0,0,0,0,0,0,0,0,0,0,0,0,4,0,0,1,3,0,2,0,28,22,18,17,16,14,13,13,11,11,9,8,7
AAACAAGCTCAAACCATCTTT,CTCAAATGAACGT,true,3,7,8,26,0,0,0,0,0,0,0,0,0,0,0,0,2,0,0,1,2,0,0,0,24,22,21,19,19,14,13,13,13,11,10,8,7
TCTCTGCTCTATACAGTTATG,AAATACGGCCTGA,true,3,3,4,22,0,0,0,0,0,0,0,0,0,0,0,0,0,0,2,1,0,0,1,0,21,19,16,14,14,11,9,8,3,3,3,3,3
AACGAAACGGTGTCTTGAACC,ATGTGGTCATACT,true,2,10,10,32,0,0,0,0,0,0,0,0,0,0,0,0,1,1,3,3,1,0,1,0,28,28,24,24,22,18,15,14,14,13,11,10,10
GGAGGAAATAGAATGGCAGGA,AAACTAGTACCCT,true,4,6,9,30,0,0,0,0,0,0,0,0,0,0,0,0,1,0,0,1,1,2,2,0,30,29,25,20,20,16,12,12,11,10,10,7,6
CGTTTTCATGAGCCGCTGCAC,GCTCTGACCGATG,true,2,6,18,34,0,0,0,0,0,0,0,0,1,0,0,0,2,3,0,2,3,6,0,1,31,28,26,22,19,18,16,14,11,10,8,6,6
GTAAAAGCAATCCACTTCTCC,ATTGTATAAATCT,true,3,2,3,11,1,0,0,0,0,0,0,0,0,0,0,0,0,0,0,0,0,0,0,2,10,8,6,6,6,5,5,5,3,3,2,2,2
CAATGATTTTATCAGAAGTTA,ACTTGTTCCATTC,true,2,5,9,22,0,0,0,0,0,0,0,0,0,0,0,0,1,0,0,2,0,1,1,2,18,17,17,14,13,13,13,10,8,7,7,5,5
GTTCTGAGGTGCCACCTTCTC,ACCTACTGCCCAC,true,3,3,8,22,0,0,0,0,0,0,0,0,0,0,0,0,2,0,2,2,0,1,0,0,21,19,14,13,9,6,6,6,4,4,3,3,3
ACCCAGCTCTTTCAGCAGGCT,TTTTCCCTGGCGC,true,5,12,11,28,0,0,0,0,0,0,0,0,1,0,0,0,1,2,0,3,0,3,0,1,28,28,26,25,22,18,14,13,13,12,12,12,12
CAGTCCCATAAAAATATTGAG,CAAATCTAAAATC,true,4,5,4,16,0,0,0,0,0,0,0,0,0,0,0,0,1,1,1,0,0,0,0,1,15,14,14,11,9,8,6,6,6,6,5,5,5
TTGCCTTTTTCACATTGGAAA,TGTCTTTTTTCGA,true,6,8,12,34,0,0,0,0,0,1,0,0,0,0,0,0,1,0,0,2,0,1,2,4,31,27,23,21,19,19,19,19,18,15,10,9,8
GTTCGGGAAGATCGTCACATC,TCTAGTCAATGAT,true,2,9,5,24,0,1,0,0,0,0,0,0,0,0,0,0,0,0,0,3,0,0,0,1,24,20,17,14,13,13,11,11,10,9,9,9,9
GGGTAGGTTTGTGCTTTTCGC,AATACTGGCGTGT,false,2,3,5,19,0,0,0,0,0,0,0,0,0,0,0,0,1,4,0,0,0,0,0,0,7,6,5,4,4,3,3,3,3,3,3,3,3
ACCAAACCGAAAGCTGCCAAA,GATAATGGGATAT,true,3,7,12,30,0,0,0,0,0,0,0,0,0,0,0,0,3,0,1,2,2,0,1,1,21,21,21,19,16,13,11,11,10,9,8,8,7
CTCTTTTCCCCTCCTCCGTTT,GTTGTTGTTGAGA,false,3,3,2,17,0,0,0,0,0,0,0,0,0,0,0,0,0,0,0,0,0,0,1,1,7,7,7,6,6,4,4,4,3,3,3,3,3
CTCTGTCAGCATCCGCTCAAC,TTGTGCGGTAAAT,true,3,6,13,22,0,0,0,0,0,1,0,1,0,0,0,0,0,1,0,2,2,0,3,1,22,21,21,21,18,17,17,13,11,10,10,8,6
GTCAATCGCTTCAAGCATGGC,ATCTAAAATCATG,true,4,4,4,20,0,0,0,0,0,0,0,0,0,0,0,0,0,0,0,0,4,0,0,0,18,17,15,13,12,11,10,4,4,4,4,4,4
CCAGTCATCATCGCGGCTTCC,GATCGCCTGGTCG,true,2,8,8,29,0,0,0,0,0,0,0,1,0,0,0,2,0,1,1,0,0,2,0,0,25,21,20,17,16,15,12,9,9,9,9,9,8
ATGTTTTTCATCTTTCGCTAA,CAAAACATTAATG,true,4,2,5,11,1,0,0,0,0,0,0,0,0,0,0,0,2,0,0,0,1,1,0,0,11,11,11,10,8,5,5,5,5,5,4,2,2
TTTATCCTGTTCTTCTTTGCT,TAAGCCTTCCAGT,true,2,6,14,31,0,0,0,0,0,0,0,0,0,0,0,0,0,1,4,0,0,4,0,2,28,26,22,20,17,13,13,11,10,9,9,8,6
GGACTTTTGGCTGATAAAGTG,AGCCCGCTCCGCA,true,3,10,8,27,0,0,0,0,0,0,0,0,1,0,0,0,2,0,1,0,1,3,0,0,26,23,21,18,13,11,10,10,10,10,10,10,10
TAACAATGGAGCTATTAAGCA,TTGAAAAGGGAAT,true,4,8,15,33,0,2,0,0,0,1,0,0,0,0,0,0,0,1,0,1,2,0,4,0,33,28,24,22,22,22,19,17,17,13,12,10,8
TCGCCGTGCTCATCGCCATTT,TCTTTTTACTGGC,true,5,9,11,43,0,0,0,0,0,0,0,0,0,0,0,0,1,0,1,7,0,0,0,2,32,26,26,24,23,22,20,13,11,10,9,9,9
CAAAAGCTTTCCCTCGGACGA,AAAAATTTACTCG,true,6,4,8,14,0,0,0,0,0,0,0,0,0,0,0,0,2,1,0,1,2,0,0,2,14,14,14,14,11,8,8,6,6,6,5,4,4
CTGTTTATGGGCGAAATGCGG,TGCTTTTTGGAGA,true,5,5,5,26,0,0,0,0,0,0,0,0,0,0,0,1,0,0,1,0,0,0,2,0,24,18,15,13,13,13,13,11,8,6,6,5,5
GGAAGAGGAAAGCAAATGCGA,TTCCCTGAGTAGC,true,3,3,6,17,0,0,0,0,0,0,0,0,0,0,0,0,1,0,0,3,0,1,0,1,16,14,9,9,5,5,5,5,5,5,3,3,3
TTTCATCATCCCTTCTATCCT,AAATTGAGTTCGC,true,3,2,4,11,0,0,0,0,0,0,0,0,0,0,0,0,0,0,0,2,0,0,0,1,10,9,9,8,7,5,4,4,4,3,3,2,2
TAATCTGATTAAAATGAGAAT,CGCTGATAAAAAT,true,5,10,13,33,0,0,0,0,0,0,0,0,0,0,0,0,0,2,2,2,0,1,0,0,31,29,22,21,19,19,19,18,18,18,16,11,10
GTTAATATGACTCGCTCCCCA,AGCACACAGCATG,true,2,5,5,20,0,0,0,0,0,0,0,0,0,0,0,0,0,1,0,0,1,2,0,0,19,18,17,16,13,12,11,9,9,6,6,6,5
TGGCTGGTTTTTTAAAGCGTA,CTGGCTGCGCTAT,true,2,5,5,16,0,0,0,0,0,0,0,0,0,0,0,0,1,2,0,0,0,1,0,0,14,13,12,10,7,6,6,6,6,6,6,5,5
CTTGAGTTTTATTGTATATTT,ATGTTACGTAAAG,true,3,4,10,24,0,0,0,0,0,0,0,0,0,0,0,0,4,1,0,1,0,0,2,1,22,18,17,16,14,13,12,7,6,5,5,4,4
GGAAAAATGAATTATTAGTTT,ATAAATTTGGCGC,true,3,2,3,27,0,0,0,0,0,0,0,0,0,0,0,0,0,0,0,0,0,0,2,0,21,17,15,15,12,12,12,9,7,2,2,2,2
GCGGAGACTTCCGGCACGAGA,AAATTTGATGATA,true,4,7,11,29,0,0,0,0,0,0,0,0,0,0,0,0,3,1,2,2,0,0,0,0,29,29,23,17,17,16,14,13,13,12,11,10,7
CAGTTGAGGATGTCATAGCCA,AAATGACGTCCCG,true,4,7,8,22,0,0,0,0,0,0,0,0,0,0,0,0,4,0,0,2,2,0,0,0,22,21,18,11,8,8,8,8,8,7,7,7,7
TTTTACATAGCATGTATACCT,TTAAAATTTTTCT,true,5,7,9,25,0,0,0,0,0,0,1,0,0,0,0,0,0,0,0,0,0,0,0,0,24,22,19,19,17,17,17,17,17,16,12,8,7
GAAGCTGCCGGCTATGTGGAG,AAGGTGAAGATAT,true,2,8,13,31,1,1,0,0,0,0,0,0,0,0,0,0,3,0,0,2,1,0,4,0,31,23,21,16,16,11,10,10,9,9,9,8,8
TTACTGCGCCGATTGCAACAA,GCACTAACGAAAT,true,3,8,14,26,0,0,0,0,0,1,1,0,0,1,0,0,3,1,3,1,0,1,0,1,23,23,23,19,16,16,16,13,12,9,9,8,8
ATGCCTTTATTGATAATGACA,TTCCGGAATATGT,true,2,5,9,19,0,0,0,0,0,0,0,0,0,0,0,0,0,1,3,0,1,0,1,1,18,18,18,14,13,12,9,8,8,8,7,6,5
AGCGTTTTTAAATTTGATTTT,ACCGTTTGAATCG,true,4,7,4,18,0,0,0,0,0,0,0,0,0,0,0,0,2,1,1,0,0,0,0,0,15,13,11,11,11,11,11,10,9,8,7,7,7
TTCGTATGTTACAGGCAGTAG,GGAATGGATATCT,true,3,8,10,26,0,0,0,0,0,0,0,0,0,0,0,0,2,0,1,0,1,1,2,1,24,19,18,16,14,14,14,13,12,12,11,8,8
TCAGTGAGCTCTTTGATGTCC,TTATTTAATTGCT,true,3,17,13,42,0,0,0,0,0,0,0,0,0,0,0,1,1,0,1,2,3,0,0,3,40,37,33,32,32,29,26,22,20,19,19,19,17
AATCGTTATTTATTTGTTTGT,TCAACCCGCCCTG,true,3,13,15,46,0,0,0,0,0,0,0,1,2,0,0,0,3,0,0,4,1,4,0,0,43,32,31,28,22,21,19,18,18,18,13,13,13
ACTTTATTTACCCCATTCTCT,TCATTGTTCCGGA,true,2,8,15,29,0,0,0,0,0,0,0,0,1,0,0,0,1,1,0,3,0,0,3,3,27,23,23,20,19,15,14,13,13,13,13,9,8
AAAAAACCACAAAAAAACAAA,AACAAACAGAAAT,false,5,1,0,23,0,0,0,0,0,0,0,0,0,0,0,0,0,0,0,0,0,0,0,0,18,15,3,2,2,2,1,1,1,1,1,1,1
GAGATTAAGCAAATCACAAAA,ATCCATCAAGCGA,true,5,5,18,38,0,0,1,0,0,0,0,0,1,0,0,0,6,3,1,0,4,1,0,1,28,21,19,15,15,15,13,12,11,8,8,5,5
GCATCAACAGATCCAAGAAGA,CCATGTACTCTTG,true,2,6,9,20,0,0,0,0,0,0,0,0,0,0,0,0,1,1,3,2,0,0,0,1,20,16,14,12,11,10,9,9,8,7,7,7,6
ATGAATTTTCTTGGATCATAT,ACGCCGGAAGGGA,true,3,4,4,12,0,0,0,0,0,0,0,0,0,0,0,0,0,0,1,0,0,3,0,0,11,11,10,8,4,4,4,4,4,4,4,4,4
GGAATTTATTTCTGCCATTAC,ATATTATAAACAG,true,3,6,16,31,0,0,0,0,0,0,0,0,0,0,0,0,5,0,0,0,5,1,0,4,26,23,22,21,18,17,15,15,15,12,7,6,6
TCCTGTTGATCCTGAGGTATA,GATGATATACGCA,true,1,12,8,31,0,1,0,0,0,0,0,0,0,0,0,0,3,0,0,1,0,1,1,0,30,30,28,25,25,21,19,19,18,15,14,13,12
AGCGGCCGAGACGTTGCTGAA,TCCGGAAAAATAT,true,5,6,9,27,0,0,0,0,0,0,0,0,0,0,0,0,1,1,0,0,0,0,2,0,24,22,18,17,13,13,12,12,12,10,6,6,6
GAAAAACCATTTATATAATCA,CGTAAGTTATCCG,true,2,5,10,22,0,0,0,0,0,0,1,0,0,1,0,0,2,0,1,1,1,1,1,0,18,17,14,10,9,7,7,7,7,7,6,6,5
GTTCGGCCTTCCGATATACGA,TTCCGATTTAGGC,true,3,4,8,24,0,0,0,0,0,0,0,0,0,0,0,1,3,0,1,1,0,1,0,1,21,19,17,14,13,11,10,9,7,6,4,4,4
GTGAGGATGAGTACTACAAAG,AGCTTGTCGGACA,true,2,12,15,33,0,0,0,1,0,0,0,1,0,0,0,0,1,0,0,4,0,0,2,2,31,31,27,27,27,24,22,20,20,16,16,13,12
CTCCGCGTTCAAAACCATGAG,CATATGAATAAGC,true,2,6,13,29,0,0,0,0,0,0,0,0,0,0,0,0,3,0,1,1,5,0,1,1,25,22,17,15,15,14,14,11,10,10,10,7,6
TATTTGAAGACGGAACCTTTA,CTAACAAAGGTGA,true,3,6,8,18,0,0,0,0,0,0,0,0,1,0,0,0,1,1,0,0,2,1,1,0,14,14,14,14,13,13,13,11,9,8,8,7,6
AACCCGTCAGACATTCATTTG,CGGAATCTGATTC,true,2,5,12,24,0,0,0,0,0,0,0,0,1,0,0,0,0,0,0,1,2,1,4,0,23,22,18,18,15,15,12,11,9,8,8,6,5
TGAAGGTGATGTTTATTTTTC,GAATATAATAAAT,true,3,7,7,20,0,1,0,0,0,0,0,0,0,0,0,0,0,0,0,4,1,0,0,0,19,18,17,16,15,15,15,14,12,11,8,8,7
TTAGGACAAGATGAGAGCAGG,ATCTAAGATAAAC,true,3,3,13,25,0,0,0,0,0,0,0,0,0,0,0,0,2,0,1,4,2,0,2,1,23,20,16,15,13,12,8,6,5,4,4,4,3
GACTCACATTACCGAGTGATT,GAAGAGTTTCCGT,true,3,6,4,18,0,0,0,0,0,0,0,0,0,0,0,0,0,0,0,1,1,0,1,0,16,14,14,12,10,9,8,7,7,7,7,6,6
TCATCAGTTCTCCCCCTCCAT,AGAAAAAGCTGAT,false,5,3,2,17,0,0,0,0,0,0,0,0,0,0,0,0,2,0,0,0,0,0,0,0,15,13,12,12,11,11,11,3,3,3,3,3,3
GCCGGAGGAAATCTGATTTAC,GTTACAATCTTGA,true,2,6,9,25,0,0,0,0,0,0,0,0,0,0,0,0,0,0,1,3,0,2,1,1,23,22,20,15,14,14,12,11,10,10,9,6,6
AATGTGAAGGAATCGTTCTTC,GCACAAATGATTA,true,3,10,13,38,0,0,0,0,0,0,1,0,0,1,0,0,1,2,1,1,2,0,0,2,36,33,31,26,22,20,18,16,15,15,14,12,10
ACGAAACCCTCTGGGAGAATA,AAGACCCATGGAT,true,3,8,8,27,0,0,0,0,0,0,0,0,0,0,0,0,2,0,2,0,2,0,2,0,26,23,20,16,14,13,12,12,12,10,9,8,8
CCAAGTTGGATGATTGTAATC,TCTAACCTGCCCA,true,3,5,8,24,0,0,0,0,0,0,0,0,0,0,0,0,0,1,2,0,0,5,0,0,19,19,16,15,15,13,9,8,8,8,8,5,5
CACGGAAAACGGAGGGTGAAA,GGCCTCCGTGACA,true,3,4,4,12,0,0,0,0,0,1,0,0,0,0,1,0,0,2,0,0,0,0,0,0,11,9,9,9,8,7,7,5,5,4,4,4,4
GAACCATCTTTGAGCGCAGGG,CAGTTCAGAGAGA,true,3,8,7,28,0,0,0,0,0,0,0,0,0,0,0,0,3,0,0,1,0,0,0,2,27,26,21,18,12,10,10,10,9,8,8,8,8
AAAGCGGGAAGAGGATGAAAA,AAAGCAATGAAGC,true,7,2,3,11,0,0,0,0,0,0,0,0,0,0,0,0,1,0,0,0,2,0,0,0,10,7,3,2,2,2,2,2,2,2,2,2,2
TTCGGAAACCCTAGAGATTTA,AATGAAAAAGCAT,true,5,7,10,24,0,0,1,0,0,0,0,0,0,0,0,0,0,0,1,1,6,0,0,0,24,22,21,20,18,17,17,16,9,8,8,8,7
TGGCTTTTTTGTTCTAGGTAT,GAAAGAAGATGTG,true,3,3,9,14,0,0,1,1,0,0,0,0,0,0,0,0,2,0,1,1,0,0,1,1,12,11,11,10,9,8,8,7,7,5,4,4,3
TAAGAATACAGCCGCCATCAC,GTTAGCGGGCAAG,true,3,10,9,29,0,0,0,0,0,0,0,0,0,0,0,0,0,2,1,2,0,0,2,1,26,25,23,19,19,18,18,16,12,12,11,11,10
GGGCATAAAACATCTTCAGGG,GAATTTACGCTTG,true,4,4,11,25,0,0,0,0,0,0,0,0,0,0,0,0,2,0,3,0,0,0,2,3,18,15,13,13,13,10,9,7,7,7,6,5,4
TTTAAAATAGTTACAAAACGT,TTGATATATAAGC,false,3,2,3,17,0,0,0,0,0,0,0,0,0,0,0,0,0,0,0,2,0,0,0,1,16,5,4,4,3,3,3,3,3,2,2,2,2
CAGCGAGAAGGAGCGGAGGAC,ATCCTGCTAAACG,true,3,5,12,23,0,2,1,0,0,0,0,0,0,0,0,0,1,0,0,2,3,1,0,2,18,17,16,12,11,11,10,10,8,8,6,5,5
CGGCAAATGTCCTCCACCTTC,TTCATATATCCGT,true,2,5,13,28,0,0,0,0,0,0,0,0,0,0,0,0,2,2,0,1,1,2,0,4,28,21,19,17,16,13,12,11,9,9,7,6,5
TACGATTTTTTTCGATTTTAG,GCACTTGCATGAC,true,2,4,7,16,0,0,0,0,0,0,0,0,0,0,0,0,2,1,2,1,0,0,0,1,14,14,10,10,9,8,7,6,6,5,5,4,4
TGACAAAAATAAAAGTGGGAT,TGCCAGTAATCCG,true,2,2,6,17,1,0,0,0,0,0,0,0,0,0,0,0,1,1,0,1,2,0,0,0,14,12,10,8,4,3,3,3,2,2,2,2,2
GGCAATAATGATCAAAATGAA,ATGAGGCTTTTTA,true,5,15,19,55,0,0,1,0,0,1,0,0,0,0,1,1,2,1,1,2,3,1,0,0,48,37,31,29,28,25,24,22,21,21,21,17,15
ATTTCAAAAAAGATGCCTTTG,TTTTTATACGGGC,true,5,2,6,13,0,0,0,0,0,0,0,0,0,0,0,0,0,0,0,2,1,0,1,2,12,11,11,11,9,5,4,3,3,3,3,2,2
TATGGCTATATGAAGGATTAT,CCGGTCGAGCGGC,true,2,9,11,34,0,0,0,1,0,0,0,0,0,0,0,0,1,1,2,1,0,2,3,0,31,29,27,19,17,15,14,13,10,9,9,9,9
GAAAAAAACTGTCTGAGAGTG,TGTCGAACTCCTA,true,2,5,4,15,0,0,0,0,0,0,0,0,0,0,0,0,1,0,0,0,1,1,0,0,15,11,11,10,10,10,9,7,6,6,6,6,5
GCTGGTGATCAGAGCGGCCAT,CAGAGCAACAGTC,true,2,8,7,25,0,0,0,0,0,0,0,0,0,0,0,0,2,0,0,1,2,0,1,0,23,22,20,20,18,17,17,15,11,11,9,9,8
TCCCGAGGAAAACAAGGAAAA,AGCAATTCAGCTC,true,5,5,18,35,0,0,0,1,0,0,0,0,0,0,0,1,4,2,0,2,4,1,0,1,25,17,17,14,14,12,10,9,9,9,7,6,5
AAGCTTGATCTAGTCTTCCAT,CTCGGTGATTACA,true,2,6,9,33,1,0,0,0,0,0,0,0,0,0,0,0,1,1,1,1,0,1,2,0,30,30,25,22,16,14,12,11,10,8,8,6,6
GGGCGGTTCAGTCAGTGTGAA,ATCTGCAGAAGGT,true,3,9,11,31,0,0,0,0,0,0,0,0,0,0,0,0,0,0,1,0,6,1,2,0,21,18,15,15,15,15,14,13,12,11,11,10,9
TCAGGAGGGTTTTTTATGAGC,TTTCCGCAGACAC,true,3,7,11,22,0,0,0,0,0,0,0,0,0,0,0,0,1,1,0,2,0,2,0,3,21,20,16,14,11,9,9,9,9,9,9,9,7
ACATGGGAAGAGATCAGCTGC,CTACAGAAGATGA,true,2,10,12,31,0,0,0,0,0,1,0,0,1,0,0,0,3,1,1,2,0,1,0,1,29,26,25,23,23,21,21,19,15,13,11,10,10
CCGTTCGGCGGTTTTAATATG,TCCGGAACAGACT,true,2,6,12,23,0,0,0,1,0,0,0,0,0,0,0,0,2,0,0,1,5,0,3,0,22,20,20,19,15,15,12,10,9,9,7,6,6
CGTGTCACGTATGCGACGACT,GAGGAATTTGCGC,true,3,9,7,19,0,0,0,0,0,0,0,0,0,0,0,0,0,0,0,2,1,0,2,1,18,17,17,14,14,13,12,12,11,10,10,9,9
CCTACGATTAAGTAATCACCA,GATTTTTCGCTCT,true,5,5,2,11,0,0,0,0,0,0,0,0,0,0,0,0,0,0,0,1,0,0,1,0,8,8,8,8,8,8,7,6,5,5,5,5,5
GGCTGATCCTTTCAGAAAGCT,ATGAAAAGGGAGA,true,4,6,11,33,0,0,0,0,0,0,0,0,0,0,0,0,3,1,0,1,2,0,2,2,29,23,19,17,17,16,12,9,9,6,6,6,6
GATGAGTGAAGTTGAGGCTTC,ATTTGCGGTGGCG,true,3,16,18,48,0,0,0,0,0,0,0,0,0,0,0,0,3,2,0,2,0,1,3,4,44,37,36,30,27,27,26,24,23,22,20,18,16
CAAGCAGTTGCCTTTTCAAAA,GGCTCACCGGCTC,true,4,3,13,28,0,0,0,0,0,0,0,0,0,0,0,0,4,1,0,1,0,3,4,0,19,15,13,12,12,11,9,8,8,4,3,3,3
GTTCAGCGGGTCCTCAGCCGA,TTCGATTTGCAGT,true,3,5,9,18,0,0,0,0,0,0,0,0,0,0,0,0,3,0,2,2,0,0,1,1,16,14,10,10,8,7,7,7,6,6,6,5,5
GCGCGGGCGCAACGATTGCAT,GGAAATGCAGCAG,true,3,14,12,35,0,0,0,0,0,0,0,0,0,0,0,0,0,1,1,4,3,0,0,1,34,31,31,30,26,24,21,21,18,18,17,16,14
TGTTTCAGCGACGATTCCTTC,CCCAGGGAATGCA,true,4,8,16,37,0,0,0,1,0,0,0,0,0,0,0,0,1,1,4,1,0,4,3,0,36,36,26,24,21,21,15,14,14,14,13,9,8
AACTTTGAGGATTCCGCAAAA,TCCGGACTGATCG,true,4,6,7,19,0,0,0,0,0,0,0,0,0,0,0,0,2,1,1,3,0,0,0,0,15,15,12,12,12,12,10,10,9,8,8,6,6
ATTTTAATGTGTTTAAAAAAA,GAACTCTCACTCG,true,7,2,7,13,0,0,0,0,0,0,0,0,0,0,0,0,0,2,0,2,2,1,0,0,9,9,6,5,4,4,4,3,3,3,3,2,2
AGAGCCGTTTGCCGCAGCAAT,AGGAGCCAATCTG,true,2,10,6,26,0,0,0,0,0,0,0,0,0,0,0,0,2,1,0,1,1,1,0,0,22,19,17,16,16,16,15,15,14,12,10,10,10
TTTTTCGACCCAAATTGTATC,TGAGCTTGCTTCG,true,2,11,12,26,0,0,0,0,0,1,0,0,0,0,0,1,0,2,1,3,0,1,0,1,24,23,23,23,23,22,21,19,18,17,15,11,11
AAGCTTCCAAGATCCGCTACG,ATGCTGCCCATCG,true,3,7,13,34,0,0,0,0,0,0,1,0,0,0,0,0,1,0,3,1,0,3,1,2,30,27,25,23,20,19,18,14,10,10,9,8,7
TTTGGCCGTCCCATTTTGATA,TCAGGTCGCTCAT,true,2,10,13,27,0,0,0,0,0,0,0,0,0,0,0,0,2,1,3,3,0,1,2,0,26,23,23,22,19,17,13,12,12,11,11,10,10
ATGACCAAATTTTTGAACTGA,AAACGTTTGAGGA,true,4,8,11,27,0,0,0,0,0,1,0,0,0,0,0,0,2,0,2,2,1,1,1,0,27,26,22,18,17,15,14,14,12,12,9,9,8
TACTAGTCTGACCTTACAGCT,AAAAATCATGACA,true,5,11,18,35,0,0,0,1,0,0,0,1,0,0,0,0,3,0,2,5,4,0,0,0,30,30,30,29,24,20,20,19,18,15,14,11,11
AATTGACGATCTGGCCGACGC,CATCCGAAAGTGT,true,3,7,20,36,0,0,0,1,0,0,0,0,0,0,0,0,4,4,1,1,4,3,0,0,30,27,25,23,22,18,15,15,13,10,10,8,7
TATGGTAGAAACACTAGAGCG,TTTTATTGAAGCA,true,4,7,12,29,0,0,0,0,0,0,0,0,0,0,0,0,0,0,3,6,0,2,0,1,27,26,25,24,16,16,14,13,12,11,10,7,7
TCTTCACTTGCTCCCATTGAA,TATACATTCGCAG,true,2,6,6,17,0,0,0,0,0,0,0,0,0,0,0,0,1,1,1,3,0,0,0,0,15,14,12,11,10,9,9,9,8,8,7,6,6
GATCCGGAAGACATATCATAC,TGTACAAAAGAAC,true,4,10,11,28,0,0,0,0,0,0,0,0,0,0,0,1,2,1,1,0,2,1,0,1,24,24,21,21,16,16,16,16,13,13,13,12,10
AACAGCTCGACGGGCTCAAGG,TGTATGATCCTGA,true,2,5,12,29,0,0,0,0,0,0,1,0,0,1,0,0,0,0,1,3,1,1,0,3,27,25,22,20,18,16,14,12,10,8,6,6,5
TTGATGTTACTGGCGGCTGTC,TGCGCAAGCATCG,true,2,19,12,44,0,0,0,0,0,0,0,0,0,0,0,0,1,2,1,3,2,1,1,0,37,35,34,30,29,29,26,25,24,23,22,20,19
TCTTTCGTTGGGAAATCTCTG,AGTTTTAATGGCA,true,4,9,6,23,0,0,0,0,0,0,0,0,0,0,0,0,0,1,0,1,0,0,3,0,23,21,21,21,18,17,14,14,12,12,10,10,9
AAACACAAAAAAAAACAACAC,AAAAAAAAACCCA,true,9,1,0,11,0,0,0,0,0,0,0,0,0,0,0,0,0,0,0,0,0,0,0,0,8,6,5,5,3,3,3,2,2,1,1,1,1
CAGCTCTTTTTCAGCAATATG,GTTCCAATCACTG,true,2,4,7,21,0,0,0,0,0,0,0,0,0,0,0,0,1,0,1,0,1,2,1,1,16,15,12,11,11,11,9,9,8,6,4,4,4
AAGTGTTTATGCAAATCGAGC,TGTGCCAAAACGA,true,4,13,5,28,0,0,0,0,0,0,0,0,0,0,0,0,1,0,0,0,3,1,0,0,26,25,25,21,21,19,18,18,18,14,13,13,13
AAGACCGGGGTCGGCGTAGAG,GCCGGTATCGCTA,true,2,3,7,20,1,0,0,0,0,0,0,0,0,0,0,0,0,0,1,0,0,3,0,1,16,15,12,10,10,7,6,6,6,6,4,4,3
TAGTATAACATATTTTTACAA,AACCGAAAAGGTC,true,4,2,3,16,0,0,0,0,0,0,0,0,0,0,0,0,2,0,0,0,1,0,0,0,16,12,10,7,7,5,5,5,5,2,2,2,2
TTCCAAAATGAATCAACAGAT,GCAGAAGAATTTA,true,3,12,12,26,0,1,0,0,0,0,0,0,0,0,0,0,2,1,0,2,4,1,1,0,23,21,20,18,18,15,14,14,12,12,12,12,12
AGGCCTTGGTATTTCAGAAGA,TCTTCATACGAAG,true,2,8,6,19,0,0,0,0,0,0,0,0,0,0,0,0,0,0,1,3,0,0,1,0,16,15,15,15,11,11,10,10,10,9,9,8,8
GCATTTCCGCTTGAAAACCTT,GTATATATCGCAG,true,2,9,6,23,0,0,0,0,0,0,0,0,0,0,0,1,0,1,0,1,0,0,0,2,20,20,17,14,13,11,11,11,11,10,10,10,9
CGATCACACTGTCATCCTCTT,CTAAAATGTCACG,true,4,5,11,21,1,0,0,0,0,0,0,0,0,0,0,0,2,0,0,3,3,0,0,2,20,17,15,14,14,11,8,8,7,7,6,5,5
TTGAATAATTCATCCGTAGTG,AGACCTAAGCAAG,true,2,6,7,20,0,0,0,0,0,0,1,0,0,0,0,0,1,1,0,0,2,2,0,0,18,17,16,14,11,10,9,8,8,7,7,6,6
TAGTCAGTTATATAAAAAATG,GTACATGAACAAT,true,2,4,6,14,0,0,0,0,0,0,0,0,0,0,0,0,1,0,0,1,0,0,2,0,10,10,10,10,9,9,8,8,8,6,6,4,4
TAAAAGTGACTAGTTTCTATT,TTCCGCACGGTGA,true,4,5,7,19,0,0,0,0,0,0,0,0,0,0,1,0,0,1,0,0,0,3,1,0,18,17,13,12,10,8,8,8,8,7,7,6,5
CGGCGGACAGAATGTGGTGGA,GGCTGCCCTTTTA,true,4,4,12,22,0,0,0,0,0,0,0,0,0,0,2,0,0,4,0,0,0,2,1,2,21,20,17,14,13,13,13,11,7,7,7,5,4
CGATTTACTCCTGAAAACTTA,GCAGCAAATATGC,true,3,7,10,23,1,0,0,0,0,0,0,0,0,0,0,0,3,2,0,0,2,0,1,0,20,20,20,19,18,15,15,12,9,9,8,7,7
GCAACTGTTCAACTGTCAATC,AAGTATCCCAACA,true,3,4,10,27,0,0,0,0,0,1,0,0,0,0,0,0,2,1,0,1,0,2,0,0,26,23,20,19,16,14,11,11,8,7,6,4,4
CCTGCGTATTCTAAGACTTCT,TCATTTGTTTTCA,true,4,10,5,26,0,0,0,0,0,0,0,0,0,0,0,0,1,0,0,0,0,0,0,3,25,22,21,18,16,13,12,12,12,11,11,11,10
ACGACAGACATGCTCCGCCTC,CTCCCCCGCAAAC,true,5,9,11,34,0,0,0,0,0,0,0,1,1,0,0,0,0,0,2,2,0,3,0,0,30,29,25,25,25,20,17,14,13,13,11,10,9
AGTTCGTGCCGCTCAGTGCTT,CGTCAATATTTTG,true,4,7,14,26,1,0,1,0,0,1,0,0,0,0,0,0,0,3,1,1,0,1,1,1,22,20,20,20,16,15,13,12,12,12,11,9,7
CGGTTTTAAAAAGCCTGACAG,AAGGCTTTTTGTA,true,5,4,3,15,0,0,0,0,0,0,0,0,0,0,0,0,1,0,1,0,0,0,0,0,14,12,9,7,5,5,5,5,5,5,5,5,4
TCAATCATTGGGTTTCTTGAT,GACATTGGAATTC,true,2,5,11,21,0,0,0,0,0,0,0,0,0,0,0,0,1,0,1,2,0,0,1,1,20,20,19,19,18,16,14,12,11,11,10,8,5
TAAACGTCTTGTTTCGTATGT,GATTGTAGCGCTC,true,2,5,13,29,0,0,0,0,0,0,0,0,0,1,0,0,2,2,0,1,1,1,1,0,27,24,22,21,20,18,13,11,10,9,8,7,5
GAATGTACAATGAAATGAGCG,ATAACACATCCAT,true,2,5,16,27,0,0,0,0,0,0,0,0,0,0,0,0,2,1,0,3,3,4,0,1,25,22,20,17,16,14,14,13,12,11,7,5,5
CTGTATATCAAAAAAACTCTT,GGATAGGTAAAGA,true,3,7,7,26,0,1,1,0,0,0,0,0,0,0,0,0,0,1,1,1,1,0,0,0,22,18,15,14,13,13,12,11,10,10,8,7,7
CAGCACCTGTTCTCCGACTGC,AGCGGCCAGCTCG,true,2,5,11,20,0,0,0,0,0,1,0,1,0,0,0,0,1,1,2,2,1,1,1,0,18,17,17,16,14,13,11,11,9,8,7,5,5
GAACGTTTAAATGGGGCGTTA,CGACATCTCAAAC,true,3,11,6,25,0,0,0,0,0,0,0,0,0,0,0,0,0,0,0,1,1,2,0,1,23,22,19,18,18,17,15,15,14,14,13,12,11
AAAGATCCCTCTTCGTTGATG,TCCCAGCAATGTG,true,3,3,2,11,0,0,0,0,0,0,0,0,0,0,0,0,0,1,1,0,0,0,0,0,11,11,10,10,4,4,3,3,3,3,3,3,3
GGCCCAAGAGATTTAGAAGAT,ATTAAGATTTTAG,true,4,10,8,26,0,0,0,0,0,0,0,0,0,0,0,0,2,0,0,0,2,0,1,2,24,23,22,22,21,19,18,16,15,15,12,11,10
CTGTCTGAAATAAGGGTGGTA,CCGCGGCCACAAC,true,2,5,11,32,0,0,0,0,0,0,2,0,0,0,0,0,0,4,0,0,0,3,0,0,31,23,15,12,10,10,9,8,8,7,7,7,5
ATTGGAGAAGCAGCTCTTGGT,GTAAGGTTCAAGA,true,2,11,12,34,0,0,0,0,0,0,0,0,0,0,0,0,1,1,0,6,1,0,1,1,30,28,26,23,21,18,18,17,14,13,13,12,11
TTTTTATGAACATCAATCACG,ACAATTTTGGCAC,true,4,7,11,25,0,0,0,0,0,0,0,0,0,3,0,0,1,2,0,2,1,1,0,1,24,21,20,18,16,15,15,11,8,8,7,7,7
CCAAAGTATTTCGCTTGCCTT,TTATCGGGCAATG,true,4,4,5,24,0,0,0,0,0,0,0,0,1,0,0,0,1,0,0,1,0,0,1,1,22,21,16,14,7,7,6,4,4,4,4,4,4
GGGAGGGATATAGATGGGGCT,GAGACTTATCGTA,true,2,4,10,19,0,0,1,0,0,0,0,0,0,0,0,0,0,2,1,2,1,0,1,1,17,15,13,13,12,11,8,6,6,6,5,4,4
TTTTAAATGTAAATTTGGAAA,GATAAAACGTACA,true,4,6,7,22,0,0,0,0,0,0,0,0,0,0,0,0,1,1,0,1,1,0,0,0,17,17,17,14,14,14,12,11,10,9,9,7,6
AATCATTTTATCTGTGTGCCT,TGCTGCAGCCTCA,true,2,8,8,27,0,0,0,0,0,0,0,0,1,0,0,0,1,1,0,0,1,3,0,1,24,24,21,19,18,17,13,12,11,9,8,8,8
CAGCCAAAAAGTCTCTTCTGA,AAAGCGCTGGCAC,false,4,3,5,19,0,0,0,1,0,0,0,0,0,0,0,0,3,0,0,0,0,0,1,0,19,18,18,5,5,4,4,4,4,3,3,3,3
TTCATCTTCAGGAAGAGACAC,GCCCAATGTCTCT,true,3,14,13,34,1,0,0,0,0,0,0,0,2,0,0,0,1,0,0,2,1,1,1,2,33,32,30,27,23,21,20,19,18,16,15,15,14
TAAAGTAAGATTGCTCTCATT,CCATAGTAAGAGA,true,2,8,7,23,0,0,0,0,0,0,0,0,0,0,0,0,1,0,0,0,3,0,0,0,21,19,17,16,14,14,13,13,11,11,11,9,8
GCCAATACTGAAATGTGCTCC,GCTTGGATGTACG,true,2,8,10,27,0,0,0,0,0,0,0,0,0,0,0,0,3,1,0,1,0,2,0,3,24,21,19,18,18,17,16,11,11,10,9,8,8
ATCACAAGGAAGAGAAAATTC,GGGGTCTATCGAG,false,4,2,5,22,0,0,0,0,1,0,0,0,0,0,0,0,0,0,0,1,0,0,3,0,22,20,16,4,4,4,4,3,3,2,2,2,2
CGATTTGATTTCATTCTTTTT,CTCCTTCTTCAGA,false,5,10,18,48,0,0,0,0,0,0,0,0,0,0,2,0,0,1,1,4,1,3,1,3,30,29,27,25,24,23,19,19,15,14,13,12,10
CACATTTGCCGTTTCTCATAT,CAATTGCCGATAT,true,2,6,8,30,0,0,0,0,0,0,0,1,0,0,0,0,2,0,4,0,0,0,0,0,29,28,26,19,17,16,16,13,12,7,7,6,6
GGTAATCCGTTTTGAGCATAT,AAAGCCTTGTCGC,true,3,5,7,18,0,0,0,0,0,0,0,0,0,0,0,0,1,0,1,2,0,0,1,0,18,18,16,12,11,11,11,10,8,8,7,7,5
AAAAATACTGCAAAAAGCTGC,AAAAGCTGAGACT,true,4,1,2,11,0,0,0,0,0,0,0,0,0,0,0,0,0,0,0,0,2,0,0,0,9,9,8,8,7,7,7,6,6,5,1,1,1
AGGCATTCACTTGTCAGTCGC,TGCTGCTTCAATC,true,2,7,21,33,0,0,0,0,0,0,1,0,0,0,0,0,2,3,4,2,4,0,1,4,31,29,28,26,24,21,18,16,14,13,8,7,7
GCCGGATTTATATGTGGTAAA,GAAGACAAAGTCT,true,3,4,6,16,0,0,0,0,0,0,0,0,0,0,0,0,2,0,0,0,1,0,0,0,14,14,13,10,10,8,8,8,8,7,7,5,4
GAAGACACCTCTGTCATCAAA,GCCATATATGACA,true,3,8,12,31,0,0,0,0,0,0,0,0,0,0,0,0,3,1,1,1,1,1,0,2,24,24,19,18,18,17,15,14,12,12,10,9,8
TCAAACAGCAAAAAAGACTTA,ATCGATGAGCTGA,true,2,5,4,11,0,0,0,0,0,0,0,0,0,0,0,0,0,0,1,0,0,0,0,3,11,9,8,8,8,8,8,8,8,6,5,5,5
AGGTACCCTTCCAGCGGATGC,TGAATGTTTTTAT,true,5,5,12,20,0,0,0,0,0,0,0,0,0,0,0,0,4,0,1,1,0,0,0,2,18,17,17,16,14,13,13,13,12,12,10,6,5
GGCTGTTTAAAAGGTGTTTTT,GATCCCTGTCTCA,true,5,10,27,64,0,0,0,0,0,0,0,1,0,0,0,0,2,4,1,5,0,3,1,1,58,54,50,45,42,31,31,31,28,26,20,19,10
CCAGATGAAGTGTTTATGACA,ACAAAGCTTGATA,true,3,12,7,32,0,0,0,0,0,0,0,0,0,0,0,0,1,3,0,1,0,0,0,0,28,25,23,22,21,16,16,14,14,14,14,13,12
CTTCATAGGAAAGGTTGATGA,TCCGGGATGAGTC,true,3,6,8,21,0,0,0,0,0,0,0,0,0,0,0,0,1,0,0,2,0,2,3,0,21,18,13,13,13,8,8,8,7,7,6,6,6
TTCTCCAGTGGCTCCTGTTGA,TGCCTTGATCCTG,false,2,1,0,12,0,0,0,0,0,0,0,0,0,0,0,0,0,0,0,0,0,0,0,0,11,2,2,2,2,1,1,1,1,1,1,1,1
GCGGTTTATTTGAAAATGCCT,ATCACTGCCAGGA,true,2,3,4,11,0,0,0,0,0,0,1,0,0,0,0,0,0,0,1,1,1,0,0,0,7,6,4,4,4,4,4,4,3,3,3,3,3
TTCCAGCTGCCGCTTATCTGT,AAAGCCAGTCGAT,true,3,2,1,15,0,0,0,0,0,0,0,0,0,0,0,0,0,0,0,1,0,0,0,0,14,14,13,8,8,8,7,6,5,4,2,2,2
ATACAGGTGAGGATGCAGAGG,ACTTAATCTCCAT,true,2,7,12,33,0,0,0,0,0,0,0,0,0,2,0,0,0,1,0,2,2,2,0,2,30,21,20,16,15,14,13,12,12,11,10,8,7
AATGGCCCTGTCGCCATCCCC,TTCATCGTCGTGC,true,4,6,11,30,0,0,0,0,0,0,0,0,0,0,0,0,1,1,1,1,0,3,1,1,28,28,26,25,20,19,16,16,13,11,9,8,6
ATCTGAATTCGCCTATATTTT,TTGTCAGACAAAT,true,6,10,14,41,0,0,0,1,0,0,0,0,0,0,0,1,1,1,3,0,3,0,0,2,37,28,26,23,22,21,18,16,16,15,15,12,10
CAGCTATGAAGGAAATCCGCT,CGTCAACGCAATG,true,2,11,7,28,0,0,1,0,0,0,0,0,0,0,0,0,1,3,0,1,0,0,1,0,27,24,23,21,19,18,15,12,12,12,11,11,11
GTGGATGTCGATAAGTATTTG,CGCTGGCTCGCCG,true,2,7,10,24,0,0,0,0,1,0,0,0,0,0,0,0,0,1,3,1,0,0,2,0,23,19,18,17,16,14,12,12,11,11,9,7,7
AAACAGAGCAGCTGCTTGAGG,AACATGCACGAAG,true,2,9,12,26,0,0,0,0,0,0,0,0,0,0,0,0,0,2,0,1,4,3,2,0,25,24,21,19,18,16,15,14,14,12,12,9,9
TGCTGAACACGATTAAATCAG,CGAGTATGCTGGT,true,2,8,15,33,0,0,0,0,0,1,0,0,0,0,0,0,1,4,0,2,2,1,1,1,31,27,26,25,22,18,17,16,15,13,12,9,8
CAATACAAATAATTCTAAGCG,GTCCAGGCCTTCT,true,2,10,11,31,0,0,0,0,0,0,0,0,0,0,0,0,1,0,3,1,0,1,3,0,24,20,19,17,15,14,12,12,12,12,11,11,10
GATCTGTTCGCTTGTTGAACA,TGAATCACTCACA,true,2,15,7,37,0,0,0,0,0,0,0,0,0,0,0,0,0,0,0,3,0,1,0,1,35,31,29,27,25,22,20,19,19,18,18,16,15
CCAGTCCGACAATGACCCCAA,TGATGACCGCAGT,true,2,8,4,19,0,0,0,0,0,0,0,0,0,0,0,0,1,1,0,1,0,0,0,1,15,13,12,11,11,11,10,10,8,8,8,8,8
GGGCAAAGAGATGATTCTGCC,GATGAATACAGGA,true,2,12,6,25,0,0,0,0,0,0,0,0,0,0,0,0,0,1,0,1,0,0,0,1,24,23,22,20,20,17,16,16,15,15,15,13,12
TGACATTCCATACTGATGAGG,CTGGAAATCCTGT,true,3,7,5,18,0,0,0,0,0,0,0,0,0,0,0,0,1,0,1,0,0,0,0,1,16,14,12,12,12,12,12,9,9,9,9,7,7
CAGGCGTATTCGATTATCGGG,GTTTCCGATCCTG,true,4,8,11,32,0,0,0,0,0,0,0,0,1,0,0,0,1,1,0,3,0,1,3,0,19,18,18,15,11,10,9,9,9,9,9,9,8
AAAAAGCCGTTTTGCAGCGCA,GGGTCTTTCGGAC,true,3,5,3,18,0,0,0,0,0,0,0,0,0,0,0,0,0,1,0,2,0,0,0,0,18,16,13,10,8,7,7,7,5,5,5,5,5
ATTATATCCCAAACAGAAACA,TTAACAAACGTGA,false,3,1,3,12,0,0,1,0,0,0,0,0,0,0,0,0,0,0,0,0,2,0,0,0,11,10,8,1,1,1,1,1,1,1,1,1,1
TCACAATGAAAAAATGTCTTC,TATTTCTAACACT,true,3,2,0,12,0,0,0,0,0,0,0,0,0,0,0,0,0,0,0,0,0,0,0,0,11,9,9,9,7,5,5,3,3,3,3,2,2
CTCAACGATAAGCGCTTCGTT,AATTTCCGGAGCA,true,3,9,13,35,0,0,0,0,0,0,0,0,0,0,0,0,1,0,1,4,1,2,1,1,31,28,26,26,25,17,14,14,12,12,12,11,9
ATATGTTTTGAAATCGTCCTG,CAACACTTCGCCG,true,2,9,11,27,1,0,0,0,0,0,0,0,0,0,0,0,4,1,1,1,1,1,0,0,27,27,24,16,14,14,14,14,12,12,11,10,9
CTGAATGATTTCCTGAAATAA,AGATGAGGATACA,true,3,11,14,34,0,0,0,0,0,0,0,0,0,0,0,0,2,2,0,1,3,0,3,2,31,25,24,21,21,19,16,14,14,13,12,11,11
GGTTTATCATTTATCTTTTTC,TATTGCCATAAGA,true,2,6,10,28,1,0,0,0,0,0,0,0,0,1,0,0,0,1,1,0,0,1,0,2,25,23,21,20,19,19,17,13,11,9,9,7,6
TCATCCAATGCGTCTCCGTCA,AAACCGCGGCTTG,true,4,8,15,34,0,0,0,0,0,0,1,0,0,1,0,0,2,3,3,0,2,2,0,0,33,32,29,23,19,18,14,14,12,12,10,9,8
AGTTGTAATGATTTCCTTGTT,ACTCATACGGATC,true,2,7,8,29,0,0,0,0,0,0,0,0,0,0,0,0,1,1,0,4,1,0,1,0,21,17,17,12,9,9,8,8,8,7,7,7,7
GACACACCAATTAGATTAACA,AATGGCGAAGAGC,true,3,7,7,20,0,0,0,0,0,0,0,0,0,0,0,0,0,1,1,2,2,0,1,0,20,15,14,12,10,10,10,8,7,7,7,7,7
GATTGGATTGCATACTGCCTA,TAAAAGCCTGCTG,true,4,7,9,23,0,0,0,0,0,0,0,0,0,0,0,0,2,1,1,2,2,0,0,1,21,20,19,19,14,13,11,11,10,8,8,7,7
ACAAAAGACAACAGACTCCAA,TCAAGATCAAAAG,true,4,8,9,25,0,0,0,0,0,0,0,0,0,0,0,0,3,0,0,1,1,0,0,0,23,20,18,18,16,15,14,13,12,12,12,12,8
ATTCAAAATGCAAACATCATT,TATCGAACTCTTA,false,3,3,3,23,0,1,0,0,0,0,0,0,0,0,0,0,0,0,2,0,0,0,0,0,20,19,17,15,14,4,3,3,3,3,3,3,3
TGCAGAAAAAAGGAATAATAG,CGCCCTATTATTC,true,3,7,14,25,0,0,0,0,0,0,1,1,0,0,0,0,1,1,2,2,1,3,0,0,25,24,21,21,18,15,15,14,12,9,9,7,7
CTTTTAGCAGTATTGGAAAAT,TTGTAGATGGAGC,true,3,4,3,16,0,0,0,0,0,0,0,0,0,0,0,0,0,0,3,0,0,0,0,0,16,14,11,10,9,8,8,8,7,7,4,4,4
CCGTTTTGATCATAATATGAA,TTCATCTATTCAG,true,2,9,6,26,0,0,0,0,0,0,0,0,0,0,0,0,2,0,0,1,1,1,0,1,23,21,20,19,17,15,14,13,11,9,9,9,9
CGATTACTTACTCGACCGCCG,CGACAGCTTCGGT,true,2,7,9,21,0,0,0,0,0,0,0,0,0,0,0,0,0,0,1,1,0,3,3,0,17,15,13,12,12,12,11,11,11,10,10,8,7
TTTGTTTCATGTTCGCTGGCA,AAAATGCTTCCTG,true,5,8,12,30,0,0,1,0,0,0,0,0,0,0,0,0,1,1,2,4,1,2,0,0,30,30,26,23,20,20,18,17,15,12,9,8,8
AACGAATTAAAATTATCTAAA,CGATTGCAAACAG,true,3,8,11,31,0,0,0,0,0,0,0,0,0,0,0,0,1,3,3,3,0,0,0,1,29,27,25,24,21,16,14,12,12,11,9,8,8
AAGAATGGCATAAACGGATGG,AGCAGGCGCATCG,true,2,6,1,17,0,0,0,0,0,0,0,0,0,0,0,0,0,0,1,0,0,0,0,0,14,12,9,9,8,7,7,7,7,6,6,6,6
AGGAATGATTTTATACGTGAC,ACTATCTAAATAC,true,3,7,7,25,0,0,0,0,0,0,0,0,0,0,0,0,0,0,0,2,3,1,0,0,25,22,20,18,16,14,14,12,12,10,10,8,7
TCAAAAGATGTAAACGTGTCG,TATTCTGCGGTCG,true,2,8,11,28,0,0,0,1,0,0,0,0,0,0,0,0,1,1,2,0,0,1,2,2,27,26,25,21,20,18,15,13,12,11,9,8,8
CAGCATGCTGCTGAATCTGAG,CGGCGCACACAGC,true,2,8,12,29,0,0,0,0,0,0,0,0,0,0,0,0,2,5,2,0,0,1,1,0,28,27,22,21,16,15,14,12,10,10,10,9,8
TCGATGACAAATTCGCTCAAT,GCGCGCTTCATGC,true,2,14,10,27,0,0,0,0,0,0,0,0,0,0,0,0,2,0,3,2,0,0,1,2,26,25,24,23,19,18,18,17,16,16,14,14,14
CCCAGTACCGCAAAGTCTATT,AAACGATCCGCCA,true,3,8,8,25,0,0,0,0,0,0,0,0,0,0,0,0,1,0,1,1,0,4,0,0,24,22,21,16,15,15,14,14,9,9,9,9,8
ATGGCCGTCTTTTCCCAGTGC,CCCATTTGGTGAT,true,4,6,5,15,0,0,0,0,0,0,0,0,0,0,0,0,0,0,0,0,0,2,2,0,15,15,11,10,10,9,9,9,8,8,7,7,6
TAGCCAAGTAGGCGCTGTTTG,TCATCAATGGGCT,true,3,4,6,12,0,0,0,0,0,0,1,0,0,0,0,0,0,0,1,0,0,1,3,0,12,11,11,10,10,10,9,8,8,8,5,4,4
ACGCGCTTGTTGCAACTGAGC,ATTTGCCGCCATA,true,3,7,14,32,0,0,0,0,0,0,0,0,1,0,1,1,4,1,1,0,2,2,0,1,31,28,27,22,20,20,17,14,14,10,8,7,7
TATCATTCCTAAGCTAGTTGT,CATGATCTTGTAC,true,2,6,10,21,0,0,0,0,0,0,0,0,0,0,0,0,2,0,0,2,0,1,1,3,18,17,16,15,15,12,11,11,8,7,7,6,6
AGCAATATTACTCTGAAATCA,TTGATCAGATCAT,true,2,10,13,27,1,0,0,0,0,0,0,0,0,0,0,0,3,0,1,3,1,2,0,2,26,23,20,19,18,16,16,15,13,11,10,10,10
ACTGGACAGCCTGCCGCGCAA,TGCGTCTAATAAG,true,2,6,13,25,0,0,0,0,0,0,0,0,0,0,0,0,2,3,0,2,4,0,0,2,24,22,22,18,17,17,16,14,10,7,7,6,6
CTTCAAGAAAAATTTGACCGG,ATGAGGGCAAAAG,true,4,9,8,19,0,0,1,0,0,0,0,0,0,0,0,0,1,0,1,0,2,0,1,1,18,15,15,13,13,13,12,12,11,10,10,10,9
GCCATTCGGTCAGGGAACATT,TGCAAACGCACAT,true,3,5,11,23,0,0,0,0,0,0,0,0,0,0,0,0,2,3,1,0,2,1,0,2,18,17,16,13,13,10,9,9,7,7,5,5,5
CTTTTAAAGATAGGGCTACCG,CTGAGAGAATCGC,true,2,6,4,16,0,0,0,0,0,0,0,0,0,0,0,0,1,1,0,1,1,0,0,0,15,14,14,14,10,10,10,10,8,7,6,6,6
CGGTACTCGTTTTCGTTCTCA,AATACATGGATTG,true,3,6,7,22,0,0,0,0,0,0,0,0,0,0,0,0,3,1,0,2,0,0,0,1,21,21,16,16,13,13,12,12,8,7,7,6,6
GAGAATATCGCATTCGATCAA,TGTACAGATGTTG,true,2,7,11,31,0,0,0,0,0,0,0,0,0,0,0,1,2,0,0,3,2,0,0,1,27,24,21,19,17,16,14,11,11,11,10,8,7
TTCTGTAATGATTGATTGGCG,TTGTTCATTCAAT,true,2,9,16,35,2,0,0,0,0,0,0,0,0,0,1,0,2,0,2,3,1,0,0,2,33,31,27,26,25,20,17,15,13,13,12,10,9
AAGTAACCGACTGGAACACCA,TTAAAAAACCTGA,true,6,8,8,24,0,0,1,0,0,0,0,0,0,0,0,0,1,1,0,0,1,0,1,1,24,20,18,18,18,18,18,14,11,11,11,9,8
AGGACAGCTTTTACATCACAG,AGGAAACTTTGAT,true,3,5,10,20,0,0,0,0,0,0,0,0,0,0,0,0,4,0,2,2,0,0,0,1,19,15,15,13,13,11,9,9,9,8,6,6,5
GCATTATTCAGCTATTAGAAA,AAGCCAAAACAAG,true,5,9,14,39,0,0,0,0,0,0,0,0,0,0,0,0,1,2,2,0,7,0,0,0,38,33,26,22,21,19,19,17,13,12,12,11,9
ATATTGCGGTTTTATTATGGC,TTCACATCCGGCA,true,2,6,8,24,0,0,0,0,0,0,0,0,0,0,1,0,0,0,1,1,1,1,1,2,24,19,13,12,12,10,10,9,7,7,6,6,6
GTTAATGTTTGAAAGTTACAA,AGCTCCGATTCCT,true,3,9,9,32,0,0,0,0,0,0,0,0,0,0,0,0,0,2,0,0,2,2,0,0,28,27,22,19,19,16,16,15,15,13,13,9,9
CGATGGGTATAAGTGCGGGAA,TCGATCCCGAGGA,true,3,8,4,16,0,0,0,0,0,0,0,0,0,0,0,0,0,0,0,0,0,1,0,0,15,15,14,14,14,13,13,11,11,11,11,9,8
GTAAAATGGGTTCAAATCGAT,GAGCCGGCGCTTG,true,2,9,6,24,0,0,0,0,0,0,0,0,0,0,0,0,1,0,1,1,1,1,0,0,21,19,16,16,14,12,11,10,10,10,10,10,9
CTGCCGTTATCCGCGGCAGTG,GTGAAGCTCGTTC,true,2,4,6,13,0,0,0,0,0,0,0,0,0,0,0,0,0,0,1,0,0,1,1,1,12,11,10,10,10,10,7,7,7,6,6,6,4
GTTCCGCGTTGACGGTAAAGG,ATAGAACCGCCTG,true,2,10,11,24,0,0,0,0,0,0,0,0,0,0,0,0,2,3,2,1,1,1,0,0,24,22,21,20,20,19,17,15,14,14,13,11,10
CGTCGACATTTCCAATCTCAG,CAATTCATACTGA,true,2,3,7,20,0,0,0,0,0,0,0,0,0,0,0,0,1,0,0,3,0,0,0,0,19,18,15,13,12,10,10,9,7,6,6,6,3
ACCGACATTGGCAGAGCAATG,CATGGATAAAATA,true,4,10,14,36,1,0,0,0,0,0,0,0,0,1,0,0,0,3,0,2,0,0,3,0,34,28,26,25,19,19,19,16,15,15,12,10,10
CGCAGTTCATCCTCAGTAATG,TCTCCGTTTTTCT,true,5,9,15,35,0,0,0,0,0,0,0,0,0,0,1,0,0,1,1,1,0,3,0,0,35,32,30,27,23,22,20,20,20,19,14,10,9
CTCCTCGGGCTTGCACCCTAA,CAGAGCAACCCCT,false,4,2,3,18,1,0,0,0,0,0,0,0,0,0,0,0,0,0,1,0,1,0,0,0,15,14,12,11,11,11,9,2,2,2,2,2,2
AGGATTATATACAGCGGAAGG,CATAAACCGATGA,true,3,8,8,26,0,0,0,0,0,0,1,0,0,0,0,0,2,2,1,0,2,0,0,0,25,20,19,18,18,16,13,12,12,11,9,8,8
AAATTCGGCTGGGATTTCGTC,AATTCTGAAGAGC,true,2,7,14,29,0,0,0,0,0,0,0,0,0,0,0,0,4,1,2,2,1,2,1,1,26,23,22,20,15,14,13,11,11,8,8,7,7
TGTCTTTCGCGTCATTTTTTT,CAGGACGCTCTTC,true,7,5,18,36,0,0,0,0,0,0,0,0,0,0,0,0,1,2,2,5,1,2,1,0,27,22,22,19,15,10,10,9,9,9,9,7,5
TTCCGGTTTGTCTTGGTATTT,CGCGTAATTTTCA,true,4,6,9,24,0,0,0,0,0,0,0,0,0,0,0,0,1,0,0,2,0,1,0,2,17,16,16,14,13,12,12,12,12,12,9,8,6
GGTCTCTTTCAGTTCTTCTCC,CGTCAGGCGGACA,true,3,12,16,38,0,0,0,0,0,0,0,0,0,0,0,0,2,5,1,0,0,4,4,0,32,27,26,25,22,19,17,15,15,13,12,12,12
GAAAGAAATCTTCCCCAAGTA,CACTTTGGCTATA,true,3,8,6,22,0,0,0,0,0,0,0,0,0,0,0,0,1,1,0,0,0,1,0,2,19,16,16,16,16,14,12,12,11,9,9,9,8
TCGCTCCGTGGATTGCGGGAA,TGCTGTCAGAACA,true,2,11,3,19,0,0,0,0,0,0,0,0,0,0,0,0,1,1,1,0,0,0,0,0,16,15,15,14,13,13,12,12,12,12,12,11,11
AGTAAGCACCGCAAGCACGAT,GCTGCCGATTAAT,true,2,7,12,31,0,0,0,0,0,0,0,0,0,0,0,0,1,1,1,1,0,2,1,2,27,27,22,20,19,15,12,11,11,10,10,8,7
TCACCGAACGGATAAAAGACG,AGAGATTCAGTAC,true,2,12,5,28,0,0,0,0,0,0,0,0,0,0,0,0,0,2,0,2,0,1,0,0,28,24,24,22,21,21,19,15,14,14,13,12,12
CCGATCGTTACGTGAGTTCCG,TGAGTTCCAAGTA,true,2,9,10,27,0,0,0,0,0,0,0,0,0,0,0,0,1,0,1,0,2,1,1,0,26,25,22,22,22,21,20,18,17,15,13,11,9
CCTGTTATTCGTAACTGCTGG,CATAATTGAAGGA,true,2,7,14,31,0,0,0,0,0,0,0,0,0,0,0,0,2,1,1,1,4,0,3,0,26,24,23,22,18,16,16,15,14,13,12,8,7
CTCCTGTACTTCCTGTGGAAG,TTCCAATTCAAGC,true,2,4,9,21,0,0,0,0,0,0,0,0,0,0,0,1,1,1,0,1,1,1,0,2,20,19,13,12,12,10,9,8,7,6,5,5,4
CTTGGTTTTATCAAAAAGAGA,AAAAACCCTGTTA,true,6,7,6,22,0,0,0,0,0,0,2,0,0,0,0,0,2,0,0,0,1,0,1,0,22,22,22,18,15,11,9,9,9,8,7,7,7
TCGTGTTTGTTTTACGTAATC,TTCTTTACTTGTC,true,3,9,13,36,0,0,0,0,0,0,0,0,0,0,0,0,3,1,0,2,2,1,1,2,35,31,30,28,28,22,16,14,14,13,11,10,9
GGCTTCGGATTAAAAATACAC,GCAGATGAAATCG,true,3,10,13,24,0,0,0,0,0,0,0,0,0,0,0,0,4,0,2,3,2,0,2,0,23,22,21,19,18,17,13,13,13,12,10,10,10
TATAACCCATCGCAATCGGTT,CAATCCGCTGGTA,true,2,7,6,23,0,0,0,0,0,0,0,0,0,0,0,0,0,0,0,2,0,1,0,2,17,17,13,12,12,11,11,10,9,9,9,8,7
TGGACACGCTGACGATCGGTG,AAAATATCATGCT,true,4,10,12,32,0,0,0,0,0,0,0,0,0,0,0,0,1,0,3,1,5,0,1,1,28,28,27,21,17,14,14,14,13,11,10,10,10
TGGAGATGAAGCTGAAAAAAG,AAGGGATTGCCGC,true,3,9,19,41,0,0,0,0,0,1,0,0,0,0,0,1,3,1,0,4,1,0,2,1,38,37,33,30,27,23,22,18,15,15,12,10,9
GGACAAACTGTACAGGCTGGT,ACAACATTGCGCA,true,2,2,0,19,0,0,0,0,0,0,0,0,0,0,0,0,0,0,0,0,0,0,0,0,18,12,12,9,6,5,2,2,2,2,2,2,2
CTTTCTCATGAGGGCTCTCCG,CCGGTTAGCGGAT,true,2,3,5,16,0,0,0,1,0,0,0,0,0,1,0,0,2,0,0,0,0,0,1,0,15,12,12,8,8,6,6,3,3,3,3,3,3
TTTTTTTTTTTTATATTATTA,TAATTTTTTAATA,false,6,1,0,20,0,0,0,0,0,0,0,0,0,0,0,0,0,0,0,0,0,0,0,0,14,3,1,1,1,1,1,1,1,1,1,1,1
AACAACGGTTTTCCCTTTTTG,CGCATACTTTACA,true,3,7,6,23,0,0,0,0,0,0,0,0,0,0,0,0,0,1,1,1,1,0,0,2,20,19,19,16,14,10,10,10,10,8,7,7,7
AACTGCATGACATAATAAGCT,TGCCCGTCTATGA,true,3,18,11,40,0,0,0,0,0,0,0,0,0,0,0,0,0,0,0,3,0,6,0,2,37,33,33,32,20,20,19,19,19,18,18,18,18
CGTAAACAAAGGCGCAATATT,TATAAAAGGCCGA,true,4,4,2,14,0,0,0,0,0,0,0,0,0,0,0,0,1,0,0,0,0,1,0,0,12,12,11,10,9,8,7,6,5,5,4,4,4
GCGGCAGCTGCCGTTTTTATC,CGTATTTATTCCT,true,3,5,6,22,0,0,0,0,0,0,0,0,0,0,0,0,1,1,0,1,0,0,0,2,20,17,17,14,12,12,8,8,8,8,7,6,5
CCTGGATGAAAAACAGGGAGG,CGGAGACATCTGC,true,2,11,7,28,1,0,0,0,0,0,0,0,0,0,0,0,0,1,1,1,0,1,1,1,28,26,25,22,19,19,17,15,15,12,11,11,11
ACCGGCGGTGATGGGCCAATG,GCTCTAAGCCCGC,true,3,4,6,20,0,0,0,0,0,0,0,0,0,0,0,0,3,0,0,0,0,1,1,0,15,13,12,11,11,10,8,6,6,5,4,4,4
CAAGGAGATGTAGAGGAAACA,AAACTCCACTACA,true,4,7,11,26,0,0,0,0,0,0,0,0,1,0,0,0,0,2,0,0,3,2,0,0,25,25,19,16,15,15,13,12,12,11,11,9,7
GATTTACAAATGAAACGAACT,GCTGTCAGCCTCT,true,2,3,13,28,0,0,0,0,0,0,0,1,0,0,0,0,2,1,0,1,0,4,0,1,23,21,18,17,17,13,12,11,11,8,8,4,3
TCACCAGCAGATGATAGAGGA,TGTGCTTGGGACA,true,3,3,12,24,0,0,0,0,0,0,0,0,0,0,0,0,3,1,1,1,0,2,3,1,20,19,19,16,12,12,8,8,8,3,3,3,3
AGATGCTGTTGTCTCCCATAA,TGGAACATCAATG,true,2,7,13,26,0,0,0,0,0,0,0,0,0,0,0,0,1,2,0,4,2,0,1,1,24,23,21,20,19,17,17,16,12,12,10,9,7
TCTTTTTTATAGGTTTCGTCT,TTTTTCAGCGTTC,true,6,6,12,24,0,0,0,0,0,0,0,0,0,1,1,0,0,0,1,3,0,1,0,2,23,23,22,22,17,12,11,11,10,10,10,7,6
TTGATGGAGACACACGCGGCG,GTGCTGCGCTTTC,true,3,9,11,28,0,0,0,0,0,0,1,0,0,0,0,0,1,0,1,1,0,0,3,1,26,19,17,14,14,14,13,12,12,12,12,10,9
GGAAACTGCCTGCACCGGCAA,ATGACGGTTTTCA,false,4,2,2,15,0,0,1,0,0,0,0,0,0,0,0,0,0,0,0,0,1,0,0,0,2,2,2,2,2,2,2,2,2,2,2,2,2
GGTGTGGATTTGGATACCATT,ATTCAAAGCTACA,true,3,5,8,18,0,0,0,0,0,0,0,0,0,0,0,0,1,0,1,2,0,0,0,2,17,16,14,12,12,12,12,8,7,7,7,7,5
ACTAATGAAGGAACAGAGGCG,CTCTTAGCGCTTG,true,2,9,17,34,0,0,0,0,0,0,0,0,0,0,1,0,2,3,0,4,0,3,2,0,32,30,28,28,28,23,19,19,18,13,13,10,9
AGTGTGCTGATAACTTCACTG,TACTGCTTATTTA,true,3,12,7,26,0,0,0,0,0,0,0,0,0,0,0,0,1,0,0,1,0,0,0,2,24,22,19,18,18,18,18,18,18,17,17,15,12
CTGCACTTCTTGGCAATTGCG,GTGATCCCGGCTG,true,3,5,17,36,0,0,0,0,0,0,0,0,0,0,0,0,1,3,1,2,0,5,3,1,30,29,25,24,19,18,18,12,10,9,7,6,5
AGAGAGGATGTTATTTGAATG,TCAAATATTCAAG,true,3,7,8,28,0,0,0,0,0,0,0,0,0,0,0,0,1,1,0,0,0,0,0,3,28,23,21,21,20,15,15,14,11,11,10,9,7
GTGATAAATCCGTAGTCGAAA,GGAAACAGCCCAG,false,3,3,4,18,0,1,0,0,0,0,0,0,0,0,0,0,1,0,2,0,0,0,0,0,18,18,4,4,4,4,4,3,3,3,3,3,3
ACAGACGGTAATCCTGAAAAG,GTTATGCAGCCAG,true,2,7,9,23,0,0,0,0,0,0,0,0,0,0,0,0,0,1,0,0,1,2,4,0,16,15,15,14,13,13,11,9,9,9,8,7,7
CTACGAGTTGTAATATGTCTT,TCGATAATTTATC,true,3,9,16,34,0,0,1,0,0,0,0,0,0,2,0,0,1,1,0,3,3,0,0,3,33,28,26,26,25,24,20,18,17,12,11,11,9
GTGCTTTATCAGGCTGATCAG,TATATCACATCTA,true,1,9,13,33,0,0,0,0,0,0,0,0,0,0,0,0,1,1,1,1,3,4,0,1,30,27,23,20,17,15,14,12,12,12,10,9,9
GAATACGGTCGGCGCACTTTT,GTTTGTTGCGAGT,true,4,10,8,30,0,0,0,0,0,0,0,0,0,0,0,1,0,1,1,2,0,1,0,2,26,26,26,22,18,16,16,14,11,10,10,10,10
GTATGCCTGTCGCATAGAGCA,GCTCCAGCATTGC,true,2,8,6,22,0,0,0,1,0,0,0,0,0,0,0,0,0,0,0,1,1,1,1,0,21,17,17,16,15,14,12,10,10,10,10,9,8
GTTTTAATGATGAATCGGCGT,GTCCACTCCTCAT,true,2,7,15,27,0,0,0,0,0,0,0,0,0,0,0,0,2,2,0,4,0,3,0,1,27,25,23,20,17,15,14,10,10,10,10,10,7
CAGCCTTTTGCAAGACCGCTT,TTGAAAAAGCGAG,true,5,6,9,32,0,0,0,0,0,0,0,0,0,0,0,0,3,0,0,4,1,0,0,1,30,25,15,14,14,14,14,12,7,6,6,6,6
TTCAGCGGGGCTGTCATTCAC,AGAACTTCTGTTA,true,2,11,10,34,0,0,0,0,0,0,0,0,0,0,0,0,4,0,0,3,2,1,0,0,30,27,26,23,20,19,18,13,13,11,11,11,11
GCGATGTCTTTTGACGAAGAG,CGGCTTGGCTTCG,true,2,3,16,30,0,0,0,0,0,0,0,0,1,0,1,2,0,0,4,0,0,1,5,2,27,26,16,12,10,8,6,6,5,5,4,3,3
ACGATTTCCTTTTCATTCAGC,GTAAGGCTCCATA,true,2,11,11,37,0,1,1,0,0,0,0,1,0,0,0,0,2,1,0,0,2,2,0,0,36,34,32,27,23,21,18,16,15,13,12,11,11
CGCTTCGCCCTTTCAGAAAGA,AATCCTTTTGGCG,true,4,4,10,27,0,0,0,0,0,0,0,0,2,0,0,0,1,0,0,0,1,2,2,1,24,19,15,14,11,11,11,11,10,9,7,4,4
AAAGGGATATTCAACATATCA,CTATGAAAGAAAT,true,3,9,2,19,0,0,0,0,0,0,0,0,0,0,0,0,0,0,1,0,1,0,0,0,16,16,14,12,11,11,11,10,9,9,9,9,9
TGGATAAAATGGAGGAGAACA,ATAGGATTGAAAC,true,3,8,11,28,0,0,0,1,0,0,0,0,0,0,0,0,1,1,1,1,3,0,0,0,24,23,21,20,19,17,15,15,14,13,13,9,8
GCTTGCCAACGTGACGAAAGA,AACGGTTCTACAT,true,3,7,13,38,0,0,0,0,0,0,0,0,0,0,0,0,4,0,0,0,4,1,2,0,37,30,21,20,17,14,13,13,12,12,9,9,7
TACAACCATCGCAATATCATC,AACAGTAACCTCT,true,2,8,6,23,0,0,0,0,0,0,0,0,0,0,0,0,0,1,1,0,2,0,1,1,21,17,13,12,10,9,9,9,9,8,8,8,8
CTTTTTTTCAGCCGGTATCCT,TGAGTCGCCTACA,true,2,5,8,21,0,0,0,0,0,1,0,0,0,0,0,0,1,0,2,2,0,1,1,0,20,19,17,11,10,9,8,8,7,7,5,5,5
GTGCAAAATAAACAAAGTATT,TGGGTGATTTGCT,true,3,8,12,32,0,0,0,0,0,0,0,0,0,0,0,0,2,1,1,1,1,0,3,3,27,25,23,18,17,12,11,9,9,8,8,8,8
TCAAATCAGACGGATCGCTCC,GCAATTGACAGCA,true,2,4,1,11,0,0,0,0,0,0,0,0,0,0,0,0,0,0,0,0,0,0,1,0,10,9,9,9,9,8,7,6,5,4,4,4,4
ATTCAGGATGGTATGAAACAG,CATCCCTTCCTGC,true,3,4,6,16,0,0,0,0,0,0,0,0,0,0,0,0,1,0,0,0,0,4,0,0,14,14,12,11,11,6,6,6,6,5,5,5,4
TGCGTGAGAAACATAAAATCG,AAAAAAACACCCA,true,7,9,11,30,1,0,0,0,0,0,0,0,0,0,0,0,5,1,0,1,3,0,0,0,27,25,24,22,21,21,17,11,11,9,9,9,9
TTACATAAGCGCCCTGTTCAA,GCGTTTTGCTGAC,true,4,4,12,27,0,0,0,0,0,0,0,0,0,0,0,0,1,0,2,3,0,0,1,4,23,20,20,19,19,18,15,11,8,6,5,5,4
GACACAATTCTATACAATGCT,GGCGATGTCCGGT,true,2,8,11,28,0,0,0,0,0,0,0,0,0,0,0,0,0,3,1,3,0,2,1,1,24,23,19,18,17,15,12,12,10,8,8,8,8
GACTTTTCTCATTTCTTGAAA,GAGCTGTTTGGTA,true,3,10,21,39,0,0,0,0,0,2,0,0,0,0,0,0,2,1,3,2,0,1,6,3,35,34,31,30,30,26,25,24,18,15,13,10,10
GATTTTGAATATCTTGATCAA,ACTGCCCCAGGTA,true,4,10,12,27,0,0,0,0,0,0,0,0,0,0,0,0,1,1,1,0,2,3,3,0,22,21,20,20,20,19,19,17,16,16,12,10,10
TCGATCATTTAACACTCATCA,TCCGAGATCTCTC,true,2,7,14,37,0,1,0,0,0,1,0,0,1,0,0,0,4,2,0,1,0,1,1,1,31,30,22,20,18,15,13,11,9,8,8,7,7
GGGGGTTTTTTTTATGATATT,TGTCGACGATACT,true,3,4,2,13,0,0,0,0,0,0,0,0,0,0,0,0,0,0,1,1,0,0,0,0,11,10,8,7,6,6,6,5,4,4,4,4,4
TGTTGCGGTTTCTGCCATCGG,GGCACCGTTTGCG,true,4,10,4,29,0,0,0,0,0,0,0,0,0,0,0,0,0,0,1,0,0,1,1,1,28,21,17,17,13,12,12,11,11,10,10,10,10
ACTTAAGCAAATTAGTAACAG,GCCAATTTAAACT,true,3,7,14,33,0,0,0,0,1,0,0,0,0,0,0,0,0,0,2,3,4,2,0,0,27,24,18,17,15,15,15,15,13,13,9,8,7
ACGCCAGCTCTTCAAAGGGAA,TTTAAGGCCTATG,true,3,5,13,27,0,0,0,0,0,0,0,0,0,0,0,0,2,2,2,1,1,0,1,3,24,23,20,18,16,14,11,9,8,8,6,6,5
AGCCCCGACGCCTGCGCTTCC,ACAAGCACAACCG,true,2,9,9,28,0,0,0,0,0,0,0,0,0,0,0,0,2,1,0,0,1,0,0,0,28,27,27,27,23,20,19,18,18,17,14,10,9
GTTTTGCCGTCAGGGCGAAGG,TACGGAAGAATAT,true,2,3,11,21,0,0,0,1,0,0,0,0,0,1,0,0,2,0,0,1,1,1,3,0,17,16,13,12,8,7,5,4,4,4,4,4,3
AGTTGGACACACAGAAACAAC,CGGCGTTTCCAGA,true,3,6,11,26,0,0,0,0,0,0,0,0,0,0,1,0,0,0,0,3,1,5,1,0,22,21,17,15,14,14,13,12,9,7,6,6,6
TTCCGCCAATAGATATCGCTT,GTCCGCCCATTCA,true,3,10,12,36,0,0,0,0,0,0,0,0,0,1,0,0,0,1,1,4,0,4,0,0,32,31,31,24,23,22,19,15,14,14,13,11,10
GGCTGTTTGCGGAAATATGAA,TGTCGAGTCCCTC,true,3,3,5,13,0,0,0,0,0,0,0,0,0,0,0,0,0,1,0,1,0,0,1,1,11,10,9,6,5,5,4,4,4,4,4,4,3
TCCATCTCGCCCCATACCTGA,TGGAACGCCAGCT,true,2,8,15,29,0,0,0,0,1,0,0,0,0,0,0,0,2,3,2,0,1,1,5,0,29,29,23,22,20,16,16,16,13,10,9,8,8
AAGCGATGCCAAGCTCCGTAT,GCCGAAAGCCATG,true,3,8,6,20,0,0,0,0,0,0,1,0,0,0,0,0,1,0,0,1,2,0,1,0,17,16,12,12,12,12,9,9,9,8,8,8,8
TCAGCCATTTATATCGTCCGT,GATATTCACTTGC,true,2,16,10,32,0,0,0,0,0,0,0,0,0,0,0,0,2,1,1,0,1,0,0,3,30,29,26,25,23,20,20,20,19,18,18,17,16
ATTCGGAAGATCAATTCCAGT,TTTGACACCCAAT,true,4,4,13,26,2,0,0,0,0,0,0,0,0,0,0,0,1,1,0,0,0,5,0,3,24,23,18,17,16,15,15,14,14,8,6,5,4
AAGACCAAGGCGATCAACATC,CATTCCCACTGAT,true,3,9,9,25,0,0,0,0,0,0,0,0,0,0,0,0,1,0,1,0,0,3,0,2,23,21,20,16,16,16,11,11,11,11,11,11,9
TGTTTACCGTAATGTTTACCG,GAGAAATCAGTGT,true,3,7,8,22,0,0,0,0,0,0,0,0,0,0,0,0,1,0,1,1,1,0,1,0,20,18,17,16,14,12,11,11,11,11,11,8,7
CGGAAATCAAAGGACACGAAG,ACGGACCCGTGAT,true,3,11,9,29,0,0,0,0,0,0,0,0,0,0,0,0,1,0,0,3,1,2,2,0,26,23,23,19,18,17,17,15,14,13,11,11,11
TGATCCTGTAGCTGGCAGCAG,TGAGGGCAGGCAT,true,3,3,8,15,0,0,0,0,0,0,0,0,0,0,0,0,1,0,2,0,1,1,3,0,14,12,12,12,12,8,6,5,4,4,3,3,3
TTCATCAAAAGTAAGGTGTTT,TTCACCAAACACT,true,5,2,4,11,0,0,0,0,0,0,0,0,0,0,0,0,0,0,0,0,2,0,0,0,11,11,9,8,8,7,7,6,4,4,4,4,2
TATGAATTTATTTACAACGGT,AATGGCGGAAGCT,true,2,3,5,17,0,0,0,0,0,0,0,0,0,0,0,0,0,1,1,0,1,0,2,0,16,13,10,10,7,7,6,5,4,3,3,3,3
TTGCCAGTGCCTGGTCCTCGT,GATTTTCTAAGAT,true,4,4,5,13,0,0,0,0,0,0,0,0,0,0,0,0,1,0,1,1,0,0,1,1,12,12,12,12,12,11,8,7,7,6,5,4,4
GGTTAGAAACAGCCGAGCTTC,CCAGGATTACCCG,true,3,8,6,27,0,0,0,0,0,0,0,0,1,0,0,0,0,1,0,1,1,1,0,1,25,22,20,18,16,14,13,9,9,9,8,8,8
CCTCATCCCGTTCAGCTGTCT,TTGCTTTTTTCAG,true,6,6,11,23,0,0,0,0,0,1,0,0,1,0,0,0,0,0,1,3,0,0,1,2,22,17,12,12,12,12,12,12,12,10,8,8,6
TGACAGAGATCAGACACTCCT,GCACTTCAAAAAG,true,5,3,6,14,0,0,0,0,0,0,1,0,0,0,0,0,2,1,0,0,0,0,0,0,12,11,8,6,6,6,5,5,5,5,5,4,3
AATCGTTTCAAACGGGCCTGC,TTTTTCGAGTTGA,true,5,11,7,37,0,0,0,0,0,1,0,0,0,0,0,0,0,0,2,2,0,0,0,2,35,34,33,30,23,18,17,17,16,14,13,11,11
TGTGTTAAACAAGCTTCGCCA,ATTTCAGGAAAAT,true,4,12,12,32,0,0,0,0,0,0,0,0,0,0,0,0,2,2,3,1,3,0,1,0,30,27,26,24,20,17,16,15,14,14,14,12,12
CGTCAGGATGAAAAGTCCGGT,ACATGCCACAATC,true,2,3,9,23,0,0,0,0,0,0,0,0,0,0,0,0,3,1,0,1,0,1,1,0,18,12,11,10,8,8,7,7,6,6,6,5,3
GAGGATTTGTAAAAAAAGTCA,AACGAAGAGAATC,true,3,4,11,25,0,0,0,0,0,0,0,0,0,0,0,0,2,0,0,0,6,0,0,1,25,18,14,14,14,13,12,12,11,11,7,6,4
TTCCTAAAATTGATGGTGACC,GTATGTCTATGGT,true,2,7,8,26,0,0,0,0,0,0,0,0,0,0,1,1,1,3,0,0,0,0,1,1,23,19,16,16,16,14,13,10,10,8,8,7,7
TTTCTTCTTATTATGTTTTCC,CTTAAAACAAATA,true,4,10,7,21,0,0,0,0,0,0,0,0,0,0,0,0,0,1,0,1,1,1,0,1,17,15,14,13,13,13,12,12,12,12,10,10,10
TTCCGGACTCCATGAGCAGAT,TTCTGTCCAAGAT,true,3,7,13,36,0,0,0,0,0,0,1,0,0,0,0,0,1,3,0,2,2,1,0,2,35,28,21,20,18,17,17,15,13,11,9,7,7
CTCACTTTGGAAATGCGTTTG,TGCCGTTCAGGCT,true,2,6,5,12,0,0,0,0,0,0,0,0,0,0,0,0,0,0,2,0,1,0,0,2,12,12,11,11,11,11,8,8,7,7,7,6,6
AAATCACGTTTTTTCTGACGA,CGGTCACGGAAAG,true,3,10,18,34,0,0,0,1,0,1,0,0,0,0,0,0,3,2,3,1,0,2,4,0,30,30,23,20,17,16,15,15,13,11,11,11,10
AGCAGTACCAAAAATTTATGC,TGATGAGGCTCAC,true,2,5,9,19,0,0,0,0,0,0,0,0,0,0,0,0,1,1,0,4,0,1,0,1,19,15,15,14,11,11,10,10,9,7,6,5,5
TGGGGCGAGCCGACCGTGGGC,TATCAGAACGTGA,true,2,5,11,21,1,0,0,0,0,0,0,0,0,0,0,0,1,1,1,2,1,1,3,0,20,18,18,16,15,12,10,10,8,7,7,5,5
GAATAACAGATCCTAAAGATA,AGGTAACCTTTTA,true,4,5,7,18,0,0,0,0,0,0,0,0,0,0,0,1,3,0,0,0,0,0,2,0,17,16,11,11,11,10,7,7,6,6,6,5,5
TATGTATTGAACCAAAGTATT,GAACCAAAACCAT,true,4,6,12,27,0,0,0,0,0,0,2,0,0,0,0,0,1,2,2,0,1,3,1,0,24,24,23,19,17,15,13,13,11,8,6,6,6
TCGCTAATACAAATGCTCAAT,TTATCAGCAAACA,true,3,7,18,30,0,0,0,0,0,0,0,0,0,0,0,0,3,0,4,2,2,1,0,2,30,24,22,20,18,17,16,14,13,13,11,8,7
TTTGCGTACAGCGCTTCTTCC,AGCAGTTCAAGCA,true,2,6,10,23,0,0,0,0,0,0,0,0,0,0,0,0,1,1,2,0,1,2,0,1,21,17,15,15,14,14,12,11,10,9,9,6,6
CAAACATCAGCAGAAGAACTG,TTTTTCAGAGGAT,true,5,13,10,36,0,0,0,0,0,0,0,0,0,0,0,0,1,1,1,2,0,0,3,2,35,35,35,33,27,20,19,16,15,15,13,13,13
GAGCGTTGCATCAGGACATCT,GGTGCACCTTTTG,true,4,4,9,18,0,0,0,0,0,0,0,0,0,0,0,0,3,0,0,2,0,0,0,1,16,14,13,11,10,10,7,7,7,7,7,4,4
TCACAAACATCATCAGATATT,ACAAAGGCGTCTA,true,3,7,11,27,0,0,0,0,0,0,0,0,0,0,0,0,2,2,1,3,0,0,1,0,24,20,20,19,18,14,13,10,10,10,10,7,7
AGGATGTGCGCGTCAAAACAC,TTTCAATCGGTGT,true,3,7,8,25,0,0,0,0,0,0,0,0,0,0,0,0,0,0,0,0,1,0,3,0,25,23,21,19,18,16,15,14,14,12,11,7,7
AGATTAGAAAAAAATTGTTCC,TGAAGAATACAAT,true,2,5,4,11,0,0,0,0,0,0,0,0,0,0,0,0,0,1,0,1,2,0,0,0,10,9,9,8,8,8,6,6,5,5,5,5,5
CATGTATAAAGTAAAACTCCA,AGCCAATCATCTC,true,2,5,11,28,0,0,0,0,0,0,1,0,0,0,0,0,1,1,1,1,0,5,0,1,23,20,20,15,15,13,13,8,7,5,5,5,5
TTTTTTCTATTCTGCACTGCC,GTTTTGGCTCACA,true,4,8,17,33,0,0,0,0,0,0,0,0,0,0,0,2,0,3,0,3,0,1,4,2,29,28,28,27,24,19,15,13,11,10,10,8,8
GCCGCATCGAGATCAGGCACG,ATATTAATCCAAG,true,2,10,15,29,0,0,0,0,0,0,0,0,0,0,0,0,4,0,1,2,3,3,0,2,27,25,25,22,21,20,19,17,15,12,12,10,10
GCACATTTGCTTGGAAAATAT,GAAGCGCTTGTAG,true,2,9,17,36,0,0,0,0,0,0,0,0,1,0,0,0,3,1,2,1,1,2,1,3,33,29,28,24,22,21,17,17,14,12,11,9,9
TGTAGGGACGACAGTGATGTT,TTATAACATGGAT,true,4,6,12,23,0,0,0,0,0,0,0,0,0,0,0,0,4,2,0,3,0,0,1,1,22,19,14,13,12,12,12,11,9,8,7,7,6
GATACTAAATGAATACAGATA,TCCTGCACGGTCA,true,2,6,14,42,0,0,0,0,0,0,0,0,0,0,0,0,3,0,2,1,1,4,2,0,36,33,21,20,18,17,15,11,11,10,9,7,6
CTGTCTCCACCCCATTTAACG,TCACAGATCCTGA,true,2,11,7,28,0,0,0,0,0,0,0,0,0,0,0,0,1,1,0,2,0,1,0,2,25,22,22,17,16,15,15,13,13,12,12,11,11
ATTTTGTCAAGCTCTTTCCAT,GCACTCTCTCTTG,true,2,6,7,25,0,0,0,0,0,0,0,0,0,0,1,0,1,1,1,0,0,1,1,1,23,19,18,16,14,11,10,10,10,10,8,6,6
GTCTTGTCCACTCGCATTAAA,CGGGCCTCATAAG,false,3,2,3,20,0,0,0,0,0,0,0,0,1,0,0,0,0,0,0,0,0,2,0,0,18,18,15,11,11,2,2,2,2,2,2,2,2
TGCTACAGACACACCGATAAA,CACGTCAGCATCA,true,3,6,6,19,0,0,0,0,0,0,0,0,0,0,0,0,1,0,0,0,1,1,2,1,15,13,13,10,10,10,8,8,8,8,6,6,6
GTGTGGAATCCGTTTCTTTTG,CTAGTCTGCGCAG,true,1,8,5,22,0,0,0,0,0,0,0,0,0,0,0,0,0,1,0,1,0,1,1,1,20,19,17,16,15,12,11,11,10,8,8,8,8
GTGAAGGCGAGGTGGCGCAGG,CCTGCAGCTTCAG,true,2,12,10,35,0,0,0,0,0,0,1,0,1,0,0,0,0,0,3,1,0,1,2,0,33,28,24,22,22,22,19,18,18,15,13,12,12
TCAGCCAGACCACCTGAAGGC,GTGTATTTCGTAT,true,3,4,6,20,0,0,0,0,0,0,0,0,0,0,0,0,1,1,0,3,1,0,0,0,18,15,12,11,8,6,6,5,5,4,4,4,4
ACGCACGGCCACAATGACCAT,GTCGGCGACACTG,true,2,11,11,33,0,0,0,0,0,0,0,0,0,0,0,0,1,1,3,1,2,0,1,1,30,29,24,23,23,21,19,17,17,15,13,12,11
TTAATGTGCTGTCAATGAAAC,GGTCGGCCAGTGA,true,2,10,9,30,0,0,0,0,0,0,0,0,0,0,0,0,0,3,0,1,0,2,3,0,30,24,23,21,19,16,15,12,12,11,11,10,10
CGGTCTGATTCTTCATCAAAA,ATCGGTTTATCTA,true,5,7,18,39,0,0,0,0,0,0,0,0,0,0,0,0,6,0,1,1,4,0,3,2,31,24,23,22,16,14,13,10,9,9,8,7,7
CGTTGACAGCTGACAGCCCGT,CCGTTTATTTTTG,true,5,4,1,12,0,0,0,0,0,0,0,0,0,0,0,0,0,0,0,1,0,0,0,0,12,7,7,7,7,6,4,4,4,4,4,4,4
GTCCGTCCATTTTTGGCATTT,CAATATCAGTGAT,true,3,5,9,22,0,0,0,0,0,0,0,0,0,0,0,0,0,0,0,2,2,0,0,2,16,15,13,13,12,9,9,9,9,9,8,7,5
TATAGAAAACCCTTTCCTTCT,ATTTCAGAATAGT,false,3,2,4,21,0,0,0,0,0,0,0,0,0,0,0,1,0,1,2,0,0,0,0,0,19,17,14,4,3,2,2,2,2,2,2,2,2
TGAAGCTCGTTCATTTCCTTC,CAGGATATTGCCA,true,2,7,11,26,0,0,0,0,0,0,0,0,0,0,0,0,2,0,0,0,2,3,0,3,23,18,18,17,16,14,13,13,10,9,9,8,7
GGGGCAGCAGCGTCAGCTGTT,CTGATCACGAATG,true,2,6,9,28,0,0,0,0,0,0,0,0,0,0,0,0,2,0,1,0,2,0,1,1,24,22,21,19,16,16,14,13,13,12,10,8,6
ACAGTTTGCGATAACAACAAT,GGGAACTGTACGC,true,3,5,5,15,0,0,0,0,0,0,1,0,0,0,0,0,1,0,0,1,0,0,2,0,15,15,11,10,10,9,9,7,7,7,5,5,5
AGCCATTCAAGGAGCGGCGGG,TTTGACTTTTTGA,true,5,5,11,21,0,0,0,0,0,0,0,0,0,1,1,0,0,0,2,2,0,0,0,4,19,18,16,14,13,12,11,11,11,10,7,5,5
ATCATTTCTCCGGTGTATTCT,AAGGACGGAGAAT,true,2,13,11,29,0,0,1,0,0,0,0,0,0,0,0,0,3,0,2,0,0,0,3,0,28,27,25,24,23,21,20,19,18,15,15,15,13
ATTGACAGGGAAAGAGAAGCA,CGTCTATATATGT,true,1,1,0,11,0,0,0,0,0,0,0,0,0,0,0,0,0,0,0,0,0,0,0,0,9,9,6,1,1,1,1,1,1,1,1,1,1
GTGCTCTAAGCCTTCCTCCAC,CTCGTATACTTGC,true,2,4,7,23,0,0,0,0,0,0,0,0,0,0,0,0,2,0,0,0,0,2,1,2,18,17,16,15,12,11,8,7,5,5,4,4,4
CAGTGAGATGATGCATGTGTT,TGCTCCGCGAGCG,true,3,11,12,39,0,0,0,0,0,0,0,0,0,0,0,0,1,2,0,2,0,3,1,2,33,26,24,22,22,18,16,16,15,14,12,12,11
GAACCGGTTGTCATTGACGTG,CGGGTTGCCAGAG,true,3,5,7,17,0,0,0,0,0,0,0,0,0,0,0,0,0,0,0,1,0,0,1,0,17,17,17,13,13,13,11,11,11,11,8,8,5
TGCTGCTTGTGCTCTGGTTTC,CGCATGCAGAAAT,true,3,18,14,44,0,0,0,0,0,0,0,1,0,0,0,1,4,0,2,2,2,1,0,0,36,36,34,33,28,26,24,24,22,22,22,19,18
CGATCATATCGTCTGTCAGTT,TCTTCGCTTTTTG,true,5,12,20,54,0,0,0,0,0,0,0,0,0,0,0,1,0,1,0,8,0,2,1,4,45,29,27,26,25,24,20,20,20,18,18,14,12
TCCTATATTAAACGGGCGAAG,CTGATCCAGCATA,true,2,8,10,33,0,0,0,0,0,0,0,0,1,0,0,0,2,2,0,1,1,1,0,0,30,26,25,24,21,17,15,14,12,12,10,10,8
CACGCTTAAGTTCACTTAAGC,CTTGAAGTGTTGC,true,2,10,16,34,0,0,0,0,0,1,0,0,0,0,1,1,2,1,2,0,0,3,1,3,27,27,25,23,23,20,19,18,16,13,11,10,10
AAATCCCGGAATCAAAGCATT,CATGTTTTTAATC,true,5,7,18,36,0,0,2,0,0,0,0,0,0,0,0,0,2,0,1,4,2,0,0,5,30,30,28,24,22,22,22,21,20,16,14,9,7
GGAACATTTCCGTTTCACAGT,CACCTTTAACGCT,true,3,10,9,27,0,0,0,0,0,0,0,0,0,0,0,0,0,1,0,2,0,2,1,1,27,26,26,22,21,20,17,14,14,14,12,12,10
AAAAGGTCAGATTGAACATTT,AAGAAAAGAATTA,true,4,10,11,33,0,0,0,0,0,0,0,0,0,0,0,0,1,1,0,2,7,0,0,0,29,23,23,22,21,20,14,10,10,10,10,10,10
GGATCGGCGAGCAATGCTCTT,GCAAAGGAAATGA,true,3,11,18,38,0,1,0,0,0,0,1,0,0,0,0,0,3,2,0,1,6,1,1,0,34,32,30,30,25,22,21,20,19,16,13,12,11
GAAATGCCAAAGCCAGCATCT,AAGGCGCTGGAGC,true,2,6,11,26,0,0,0,1,0,0,0,0,0,0,0,0,5,0,1,0,3,0,1,0,25,20,14,13,11,10,9,8,7,6,6,6,6
AGGACGCTGCTCATCACAGCA,ATGAGCATTTTCA,true,4,9,15,31,0,0,0,0,0,0,0,0,0,1,1,0,2,0,2,3,2,0,1,2,25,23,20,20,20,20,19,17,16,16,13,10,9
TGACCATTGAGCGGGATACCG,GAATGGGAGATTA,true,3,5,7,20,0,0,0,0,1,0,0,0,0,0,0,0,0,0,1,0,0,0,3,0,16,16,13,13,13,12,10,10,9,9,8,7,5
AAAGTATTCAATGAAAGCCTG,CATGATGAGGTGT,true,2,8,5,31,0,0,0,0,0,0,0,0,0,0,0,0,1,0,0,1,1,0,1,0,24,20,19,17,16,14,12,9,9,9,9,8,8
ACAGCGTGGCGACCGGAAAAC,AGACGAATCTGAC,true,2,2,5,11,0,0,0,0,0,0,0,0,0,0,0,0,0,0,0,0,3,1,0,0,11,11,10,8,8,8,3,3,3,3,3,3,2
AAAAAACTCCGCCGCGGCGGA,GTTTAGACTGCTG,true,3,5,13,33,0,0,0,0,0,0,0,0,0,0,0,1,2,2,1,2,0,1,0,2,29,28,26,23,18,16,14,11,11,9,9,7,5
CGTGTTCCGAATTCAGGGATT,CCAAGAGTTCCTG,true,2,4,8,18,0,0,0,0,0,0,1,0,0,0,0,0,1,0,0,1,1,2,1,0,17,14,14,12,9,8,7,7,6,5,5,5,4
TATCAGGCTTTTTCGTTTGGA,CGACGACGGGTGT,true,3,7,11,24,0,0,0,0,0,0,0,0,0,0,0,0,1,0,1,2,2,2,2,0,22,20,16,14,13,11,10,10,9,8,7,7,7
CCTTGATGGTGACGTGATTTC,ACGTGCTTCTTAT,true,2,14,22,45,0,0,0,0,0,0,0,0,0,0,1,2,1,1,2,6,2,0,1,1,40,35,33,31,26,26,23,21,19,19,17,16,14
GCTGCTGGACAATCACCTGCT,ATTTACGGCTGTG,true,3,14,13,35,0,0,0,0,0,0,0,0,0,0,0,0,5,0,1,2,0,0,0,3,34,31,30,25,23,18,18,18,17,17,16,15,14
AAAATAATGCTCATGACAGCC,GGAATCACTAAAT,true,3,7,8,22,0,0,0,0,0,0,1,0,0,0,0,0,0,0,0,0,1,0,2,1,21,14,14,13,12,10,10,10,10,10,10,8,7
AAACAAAAAACAACGCTCTTA,AAAGACGAAGAAG,true,4,9,12,26,0,0,0,0,0,0,0,0,0,0,0,0,2,3,1,0,1,1,2,0,26,24,20,17,17,16,13,12,11,11,11,10,9
AAAATCACTTATCTTTTAATC,AACATTCATTTTA,true,4,15,15,45,0,0,0,0,0,0,0,0,0,0,0,0,2,0,2,2,1,4,0,3,43,37,29,25,25,22,17,17,17,17,17,16,15
CTCATTTGGCGATAAGAAATC,AGGGAGTAAAGGA,true,3,2,4,12,0,0,0,1,0,0,0,0,0,0,0,0,0,0,0,0,3,0,0,0,12,10,10,8,6,5,4,4,4,2,2,2,2
CGAAAGACGAACAGAAAACAT,TAACAGAGCTGCT,true,2,9,16,37,0,0,0,0,0,0,0,0,0,0,0,0,7,2,0,2,2,1,0,2,29,27,24,18,18,17,17,12,11,9,9,9,9
GTTGACAGCCCATATGTATAC,AAACCAGTTAATC,true,3,5,4,12,1,0,0,0,0,0,0,0,0,0,0,0,1,0,0,0,1,1,0,0,11,10,9,7,5,5,5,5,5,5,5,5,5
GGACCGGTGTTGAAAGAGCTG,AAAACAGCTGCGA,true,4,7,9,25,0,0,0,0,0,0,1,0,0,0,0,0,2,1,1,0,4,0,0,0,22,21,21,17,11,10,9,9,7,7,7,7,7
TGAGGAAAACGGTGTGAACAA,GCAATTGTCTGTC,true,2,9,7,23,0,0,0,0,0,0,0,0,0,0,0,0,1,0,1,2,0,0,1,2,20,19,18,16,16,15,12,11,11,10,10,9,9
CCCCGACGGAAGCCCACCGGC,GATTGCTTTTCTC,true,4,5,14,28,0,0,0,0,0,0,0,0,0,0,0,0,0,0,2,0,0,0,0,7,27,25,25,22,21,18,17,17,17,10,6,5,5
ATCCTTAATACCTTTGAAACT,GAAATTAAAGATA,true,3,8,9,23,0,0,1,0,0,0,0,0,0,1,0,0,0,0,0,2,2,0,1,0,21,20,19,17,15,15,13,13,12,10,10,8,8
TGTGGCGGCGAGCTTTATATC,GCAGGCGACGGTG,true,2,2,5,12,0,0,0,0,0,0,0,0,0,0,0,0,1,1,1,0,0,1,1,0,12,11,11,10,9,7,5,3,2,2,2,2,2
GTGACAGTACATATGTCCGCC,GATGCTAAGCAGT,true,2,5,10,21,0,0,0,0,0,1,0,0,0,0,0,0,3,2,0,1,1,0,1,0,20,20,19,17,17,15,14,12,8,8,7,6,5
GCCGGCTGACCGGCGGTGTTA,CTCCGCAAGGCGA,true,2,8,2,14,0,0,0,0,0,1,0,0,0,0,0,0,1,0,0,0,0,0,0,0,13,13,12,10,10,10,10,10,9,9,9,8,8
TGTGCGCCTCCTTCTATTAGG,GTTCACATTTATC,true,3,3,4,13,0,0,0,0,0,0,0,0,0,0,0,0,0,0,0,1,0,0,0,2,12,11,8,6,6,5,5,5,5,4,4,4,3
GAGAGGAATCTTCGACGTCAT,GAAAAAAACTGTA,true,7,7,18,34,0,0,0,0,0,1,0,0,0,0,0,0,3,3,1,0,7,0,0,0,31,27,27,27,27,27,25,17,13,12,11,10,7
CTTTATATGTACCGGTTTTAA,ATGTAGGTCCGGC,true,3,3,10,21,0,0,0,0,0,1,0,0,0,0,0,0,0,1,0,1,2,0,3,2,17,15,13,12,12,11,7,5,5,4,4,3,3
CGATAGAACATACCAAGCGGA,CGGCACGCTGACA,true,2,9,6,22,0,0,0,0,0,0,0,1,0,0,0,0,0,0,1,1,0,1,2,0,19,18,15,14,14,13,12,11,11,10,10,9,9
GAAAGAAAATGGCTGGGTCTG,CTATCATTTTAAG,true,4,6,17,30,0,0,0,0,0,0,1,0,0,1,0,0,1,1,1,5,3,0,0,3,27,25,23,22,20,19,18,15,15,12,8,7,6
TGCTCCTGAAGGTAATATCTT,CTACTGATCCAGT,true,2,8,8,22,1,0,0,0,0,0,0,0,0,0,0,0,2,0,0,1,0,0,0,2,19,16,15,12,11,11,11,10,10,10,10,8,8
GGCTGATGGCTGTTACGAAAT,ATATGATCGACCA,true,2,12,12,33,0,0,0,0,0,1,0,0,0,0,0,0,2,2,1,1,1,2,0,0,31,27,24,24,22,21,19,17,17,17,16,12,12
TAGGAAAGAAATTTCTTTTTA,TCTGCTTGGAGGA,true,2,10,18,39,0,0,0,0,0,0,0,0,0,0,0,0,2,3,2,2,2,0,4,1,35,29,27,24,22,21,21,20,18,15,15,12,10
TATGCAAACGCATTGAGAGCG,CAGTCTCATGAAT,true,2,3,8,20,0,0,0,0,0,1,0,0,0,0,0,0,3,0,0,2,0,0,1,1,18,16,14,13,12,8,7,7,5,3,3,3,3
GTCGCGTTGCTCAATCAAGTA,AAGTTTTTTGGCG,true,6,8,9,21,0,0,0,0,0,0,0,0,0,0,0,2,0,0,0,0,2,1,1,3,20,17,15,15,15,14,13,13,9,9,9,8,8
CAATTAACGATAAAAATAATG,TTTACGTCTCTTA,true,3,6,15,31,0,0,0,0,0,1,0,0,0,0,0,0,1,3,0,2,0,2,0,3,29,28,24,19,17,16,15,14,12,10,9,9,6
ATTATTATAACAATTTCGTAT,TCAAACGAAACTA,true,3,3,5,11,0,0,0,0,0,0,0,0,0,0,0,0,2,0,0,1,1,0,0,1,10,9,9,9,8,5,5,4,4,3,3,3,3
CGGACCGATACGTTTGATGAT,TCATTTTATTATG,true,4,10,9,27,0,0,0,0,0,0,0,0,0,0,0,0,0,1,0,5,0,0,0,2,24,22,19,18,18,16,15,12,11,11,11,11,10
ACTTTTGTATTAAAAATGCAA,AGCGTAAGCCCTG,true,3,3,7,24,0,0,0,0,0,0,1,0,0,0,0,0,0,2,0,0,1,1,0,0,18,17,17,15,14,13,11,9,9,8,7,5,3
GGATCATCAGAAGCCACATGT,TTCCGCTATCCTC,true,3,5,9,21,0,0,0,0,0,0,0,0,0,0,1,0,1,1,0,3,0,1,0,0,21,19,14,12,12,9,9,9,8,8,7,7,5
CCATCACACTGTACTCTGCTT,TTTCCAACTCAGC,true,5,6,9,23,0,0,0,0,0,0,2,0,0,0,1,0,2,0,0,1,1,0,0,2,23,22,17,14,12,11,10,7,7,6,6,6,6
TGGGACACCTGATTTGGCTCG,GGAAAGAAGCTGC,true,3,3,3,12,0,0,0,0,0,0,0,0,0,0,0,0,0,0,2,0,1,0,0,0,11,8,6,6,5,4,3,3,3,3,3,3,3
GAACCCGGTCAGAGATTGTGA,TCATACCCAAACG,true,3,2,6,11,0,0,0,0,0,0,0,0,0,0,0,0,2,1,0,0,2,1,0,0,10,9,7,7,7,5,4,4,4,4,2,2,2
TGGAGACGATATCACTCAGGG,TCTTCCGCGTATC,true,3,9,19,33,0,0,0,0,0,0,0,0,1,0,1,0,1,3,2,2,0,2,2,4,30,27,25,20,18,16,11,10,10,10,10,9,9
TCACGCTTCTGATGAGCCATT,TTAATACAGTCAC,true,4,7,16,32,0,0,0,0,0,0,0,0,0,1,0,0,1,0,2,4,3,0,1,0,32,25,22,20,18,16,15,14,12,12,12,9,7
CTGACAAACCGCTGATTGTGT,TCCAAAATTGATG,true,4,5,9,21,0,0,0,0,0,0,0,0,0,1,0,0,3,0,0,2,0,1,0,1,19,17,16,15,15,15,14,11,9,6,6,6,5
CGGTGATCAGTGATACCTTTT,CTGGATCATACTG,true,4,6,13,31,0,0,0,0,0,0,0,0,0,0,0,0,3,1,0,1,1,2,2,0,26,24,23,19,18,16,14,13,11,11,11,9,6
CGGATACTTTAAACGGGTTGT,CCCCTTTGAGTTC,true,4,6,14,28,0,0,0,0,0,0,0,0,0,0,0,1,0,1,0,1,0,4,2,3,26,25,24,17,16,16,13,11,11,9,9,7,6
AATAGAAGAAAACATTCAGTA,AAATAAACTGAAC,true,4,8,13,33,0,0,0,0,0,0,0,0,0,0,0,1,4,0,1,3,2,0,0,1,33,31,25,20,20,19,16,12,12,9,9,8,8
GAAATGGTGATAGAGACTTTG,TTGTCTGAAAACA,true,4,4,7,20,1,0,0,0,0,0,0,0,0,0,0,0,0,0,2,1,1,0,0,1,18,14,11,11,9,9,7,7,7,7,5,4,4
GCCGTTATGCCGCGGAAAATC,TCGACCAGTATAT,true,2,7,8,20,0,0,0,0,0,0,0,0,0,0,0,0,2,0,2,1,0,1,0,1,17,14,14,13,13,12,12,11,10,9,8,8,7
AGCTCGCAGATATTATTTTCC,GCTTCTAAAATGA,true,4,6,9,21,0,0,1,0,0,0,0,0,0,0,0,0,1,1,1,0,1,3,0,1,18,15,15,15,12,10,9,9,8,6,6,6,6
ACATCAAAGAAGATTAATCGC,CTTTTTGATCAAG,true,5,6,11,25,0,0,0,0,0,0,0,0,0,0,0,0,0,3,0,3,1,2,0,1,22,21,21,21,20,14,10,9,9,9,8,7,6
GCCTTTCATTTATTATTAGGT,GATAATATATTCG,true,2,2,6,11,0,0,1,0,0,0,0,0,0,0,0,0,0,0,1,2,1,0,0,1,9,8,7,7,6,5,5,4,3,3,3,2,2
GCCATGTTTCTCCATCAACAC,AAGCTCAGCGTTG,true,2,15,9,32,0,0,0,0,0,0,0,0,0,0,0,1,1,0,2,1,2,1,0,0,30,28,25,24,24,23,22,21,18,18,17,15,15
TGATCATATCAGCAGCCTGGC,GAAGGTCAGTCAT,true,2,7,11,27,0,0,0,0,0,0,0,0,0,0,0,0,2,0,1,3,3,0,0,0,27,27,22,21,21,19,15,14,12,11,9,9,7
ACGATTGTTGAAGCTGGAGAC,GGCTGGACGTTCA,true,2,9,11,36,0,0,0,1,0,0,0,0,0,0,0,0,3,2,1,0,0,2,1,0,34,31,25,23,21,19,16,13,13,12,12,9,9
TACGGAGACATTATTGGACGG,GGCGATGGAGGAC,true,4,10,7,30,0,0,0,0,0,0,0,0,0,0,0,0,1,0,0,1,1,0,3,0,27,20,19,18,17,15,15,14,11,11,11,11,10
TGACATCATTGAGCGCGCGGT,CAAGCATGGGGCA,true,4,7,9,20,0,0,0,0,0,0,0,0,0,0,0,0,3,0,1,0,2,0,3,0,19,18,15,12,11,11,11,11,11,11,8,7,7
TAAGAGAACTTTCCATTTTGG,CTGGCGAACGGTA,true,2,10,17,37,0,0,0,0,0,0,0,0,0,0,0,0,0,1,3,2,3,2,4,0,35,35,33,26,23,21,21,17,14,14,12,12,10
TTTTAAGCCAAGCTCCTTCGC,TTCACGCTTCATC,true,2,10,17,35,0,0,0,0,1,0,1,0,0,0,1,0,2,4,1,1,1,2,0,1,35,32,31,29,27,22,21,21,19,13,12,12,10
TCTTCACCAGAAATGACGAAG,TGCGAATCATAAT,true,2,6,12,28,0,0,0,0,0,0,0,0,0,0,0,0,2,2,1,1,1,1,0,0,26,24,23,23,22,20,14,12,12,10,10,7,6
GCTGTGAAAGAAAATAAGCCT,AAAATCACCATTC,true,4,10,7,30,0,0,0,0,0,0,0,0,0,0,0,0,0,0,0,1,3,1,0,0,27,26,26,20,18,16,16,15,12,12,12,11,10
CCGGGTGCTTCAGACGAAGAA,GTGATGAAAGCAG,true,3,11,6,28,0,0,0,0,0,0,0,0,0,0,0,0,2,0,1,1,0,0,0,1,23,21,21,19,18,15,12,12,12,12,12,11,11
AAGACAGCGGTGACGTAACGA,TTCAATGGACAAG,true,2,6,11,28,1,0,0,0,0,0,0,0,0,0,0,0,1,0,0,2,2,0,2,0,25,21,19,18,15,14,13,10,9,9,9,6,6
GCTTTCGGACACCTTGGGGCA,AACCGGCATCCCG,true,3,4,5,18,0,0,0,0,0,0,0,0,0,0,0,0,0,1,1,1,0,0,1,0,17,15,13,12,11,8,6,6,6,5,5,4,4
TCAGCAGTTGCACGGTCCATG,CCCAGGTCACTTC,true,3,5,7,20,0,0,0,0,0,0,0,0,0,0,0,0,0,2,1,1,1,2,0,0,19,18,14,13,11,10,9,8,6,5,5,5,5
TTTCACCGGGCTTAGAGAGAA,TTTTTTTTCCCGC,false,8,4,6,32,0,0,0,0,0,0,0,0,0,0,0,0,0,0,0,0,0,1,0,5,29,29,28,28,28,23,17,5,5,5,4,4,4
CATGACACGGTATGGAAGCTC,AAGCAGCTGGAGA,true,2,6,12,27,0,0,0,0,0,0,0,0,0,0,0,0,2,1,0,0,2,0,3,0,25,23,19,17,15,14,13,13,13,10,8,7,6
CTTACATGAGAAGCATTTTTC,CGTCTGCCAGCAT,true,2,10,10,28,0,0,0,0,0,0,0,0,1,0,0,0,1,0,2,1,0,4,1,0,21,21,17,15,15,14,14,13,13,12,10,10,10
GTGCCGCTTTCACTCCCCCGT,AATTGAGATCTGC,true,2,6,10,24,0,0,1,0,0,0,0,0,0,0,0,1,2,0,0,5,1,0,0,0,23,22,16,15,12,12,11,10,10,10,10,6,6
ACACCAGTAGTCATTAATGAA,GGCCTCAGAGCCG,true,2,10,20,41,0,0,0,1,0,0,0,0,0,0,0,0,4,3,1,3,1,2,2,0,38,30,29,27,25,21,21,19,17,15,15,13,10
CGTCCGTTTTTAGGCGTGCAA,ATGATTGATATGT,true,3,7,10,25,0,0,0,0,0,0,0,0,0,0,0,0,1,0,0,2,4,0,1,2,21,19,16,16,14,12,10,9,9,9,7,7,7
CAGTATTTCTTCTATTGGTTT,GCGCGTTCCAAGC,true,3,8,9,21,1,0,0,1,0,0,0,1,0,1,0,0,0,1,0,4,0,0,0,0,17,17,16,16,15,14,13,11,10,9,9,8,8
GCATTCTGTTGTGCGTCCGTT,TCTGTTTATTGTC,true,3,7,7,26,0,0,0,0,0,0,0,0,0,0,0,0,0,1,0,2,0,0,0,2,22,16,14,14,14,14,13,10,9,9,9,9,7
TGTAAAGATTCTGTATCGATC,ATTGATAGAGCTG,true,2,11,14,40,0,0,0,0,0,0,0,0,0,1,0,0,3,2,1,1,2,1,1,2,38,35,30,24,23,21,19,16,15,14,11,11,11
GTTCTGATACGTCAGCAGCGA,TTTCAAAACCTGC,true,4,4,8,29,1,1,0,0,0,0,0,0,0,0,0,0,0,1,0,0,4,1,0,0,27,27,26,21,18,18,13,5,5,4,4,4,4
ATTCGCCGCCCGCTCCACCTT,TCCGTATAAAGCA,true,3,9,9,27,0,0,0,0,0,1,0,0,0,0,0,0,2,1,1,0,1,1,0,2,24,23,22,18,18,17,14,14,14,12,10,9,9
CAAAATCATGAATGACAGAAA,ATGAAACTTATGA,true,4,6,7,33,0,0,0,0,0,0,0,0,0,0,0,0,1,1,0,2,2,0,0,1,24,19,14,12,12,10,10,10,9,8,7,6,6
GCGGCTGGTTATTTGAAGCAG,CTCGGTGCAAGCG,true,2,15,11,35,0,0,0,0,0,0,0,0,0,0,1,0,1,2,1,2,0,0,2,0,34,29,27,27,24,23,19,19,19,18,17,17,15
GTCGCTATCCTTATGTTAACT,TTACGCCGGAACG,true,3,3,12,23,0,0,0,0,0,0,0,0,0,0,0,0,1,1,0,2,1,2,2,3,21,16,13,13,13,11,8,7,5,5,3,3,3
CGGAACACTGATGTATAAAAA,TCAGCGATCCAGA,true,5,6,7,23,0,0,0,0,0,0,0,0,0,0,0,0,1,1,0,1,2,0,1,0,20,17,15,15,14,12,10,9,8,8,8,7,6
GCCAGCGATAGACCAATCGGC,CATACCGCAGCCT,true,2,3,2,11,0,0,0,0,0,0,0,0,0,0,0,0,0,1,0,0,1,0,0,0,9,8,8,7,7,7,3,3,3,3,3,3,3
CACTTTCTCTTATTTAATGAC,GGCTAATAGCTGC,true,2,7,6,22,0,0,0,0,0,0,0,0,0,0,0,0,0,2,0,1,0,0,1,1,22,19,16,14,14,12,11,10,10,10,9,8,7
AGAACCGGGCTTGAAGCATCT,TGCAATTCACTGA,true,2,8,9,19,0,0,0,0,0,0,0,0,0,0,0,0,2,1,0,3,1,0,0,2,18,18,16,16,16,15,14,12,10,9,8,8,8
AGCTTGTGTTGATGGAGAAAC,ATGGCTTAGTCAC,true,2,15,11,34,0,0,0,0,0,0,0,0,0,0,1,0,0,1,2,1,2,0,2,2,32,29,29,26,24,23,22,19,18,16,15,15,15
AAGCGTATTTATCGAGGTTTT,CTCCTGATCCTGA,true,4,2,4,11,0,0,0,0,0,0,0,0,0,0,0,0,0,0,0,3,0,1,0,0,7,6,5,4,4,3,3,3,3,3,3,2,2
AGAGAATGCAACAGGGCCGAT,TAAGGGCTGATAC,true,3,8,10,31,1,0,1,1,0,0,0,0,0,0,0,1,1,0,0,0,1,0,1,3,25,24,20,18,16,13,13,12,11,10,9,8,8
GATCATAAAGCGTCTCTTCAA,TACGTGTGATAAG,true,2,5,7,22,0,0,0,0,0,0,0,0,0,0,0,0,0,1,0,1,0,2,1,0,19,19,15,14,11,11,10,9,8,7,7,6,5
ACAAGCAGTGAAAAGAGGAGA,AATCGCATTTTTA,true,5,6,16,31,0,0,1,0,0,0,0,0,0,0,0,0,2,1,2,0,6,0,0,0,30,21,17,16,15,12,11,10,10,10,10,8,6
AAGGATTACCATTATCCAGAT,CTTGCCCTTCTCA,true,3,9,19,37,0,0,0,0,0,0,0,0,2,0,1,0,1,2,2,3,0,4,0,4,36,34,32,29,29,29,22,21,17,11,10,9,9
AACCGAATTAAGGTGTACGAT,CCTAAAAGTCAAT,true,4,9,9,23,0,0,0,0,0,0,0,0,0,1,0,0,1,1,1,0,1,2,0,1,21,18,15,15,15,15,13,11,11,11,10,10,9
TAGCGGTAAAATCCGCGGGGC,CTTCGACATGCGA,false,2,1,3,14,0,0,0,0,0,0,1,0,0,0,0,0,1,0,0,0,0,1,0,0,3,1,1,1,1,1,1,1,1,1,1,1,1
GTTATTTCGCAAAAGGCTTTA,AACGCGCGGGATA,true,3,4,4,15,0,0,0,0,0,0,0,0,0,0,0,0,0,0,1,0,0,0,2,0,15,13,9,9,9,9,9,9,8,6,5,5,4
GCAGAAAGAAGAGAAAAAACA,GCCCGAAAATGAG,true,4,8,17,30,0,0,0,0,0,0,0,0,0,0,0,0,2,0,4,0,4,4,1,0,29,28,26,19,18,17,17,17,13,10,10,9,8
AAGGTTTGCGGCTTTTTGACA,AATGATGTCAGCT,true,3,5,7,23,0,0,0,0,0,0,0,0,0,0,0,0,5,0,0,1,1,0,0,0,23,21,17,13,11,9,8,8,7,7,5,5,5
CTTTCTGTTTCAAATCTTGAT,CCTTATAAACAGA,true,3,5,11,30,0,0,0,0,0,0,0,0,0,0,0,0,3,1,0,3,2,1,0,1,27,19,18,17,16,15,13,12,11,6,5,5,5
TCATCTATATTAATCGTCTTC,GGATGAGCCTGCT,true,2,8,10,26,0,0,0,0,0,0,0,0,0,0,0,0,0,0,2,0,1,2,3,0,25,21,17,16,16,16,15,14,11,11,10,10,8
AAAAATTCTGATGTCGACTCC,CAGAGTGTTGCGA,true,3,11,8,38,0,0,0,0,0,0,0,0,0,0,0,0,2,1,1,1,0,2,1,0,28,23,22,20,17,16,14,13,12,11,11,11,11
ATGCTTAAAAAAGGAAAAATG,AGAATGTTTTTCA,true,5,2,8,17,1,0,0,0,0,0,0,0,0,2,0,0,0,0,0,3,0,0,1,1,15,14,11,11,10,9,8,8,8,6,4,2,2
GGTTTGGCTACGTGCCATGAA,ACACCAAAATCAT,true,4,9,9,24,0,1,0,0,0,0,0,0,0,0,0,0,2,2,0,0,2,1,0,1,22,19,18,17,15,14,14,12,11,9,9,9,9
AACGGAATTATGTTTACACAC,AAATAACCCCTCA,true,4,5,7,18,0,0,0,0,0,0,0,0,0,0,0,0,1,1,0,0,1,3,0,1,18,16,14,12,12,10,8,8,8,5,5,5,5
TTACCGGTATCAGGCAGCATA,GTCGGATTGGTAT,true,2,12,11,33,0,0,0,0,0,2,0,0,0,0,0,0,1,2,2,0,0,1,2,0,33,29,26,23,21,18,16,16,15,13,13,13,12
GGAGGAGCCCGTGTTATTTTT,TCCATGGTGGGTG,true,6,12,20,45,0,0,0,0,1,0,0,0,1,0,0,1,2,1,2,1,0,2,1,3,35,28,26,26,25,25,23,20,20,18,17,14,12
ATCCTTGTGATGGACGGCGGC,GTGATTTCTGAGA,true,3,7,11,27,0,0,0,0,0,1,0,0,0,0,0,0,1,1,0,3,0,2,0,2,23,20,17,16,15,15,13,9,8,7,7,7,7
CTCAGAATGGTTTGGAAATCA,TTCGCAGAGTGTA,true,2,9,8,32,0,0,0,0,0,0,0,0,0,0,0,0,2,0,1,2,1,0,1,0,27,25,20,18,17,15,14,14,12,12,11,10,9
CCGAAGTATAAGGAATGGCTG,CGTTCTGGAAGCA,true,2,14,12,30,0,0,0,1,0,0,0,0,0,0,0,0,0,1,1,0,2,2,3,1,30,28,26,26,26,24,24,20,20,18,18,15,14
TTTTTGGCAAGGTCGGTAATT,TCTCTCGCAATGC,true,3,7,11,24,0,0,0,0,0,0,0,0,0,0,0,0,1,2,1,1,2,2,0,1,23,19,18,17,15,14,12,11,10,8,8,8,7
AAAAGCAAGAATGGCGCTGCT,CACAAAAGAGTTA,true,4,14,11,41,0,0,0,0,0,0,0,0,0,0,0,0,2,1,2,1,3,0,1,1,36,34,31,31,28,28,23,22,19,16,15,14,14
CAACCTCTTTCCCCTACTCCC,GCTTATGTTTTAC,true,4,4,9,19,0,0,0,0,0,0,0,0,0,0,0,0,0,0,3,2,2,0,0,2,18,13,13,12,11,10,9,9,9,9,6,4,4
ATGATTGCGCGCCCGTTCACA,GGGAAATTATTCG,true,3,4,13,26,1,0,0,0,0,0,0,0,0,0,0,0,2,0,2,2,2,0,1,1,24,23,20,18,17,14,12,12,9,8,6,5,4
AACGTCTTTTGGCGCTGGACG,GAAAACCGATTGC,true,4,6,11,25,0,0,0,1,0,0,0,0,0,0,0,0,1,1,0,1,4,2,1,0,21,19,19,19,13,10,8,6,6,6,6,6,6
GAAAACCATCCTGCATTTTTG,GACATCTTGGTGT,true,2,8,15,30,0,0,0,0,0,0,0,0,0,0,0,0,1,1,0,5,1,0,2,4,25,24,23,21,19,17,17,13,10,10,10,9,8
TTCTTTTATGAAATTCTGCAT,CCGGAAGCCAGTA,true,2,8,18,36,0,0,0,0,0,0,1,0,0,0,0,0,0,3,2,1,2,3,4,0,33,29,29,26,25,22,18,17,15,10,10,10,8
ATGTGCTTCCAATATGATGAA,CAGCAATGATCTC,true,2,11,9,32,1,0,0,0,0,0,0,0,0,0,0,0,1,0,0,2,2,2,0,1,25,19,18,17,16,14,13,11,11,11,11,11,11
CATAAAGGATGGTTCAAAATT,TTTAAATAAGGAC,true,5,7,9,23,0,0,0,0,0,0,0,0,0,0,0,0,2,1,0,4,0,0,1,1,23,23,19,17,17,13,12,11,11,9,7,7,7
ATGTAAAACCTCCAGACTACT,CATCTGTTTTTCT,true,5,3,2,13,0,0,0,0,0,0,0,0,0,0,0,1,0,0,0,0,0,0,0,1,10,9,8,5,5,5,5,4,4,4,3,3,3
AAAGCGAAGTGGAACATTAAA,CTGGTGTGAAGGC,true,3,9,12,36,0,0,0,1,0,0,0,0,0,0,1,0,2,0,1,3,0,0,2,0,29,28,27,23,23,18,15,12,11,11,11,11,9
AATCGGCATCCCAATGACGGA,AATTCCCAATATC,true,3,6,8,24,0,0,0,0,0,0,0,0,0,0,0,0,2,0,0,2,1,0,0,2,24,23,19,18,16,15,11,11,10,8,7,7,6
ATCCCATTTTCGGTCAGCAAA,AACGCTTGAACAG,false,5,3,2,18,0,0,0,0,0,0,0,0,0,0,0,0,0,0,0,0,2,0,0,0,14,4,4,4,4,4,3,3,3,3,3,3,3
GCCCCCATAAAGATGTAAAAG,AGGTGCATTCTGC,true,2,5,9,22,0,0,0,0,0,0,0,0,0,0,0,0,1,1,0,1,1,0,3,1,20,19,14,14,12,12,10,8,6,6,6,6,5
TCCCAATCGCCGGTTTAGCCA,AAGACGAAAAACA,true,5,8,11,22,0,0,0,1,0,0,0,0,0,0,0,0,1,0,0,1,2,0,0,0,22,19,18,18,18,17,15,14,14,14,11,8,8
TTCTTTGTATCTAAATCGGAC,TGTGGCTGTTCCT,true,2,12,12,30,0,0,0,0,0,0,0,0,0,0,0,0,0,2,0,2,0,3,0,2,30,30,28,26,26,24,23,21,20,19,17,15,12
GGAATCGCATTCAAAAGCTTA,CAGAGGGTGCTTC,true,3,3,10,19,0,0,0,0,0,0,0,0,1,0,0,0,3,0,0,2,0,0,3,1,16,14,13,13,13,12,8,8,6,4,4,3,3
TGATTCCTTGAAAAATCGTAA,TGGGAATAATCAC,true,3,3,6,19,0,0,0,0,0,0,0,0,0,1,0,0,1,0,0,1,2,0,0,0,17,16,15,12,11,10,7,7,5,5,4,4,3
ACGTACATGCTCTCTACCAAA,AAAGATTTTGCGC,true,6,10,12,35,0,1,0,0,0,1,0,0,0,0,0,0,1,0,1,4,1,1,1,0,35,30,27,25,22,21,20,20,19,13,12,11,10
TCACTGCCGTCAAAAACTGAT,TCGATATGAGGGA,true,3,6,10,27,0,0,0,1,0,1,0,0,0,0,0,0,1,1,1,1,0,0,4,0,25,23,22,19,18,16,14,12,10,9,9,6,6
CCATGCTTTCGCGATCATACA,CCTTAGCGTTATA,true,2,7,10,25,0,0,0,0,0,0,0,0,0,0,0,0,0,1,1,1,0,2,1,1,23,20,18,15,13,13,11,10,10,10,10,10,7
GGCTTAGCTGCATTGACTCCA,AAGGTCACTGGAT,true,3,8,14,36,0,1,0,0,0,0,0,0,0,0,0,0,0,1,4,2,2,0,2,2,34,30,28,25,19,14,12,12,11,10,9,8,8
CAAAATGACAAGCATAGCCGT,GTTTTTTTGTTTA,true,7,6,17,36,0,0,0,0,0,0,0,0,0,0,0,2,0,0,0,6,0,0,0,3,35,32,32,31,29,27,26,22,13,13,13,8,6
ACCCAGCCATTTTCTTTCCAA,TAATTAAGCTCGC,true,2,11,12,30,0,0,1,0,0,0,0,0,0,0,0,0,1,1,1,4,3,0,0,1,26,24,21,21,19,18,14,12,12,11,11,11,11
CGAGGAAATGGCAGCACAATT,TATAAAACAAACA,true,4,12,7,35,0,0,0,0,0,0,0,0,0,0,0,0,2,1,0,1,1,1,0,0,32,29,27,22,21,20,17,15,14,14,13,13,12
CGGATCAGATACCAGCGCCTT,CATTGTTTTGGAT,true,4,5,8,17,0,0,0,0,0,0,0,0,0,0,0,1,0,0,2,1,1,0,0,2,17,16,15,14,14,13,12,12,9,7,7,5,5
AAGCGGTGGAACGCTATATCC,TCCCCCATCTGAG,true,5,4,10,27,0,0,0,0,0,0,1,0,1,0,1,1,0,1,0,2,0,3,0,0,21,18,16,15,14,6,5,5,5,4,4,4,4
TATGTTTTTAAATGACAATAT,TTATAGAATTTCA,true,3,8,11,34,0,0,0,0,0,0,0,0,0,0,0,0,1,0,1,1,1,0,0,5,33,24,20,19,18,17,14,14,13,13,11,9,8
GGAGCTGTCGGGCGCAAACTC,GACTTTCTCGTTC,true,3,10,7,26,0,0,0,0,0,0,0,0,0,0,0,0,0,3,0,1,0,1,0,2,25,24,23,22,21,18,15,12,12,10,10,10,10
TCAAGAGGATGTCAAGACCTG,GTAAGGTTCTTCG,true,2,5,5,15,0,0,0,0,1,0,0,0,0,0,0,0,2,0,0,0,0,0,1,1,12,12,10,10,6,6,6,5,5,5,5,5,5
GGACTTTGCAGTAACTTCATT,TTTTTTCAAGATC,true,8,8,16,39,0,0,0,0,0,0,0,0,0,0,0,0,2,1,0,5,1,0,1,6,39,38,38,38,34,24,17,16,13,8,8,8,8
CCCTTTTCCAGTTTCTCGGTT,ATGCTCTTAAAGA,true,3,5,10,22,0,0,0,0,1,0,0,0,0,0,0,0,2,1,0,2,2,0,0,1,17,14,13,12,11,11,11,10,9,9,7,5,5
CATACCCATATGAAGCTCCAA,TACCTGCCGATGT,true,2,4,4,19,0,0,0,0,1,0,0,0,0,0,0,0,0,2,0,0,0,0,0,0,17,15,13,10,9,7,7,7,5,5,5,4,4
AAACTTCGCAGAAGTTAGTTG,AAGTGAAACCGAC,true,3,12,17,45,0,0,0,0,0,0,0,1,0,0,0,0,2,1,2,1,6,2,1,0,43,41,34,32,29,28,28,21,19,14,14,13,12
ACCAGCTCTTCGATAGCCATC,ACTTCCCTTTTTC,false,5,7,12,35,0,0,0,0,0,0,0,0,0,0,1,0,1,8,0,0,1,0,0,1,32,29,29,26,20,20,18,8,8,8,8,7,7
CGAATCAGCGCGATGACAATA,AGTAAAATAATGA,true,4,10,6,37,0,0,0,0,0,0,0,0,0,0,0,0,1,1,1,1,0,0,1,1,31,24,23,21,19,17,15,13,12,12,10,10,10
GATAGCAGTTGAAAAAAATAT,TACTTGCGTGCAG,true,2,3,7,16,0,0,0,0,0,0,0,0,1,0,0,0,0,0,2,2,1,0,0,1,15,13,9,9,6,5,5,4,3,3,3,3,3
CGCTGTCAAACTCTACTTCAC,GGTATAGAGAAAG,true,3,5,10,23,0,0,0,0,0,1,0,0,0,0,0,0,2,1,0,1,1,0,2,1,19,15,13,10,10,8,7,7,6,6,6,5,5
GCTGGAGGGATACAAGATGCT,GAATGGATTTACT,true,3,10,11,31,0,1,0,0,0,0,0,0,0,0,0,0,1,1,0,2,0,0,3,2,28,27,22,19,19,16,16,15,15,12,11,11,10
GATATAATCCTTCACCTTTAC,AATTCTCAAATCT,true,3,10,16,41,0,0,0,0,0,0,0,0,1,1,0,0,1,1,0,1,3,2,0,2,37,34,32,31,28,26,23,22,21,17,14,11,10
GAAGAAATGTATATTTCCTTG,AAAACAAGAGATG,true,4,5,6,15,1,0,0,0,0,0,0,0,0,0,0,0,0,0,0,0,3,0,1,0,15,15,14,12,11,11,11,10,9,7,6,6,5
ATACGTCGCGGCCGGCAAGAT,CGATAGCGGCACA,true,2,6,11,22,0,0,0,0,0,0,0,0,0,0,0,0,1,0,2,1,3,0,3,0,20,19,16,16,15,11,11,11,8,7,7,6,6
TGGAGTCTGTTGTCTTTTGTT,CGGCATCGTTTTC,true,4,8,8,25,0,0,0,0,0,1,0,0,0,0,0,0,2,1,0,1,0,0,0,1,23,22,19,16,16,14,14,11,11,11,11,10,8
TCGACCACTATCCGCTGACGA,TGGTGACATCTAT,true,2,9,7,22,0,0,0,0,0,0,0,0,0,0,0,0,0,1,1,0,0,2,0,2,20,17,17,15,15,13,11,11,10,10,10,9,9
GAAGCCGTTCTCTGATGAGAG,CCGCTCTTCGAAT,true,2,11,13,28,0,0,0,0,0,0,0,1,0,0,0,0,1,0,1,4,2,1,0,1,26,22,22,22,21,17,17,17,16,16,15,13,11
CACGAGATCCACCTGTATTTC,CGATGAAACTCAG,true,3,6,13,26,0,0,0,0,0,0,0,0,0,0,0,0,0,0,1,1,3,2,4,2,23,20,19,15,13,11,11,8,6,6,6,6,6
ACGCCCCCCAGTACTGGCTCA,TAATTGAGAAAAT,true,4,2,10,16,1,0,0,0,0,0,0,0,0,0,0,0,2,1,1,1,1,0,0,2,15,14,13,13,10,8,7,5,4,4,4,2,2
TGAGGACAGGCTTGTCATCCT,TAAATAAAATGGT,true,4,3,9,22,0,0,1,0,0,0,0,0,0,0,0,0,2,0,0,1,3,0,0,0,21,19,19,15,12,10,10,8,6,5,5,4,3
TCTATACAGATGTATTTGGTT,TATCGGCAGCAAC,true,3,3,8,28,0,0,0,0,1,0,0,0,0,1,0,0,1,1,0,1,0,1,1,0,20,13,12,10,10,7,6,6,5,4,4,4,3
TAAGAGGAGCTAATTTTTTTA,TCCTGCTCCGTTA,true,2,5,5,19,0,0,0,0,0,0,0,0,0,0,0,0,0,2,1,1,0,0,0,0,17,15,13,9,7,7,7,7,7,7,6,5,5
TTAGACTGCTTTTCTTCATCA,AAGAATTTGGCGA,true,3,9,11,29,0,0,0,0,0,0,0,0,0,0,0,0,2,0,1,3,0,0,3,1,29,22,18,18,17,16,16,15,13,12,11,10,9
GCGATATATCCATTCTCGGTA,TGCCATTCAATCA,true,2,5,7,25,0,0,0,0,0,0,0,0,0,1,0,0,0,1,0,1,1,1,0,2,23,19,17,12,10,9,8,6,6,5,5,5,5
GCCGGCTTTGATGCCGCCTTC,TAAGGAATATCTG,true,2,4,8,20,0,0,0,0,0,0,0,0,0,0,0,0,0,2,0,1,3,0,2,0,20,17,16,12,9,8,5,4,4,4,4,4,4
ATGATATTTGCAATCAATTTG,GTATTTCTGCAGA,true,3,5,13,23,0,0,0,0,0,0,0,0,0,0,0,0,1,2,0,4,0,3,2,1,20,20,17,14,14,12,9,8,7,6,6,5,5
ATAGCTGCCCATGAGTTTGAC,GCCGTAAGGTTCG,true,2,10,5,26,0,0,0,0,0,0,0,0,0,0,1,0,0,1,1,0,1,0,0,0,22,20,18,17,17,17,13,13,12,12,11,11,10
CATGCCTGAATGATTTGTTCA,TGCTCTTCAATCG,true,2,8,7,21,0,0,0,0,0,0,1,0,0,0,0,0,0,1,0,2,2,0,0,1,21,19,19,19,18,18,16,14,13,11,10,8,8
ATCGAACGCTGCAATTCAGGC,AACATGATGCCTC,true,2,10,13,35,0,0,0,0,0,0,0,0,1,0,0,0,1,1,3,1,1,2,0,1,35,31,26,23,20,17,17,15,15,14,12,11,10
ACATTGTCTTTTCCTTTTGAT,AAGAACCGTCCGT,true,2,2,4,12,0,0,0,0,0,0,0,0,0,0,0,0,0,1,1,0,1,0,1,0,11,8,7,6,6,5,5,3,2,2,2,2,2
TGCCTGGACAAAAGATGATAG,AAATTCATTTCCG,true,3,12,10,34,0,0,0,0,0,0,0,0,0,0,0,0,0,0,0,2,0,2,0,4,33,31,29,26,24,23,23,22,22,18,16,14,12
TCCCAATATGATCTGCTATTT,GCTCGACTTCCGA,true,3,10,11,32,0,0,0,0,0,0,0,0,0,0,0,0,0,0,1,6,1,1,0,1,28,28,23,18,18,16,16,16,15,11,11,10,10
TTCAGAAATTAATATTGACAG,TTTGATCACGGTG,true,3,10,18,41,0,0,0,0,1,1,0,0,0,0,0,0,1,4,0,3,1,3,2,1,38,37,32,28,25,24,21,19,16,12,10,10,10
TGCTTGGGAACGGGGAAGAGC,TTGGCGTCACAAT,true,2,8,16,30,0,0,0,0,0,1,0,0,0,0,0,0,0,1,1,1,1,3,2,2,27,25,22,19,17,17,16,15,15,13,13,11,8
ATTTTCCATTTTTAATGCCGA,TGATTGCTCATTA,true,2,12,12,36,0,0,0,0,0,0,0,0,0,0,1,0,1,1,0,3,1,1,0,3,34,30,29,27,22,20,17,15,15,14,13,13,12
AATCGCCATCACCTGATTCAG,CTCATCGGTCCGT,true,2,8,11,29,0,0,0,0,0,1,0,0,0,0,0,0,1,1,1,2,0,2,2,1,27,26,22,22,22,18,16,12,10,10,8,8,8
ACGTCTCGGGCTATCTATAAA,AAACAGAAGAAGA,true,6,5,11,32,0,0,0,1,0,0,0,0,0,0,0,0,1,1,1,0,6,0,0,0,32,31,19,16,16,14,10,8,7,7,6,5,5
TTATTCTGTTAAAAGAAGGTT,TCGGATTTCGCAG,true,3,8,12,32,0,0,0,0,0,1,1,0,0,0,0,0,0,1,1,4,0,2,1,1,29,24,22,18,18,17,17,17,13,13,9,8,8
AACTACAGTTAGGGATAGAAA,ATATTCTTCTTAT,true,4,7,14,28,0,0,0,0,0,0,0,0,0,0,0,0,3,0,0,1,2,2,0,2,23,20,20,19,19,14,14,14,13,13,11,9,7
ATTCGATGCTGTTTTTGCTGG,TTGTAGCGGGCCT,true,3,6,12,25,0,0,0,0,2,0,0,0,0,0,0,0,2,0,0,1,0,0,3,1,24,23,17,17,17,16,15,14,13,9,9,8,6
AGCGAATCTGGCTGCCTTCCT,CACCCTGTGTGAT,true,3,5,11,20,0,0,0,0,0,0,0,0,0,0,0,1,2,1,1,2,1,0,2,1,19,19,18,18,18,18,15,11,10,10,7,5,5
CAGTGAGTATTACGCACTCTT,TAAATGGTGGCTG,true,3,2,5,13,0,0,0,0,0,0,0,0,0,0,0,0,0,1,1,1,1,0,0,0,12,9,9,8,7,6,5,4,3,3,3,2,2
GATCCAATTCTTGTTCTCCAG,CTTATGTAATATG,true,2,8,12,28,0,0,0,0,0,0,0,0,0,1,0,0,1,1,0,0,1,0,0,5,27,27,23,23,19,18,17,16,14,11,11,11,8
GGCAAATTGCCAAGTCAATTG,CGAATACGCCATC,false,2,2,3,16,0,0,0,0,0,0,0,0,0,0,0,0,0,2,0,0,0,0,1,0,15,3,3,3,3,3,3,2,2,2,2,2,2
AGAAGCGATTCGTTTGCTTGA,AATCTATAAACCG,true,3,10,10,32,1,0,0,0,0,0,0,0,0,0,1,0,1,1,0,3,0,1,0,0,31,29,24,22,21,19,17,15,14,14,12,10,10
TCCACCATATTCCATCCTTTC,CAAGAACGTTAAT,true,2,4,8,22,0,0,0,0,0,0,0,0,0,0,0,0,1,1,0,1,0,4,0,0,15,13,10,8,6,6,6,6,6,6,5,4,4
TAAGCAAACGAATAATCAAAG,AACAACCAGCAAG,true,2,2,4,11,0,0,0,0,0,0,0,0,0,0,0,0,2,0,0,0,0,1,0,0,11,9,6,6,6,4,3,3,3,3,3,2,2
ACCTCAAGCAAGGCATTGAAG,AATACACGAAACG,true,3,13,14,34,0,0,0,1,0,0,0,0,0,0,0,0,2,3,1,2,4,1,0,0,32,28,27,24,22,21,18,16,15,15,14,13,13
AGCGATTTTCTTTAATTTATC,GACATTCTCTTCA,true,2,10,11,33,0,0,0,0,0,1,0,0,0,0,1,0,0,1,0,3,2,1,0,0,29,25,24,21,20,20,17,16,14,13,13,11,10
AACACCCGGAATCGCCAAAGT,CCGAGAGCGTTTG,true,3,8,10,29,0,0,0,0,1,0,1,0,0,1,0,1,0,0,3,1,0,0,0,0,27,21,19,19,17,14,14,12,12,11,10,10,8
AGATGATTTAAATGATTGGAT,AAAACAATATATG,true,4,9,10,31,1,0,1,0,0,0,0,0,0,0,0,0,1,2,0,3,1,1,0,0,30,30,27,26,17,13,11,10,9,9,9,9,9
TAAACGCATATCGCTTCCCAG,CCTCAAACCGATA,true,3,7,5,16,0,0,0,0,0,0,0,0,0,0,0,0,0,0,2,0,1,2,0,0,15,14,13,12,12,12,10,9,8,8,8,7,7
TTAAACAATACTCGATTCTCT,TTGAAGCCTTTTG,true,4,11,12,33,0,0,0,0,0,0,0,0,1,0,0,0,0,1,0,1,0,2,0,5,32,25,21,20,20,20,20,16,15,15,15,13,11
GGCTTAAGTCCCTGCTCCTCC,CCTTGGCGAAGCA,true,4,4,7,18,0,0,0,0,0,0,0,0,0,0,0,0,1,0,1,3,1,1,0,0,18,11,11,11,8,8,6,6,6,5,4,4,4
ATAAGTTTTCTCCATACGCTT,TATTAAACCCTTA,false,3,2,4,13,0,0,1,0,0,0,0,0,1,0,0,0,0,0,0,2,0,0,0,0,13,12,11,10,10,10,9,2,2,2,2,2,2
ATTCGTTATAGCTGATTTTTC,CATCATTTCGCCT,true,3,7,15,27,0,0,0,0,0,0,0,0,0,0,0,0,0,3,0,3,1,4,0,1,25,23,22,18,16,16,16,14,10,10,10,8,7
ACCCGCAAGTCGTCATATGTA,AGAAAGGTGTCGA,true,3,8,7,19,0,0,0,0,0,0,0,0,0,0,0,0,1,0,1,0,1,0,3,0,19,19,17,17,14,12,9,9,9,9,9,9,8
CACCCCCCCCCCCCCCCCCAG,GCCACCCCCCCCA,false,8,1,0,17,0,0,0,0,0,0,0,0,0,0,0,0,0,0,0,0,0,0,0,0,3,3,3,1,1,1,1,1,1,1,1,1,1
GATTATCGTCGTCCGCCGTTT,ATCAGGCGGAGGC,true,3,10,11,27,0,0,0,0,0,1,0,0,0,0,0,0,1,2,0,0,0,0,5,0,24,23,23,22,22,17,17,16,14,13,13,10,10
GATTATGTTGAACAGACGCTT,CAAGAAGGAAAAG,true,4,5,12,26,0,0,0,0,0,0,0,0,0,0,0,0,1,1,0,1,4,0,0,0,23,23,19,13,13,11,11,10,10,10,10,7,5
GTTTTATCCTAATTATTAAGT,CCTTTTTTGTAAG,true,6,5,6,18,0,0,1,0,0,0,0,0,0,0,0,1,0,0,0,0,0,1,0,2,18,15,15,15,15,14,12,9,8,7,6,5,5
TTCGGTTCCTTGTTTTTTTGC,AGCTGCTGCGCCG,true,2,7,9,24,0,0,0,0,0,0,0,0,1,0,0,0,1,1,1,2,0,1,2,0,24,22,20,20,15,15,14,11,10,9,8,7,7
TTGTCAGATACCGGTACACCC,CGCTCGCCTTTGA,true,4,4,9,17,0,0,0,0,0,0,1,1,0,0,0,0,0,0,0,0,0,2,1,3,13,12,10,10,9,9,9,9,9,9,6,5,4
TTATAAACAAGCTTCATATTC,CCCTTTAGAAATC,true,4,7,19,37,0,0,2,0,0,0,0,0,0,0,0,0,2,0,1,1,1,4,2,3,35,33,26,26,26,23,20,16,16,15,13,10,7
GAGATAGGTCTTTTGTTCAAT,AAAAAGCCTCAGA,true,5,5,11,27,0,0,0,0,0,0,0,0,0,0,0,0,4,1,0,2,2,1,0,0,21,21,20,19,15,8,8,7,7,7,6,6,5
CATTGGAGTTTTATACAGAAA,AACTGGGGTTTGT,true,5,5,12,31,0,0,0,0,0,0,0,0,0,0,0,0,1,1,0,0,2,2,4,0,31,26,17,16,16,15,14,8,8,8,8,5,5
CAATAAAGTAATGCGGATATT,GCCCAAGAAATGA,true,3,6,18,32,0,1,1,0,0,0,0,0,0,0,0,0,4,4,0,1,2,4,1,0,28,28,27,20,17,16,13,12,10,8,6,6,6
ACCGCTCGCTGAAGCAGATGA,ATCCGTGCTTTCA,true,3,8,19,46,0,0,0,0,0,0,0,0,0,0,0,0,4,1,3,4,0,2,2,2,41,34,32,28,26,24,22,16,15,14,12,9,8
TCTTTTCCTCCTCCTTCCCGT,TGTTGTTGTTGAG,true,2,3,3,13,0,0,0,0,0,0,0,0,0,0,0,0,0,0,0,0,0,0,0,2,11,9,8,7,6,6,6,6,6,4,4,4,3
TCAGGAGTTAGTGCACAGTGA,ATATATGAAGCCA,true,2,2,3,21,0,0,0,0,0,0,0,0,0,0,0,0,1,0,0,1,1,0,0,0,18,17,16,15,10,8,8,7,7,3,2,2,2
AAGACCGGCGGGAATGCAAAA,ATGATCTGCTCCT,true,5,6,7,21,0,0,0,0,0,0,0,0,0,0,0,0,0,1,1,2,1,1,1,0,16,14,13,12,11,8,8,8,8,7,7,6,6
CAATCTCATCGGCGGACAGAA,TGTGGTGGAGGCT,true,2,6,12,24,0,0,0,0,0,0,0,0,0,0,0,0,2,1,2,1,0,0,3,0,22,21,20,19,15,12,11,9,9,9,9,9,6
TAAATTAAGCGTAGCTGGCGC,AAAGCTATTGTCT,true,3,4,10,22,0,0,0,0,0,0,0,0,0,0,0,0,3,0,2,1,0,1,1,2,20,20,18,13,13,12,12,10,8,6,6,4,4
ACATGCTTCACTTTTCTACAC,AAACGTGGGTGAC,true,3,7,10,36,0,0,0,0,1,0,0,0,0,0,0,0,1,1,3,1,1,0,1,0,36,33,27,21,18,17,16,14,13,10,9,8,7
AGTTTCCTCTGTGATGTAAAA,GCTGTCCTGCATA,true,4,4,14,36,0,0,0,0,0,0,0,0,0,0,0,0,1,2,0,3,0,1,1,2,24,21,18,15,15,12,11,9,9,9,8,6,4
GCCACGCATATCGGATGGAAA,TGAAAACACAGAT,true,4,4,8,15,0,0,0,0,0,0,0,0,0,0,0,0,2,0,0,2,2,0,0,0,13,11,11,11,11,9,8,8,6,6,6,6,4
TGTTAAAAGCCGCTTATATCG,AATGCCTTCTTCA,true,2,5,3,14,0,0,0,0,0,0,0,0,0,0,0,0,0,1,0,0,0,0,0,2,12,9,9,9,9,9,9,7,7,5,5,5,5
TTCATTGGCAACAGCGGTCAA,AAGGTGCGTTTTC,true,4,12,13,30,0,0,0,0,0,0,0,0,0,0,0,0,3,0,0,0,3,1,1,0,30,26,25,25,24,22,19,18,18,18,18,15,12
CAATGGTATGTTAAGCAAGGT,AAGCTCCACCTCG,true,2,3,10,18,0,0,0,0,0,0,0,0,0,0,1,0,2,0,0,1,3,1,0,1,18,14,13,13,11,10,9,8,6,6,5,4,3
CAAGCTAAAGCGAAAGCTGGC,GTCGTTAAGATAT,true,2,6,13,28,0,0,0,0,0,0,0,0,0,0,0,0,1,2,0,3,1,1,0,3,24,23,20,17,17,15,13,13,11,10,8,7,6
AAAGCGAAGGGGAAATGATGT,GGAAGAGGCCGGA,true,2,4,12,23,0,0,0,0,0,2,0,0,0,0,0,0,1,1,1,0,1,1,5,0,20,18,17,15,11,11,11,9,7,6,6,4,4
CCTCCTTCCGAAAAGCGGCAA,AATCATGGACGGC,true,4,6,11,31,0,0,0,0,0,0,0,0,0,0,0,0,2,0,1,1,1,0,4,1,30,26,21,20,17,16,14,11,10,10,10,7,6
GATTCGATTAGCAACAAAAGA,CAGCACGATTATC,true,2,8,12,31,0,0,0,0,0,0,0,0,0,0,0,0,2,2,0,0,2,3,1,0,30,28,25,23,20,17,17,15,15,12,11,10,8
CGTCCAATAACTTGAATTCAG,CGCCCTCCAAAAC,true,4,6,12,26,0,0,0,0,0,0,0,0,0,0,0,0,1,1,5,0,3,1,1,0,25,21,18,15,13,12,12,11,10,10,9,6,6
TGATTTGGCCTGTGATACTTT,ATCATAAGACATA,true,3,5,15,31,0,0,0,0,0,0,0,0,0,0,0,0,4,0,2,5,2,1,0,0,23,20,17,17,14,13,13,12,11,7,6,6,5
TGACCGTTTTGAGTCCGCGCT,GATAGCCGACATA,true,2,4,13,24,0,0,0,0,0,0,0,0,0,1,0,0,3,0,0,3,1,2,3,0,22,21,18,17,13,13,9,9,7,4,4,4,4
GAAATATATAGAAAAATTGAA,ATCCCAGCTGAAG,true,3,6,9,29,0,0,0,0,0,0,0,0,0,0,0,0,2,0,1,0,1,3,2,0,24,17,16,15,10,10,9,8,8,6,6,6,6
GAGCTACAGGATCAACAGGAG,CAACGGGATCAAC,true,3,2,6,16,0,0,0,1,0,0,0,0,0,0,0,0,1,0,1,1,0,0,0,0,13,13,10,10,10,10,7,5,4,4,4,3,2
CCGGCATACGTCTTAGCGATT,TCTACCATGTTGT,true,3,6,12,28,0,0,0,0,0,0,0,0,0,0,0,0,3,0,0,2,0,0,1,4,23,21,19,17,15,13,13,12,10,9,8,6,6
CATATCATCTCTAAACTCTTC,CCACTCTACTACA,true,3,11,11,31,0,1,0,0,0,0,0,0,0,0,0,0,2,1,1,0,0,2,0,4,29,25,25,25,22,21,19,19,17,14,12,11,11
AACGTCATCGGCCCCTGGATC,GGGGGTATATGTA,true,5,10,11,30,0,0,0,1,0,1,0,0,0,0,0,0,1,1,0,0,0,0,4,0,28,28,27,23,16,16,16,14,14,13,13,12,10
CCAAATGCGCTTGGATGATCT,TTCGTCAGATTCT,true,3,2,2,14,0,0,0,0,0,0,0,0,0,0,0,0,1,0,0,0,1,0,0,0,13,11,10,10,8,7,6,3,2,2,2,2,2
AAATAAGGCCGCTTATAGCAT,CAACAATCACCAG,true,2,11,10,33,0,0,0,0,0,0,0,0,0,0,0,0,2,0,1,1,4,1,0,0,28,27,25,20,20,14,14,13,12,12,12,12,11
GAGAAGCTCCTCATGCTGAAA,GCCCTGTCCTCTC,true,3,3,2,12,0,0,0,0,0,0,0,0,0,0,0,0,0,0,0,1,0,1,0,0,10,7,7,7,7,7,7,5,5,4,3,3,3
CCCACAAATTGTTCTCAGTTC,GGATCGCAGTCTG,true,2,5,4,11,0,0,0,0,0,0,0,0,0,0,0,0,0,0,0,0,0,1,2,1,11,9,9,9,8,8,7,7,6,6,6,5,5
TTGTTACGAAAGGTTTTTCCG,GATCGTATGGAAT,true,2,6,7,26,0,0,0,0,0,0,0,0,0,0,0,0,0,0,2,2,1,0,1,0,21,19,17,13,13,12,11,9,8,8,7,7,6
TCGTTCCATTCAACCAGCATG,TCGTAATACAGCT,true,2,11,19,42,0,0,0,0,0,0,0,0,0,0,0,0,3,2,2,1,6,1,0,2,38,35,34,34,33,27,21,20,17,15,14,13,11
TGTTGATAAGACGGATATTCT,GGGTACGGAATAT,true,3,8,10,25,0,1,0,0,1,1,0,0,0,1,0,0,1,0,0,0,0,1,3,0,24,23,19,19,19,16,14,13,12,12,9,9,8
AGAGTCGGTTCCGAAAGCAGC,TTTAGCGGCTGCT,true,3,9,4,22,0,0,0,0,0,0,0,0,0,0,0,1,0,1,0,0,0,1,0,0,21,19,16,15,14,14,13,12,11,10,10,9,9
ACGATGTTGAACCGGATCATT,GCGACGATGTCAG,true,2,10,12,31,0,0,0,0,0,0,0,0,0,0,0,0,1,0,1,3,1,1,1,2,29,27,26,24,23,21,20,16,14,14,12,11,10
GAGCGATGATCACTTCTCCCT,TGTCGAGTTTTTC,true,5,7,7,28,0,0,0,0,0,0,0,0,0,0,0,0,0,1,2,2,0,0,1,1,25,22,18,16,13,11,9,9,9,8,8,7,7
TCGCATAAACTGCAAATGTAC,AGTTTACAATGAG,true,3,4,6,18,0,0,0,0,0,0,0,0,0,0,0,0,1,0,0,1,0,0,0,1,17,14,14,14,12,8,8,8,8,7,7,7,4
GGGGCTCTGTTAGGGTGCAAG,CCCGAGAGAGCCG,true,3,2,4,11,0,0,0,0,0,0,0,0,0,0,0,0,0,0,0,0,1,0,2,0,11,10,8,6,6,6,5,3,3,3,3,2,2
TTTTTGTCAGTGATTTGCATG,GGGAGTATCAGGC,true,4,5,5,13,0,0,0,0,0,0,0,0,0,0,0,0,1,0,0,0,0,0,2,1,13,13,9,9,9,8,8,7,7,7,6,6,5
CTTCCGCTAAGTATGCTTCTA,ATAATGTCCTCCT,true,2,5,4,12,0,0,0,0,0,0,0,0,0,0,0,0,0,0,0,2,0,2,0,0,12,11,11,10,9,9,9,8,8,8,7,5,5
TCGTTGCAGAACACCTGTAAC,GTGAGTCTATGTC,true,1,11,8,23,0,0,0,0,0,0,0,0,0,0,0,0,1,1,1,0,1,0,4,0,23,23,21,19,15,14,14,13,12,12,11,11,11
TTTCCATTTTTTGAGCCATTG,CTTCTTCAACATC,true,2,6,8,22,0,1,0,0,0,0,0,0,0,0,0,0,2,0,1,2,1,1,0,0,19,18,15,12,12,12,11,10,8,6,6,6,6
AGACGCTCTCATAATAGCCGT,CTCCTGTCATACG,true,2,5,11,23,0,0,0,0,0,0,0,0,0,0,0,0,2,3,1,1,0,3,0,1,22,19,19,17,16,14,13,11,9,8,7,5,5
AAAGCGCCGGGGCAAAAAGTG,GAAGAATCGGACT,true,2,4,3,22,0,0,0,0,0,0,0,0,0,0,0,0,2,0,1,0,0,0,0,0,16,14,12,10,10,10,7,7,7,6,5,4,4
CGGACATATCGTCATTTTCCT,TCCGAATGCTTTA,true,3,8,14,27,0,0,0,0,0,0,0,0,0,0,1,0,2,0,1,1,1,2,0,2,24,24,17,17,16,15,13,13,13,12,12,9,8
GATATTTGATGCAGGACTGGT,TGTGATCGACAAG,true,2,6,5,19,0,0,0,0,0,0,0,0,0,0,0,0,2,1,0,0,0,0,1,1,19,13,11,10,9,7,7,7,7,6,6,6,6
TACAATATTCTATGAAAGGAG,GCTTTCCGCATGA,true,3,9,8,30,0,0,0,0,0,0,0,0,0,0,0,1,0,0,1,0,1,2,1,1,25,23,22,22,20,19,16,15,15,13,11,10,9
TATAGCTTAGATAAAAATTCA,TCAAATGAATCTG,true,3,4,6,21,1,0,0,0,0,0,0,0,0,0,0,0,1,0,0,1,2,0,0,1,19,15,14,12,12,9,9,9,6,5,5,4,4
TATATCGAACTGATGGCAAAG,GAAAAACAGCCTA,true,5,4,13,27,0,0,0,0,0,0,0,0,0,0,0,0,2,1,1,0,2,4,2,0,23,22,22,20,19,15,12,12,11,10,5,5,4
GAGCTCTCCTTCTTTCATGGA,GTAAAGTGAACCT,true,3,8,9,29,0,0,0,0,0,0,0,1,0,0,0,0,2,2,1,1,2,0,0,0,25,25,22,22,20,13,12,11,11,9,9,8,8
AACAGCACCCGTTTTCACTGG,GAGAAAAGTGCTG,false,4,2,3,31,0,1,0,0,0,0,0,0,0,0,0,0,0,0,1,0,0,0,1,0,20,19,17,17,16,15,12,10,2,2,2,2,2
TGCAGGTAAATCTGGGTGGCC,CGGTATTCTGTGA,true,3,7,10,27,0,0,1,0,0,0,0,0,0,0,0,0,1,2,0,2,1,1,0,2,21,17,16,15,12,11,10,9,8,8,8,7,7
TGAACCAGTAAACGTAACGGC,GTCTACACCTTCA,true,2,12,10,29,0,0,0,0,0,0,1,0,0,0,1,0,2,1,0,2,0,2,0,0,28,26,26,24,20,19,19,17,14,14,13,13,12
TTTATTGTCTCATATTTACTT,CGGCAGAAAAAAG,true,6,8,11,28,0,1,0,0,0,0,0,0,0,0,0,0,2,1,0,1,0,0,1,0,24,24,20,20,17,15,14,14,14,14,13,11,8
TTTATAAAAAGAAAATTGACG,TTAATTGGTCCAC,true,2,5,8,17,0,0,0,0,0,0,0,1,0,0,0,0,0,0,2,1,0,0,1,3,14,13,12,10,10,9,9,7,6,5,5,5,5
TAACCAACAGCCTCAAAACGT,ACTTCAATTGTTA,true,2,15,11,32,0,0,0,0,0,1,0,0,0,0,0,0,1,1,0,3,2,1,0,1,28,28,28,24,22,20,18,18,18,16,16,16,15
GTGGATGGTTCTCGTGCTGAC,TTCCATCAGCTCG,true,2,9,7,28,0,0,1,0,0,0,0,0,0,0,0,0,3,0,0,0,1,1,1,0,25,23,23,19,17,17,15,14,11,9,9,9,9
AGGACATGAACATCAAGGATG,ATGAATGGATTCA,true,2,11,6,28,0,0,0,0,0,0,0,0,0,0,0,0,0,0,0,1,1,0,1,1,27,23,21,21,18,16,16,15,14,14,14,12,11
TTTTCATTTGATAAATCAGAT,GAAATCGTATTTC,true,3,8,12,30,0,0,0,0,0,0,0,0,0,0,0,0,1,0,0,4,1,0,0,0,25,24,24,22,20,18,17,17,16,15,14,11,8
GGCCTGGGGCTTAGGCTACTA,CGGCCAGCCTCAT,true,2,5,13,29,0,1,0,0,1,0,0,0,0,0,0,0,2,2,0,1,0,3,2,0,26,25,23,23,21,19,14,14,13,8,7,6,5
AAAAAAAACAATAAGCGAGCC,TGCGCCGCATCAG,true,2,2,6,12,0,0,0,0,0,0,0,1,0,0,0,0,1,2,1,0,0,0,1,0,8,7,6,4,3,3,3,3,3,2,2,2,2
AATATGGCGCTGGGCGCAGCT,AGAAGCAGAATCA,true,2,11,7,27,1,0,0,0,0,0,0,0,0,0,0,0,3,1,0,1,1,0,0,0,25,22,22,19,17,17,17,16,14,12,11,11,11
GTCAGTTTGTTTTGGTTTTCT,GTCAGCTGCTGTG,true,1,6,10,29,0,0,0,0,0,0,1,0,0,0,0,0,1,5,0,1,1,1,0,0,27,25,21,19,16,15,11,7,7,6,6,6,6
ATTCAGCATGCTCTTTTTTTC,ACTTCTTCAATCT,true,2,3,7,12,0,0,0,0,0,0,0,0,0,0,0,0,1,0,0,1,1,1,0,3,11,11,11,8,6,6,5,4,4,4,3,3,3
GAAGAGCAAAGAATTATTTAA,AATATATTAGCAG,true,4,2,7,11,0,0,0,0,0,0,0,0,0,0,0,0,1,1,0,0,4,0,0,0,10,8,7,6,6,6,5,5,4,4,4,3,2
GATGCTAACGTATTCGTATTC,CCAAGCCTTGAAG,true,3,4,10,27,0,0,0,0,0,0,1,0,0,0,0,0,1,1,0,0,0,4,0,3,23,16,16,15,12,11,9,9,6,5,5,4,4
CCAATAAAGCAAGACGATATG,CGTCATCCAAATG,true,3,10,12,34,0,0,0,0,0,0,0,0,0,1,0,0,2,2,0,1,1,2,0,0,33,31,30,26,24,19,19,18,17,17,14,13,10
AGAAAGCCGTCAAGCGCCCAT,CGATTCGGCACCG,true,2,12,15,37,0,0,0,0,0,0,0,0,0,0,0,0,0,4,0,1,0,1,4,1,35,33,29,29,27,25,25,21,19,16,16,14,12
GATAGCTGCGAACGCGACAAT,GTAATCTAACAAT,true,2,10,8,29,0,0,0,0,0,0,0,0,0,1,0,0,1,0,0,1,2,1,2,0,25,23,23,22,19,15,14,12,10,10,10,10,10
TATTTCTTAAACCGTGTCACG,AACCGAATTTATG,true,3,6,5,24,0,0,0,0,0,0,0,0,0,0,0,0,1,1,1,0,1,1,0,0,24,20,12,10,8,8,8,8,7,6,6,6,6
ATGCTGTTACCCCAGGCATTA,TGAAGGCAGCGCT,true,2,7,5,19,0,0,0,0,0,0,0,0,0,0,0,0,0,1,1,0,0,1,1,0,18,17,17,16,13,12,11,9,9,9,9,8,7
TCTCCGGAGCTGCGGGAGCCG,TCGGTTCAACAGT,true,2,11,13,27,0,0,0,0,1,0,0,0,0,0,0,0,2,0,1,4,0,1,3,1,26,24,23,18,18,17,15,15,15,13,12,11,11
TTGAGAAGGACATGAAGAGCT,GGACGGAGCTTTG,true,3,9,12,30,0,0,0,0,0,1,0,0,0,0,0,0,0,0,1,0,1,0,7,0,29,24,22,20,20,16,16,13,11,11,11,11,9
ATCAGTGCAGACCAGATCAAA,GAAGGCGCTGTTG,true,3,7,17,33,0,0,0,0,0,0,0,0,0,0,0,0,2,1,2,0,2,1,5,0,24,24,19,19,17,15,14,13,12,11,11,10,7
AATTTAGCAAGGATCAGGTTC,AAGATATGTATTA,true,2,8,11,22,0,0,1,0,0,0,0,0,0,0,0,0,3,0,0,2,1,0,2,1,22,21,17,17,17,16,13,10,10,9,9,8,8
AAACAACCTCCTTTTATTTCC,ATCATACATAATA,true,2,5,17,27,1,0,0,0,0,0,0,0,1,0,0,1,2,1,1,3,1,1,0,2,25,23,17,17,16,15,14,13,11,10,8,6,5
CGATCCCCCGTAAAAACGGTA,TCTTTTTCACGAT,true,5,5,4,18,0,0,0,0,0,0,0,0,0,0,0,0,1,0,0,2,0,0,0,1,14,14,13,12,12,11,9,5,5,5,5,5,5
CGGGTTTCCTGGCAGCAGTTC,GACAATCTGCTGC,true,2,7,9,22,0,0,1,0,0,0,0,0,0,0,0,0,2,1,0,1,1,1,1,0,22,20,19,18,15,14,10,10,8,8,8,8,7
CGAGGAGATGATGCTTCTTTT,TCAAGAATAGGCA,true,5,1,1,11,0,0,0,0,0,0,0,0,0,0,0,0,0,0,0,0,0,0,1,0,9,9,6,4,3,3,3,3,3,2,1,1,1
AGTGTGGGCATGTTACGCTTA,GGAATAGATATTG,true,2,9,5,20,1,0,0,0,0,0,0,0,0,0,0,0,0,0,0,1,0,0,2,1,19,17,15,13,10,10,10,10,10,10,10,9,9
CAACTTTTGGTCCGCGAACCA,CTTTTTCTGTTGT,true,5,5,10,20,0,0,0,0,0,0,0,0,0,0,1,1,1,1,0,4,0,0,0,0,17,17,17,16,16,16,10,10,10,10,7,6,5
TGTCAATACAGACCGTTATTG,CTCAAAGGAACTG,true,3,6,13,25,0,0,0,1,0,0,0,0,0,0,0,0,4,2,1,0,2,0,0,0,22,20,18,18,18,16,15,13,13,12,9,8,6
CATTGTCGGCCATCACCCGCA,CGTTCTAGAACCG,true,2,10,9,29,0,0,0,0,0,0,0,0,0,0,0,0,1,2,2,1,0,2,1,0,26,25,22,21,18,17,17,14,11,11,11,10,10
ATTATAAAGGCCATCATGTCA,CGATGGAAACGGA,true,3,2,11,22,0,0,0,0,1,0,0,0,0,0,0,0,3,1,1,0,0,1,3,0,19,19,17,15,15,13,12,12,12,7,5,3,2
AGCCTGATTGTTCATCTTGGC,AGAATACTAATTG,true,2,6,7,21,0,0,0,0,0,0,0,0,0,0,0,0,1,2,1,0,0,0,0,0,20,16,14,12,11,11,11,11,10,10,9,7,6
AACAGTAAAAATCCGCCGACA,GCAATAATCGGCA,true,2,7,21,43,0,0,0,0,0,0,0,0,0,0,0,0,1,2,4,4,3,0,7,0,38,37,35,30,25,21,19,19,18,16,10,7,7
GCCGATGTAAAAGAGGTAGCC,AAGCATTTTCACT,true,4,10,10,37,0,0,0,0,0,0,0,0,0,0,0,0,2,2,3,0,1,0,0,1,34,29,24,20,19,17,17,17,13,12,11,11,10
ATATAAAAATAGCATCGAGCG,TATTGTTGACAAT,true,2,8,13,29,0,0,0,0,0,0,0,0,0,1,0,0,3,1,1,3,0,0,0,1,27,26,21,21,19,17,15,14,12,12,11,11,8
CTATCCAGCGCTTTAGTTGCG,GGGATGATTGTAT,true,4,7,13,33,0,0,0,0,0,0,0,0,0,0,0,0,2,1,1,1,1,0,5,1,32,30,19,15,13,13,12,11,10,9,8,8,7
TTCGTTAATTCTTTTTTTTGT,TTCTGATGCAAAT,true,3,2,4,12,0,0,0,0,0,0,0,0,0,0,0,0,1,1,0,1,0,0,0,0,10,10,9,8,7,7,4,3,3,3,3,3,2
GAGCTGAGGATCGCATGCAGA,AGCTTGATATCGA,true,2,6,7,24,0,0,0,0,0,0,0,0,0,1,0,0,1,0,0,2,0,0,1,1,23,18,17,16,13,10,10,7,7,7,7,6,6
GTGTGGATTATCAATATATCT,ATGAACCTAAGCT,true,2,8,6,23,0,0,0,0,0,0,0,0,0,0,0,0,1,1,0,1,1,0,0,1,19,18,18,17,15,13,11,9,9,9,9,9,8
CAAACCATCAAAATGGCAGTC,ATAGTGGTGGCGA,true,2,8,5,23,0,0,0,0,0,0,0,0,0,0,0,0,1,0,0,1,0,0,0,1,22,19,17,16,16,14,14,12,11,11,10,10,8
TTTCAAGGGTTTCAATCCCTA,AGTACTTTCCGAT,true,3,6,11,33,0,0,0,0,0,0,0,0,0,0,0,0,1,1,1,2,0,4,1,1,32,23,22,18,17,16,16,14,13,9,7,6,6
TTATAGCTGCTCAAGCTTCTT,TTCAAGTTCTTTA,true,4,7,18,39,0,0,0,0,0,0,0,0,1,0,0,0,1,0,1,5,1,0,1,4,37,32,25,23,21,17,16,14,11,11,11,8,7
GCACGATGCGGGCGCGAAGGT,GGTCGGGATCTCG,true,3,7,8,28,0,0,0,0,0,0,0,0,0,0,0,0,1,2,1,0,0,1,3,0,27,24,22,17,14,12,8,7,7,7,7,7,7
AAAGTGCTCGCTGTTCAGCGC,TCGCTTTCAACGT,true,3,12,14,34,0,0,0,1,0,0,0,0,0,0,1,0,4,0,0,2,3,1,0,0,31,31,28,27,26,26,25,20,20,17,15,12,12
ATTTTTCAGAGGATTTTAAAG,AATTAAAAAATAG,true,6,3,7,11,0,0,0,0,0,0,0,0,0,1,0,0,2,0,0,0,2,0,0,1,10,9,9,7,7,7,7,7,7,6,4,4,3
AGGGGGAGACAGTATGTACCG,TCTCTTGCTGTTG,true,2,5,7,17,0,0,0,0,0,0,0,0,1,0,0,0,0,0,0,1,0,2,0,2,17,17,16,12,12,10,9,7,7,7,7,6,5
CATATAGATGAAAACAGCAGT,CTTCAGCAATTTC,true,3,13,11,30,0,0,0,0,0,0,0,0,0,0,0,0,3,1,0,1,1,0,1,1,29,25,24,21,21,18,18,17,16,16,16,13,13
TGATGTAGATGTAACAGCCTT,TGATTATGAATAC,true,3,7,7,29,0,0,0,0,0,0,0,0,0,0,0,0,3,0,0,1,1,0,0,0,20,18,13,12,11,10,9,9,9,9,9,9,7
ATGAGTGAAACTACAAATATG,CAGGCTACGCTCG,true,2,10,8,27,0,0,0,0,0,0,0,0,0,0,1,0,1,1,1,0,0,0,1,1,23,18,18,18,17,16,16,15,13,13,12,12,10
AAATCAATCGCGGTCGGCGGA,ACGATTTATATCT,true,3,13,14,32,0,0,0,0,0,0,0,0,0,2,0,0,1,1,0,3,2,1,0,2,29,26,26,26,25,24,20,18,16,15,15,14,13
AGAGGAAGAAGAATTCCGCAA,CATCTACAACATG,true,2,6,5,17,0,0,0,0,0,0,0,0,0,0,0,0,1,0,0,0,1,1,0,1,16,15,15,14,13,12,12,12,11,8,8,7,6
AAATCATAATCGATTTGGAAT,AATGTTTGAATAT,true,3,5,9,21,0,0,0,0,0,1,0,0,0,0,0,0,0,0,0,0,3,0,1,2,20,16,15,12,12,12,9,9,8,6,5,5,5
GGATATCTTTAAAATAGCGGA,TTACGGCATCGTA,true,2,6,11,26,0,0,0,0,0,0,0,0,0,0,0,0,2,1,0,2,2,1,0,0,24,20,19,17,17,17,16,12,10,9,9,8,6
CAAAGTGAATCTCCGCTTTTT,ACAGTATAAGTCT,true,5,4,8,27,0,0,0,0,0,0,0,0,0,0,0,0,1,1,1,1,1,0,1,2,18,15,14,14,13,11,8,7,6,5,5,4,4
TATGTGACATCTCAGGTATAT,GGCATCACCGGCG,true,2,4,7,16,0,0,0,0,0,0,0,0,0,0,0,0,2,2,0,0,0,1,2,0,14,13,13,13,11,10,9,8,7,5,4,4,4
ATGAAATCAAATATCAATAGA,AAACAGAGAGAAG,true,4,4,13,29,0,0,0,0,0,0,0,0,0,0,0,0,3,0,0,0,6,0,0,0,27,27,18,10,9,9,8,8,8,8,8,7,4
TTGCGATTCAATTGAAAAGAA,TAGCCGTTTAGCT,true,3,11,10,36,0,0,0,0,0,0,0,0,0,0,0,0,6,0,0,1,0,1,1,1,28,25,20,20,17,16,15,15,14,13,12,11,11
TAAACGATAGCTGGGCGTATA,TCAGCAGCGGAAC,true,2,5,6,25,0,0,0,0,0,0,0,0,0,0,0,0,2,0,0,0,0,0,1,0,21,18,17,13,11,10,10,9,9,8,8,7,5
CTCCCCTTTTATTTGCTTTTC,TCTTGCCAAATTA,true,3,5,11,24,1,0,0,0,0,0,0,1,0,0,0,0,2,1,1,2,1,1,0,1,21,17,15,13,13,11,9,9,8,7,6,5,5
AAAGCAAAAACATAGCTGATT,TTCCAATTTCATA,true,4,2,4,11,0,0,0,0,0,0,0,0,0,0,0,0,0,0,0,0,0,2,0,1,10,9,6,4,4,4,4,4,3,3,3,3,2
TGGAGTAACTGGTGCAATCGG,GGAAACAGGAGCT,true,4,6,11,27,1,0,0,0,0,0,0,0,0,0,0,0,2,0,0,0,3,0,5,0,24,15,14,14,12,8,6,6,6,6,6,6,6
TGATTTGAGCTTTTTTTCTTT,GAGTTTTCATCCA,true,4,3,3,13,0,0,0,0,0,0,0,0,0,0,1,0,0,0,0,2,0,0,0,0,11,9,9,9,9,9,9,4,4,3,3,3,3
TTAGGCGCAAACGGAGCGGGA,AAAACGACGACGT,true,5,6,11,26,0,0,0,0,0,0,0,0,0,0,0,0,7,0,1,0,3,0,0,0,26,25,25,21,11,11,9,9,9,8,6,6,6
CGGTAAATCCGTTCCGCCACT,TCATCAAAACCGA,true,4,10,8,26,0,0,0,0,0,0,0,0,0,0,0,0,2,1,1,0,1,1,0,1,23,23,22,20,17,17,17,17,15,13,12,11,10
TATTCAGGACTCGCTTTCGCT,GCGGCTCCGCATC,true,2,7,9,20,0,0,0,0,0,0,0,0,0,0,0,0,1,2,0,1,1,2,1,0,17,16,16,15,14,11,11,11,11,11,9,8,7
GAATCATGATATGTATGTGTT,GCTGGGTATGTTG,true,3,5,7,26,0,0,0,0,0,1,0,0,0,0,0,0,0,0,0,3,0,0,1,1,16,15,15,11,10,7,7,7,6,6,6,5,5
GAAAACTCCGCGGATCTTCGA,GGTTAATGCTTGT,true,2,7,8,25,0,0,0,0,0,0,0,0,0,0,0,0,1,0,1,2,2,0,1,0,24,22,19,19,17,14,13,10,9,9,8,7,7
TGCCGAAAATTGCCATTCCCC,TTAGTACATCAAG,true,4,2,11,22,0,0,0,0,0,0,0,0,0,0,0,0,2,2,1,1,3,0,0,1,22,20,17,16,11,7,6,6,5,4,4,3,2
AATATGCAATCCAAAACCAGC,CGACAGCAGTGCT,true,2,5,8,22,0,0,0,0,0,0,0,0,0,0,0,0,2,0,3,1,0,1,0,1,17,16,15,14,13,12,11,11,9,7,6,5,5
AAAGCGTCCCGACCGTCTACA,AAAACCAGCAGGC,true,5,4,3,13,0,0,0,0,0,0,0,0,0,0,0,0,1,0,0,0,0,0,1,0,13,13,12,11,9,9,8,6,5,5,5,4,4
TAATTTTACGCTCATATATTG,TAGCAATGAAAAT,true,4,4,9,21,0,0,0,0,0,0,0,0,0,0,0,0,0,1,1,2,4,0,0,1,18,15,13,13,13,9,9,9,8,8,7,4,4
GGCATGCTGTCGGCGCCTTTA,AGACATTCGGCTA,true,2,12,18,37,0,0,0,0,0,0,0,0,0,0,0,0,3,1,5,0,1,1,3,1,34,30,25,21,21,21,20,19,19,18,17,14,12
ACGGAGATGTGTATGCCGCTA,AAACAATTGAATA,true,4,7,6,18,0,0,0,0,0,0,0,0,0,0,0,0,2,0,0,0,1,0,0,2,18,18,16,13,13,12,10,8,8,8,8,8,7
ATGGAAAAACAGCTCGCCGAA,TGGAAAGAAGAGT,true,3,4,1,14,0,0,0,0,0,0,0,0,0,0,0,0,0,0,0,0,1,0,0,0,12,11,7,7,7,6,6,6,5,4,4,4,4
ACAGTAGCCCAGCCTATATAA,TTTTTCTCCATCA,true,5,5,5,15,0,0,0,0,0,0,0,0,0,0,0,0,1,0,0,2,0,1,0,1,12,12,10,10,9,7,7,7,5,5,5,5,5
GAGCCAAGCCAAGAGAACAAT,AATGAAAGCGCTA,true,3,6,9,26,0,0,1,1,0,0,0,0,0,0,0,0,2,1,0,1,0,0,1,1,25,21,18,17,17,17,15,9,8,8,8,7,6
TAAGGATTTATATATCAGCCA,GCAGCTGTTCAGC,true,2,5,10,27,0,0,0,0,0,0,1,0,0,0,0,0,1,1,2,1,1,1,0,0,22,20,19,16,12,11,11,10,9,8,7,7,5
CAAGCGGGCGGTCAAATGGTT,CGTATGTTGTATC,true,2,3,9,16,0,0,0,0,0,0,0,0,0,0,0,2,1,0,0,4,0,0,0,2,15,15,15,13,9,9,8,6,4,4,3,3,3
TAAACAGCAATAAGAAACCAA,ACAAGAGAACTGT,true,3,7,13,29,0,0,0,0,0,0,0,0,0,0,0,0,3,0,0,2,5,0,0,2,25,19,19,15,15,15,15,14,12,10,8,8,7
TTAAAATCGGGAGCAGGATCG,TATCCATCTAGCT,true,2,3,6,14,0,0,0,0,0,0,0,0,0,0,0,0,0,0,0,0,2,4,0,0,13,9,8,8,6,6,5,3,3,3,3,3,3
AATATCGAGTATTTGGCCGAA,TCGACCACCAGGT,true,2,4,5,12,0,0,0,0,0,0,0,0,0,0,0,0,1,0,0,0,0,0,1,0,11,10,9,9,9,8,8,8,8,8,7,5,4
CTGTTTCTCCTGTGGCTCCTG,TTGCCCCAGTTGC,true,4,4,8,20,0,0,0,0,0,0,0,0,0,0,0,0,0,1,0,3,1,3,0,0,19,17,14,14,14,13,9,7,6,6,5,4,4
AAGTATTCAGGACCCAACCTG,AATGTTTGGGCCA,true,3,8,4,19,0,0,0,0,0,0,0,0,0,0,0,0,0,0,1,1,0,0,1,0,17,15,14,13,13,13,12,12,12,9,9,8,8
CCATGGCCGTGGCAAGTATAA,GGAGGAATGCCTG,true,2,8,13,25,0,0,0,0,0,0,0,0,0,0,0,0,2,1,2,1,1,0,6,0,21,19,19,18,14,14,13,12,11,10,9,8,8
GATTTAAAAGAAGAAATATCC,AAATTGAAGGATG,true,3,6,6,18,0,0,0,0,0,0,0,0,0,0,0,0,0,0,0,2,1,0,2,1,18,17,11,11,9,8,8,8,8,7,6,6,6
TTATCTTTATGATTTGTGTCC,TCCTGTCAGTTCT,true,2,2,8,18,0,0,0,0,0,0,0,0,0,0,0,0,1,0,0,2,0,3,1,1,17,16,12,11,9,8,6,6,3,3,2,2,2
GGATGGATTGGAAAGAAACCG,TTCAGCATACAGA,true,2,7,9,19,0,0,0,0,0,0,0,0,0,0,0,0,0,1,0,2,4,0,0,2,19,19,17,15,15,15,11,8,7,7,7,7,7
CATCAAACGCCCTGATGCTCG,ATAGCTTCCCCTC,true,4,5,10,21,0,0,0,0,0,0,0,0,0,0,0,0,2,1,0,0,0,3,0,3,20,18,18,16,14,13,10,10,10,9,5,5,5
ATGCTTGGCCAGTTGATCGAA,CACCATACTGATC,true,2,6,12,28,0,0,0,0,0,0,0,0,0,0,0,0,4,1,0,3,1,1,0,1,24,21,20,18,17,14,11,10,10,9,8,6,6
TCGCATTGAGATGAATGCTGA,TATAGAGTTCAGC,true,2,8,15,36,0,0,0,0,0,0,0,0,0,0,0,1,4,0,1,4,1,1,1,0,31,29,27,22,22,18,13,13,12,10,10,10,8
TGGTATCTCAACATTTATTCA,CTTTGTAGATGTA,true,3,7,7,20,0,0,0,0,0,0,0,0,0,0,0,0,0,0,1,4,0,0,0,2,20,18,18,13,11,10,8,8,8,7,7,7,7
GGCTGCTCATAAGTTGTTTGC,GTTAACCCGTCAT,true,3,4,12,29,0,0,0,0,0,0,1,0,0,0,0,0,2,3,1,1,0,2,0,2,25,23,16,12,12,11,9,7,6,6,4,4,4
AGTGTTAATTTTTCTTTTGGC,GCTTCCGATATGA,true,2,8,13,24,0,0,0,0,1,0,0,0,0,0,0,0,1,3,1,1,0,3,0,1,23,23,23,21,21,17,15,15,13,11,10,9,8
TCTGGTTTTGGCCTCCGGATG,GAGAGGTGATGGA,true,2,3,8,16,0,0,0,0,1,1,0,0,0,0,0,0,1,0,0,0,0,0,3,1,14,14,14,12,10,9,9,8,8,7,7,4,3
TTGATTCAGACCACGGCCGAC,ACGGTTGAAGCGT,true,2,4,8,26,0,0,0,0,0,0,0,0,0,0,0,0,1,3,1,1,0,1,1,0,22,20,19,16,15,15,10,10,8,6,5,4,4
GCATTTTTTAGGTATTGCCGA,TTTCCCGCTGCTG,true,3,4,6,14,0,0,0,0,0,0,0,0,0,0,0,0,1,0,0,1,0,3,0,1,14,14,14,13,13,9,8,7,6,5,5,4,4
AAAGAAACGGTCATCAATGCC,GACACGCGGCAAG,true,2,7,8,28,0,0,0,0,0,0,0,0,0,0,0,0,1,2,0,0,0,3,0,0,26,26,23,20,17,16,15,15,14,13,10,9,7
TTGAAGCGGCTGCGAAGGCAT,TCGAAGAGTGGAG,true,2,10,9,22,0,0,0,0,0,0,0,0,0,0,0,0,1,1,0,1,1,0,0,2,21,18,17,17,17,17,16,15,13,13,12,12,10
CCTGTGGATTGATCTGAATAT,GTCGATTTCCCTG,true,3,6,7,24,0,0,0,0,0,0,0,0,0,0,1,0,1,0,1,0,0,0,0,4,23,20,18,16,15,13,13,8,7,7,7,6,6
ATGATATTCCTCAATGAATTG,ATAGTAATAGAAG,true,2,8,10,28,0,0,0,0,0,0,0,0,0,0,0,0,2,0,2,1,2,0,2,1,27,24,22,19,17,16,14,13,10,10,9,8,8
TGTTTGCGGTTACGACATTGC,TATGTACGATGGC,true,2,9,9,23,0,0,0,0,0,0,0,0,0,0,0,0,4,1,0,1,1,0,0,0,23,21,20,20,19,18,15,14,13,12,11,11,9
GCGAACGATCCGACTCCGCCG,ACCCCAAGCACAG,true,4,7,5,20,0,0,0,0,0,0,0,0,0,0,0,0,0,2,2,0,0,0,0,0,20,18,18,16,15,13,12,11,10,9,9,8,7
GGAAGTCTTGCGGGTACTTTC,GGAAAACAGATGA,true,4,4,14,25,1,1,0,0,0,0,0,0,0,0,0,0,4,1,2,2,2,0,0,0,25,23,19,18,17,13,7,7,7,6,6,5,4
AAGAAATGTATGACGATAATG,GCGATCCGATTGA,true,2,4,4,17,0,0,0,0,0,0,0,1,0,0,0,0,0,0,0,1,0,0,0,2,14,13,13,13,12,9,7,7,7,7,5,4,4
TACGGTAGCTGAAGCCCACGA,CATATCATTGCCA,true,2,3,8,19,0,0,0,0,0,0,0,0,0,0,0,0,1,2,0,2,3,0,0,0,16,12,10,10,10,8,5,5,5,3,3,3,3
TATATATATTTTATATATATA,TCTATCTCTATAT,false,1,1,0,15,0,0,0,0,0,0,0,0,0,0,0,0,0,0,0,0,0,0,0,0,11,3,3,1,1,1,1,1,1,1,1,1,1
CACACTAAAAGAATTAAGCGA,ACAAGAATCATAT,true,2,7,10,29,0,0,0,1,0,0,0,0,0,0,0,0,0,0,2,1,3,1,0,1,25,21,20,19,15,14,13,10,9,9,9,7,7
ATCATATATGTTTTTGCCAAT,TAAATCTTCATAG,true,3,6,12,29,0,0,1,0,0,0,0,1,0,0,0,0,2,0,0,2,1,1,0,3,27,22,22,18,12,11,11,8,7,7,7,7,6
GACAAACCATCCCCGTATCTT,TTTTGAAGTGGCA,true,6,6,11,30,0,0,0,0,0,1,0,0,0,0,0,0,2,0,1,0,0,0,2,4,27,26,24,17,15,14,13,10,9,8,7,7,6
TTCATGAGTGTTCTGTGGGGA,CTGCTCGGCGCGT,true,2,3,5,24,0,0,0,1,0,0,0,0,0,0,0,0,3,0,0,0,0,0,0,0,23,22,20,20,16,16,16,13,12,11,9,4,3
TAGAAGATCCATGGGCGGCGC,CGCCAGAAGGTGC,true,2,6,17,32,0,0,0,1,0,0,0,0,0,0,0,0,2,3,0,0,1,9,1,0,24,22,21,18,15,13,13,11,8,7,6,6,6
TCGGAGTTATCCCAATTTTCT,TTCTCAAAAGAGT,true,4,7,3,23,0,0,0,0,0,0,0,0,0,0,0,0,0,0,0,0,1,1,0,1,23,22,17,15,14,13,12,11,9,8,7,7,7
CTAGACAGAAGGAAACATTCG,TTCCTCTTGAAGA,true,2,12,15,41,0,0,0,0,0,0,0,0,0,0,0,0,0,2,1,5,0,1,0,2,39,38,30,27,25,23,23,19,17,16,14,12,12
TGTGAAACAGCTGATCCCGGG,AGATTCAGCGAAC,true,3,5,11,29,0,0,0,0,0,0,0,0,0,0,0,0,3,0,0,2,2,0,0,1,25,21,18,17,15,12,11,9,8,8,8,8,5
TATGGTTACGGCGGAGGCTGC,TGCAGTTATGGTG,true,2,13,9,29,0,0,0,0,0,0,0,0,0,0,0,0,1,1,2,2,1,0,1,1,24,22,20,18,16,16,15,13,13,13,13,13,13
AACCATTATATGAAGCAGACA,CCAAAGTCTATCA,true,3,5,13,29,0,0,0,0,0,1,0,0,0,0,0,0,2,3,0,3,1,1,1,0,25,22,17,16,15,11,11,10,10,8,7,6,5
GTATCTGCTCTGATGACACAT,GAATATCACCACG,true,2,6,5,23,0,0,0,0,0,0,1,0,0,0,0,0,2,1,0,0,0,0,1,0,20,19,19,16,15,11,11,10,9,7,7,6,6
TCAGAACAGACGCCGCTAAAT,AATTGCTGATATA,true,2,9,13,31,0,0,0,0,0,0,0,0,0,0,0,0,3,1,2,2,0,0,0,1,27,25,23,21,20,16,15,14,14,14,13,12,9
AATGAAGACAGAAGGATTGCA,CCATATCACAGCA,true,2,9,15,34,0,0,0,0,0,0,0,1,0,0,0,0,3,3,0,4,1,2,0,1,30,29,27,24,19,17,13,12,11,11,9,9,9
GTTTGCCGTTTTGAGGGGAAA,TCCTTATGAAAGT,true,3,5,9,19,0,0,0,0,0,0,0,0,0,0,0,0,2,2,2,0,2,0,0,1,15,15,14,12,12,12,11,8,7,7,5,5,5
GGGGGCTTCACAACGTTTTAA,ATAAAAAACACGC,true,6,3,3,11,0,0,0,0,0,0,0,0,0,0,0,0,0,0,0,0,2,0,0,0,8,8,8,8,8,8,8,4,4,4,4,4,3
GTTAGAACTGGCCTTCGGTTA,CAACGGCACAGAG,true,2,6,10,22,0,0,0,0,0,0,0,0,0,0,0,0,4,3,1,0,1,0,0,0,20,20,17,12,11,10,10,9,8,7,7,7,6
GCCAGCGTTTCTCCTTTATCC,AGATGGAAATTCA,true,3,7,11,26,0,0,1,0,0,0,0,0,0,0,0,0,3,1,0,1,3,0,0,1,24,20,19,17,17,17,17,17,13,10,9,7,7
GCCGTAATGGGCAAGGAGCAA,TAATTCTATTACT,true,2,4,3,13,0,0,0,0,0,0,0,0,0,0,0,0,0,0,0,0,1,0,0,1,12,12,8,8,7,6,6,6,6,5,5,5,4
CTGCAGTTGCATCATTCACGC,CATAGAACACATA,true,2,4,9,28,0,0,0,0,0,0,1,0,0,0,0,0,0,1,0,1,1,3,0,0,23,21,18,16,12,11,11,9,8,6,6,5,4
GCCACAGTACAAGCCGATTCT,TTGATCCGGAATG,true,3,6,10,27,0,0,0,0,1,0,0,0,0,0,0,0,0,0,0,3,0,2,1,2,26,22,15,14,13,12,10,9,7,7,7,7,6
TTGACCTTTCCGACCTCGAAA,CAGAAAGCAGAGA,true,3,7,8,29,0,0,0,0,0,0,0,0,0,0,0,0,3,2,1,0,1,0,0,0,23,18,15,14,14,12,10,10,9,8,7,7,7
AAATGAGAGCTGTTCCATCGA,ATTGTCGATCTCA,true,2,5,15,30,0,0,0,0,0,0,0,0,0,2,0,0,1,2,1,1,1,2,1,3,28,25,23,22,22,17,17,14,12,8,6,6,5
ACTTAAAAAAATATGCTTGAA,CGGACAAACGCAT,true,3,2,5,12,0,0,0,0,0,0,0,0,0,0,0,0,1,1,1,0,1,0,1,0,10,10,10,9,7,6,6,5,3,2,2,2,2
CAGCCATTCTCACCTGTGAAA,CATAAGGACAGGA,true,3,5,14,29,0,0,0,0,0,0,0,0,0,0,0,0,5,1,1,0,3,0,3,0,26,25,23,21,16,12,9,8,7,6,6,6,5
TCTTCGGACTTTGGTTTCTGG,CTTATTTCAGCCT,true,3,6,10,21,0,0,0,0,0,0,0,0,0,0,0,1,3,0,0,4,1,1,0,0,21,21,19,18,14,13,13,9,8,7,7,6,6
CTGATGCACCTGAAAAAGCGT,GCCGTCCCTTCGA,true,3,9,7,29,0,0,0,0,0,0,0,0,1,0,0,0,0,1,1,1,0,3,0,0,27,27,21,19,16,16,16,11,11,11,9,9,9
AACGGCAGTAGCCGCCTTTTT,TCACGATGATCTC,true,6,9,12,33,0,0,0,0,0,0,0,1,0,0,0,1,3,0,1,1,2,0,0,2,29,20,20,18,18,15,14,13,13,11,11,10,9
TGCTCGCGATGAAAAAAGCGC,ATTTCATGGCGCA,true,3,6,19,40,0,0,0,1,0,0,0,0,0,0,0,0,2,2,1,4,1,1,3,3,39,36,34,27,24,24,22,17,10,10,7,7,6
GCTTAAGCACAAAACCTTAGT,GAAAAGTCTTCAC,true,4,8,7,23,1,0,0,0,0,0,0,0,0,0,0,0,1,1,1,0,1,0,1,0,21,20,19,18,13,12,11,11,10,9,9,8,8
TAGACATCTTCATCCCTCCGA,TTGTGTCATATTC,true,2,4,11,22,0,0,0,0,0,0,0,0,0,0,0,0,1,3,2,1,0,0,2,1,22,19,18,18,16,14,12,11,8,7,5,4,4
TTCGGAGGGTCGATAGATCAT,ATGCATTAAAATC,true,4,8,5,19,0,0,0,0,0,0,0,0,0,0,0,0,0,1,2,1,0,0,0,1,16,15,12,11,11,11,10,9,9,9,8,8,8
GAAGTATTTGGTGAAGATGAA,TATACGTGGAAAG,true,3,12,14,33,0,0,0,0,0,0,0,0,0,0,0,0,2,0,3,1,2,0,4,0,29,25,25,23,23,21,18,17,14,14,14,12,12
GTGTACCAATCCTATGGAGAA,CAGCTCGCCGCCA,true,2,6,3,20,0,0,0,0,0,0,0,0,0,0,0,0,1,0,2,0,0,0,0,0,18,15,14,12,11,9,9,7,7,7,6,6,6
TTTATCATCAGAACGCATGTA,TACGGTCAATTCA,true,2,6,16,34,1,0,0,0,0,0,1,0,0,0,0,0,4,1,0,5,2,0,1,1,28,25,19,19,17,17,14,12,9,8,7,6,6
ATATCATAGCTTTCCCGTACG,TCTTTCCGCTGTC,true,3,9,14,34,0,0,0,0,0,1,0,0,0,0,0,0,1,3,0,1,0,4,0,1,30,29,28,27,25,23,17,15,14,14,12,12,9
TACAGCTGAAGGCCGTCTCAA,TATGAAAAATGCG,true,5,7,8,25,0,0,0,0,0,0,0,0,0,0,0,0,3,0,0,1,2,1,0,1,21,18,17,16,16,16,16,15,12,9,8,7,7
GTATGAGAAACCTGTTTTTAT,TTATGAACTTCAT,true,3,7,14,26,0,0,0,1,0,0,0,0,0,0,0,0,1,1,2,5,2,1,0,1,25,22,16,14,11,10,10,9,7,7,7,7,7
ATCAAAGCTTGCCTTACAGCT,TCCCCGAAGCAAT,false,4,1,1,11,0,0,0,0,0,0,0,0,0,0,0,0,0,0,0,0,0,0,0,0,2,2,2,2,2,2,2,2,2,2,2,1,1
TCATAATTATTTAATCCAGCA,CTCTGCGGGATCG,true,3,13,13,42,0,0,0,0,1,0,0,0,0,0,0,1,3,2,0,1,0,1,2,2,38,35,31,25,23,22,22,21,17,17,14,13,13
TAAAGCTGAGATCAAGCTGGA,ATCGATACAGTGT,true,2,2,5,11,0,0,0,0,1,0,0,0,0,0,0,0,2,0,0,0,0,1,1,0,10,9,9,8,8,8,8,7,5,2,2,2,2
ACACTGCCTTACAGGGGGAAT,CAACCATGGAGCA,true,2,8,7,23,0,0,0,0,0,0,0,0,0,0,0,0,2,1,0,1,2,0,1,0,18,18,16,15,15,13,11,11,10,10,8,8,8
TTCAGTCCAATTCTCGGAAAT,CCTAAATTCGATG,true,3,10,7,29,0,0,0,0,0,0,0,0,0,0,0,0,1,2,0,0,2,0,0,1,27,24,22,21,20,16,14,12,12,12,11,11,10
ATAACTGAGTTCGATAAACCT,TTCTCTTGCATTA,true,3,4,9,18,0,0,0,0,0,0,0,0,0,0,0,0,0,2,0,0,0,0,0,3,17,13,12,12,11,10,8,8,8,8,8,6,4
AACTCTTCCGTTTTGCTGAGA,TAGCCTTCGTACA,true,2,7,12,30,0,0,0,0,0,0,0,0,1,0,0,0,2,0,1,1,0,2,1,2,29,25,22,21,18,17,14,12,11,10,8,8,7
GGTAAGCGTCCGCGGGGCTGA,AGGAGAGCTCTTA,true,2,3,7,11,0,0,0,0,0,0,0,0,0,0,0,0,1,0,0,0,1,1,3,1,9,9,9,9,7,7,5,5,4,3,3,3,3
TCATTGAAAAACAGCCTAGCA,TTCCGTCCATTAT,true,2,7,13,30,0,0,0,0,0,0,0,0,1,0,0,0,2,0,3,3,2,1,0,0,26,23,18,14,13,13,13,10,8,8,8,8,7
GCAACCAGTAATACTCTTTTG,CAAACGGATAAGA,true,3,8,9,24,0,0,1,0,0,0,0,0,0,0,0,0,1,0,1,1,2,1,1,1,23,23,20,17,13,13,12,11,9,8,8,8,8
CTGCGCTGACATAATCGGTCA,CTGTTTCGAGCTC,true,3,7,13,29,0,0,0,0,0,0,0,0,1,0,0,0,2,2,0,4,1,0,0,2,28,24,23,22,21,16,12,11,10,8,8,8,7
CGTATGCGGCTTACCGGATCC,CGTTCACCATCAT,true,3,7,10,29,0,0,0,0,0,0,0,0,0,0,0,0,1,0,3,0,0,3,1,0,20,15,15,14,13,12,12,10,9,9,9,9,7
TCTATGAAAGTTGTAAAGATC,ATAAAGCCTTGGA,true,3,5,7,18,0,0,0,0,0,0,0,0,0,0,0,0,2,0,0,0,0,1,1,1,18,17,15,15,14,10,10,8,7,7,7,6,5
TTTTTCCGGCAGGTGTTTGAC,CATCACCGCAAGA,true,2,5,9,26,0,0,0,0,0,0,0,0,0,0,0,0,2,0,0,1,1,2,0,0,23,22,18,17,15,13,8,8,8,8,8,6,5
CTTTGATTTTATCTAAACGTG,CTGTTGATGCAGA,true,2,9,9,29,0,0,0,0,0,1,0,0,0,0,0,0,1,2,1,1,1,2,0,0,28,26,25,24,23,18,17,15,12,9,9,9,9
TATCTACGATTACAATTGATT,CTCCGACAGATAG,true,2,7,15,31,0,0,0,0,0,0,0,0,0,0,0,0,1,1,0,4,0,3,0,3,28,25,24,20,19,18,16,16,16,16,13,10,7
CGCGGTGACAAGACATGATGT,ATTGCAGCTGATG,true,2,5,25,38,0,1,0,0,0,0,0,0,0,0,0,1,7,4,2,1,2,1,1,2,37,33,27,24,24,20,19,17,16,15,12,7,5
TTGTCTAGACAGAATTCAATT,TGTTTTAGATTTA,true,4,7,13,31,0,0,0,0,0,0,0,0,0,0,0,0,1,0,0,3,0,0,0,5,24,22,21,21,19,16,13,12,12,12,11,9,7
CTGTTTTTTTTTTTTTGTTGT,ATTAGGCATACGC,false,2,1,0,12,0,0,0,0,0,0,0,0,0,0,0,0,0,0,0,0,0,0,0,0,2,1,1,1,1,1,1,1,1,1,1,1,1
TGGGAAATCGTTGTTTCCGGC,CCTTTCTGTAATG,true,3,5,10,22,0,0,0,0,0,0,0,0,1,0,0,0,1,0,0,4,0,3,0,1,21,15,13,13,12,10,9,8,7,6,5,5,5
CATTATCACAGGGGAGGATAG,TTATAAGAGACTA,true,2,5,11,20,0,0,0,0,0,0,0,0,0,0,0,0,2,0,2,3,1,0,0,1,20,19,15,13,13,12,11,10,9,7,7,7,5
TGCCTCTGTTACGTGGGCGCC,GAATTTTGCGTTC,true,4,7,6,18,0,0,0,0,0,0,0,0,0,0,0,0,0,1,0,1,1,0,0,1,18,17,14,14,14,14,13,12,10,9,9,9,7
GGGGAATGCCGGCATCGAGAA,ATTCTTTTTCAGA,true,5,6,9,26,0,0,0,0,0,1,0,0,0,0,0,0,2,0,0,2,2,0,0,1,22,16,14,12,12,11,11,11,9,8,8,6,6
TCGAATGTCACGGCCAGAATT,CAGCAATTGGAAG,true,2,9,7,27,0,0,0,0,0,0,0,0,0,0,0,0,3,0,0,0,0,1,1,1,25,24,19,17,17,16,12,11,11,10,10,10,9
CTTTTGACCTCAATGGTAGGC,CCGGGAAATAAGC,true,3,6,3,19,0,0,0,0,0,0,0,0,0,0,0,0,0,1,0,0,0,2,0,0,18,13,13,12,10,8,8,8,6,6,6,6,6
GGTTTGGAATGGACTGGCCTT,GATCCAGTGAGTA,true,2,4,9,18,0,0,0,0,0,1,0,0,0,0,0,0,0,0,3,2,0,0,0,1,18,16,14,13,13,12,11,10,9,8,7,6,4
TCAGGGTGTACAAAGGGGTAT,TGTTCGGCTTGCG,true,2,7,6,16,0,0,0,0,0,0,0,0,0,0,0,0,1,0,3,1,0,0,0,0,15,15,14,14,11,11,11,8,8,8,8,8,7
CAATGTCCACTGTGTTCACTT,GTGCGATTTCGAC,true,3,6,20,33,0,0,0,0,0,0,0,0,0,0,0,0,1,0,3,7,0,0,5,2,28,26,20,17,17,16,15,15,12,8,8,8,6
TCGCAGTCTACTTGCTTTTTT,GGCATGCTGAGCA,true,6,7,4,15,0,0,0,0,0,0,0,0,0,0,0,0,0,0,2,1,0,0,1,0,14,12,11,11,11,11,11,11,10,9,8,7,7
TCCAAAGCTTTTGAGGGCACT,GCGGTTTTTTTCG,true,7,2,9,16,0,0,0,0,0,0,1,0,0,0,0,1,1,1,1,1,0,1,0,2,13,9,9,9,9,9,8,7,7,7,5,2,2
CTGGGCGATATTGATACGGCT,GTCATTACACTGA,true,2,11,11,29,0,0,0,0,0,1,0,0,0,0,0,0,3,1,0,1,0,0,1,1,27,27,24,21,19,18,18,17,16,14,14,14,11
TTCATAAATAGCAATGTCGTA,TATATAGAAAATG,true,4,9,5,22,0,0,0,0,0,0,0,0,0,0,0,0,1,1,0,1,1,0,0,0,21,18,18,17,16,16,13,13,13,13,12,9,9
TGGCTCCCATCAGAAGATGCC,AGGCATTCATATG,true,2,9,8,20,0,0,0,0,0,0,0,0,0,1,0,0,1,1,0,1,0,0,2,1,19,17,14,13,13,13,13,12,12,11,11,10,9
CCCTGACCCATCCTGACGGGT,AACGGCCAGAGCA,true,2,7,9,22,0,0,0,0,0,0,0,0,0,0,0,0,1,0,1,1,2,2,0,0,21,20,17,17,17,16,13,12,12,11,10,9,7
ATGGGTATCGGTATTGCGACT,GGAGAAAACCGCG,true,4,7,8,21,0,0,0,0,0,0,1,1,0,0,0,0,3,0,0,0,2,0,1,0,19,17,17,15,15,14,14,11,8,7,7,7,7
TACGCAGCTTGGGCATTCAGC,CAAACATCATCGT,true,3,7,8,29,0,0,0,0,1,0,0,0,0,0,0,0,2,1,1,0,1,2,0,0,22,21,21,17,15,14,14,11,11,9,8,7,7
AGCGGGATTGAGCGGCATACG,CAGACGCCGGAAT,true,2,13,11,29,0,0,0,0,0,0,0,0,0,0,0,0,1,0,1,0,3,2,2,0,27,24,24,23,19,18,18,18,17,15,15,13,13
CTAAATGATCATTATTTTGAC,ATGGGTGCAACCT,true,3,6,12,25,0,0,0,0,0,0,0,0,0,0,0,0,1,0,2,1,2,0,4,0,25,21,21,21,16,14,13,11,11,9,8,6,6
ACCAAGCTGGATTGCTTCGTA,ACCGTCGTTTTCA,true,4,8,14,36,0,0,0,0,0,0,1,0,0,1,0,0,0,1,1,3,4,1,0,2,29,25,18,17,17,17,16,15,14,13,11,8,8
TGCTCGATTATGACACCATTT,CATCAGGAGCTTG,true,3,3,7,22,0,0,0,0,0,0,0,0,0,0,0,0,0,0,0,0,0,0,1,3,19,18,17,16,13,12,11,11,9,9,9,3,3
CAAAGGGACGCCGCTGATAAT,GCCTCCATCGAAT,true,2,6,20,41,0,0,0,0,0,0,0,0,0,0,0,0,2,1,3,0,3,7,1,3,38,34,26,19,18,15,15,11,10,10,9,6,6
CTTACATTACAATCCTGCCAC,GTCCTTAAAAGAT,true,4,4,12,20,0,0,1,0,0,0,0,0,0,0,0,0,2,3,0,2,1,2,0,1,19,16,14,10,9,8,6,6,6,6,5,4,4
GTCATGAAAACATGCGCCTCG,GGCGTAAACGGCA,false,3,1,1,11,0,0,0,0,1,0,0,0,0,0,0,0,0,0,0,0,0,0,0,0,9,2,2,2,2,2,2,2,1,1,1,1,1
AATGTCGGCCATGGGTTTTAT,CAATCATTTTATG,true,4,3,7,11,0,0,1,0,0,0,0,0,0,0,0,0,1,0,0,1,1,1,0,2,9,9,8,8,8,7,6,6,6,4,3,3,3
ATTGGGCCGCATCGATGAAGA,AACAACAGCAAAC,true,3,12,9,27,0,0,0,0,0,0,0,0,0,0,0,0,1,0,1,0,4,0,0,0,27,23,20,20,18,17,16,16,16,16,16,14,12
TGATAGCTTTTCACTTACACT,TCCGAATATTAGC,true,2,4,8,20,0,0,0,0,0,0,0,0,0,0,0,0,1,1,0,1,2,0,2,1,17,13,12,10,9,7,7,7,6,6,5,4,4
CTGTTTGAGTTCCTGCAAGCT,TCTAGAAAACTCT,true,4,5,11,32,0,0,0,0,0,0,1,0,0,0,0,0,1,0,1,3,1,3,0,0,31,25,22,19,17,17,16,14,11,7,7,5,5
TGTCATGTGTTCCAGTCTTGT,TGACTCTCATTAT,true,2,10,13,32,0,0,0,0,0,0,1,0,0,0,0,0,1,2,2,0,0,4,0,3,27,23,23,19,16,13,12,11,11,11,10,10,10
TCACCAACCTCCAATCAAACG,ATATTGATAATCA,true,2,3,6,18,0,0,0,0,0,0,0,0,0,0,0,0,1,0,2,0,1,0,1,0,16,15,13,10,9,8,7,6,6,4,4,4,3
TCCCGACATCAGAGCGGCGCG,AAGCACTGAAGGA,true,2,11,11,34,0,0,0,0,0,0,0,0,0,0,0,0,1,1,1,1,3,1,1,0,31,28,25,24,22,19,17,16,16,15,14,11,11
TAAAGCCCAGTTTAAATCTGA,AGTGACAAAGCAT,true,3,8,16,30,0,0,0,0,0,0,1,0,0,0,0,0,2,4,1,1,3,0,3,0,29,21,19,18,18,17,15,15,13,13,12,9,8
TCGACTTTTCACCAATCTTCA,TTTGAAGAGTTTG,true,3,5,8,21,0,0,0,0,0,0,0,0,0,0,0,0,0,0,0,1,0,0,2,4,21,21,14,10,10,10,7,7,6,6,6,5,5
GATGTGAGGGTGATTTTATCA,GCCTGATCCTTCA,true,2,8,15,31,0,0,0,0,0,0,0,0,1,0,0,0,2,1,3,3,0,1,0,2,28,24,23,21,19,16,14,14,12,12,12,10,8
CTGTCTGTATGCCTGGTAGGC,GCGGTTAAAGTCA,true,3,14,6,30,1,0,0,0,0,0,0,0,0,0,0,0,1,2,0,1,1,0,0,0,29,28,25,21,20,18,17,17,15,14,14,14,14
CGACTCATACCAGTCCTCCAA,GCGCTCCAGCGCA,true,2,8,3,18,0,0,0,0,0,0,0,0,0,0,0,0,1,1,0,0,0,0,0,0,12,12,12,12,11,11,11,11,10,10,9,8,8
GAAGGTGATGCCGTAAAACCA,GACCTGCAACAAT,true,2,3,6,11,0,0,0,0,0,0,0,0,0,0,0,1,1,1,0,0,1,0,1,0,9,9,8,8,7,7,7,6,5,4,4,3,3
AAACCATATAAATCCTTCAAA,ATGGAGTCCGCTA,true,4,7,20,43,0,0,1,0,0,0,1,0,0,1,0,0,2,2,2,0,5,2,1,2,32,26,26,20,18,16,15,15,12,12,9,8,7
GGGATATCATTCATCTTTATC,TGCTATTTAAATG,true,3,6,10,28,0,0,1,0,0,0,0,0,0,0,0,0,1,2,1,3,2,0,0,0,28,26,23,20,18,15,14,13,12,12,8,6,6
CGGTTTATTCCAATGAAGTTG,TACAAAAACGCCA,true,5,3,4,23,1,0,0,0,0,0,0,0,0,0,0,0,1,0,1,0,1,0,0,0,19,17,14,13,13,13,12,11,4,4,3,3,3
CGCTTATTTATGACGATCATA,CCGCAGAGACAAG,true,2,10,10,27,0,0,0,0,0,0,0,0,1,0,0,0,0,2,2,0,0,1,0,0,23,18,17,17,16,16,15,15,14,14,14,13,10
GACTAGCTTGACACATCACTT,GTATACTTAGGGT,true,3,12,9,33,0,0,0,0,0,0,0,0,0,0,0,0,2,0,0,2,2,0,0,2,32,31,27,21,19,17,17,15,13,13,13,12,12
GCACGAAGCAGAAGCGCCATC,ATTTGTGACTGCA,true,3,13,12,36,1,0,0,0,0,0,0,0,0,0,0,0,1,0,4,3,1,1,0,1,31,30,29,26,24,23,22,18,15,14,14,13,13
TGCTGTCTTCCAAAAAGGTTT,GAATTTTCTGGTC,true,4,3,6,24,0,0,1,0,0,0,0,0,0,0,0,0,1,0,2,1,0,0,0,1,16,15,13,8,7,6,4,4,4,4,4,3,3
GAGCTGAGCCATTTTTTGATT,TATAGACTGAAGT,true,3,8,5,14,0,0,0,0,0,0,0,0,0,0,0,0,1,0,0,0,0,1,0,1,14,14,13,12,12,12,11,11,11,11,11,10,8
TCGACGGCAAAAAGCGTTTTT,CCTTCCGCATCAG,true,5,3,3,12,0,0,0,0,0,0,0,0,0,0,0,0,0,0,1,2,0,0,0,0,11,11,11,9,7,7,7,7,4,4,3,3,3
AATATAGAATAGTGACTGTGC,GTATTGTTTACAG,true,3,6,9,27,0,0,0,0,0,0,0,0,0,0,0,0,1,1,0,4,0,0,1,1,24,23,19,17,16,14,14,12,11,7,7,6,6
GCTGTCTGTTTTCAGCAAGCA,AAACAAACCTGCT,true,4,6,13,29,0,0,0,0,0,0,1,0,0,0,0,0,6,2,0,1,1,1,0,0,28,26,22,13,12,12,12,8,8,8,7,7,6
TATGACTGAGCACTTGATAAG,CGGTTTGCTTCGC,true,3,5,6,21,0,0,0,0,0,0,0,0,0,0,0,0,1,1,1,0,0,0,2,0,19,18,13,11,10,8,7,6,6,6,6,6,5
AATAGAATTGATGATATGGTA,AAAGGCATGTCTG,true,4,7,15,31,0,0,0,0,0,0,0,0,0,0,0,1,1,3,2,3,4,0,0,1,30,30,19,17,16,15,11,10,9,9,8,7,7
TAGCCGTTGTCAGGCTGAAAA,TAGGGTCACCTGT,true,4,10,12,33,0,0,0,0,0,1,2,1,0,0,0,0,3,1,2,0,0,1,1,0,28,24,23,23,19,18,17,17,14,11,11,10,10
AATTGGTGGAAGGGATTTATA,AGCATAACCAAGT,true,2,4,10,23,0,0,0,0,0,0,1,0,0,0,0,0,3,3,0,0,1,1,0,0,22,21,20,18,16,16,16,13,11,10,7,4,4
CCTCCGGTTTGTCACCGCAGT,CACCTTAGAGTGC,true,2,13,9,33,0,0,0,0,0,0,0,0,0,0,0,0,1,2,1,1,1,1,0,2,30,26,25,21,19,17,15,15,15,14,13,13,13
AAAACAGTTCGTCATTCTTCC,GCTTTCAGAAGAC,true,3,16,16,43,0,0,0,0,0,0,0,0,0,0,0,0,2,1,3,1,1,0,0,4,41,38,38,38,30,28,27,26,25,24,23,20,16
CTTCATCTAGCAAAGTTTCAA,TTTCATCAATTTC,true,3,6,8,26,0,0,0,0,0,0,0,0,0,1,0,0,2,0,1,0,0,0,0,3,22,22,17,15,14,13,11,11,11,8,8,7,6
AAATCTTTTCGATGATTGTTC,GAGGCATCATCTA,true,2,6,12,28,1,0,0,0,0,0,0,0,0,0,0,0,2,4,1,1,0,0,2,0,24,22,21,18,17,15,13,12,8,8,8,7,6
ATAAATCACAATCATTCACCT,CTCTCCCAGTTTA,true,3,4,4,16,0,0,0,0,0,0,0,0,0,0,0,0,0,0,0,0,1,1,0,0,12,11,9,8,8,8,7,6,6,6,6,5,4
GAGCGCAACTTCAAACTGAGG,CGCAAGCCGCTTA,true,2,6,13,28,0,0,0,0,0,0,2,0,0,0,0,0,2,3,1,1,1,2,0,0,27,23,21,20,18,16,16,13,11,7,7,6,6
TGAGGTATTTACCAAATACCC,AAATCATAACTGC,true,3,7,8,17,0,0,0,0,0,0,0,0,0,0,0,0,0,1,1,3,1,1,0,1,17,17,17,17,14,13,13,13,12,10,9,7,7
TCACATTAGAAGACTGCCATC,TCCAGGAATCGGC,true,2,9,16,31,0,0,0,0,0,0,0,0,0,0,0,0,0,2,2,0,4,0,7,1,27,27,26,21,21,16,15,12,12,12,12,9,9
TTCCTCCTGCAGATTCGGCAT,GTTGACTCCTTCT,true,2,14,10,34,0,0,0,1,0,0,0,0,0,0,0,0,0,0,1,2,0,3,0,2,31,31,26,22,21,17,17,17,16,16,15,14,14
TACGGTGTCGAGACAGTTGAA,ACCGGAGACATCA,true,3,10,10,34,0,0,0,0,0,0,0,0,0,0,0,0,2,0,0,1,1,3,2,0,28,23,18,18,16,16,13,13,11,11,11,10,10
GTCCCATTAAACCTGCCGCCC,GCAATTATTATAG,true,3,5,6,18,0,0,0,0,0,0,0,0,0,0,0,0,1,0,0,0,3,0,0,2,15,13,12,11,11,9,7,6,6,5,5,5,5
TTTACGGCTGTGTCAGCATAC,TTAGCCCGATTGA,true,3,6,13,27,0,0,0,0,0,0,0,0,0,0,0,1,0,1,1,1,2,2,2,2,25,24,19,16,15,15,11,10,9,9,7,7,6
TTGGCAGTATGCCATCAACTC,TTTTGTGTAAGGC,false,4,5,6,21,0,0,0,0,0,0,0,0,0,0,0,0,1,0,1,4,0,0,0,0,21,21,20,18,6,5,5,5,5,5,5,5,5
CTTCATCCCGGTTTTGTTCAG,CCTGAGTCAGCCG,true,2,7,14,39,0,0,0,0,0,0,0,0,0,0,0,0,2,2,1,1,0,1,0,2,34,27,24,24,23,19,17,17,15,13,12,10,7
GAAGACCTTAATTGAAGATCC,AGGAGGGGAAGAC,true,4,5,10,19,0,0,0,1,1,0,0,0,0,0,0,0,1,0,2,0,0,0,4,0,19,18,17,16,16,15,13,9,8,7,7,6,5
GTCCTAAATGCAGTTGCGGAA,ACCGAGGTTGCTG,true,3,9,8,35,0,0,0,0,0,1,0,0,0,0,0,0,0,1,1,1,2,1,0,0,30,27,18,17,15,14,11,11,11,11,10,9,9
AAACATATAGCCAGCACCTGA,ATCAGCGGCAAGC,true,2,8,14,37,0,0,0,0,0,0,0,0,0,0,0,0,6,0,0,0,3,1,2,0,32,26,25,23,19,15,15,12,12,12,11,10,8
CACGTGAAAAAGCTGGAGAAA,TGCGGTTTCTACG,true,3,4,4,11,0,0,0,0,0,1,0,0,0,0,0,0,0,1,0,0,0,0,1,1,10,10,10,10,8,8,6,5,5,5,4,4,4
TCCCTGATTCCCGCATTTCTG,TGGTGTTTAGCGC,true,3,7,8,20,0,0,0,0,0,1,0,0,0,0,0,0,0,2,0,1,0,0,2,1,20,17,13,13,13,11,11,10,8,8,8,8,7
TTGAATCAGCTGTTTCCCGAC,TTGAAGAGCCTGC,true,2,6,10,26,0,0,0,0,0,0,0,0,0,0,0,0,4,1,0,0,1,0,2,1,25,21,20,17,14,9,9,8,7,7,7,6,6
TCCGATTTACGGACATGATGC,TGATATAGAACAG,true,2,3,6,22,0,0,0,0,0,1,0,0,0,0,0,0,0,2,0,2,0,0,0,0,19,18,18,15,12,10,8,5,4,4,4,4,3
ACTTCAAAAGTCTGAGGAGAA,AATTAAATTTTCG,true,4,6,12,27,0,0,3,0,0,0,0,0,0,0,0,0,2,0,2,2,2,0,0,1,27,25,21,19,17,17,11,11,9,9,8,6,6
CAAAACCCCTAAACCAAGCAA,CTCAGTCGTCACA,true,2,7,6,18,0,0,0,0,0,0,0,0,1,0,0,0,1,1,0,2,0,1,0,0,15,14,14,14,12,11,10,10,10,7,7,7,7
TATAGAGCATGACAATGATCT,GCCGTTCTCTTTG,true,3,8,6,24,0,0,0,0,0,0,0,1,0,0,0,1,1,2,0,0,0,0,0,1,21,19,17,17,16,13,12,11,10,9,8,8,8
ATAATCCCGGCAAATACTTTG,TTCGTTTGTGAGA,true,3,12,12,29,0,0,0,1,0,1,0,0,0,0,1,0,0,1,0,3,0,0,0,4,29,27,25,25,23,22,18,15,15,13,13,12,12
GAACCGCTGGGTCATTTTTCT,GGCAGCGGTATTG,true,2,3,8,16,0,0,0,0,0,0,0,0,0,0,0,0,2,0,1,1,0,0,2,1,15,12,11,11,10,9,9,9,7,6,4,4,3
TGTATCAGTTGCCACTCCATG,AATGACTGTTTGT,true,3,9,9,22,0,0,0,0,0,0,0,0,0,0,0,0,0,1,1,1,2,0,1,2,21,19,17,16,14,14,14,13,13,13,10,9,9
CAAAAAACGAATTTGTAGAGT,TGGCCGTCCCCCG,true,5,3,4,11,0,0,0,0,0,0,0,0,0,0,0,0,0,0,0,1,0,2,0,1,10,8,8,8,7,6,5,5,5,5,4,3,3
AACGGCTTTGAAATGTAGTCA,TTGCTGCCAAGCT,true,2,6,13,33,0,0,0,0,0,0,0,0,0,1,0,0,3,1,0,3,0,2,0,2,30,26,21,19,16,13,13,9,8,8,7,6,6
TGGAATCAAATCTACCGGTGA,ATTGGACGTGTCT,true,2,8,7,25,0,0,0,0,0,0,0,0,0,0,0,0,2,1,0,0,1,1,2,0,23,22,17,17,14,13,10,8,8,8,8,8,8
CCGAGAGAACTTGAAGAAGAA,GACGATGAGCCGC,true,2,6,12,29,1,0,0,0,0,0,0,0,0,0,0,0,4,1,2,0,0,1,2,0,27,25,19,17,15,11,9,9,8,8,7,6,6
AGTTTATTCAGAAGATTCGAG,ATTGGTATCCACA,true,2,10,13,33,0,0,0,0,0,1,0,0,0,0,0,0,1,0,2,0,2,2,2,2,33,33,27,23,20,19,18,16,15,13,11,11,10
GGATTCATTTCAGGGAAAAAC,GGCCGTGACACAG,true,2,4,5,11,0,0,0,0,0,0,0,0,0,0,0,0,1,1,1,0,0,1,0,0,10,9,9,8,8,8,8,7,7,7,5,5,4
GGCGAACAGAACGCTCTTGAT,TAAATCCGTATGT,true,3,8,11,31,0,0,0,0,0,0,0,0,0,0,0,0,3,1,0,1,1,2,0,1,28,26,26,21,15,15,12,12,12,11,10,9,8
GATGGCCGGAAAATATCCGGA,AACGCCCAGTTTG,true,3,5,9,19,0,0,0,0,0,0,0,0,0,0,0,0,4,0,2,0,1,0,1,0,19,16,14,13,12,11,10,10,8,7,6,6,5
TTTGCGTATACAAACTTGCTT,TGGCTGGTTTTTA,true,5,6,13,29,0,0,0,0,0,0,0,0,0,0,0,0,0,1,0,5,0,1,4,0,28,21,20,17,17,14,8,8,8,8,8,8,6
ACTAGATGCACCATTTTTTGC,TTTTCATGATCGA,true,4,6,10,25,0,0,0,0,0,0,0,0,0,0,0,0,0,0,1,4,0,1,1,2,24,24,22,20,13,12,11,10,10,9,7,7,6
AAAGAGGATATTAAAAATGGC,ATCTACACTGAGA,true,1,10,6,26,0,0,0,0,0,0,0,0,0,0,1,0,0,2,0,0,0,0,0,2,24,23,21,20,20,20,19,16,14,12,11,10,10
AGTGAAAGCATGTGTCAATGA,CAAAATATATCAT,true,4,6,9,29,0,0,0,0,0,0,0,0,0,0,0,0,1,0,1,1,5,1,0,0,26,25,25,25,18,14,13,12,8,8,6,6,6
CAACCAAGAGGCTTGCCTCTT,GGGGTTGTAGGAC,false,4,10,23,52,0,0,0,0,1,0,0,0,0,0,0,0,1,0,2,3,0,0,11,1,48,46,44,27,24,23,22,21,20,18,16,14,10
CTGATGGTGCGGAGGCCTTTA,AAATCTGAGCAAT,true,4,9,11,30,1,0,0,0,0,0,0,0,0,0,0,0,2,2,0,0,2,0,0,0,30,28,23,19,19,19,19,16,15,14,14,11,9
TGATGAAGTGGATGATATCTT,AGATACATTAACG,true,2,7,10,22,0,0,0,0,0,0,0,0,0,0,0,0,2,1,0,2,2,1,1,0,22,21,17,17,15,13,12,11,11,10,9,7,7
CGACCTCCTGCGTGACAGGCA,GGCATTCTAACCA,true,2,28,32,93,0,0,0,0,0,0,0,0,0,0,0,0,9,3,1,2,3,3,8,1,88,69,66,59,56,51,45,43,42,38,32,28,28
TCATCCGGCTGGTCCAGCAGG,CGGCACAAAAGCT,true,4,8,10,26,1,0,0,0,0,0,0,0,0,0,0,0,1,0,1,0,0,1,5,0,25,23,20,17,16,15,14,14,14,13,9,9,8
AAAAACGAAGCCCCTTTCTGA,CAACATGGTGGTC,true,2,4,15,35,0,0,0,0,0,0,0,0,0,0,0,0,3,2,1,1,0,3,3,2,29,28,24,18,15,13,13,9,7,7,5,4,4
CAGACGGAACGTTTCCGACTC,TTTTTGTCAGCAG,true,5,5,9,19,0,0,0,0,0,0,0,0,0,0,0,2,1,0,0,2,0,0,1,3,19,19,19,18,14,10,7,7,7,6,5,5,5
CGAGAAGAAAAGCATGCGCGA,TATCGGTTCCGAC,true,2,7,8,31,0,0,0,0,0,0,0,0,0,0,0,0,0,1,1,2,0,1,3,0,28,26,24,22,22,18,17,16,10,9,7,7,7
ACCGTGAAAAACGGGTACATC,GCAGCAGAGCTGA,true,1,6,5,16,0,0,0,0,0,0,0,0,0,0,0,0,0,1,1,1,1,0,0,0,15,14,12,11,9,8,8,8,8,8,8,7,6
GGCCATCATAGTTTGCAAAAC,ACTGAGATGCCAT,true,2,4,3,12,0,0,0,0,0,0,0,0,0,0,0,0,1,0,0,1,0,0,1,0,9,9,9,7,6,6,6,5,4,4,4,4,4
TCTTCCATTACTGTTTTAAAT,CGTCCATATGTGT,true,2,2,6,13,0,0,0,0,1,0,1,0,0,0,0,0,1,0,0,0,0,2,0,0,11,10,9,8,6,6,6,5,4,4,4,2,2
ATTCACAATCCACATCAGAAT,AAAAAAGGAGCGA,true,6,11,11,30,0,0,1,0,0,0,0,0,0,0,0,0,5,0,0,0,1,0,4,0,29,29,29,29,26,21,17,15,14,12,12,11,11
ATCAGCGAAAATGCGCTGTCA,CCGAGTTGGCCGC,true,2,8,14,35,0,0,0,0,0,0,2,0,0,0,0,0,1,1,2,4,0,1,1,0,30,26,24,23,21,19,18,15,14,12,10,9,8
TTCAATAACAGAAAGATTTTT,TTTCGATTTCTAT,false,8,8,19,54,0,0,0,0,0,0,0,0,0,0,0,0,0,1,0,8,0,2,1,5,54,48,36,16,15,15,15,14,13,11,10,8,8
ATTCAGCCCTTCTTCTTCAAT,AATATCCAAGACA,true,2,15,6,29,0,0,0,0,0,0,0,0,0,0,0,0,0,0,0,3,1,0,1,0,28,25,24,23,23,22,19,19,18,16,16,16,15
GCTGCCTCACCCGTTCTGTCA,CAGATGGCGGCGA,true,2,12,13,38,0,0,0,0,0,0,0,0,0,0,0,0,3,1,3,2,0,1,3,0,35,32,26,24,23,21,18,16,14,13,12,12,12
GCAAGGAGGGCATCTTGCTGA,ATGGCTTTTGGCA,true,4,8,7,25,0,1,0,0,0,0,0,0,0,0,0,0,0,1,0,2,1,1,0,0,22,20,18,18,16,15,14,13,10,9,9,9,8
AATAAAAGCACCGCAGGCACC,GCAGCCAGTCCCA,true,3,7,13,34,0,0,0,0,0,0,0,0,0,0,0,0,2,0,0,0,1,3,4,0,30,26,25,22,20,17,13,12,12,10,10,7,7
CATGCTCCTCGAATTTCGTTT,TATCCGGCTGTGA,true,4,8,18,44,0,0,0,0,0,0,0,0,0,0,0,0,1,0,2,4,0,2,1,6,37,31,28,25,16,16,14,14,13,12,11,10,8
ATTTGTGGTCCACCCGGATAT,GGCAGTCCCATTG,true,3,7,5,17,0,0,0,0,0,0,0,0,0,0,0,0,1,0,0,1,0,0,2,1,17,14,13,12,10,9,8,7,7,7,7,7,7
TCTATAATATTGGCGCCGTGT,TCAAACAAAAACG,true,5,7,9,26,0,0,0,0,0,0,0,0,0,0,0,0,2,2,1,2,2,0,0,0,26,19,18,17,14,13,12,11,11,10,9,7,7
AACCTTGATGTCAATACAGCT,GCAAAAATTGCCG,true,5,10,11,34,1,0,0,0,0,0,0,0,0,0,0,0,1,1,3,1,3,0,0,0,32,29,27,26,26,24,18,12,12,11,11,11,10
CATCGCCCCCCTGAATCATCT,GTTCCACTTTCAC,true,3,5,14,32,0,0,0,0,0,0,0,0,0,0,0,0,0,2,0,5,0,3,1,3,31,30,28,23,18,17,14,12,12,8,5,5,5
ACTTTACTGGGGTTAAAACGC,GGTTTTATCCTGC,true,4,6,13,28,0,0,0,0,0,0,0,0,1,0,0,0,0,1,2,4,0,2,1,1,26,21,19,18,18,16,14,14,11,9,8,7,6
ATTTTAAAGGAGGAACTTTTT,CATGAATTTAATA,true,5,10,7,24,0,0,0,0,0,0,0,0,0,0,0,0,1,0,0,3,0,0,0,1,21,20,18,18,17,16,15,14,14,13,13,11,10
ACCTTTAAGTGTTCGGCCGCC,TCGTAAATGGTCA,true,3,4,8,17,0,0,0,0,0,1,0,1,0,0,0,0,3,0,1,0,1,1,0,0,16,15,15,14,13,13,10,7,6,5,5,4,4
TCGTAATTGCTGTTGACTGTA,TCCAGCCAAAGAC,true,3,10,15,38,0,0,0,0,0,0,0,0,0,0,0,0,4,0,2,2,1,4,1,1,33,30,23,21,16,15,12,12,12,11,10,10,10
GAGATGGGCTTGGGCGCAGTT,CAAACGGCATCCA,true,3,15,17,42,0,0,0,0,0,0,0,0,2,1,0,0,5,1,0,1,3,1,1,0,38,38,37,31,27,26,25,22,20,19,17,16,15
CTTTTCCGACGCCGCTCTTTC,CTGTGATCAGTAC,true,2,4,4,12,0,0,0,0,0,0,0,0,0,0,0,0,1,0,0,0,0,1,0,2,9,8,8,8,7,6,4,4,4,4,4,4,4
GGTGCGGAAAAAGCGGTCGCC,TATGCCAAACAGC,true,3,7,7,23,0,0,0,0,0,0,0,0,0,0,0,0,0,1,1,0,1,3,0,1,18,17,16,15,14,11,11,10,9,8,7,7,7
GATAATCGCAGGGTTTGTGAT,CTGGTGTTCCTGT,true,2,6,8,25,0,0,0,0,0,0,0,0,0,0,0,0,0,2,2,2,0,0,1,1,22,21,19,18,16,13,12,10,8,7,6,6,6
AATTATTTCATTTATTCAAAA,TAGTACAAAATCT,true,4,8,7,21,0,0,0,0,0,0,0,0,0,0,0,0,3,0,1,2,1,0,0,0,17,15,15,15,14,13,13,11,11,9,8,8,8
CATTTGCCGATGGCGATTACA,TTTCCTATCTCAC,true,3,9,14,29,0,0,0,0,0,0,0,0,0,0,0,0,1,2,0,1,1,6,0,3,29,28,22,21,14,13,13,12,11,10,10,9,9
TTTTAGATCAATGTTTTTACG,ATTTCCCAGAATA,true,3,7,9,25,0,0,0,0,0,0,0,0,0,0,0,0,1,0,0,1,0,5,1,0,24,22,22,19,17,16,10,10,9,9,8,8,7
CCAATTGCTTATACAAAAGAG,GGAAGAATTAAGC,true,3,8,8,29,0,0,0,0,0,0,0,0,0,0,0,0,4,1,0,2,1,0,0,0,27,21,20,18,16,15,13,12,12,11,10,8,8
CAGTCCGTTAGAAGGAAAAGT,GGTTCCGCTAACA,true,2,5,8,24,0,0,0,0,0,0,0,0,0,0,0,0,0,1,3,0,2,1,0,1,24,20,18,16,15,12,11,8,8,8,6,5,5
AGCTCATAAACGCTTGCTCTC,CTGGTGTTTCGTA,true,3,9,14,26,0,0,0,1,0,0,0,0,0,0,0,0,1,1,3,4,0,0,1,3,24,22,22,21,19,17,17,16,14,11,10,9,9
ATCCCGCGTTTTTCTTGATAA,AGGGCCGGCAAAC,false,3,2,1,20,0,0,0,0,0,0,0,0,0,0,0,0,0,0,0,0,0,0,1,0,15,14,10,2,2,2,2,2,2,2,2,2,2
CACGAGCTGCCGTTTTCCGAA,GATGCTTTTATGT,true,4,5,13,25,0,0,0,0,0,0,0,0,0,0,1,0,1,1,1,3,2,0,1,1,23,23,21,19,19,18,17,15,14,8,8,6,5
AAAAGACGGTTGTCAACATTA,CGTCAGGCGCCGC,true,2,12,14,38,0,0,0,0,0,0,0,0,0,0,0,0,1,5,1,0,0,4,2,0,30,24,22,22,20,20,19,19,17,16,13,13,12
AGCGTCATGCCATCGACCGCC,GCGCGGATGCCGT,true,2,5,5,15,0,0,0,0,1,0,1,0,0,0,0,0,1,0,0,0,0,1,1,0,14,12,11,10,9,8,8,8,7,7,5,5,5
TGAATCCTTTCGATCGCAAAG,GACAAATGGTCAG,true,3,12,15,47,0,0,0,0,0,0,0,0,0,0,0,0,1,0,4,2,3,0,1,1,39,38,34,33,30,26,23,22,20,15,15,15,12
GAAATAGAATAGAGAAATTAC,CGGAATAACTAAC,true,2,5,8,20,0,0,0,0,0,0,0,0,0,0,0,0,0,2,1,1,0,0,1,2,20,16,12,12,12,8,8,7,6,6,6,6,5
GGAAACTGGGAACTTGAGTGC,AGAAGAGGAGAGT,true,2,19,22,63,0,0,0,1,1,0,0,0,0,0,0,0,4,2,4,2,5,0,1,0,59,53,47,43,42,36,33,28,28,25,22,20,19
CCTTAGCGCTTCAGTATGTCA,CATCCGCACATGC,true,2,13,14,41,0,0,0,0,0,0,2,0,0,0,0,0,3,1,2,2,1,3,0,0,36,34,27,21,18,17,15,15,14,14,13,13,13
TGCCAGCCGATGCCGAAACTT,CGAGATACGAATC,true,2,3,6,27,0,0,0,0,0,0,0,0,0,0,0,0,2,1,0,0,2,0,1,0,25,22,21,16,13,13,10,8,7,6,4,3,3
GATCGCCATGTAGGAAAAAAC,CAAACCGAAAGCT,true,3,11,10,29,0,0,0,0,0,0,1,0,0,0,0,0,0,1,0,1,2,4,0,0,28,26,25,23,20,17,17,17,16,14,13,12,11
AAAGAGCTTGCCTTTTTCTTG,GTTGCTCTGATGA,true,2,8,11,28,0,0,0,0,0,0,0,0,0,0,0,0,1,1,0,3,1,0,1,2,23,22,20,17,17,16,13,11,11,10,10,10,8
CCTTTATGATCATTGATGGAT,CGCTCAGAGATCA,true,1,9,6,19,0,0,0,0,0,0,1,0,0,0,0,0,1,0,0,0,1,1,0,1,18,17,16,14,14,13,11,11,11,11,11,10,9
TATCTCAGCTCGCATCAATAG,ATGTAAGCGGGCT,true,3,12,10,30,0,0,0,0,0,0,0,1,0,0,0,0,3,1,0,0,2,0,2,1,27,27,26,24,24,21,18,18,17,17,14,12,12
ATCAGGAAATTTTGCATATCC,TTGAAAACAATCT,true,4,7,15,34,0,0,0,1,0,0,0,0,0,0,0,0,5,0,0,1,6,0,0,1,32,29,23,23,23,23,18,10,10,8,8,8,7
CCAAGTACTGTAAAACAGCAG,CTTTTAGAGCTGA,true,4,11,10,31,0,0,0,0,0,0,0,0,0,1,0,0,1,0,1,3,0,1,2,1,30,30,30,30,27,20,18,17,15,13,12,11,11
TTATGATAAGATATAGAAAAT,GTCTTATTACGAG,true,2,9,11,27,0,0,0,0,0,0,0,0,0,0,0,0,3,1,0,2,0,1,2,2,25,22,20,17,17,15,15,13,12,9,9,9,9
ACCTGAATGTTCTCGTCAACA,ACGCCGGCATTCA,true,2,12,8,33,0,0,0,0,0,0,0,0,0,0,0,0,3,2,0,0,0,1,0,1,28,24,22,21,20,19,17,15,15,14,13,12,12
ATTAGTTTTTATTGTTGTCCC,GAATGTAATTGCG,true,3,5,13,23,0,0,1,0,0,0,0,0,0,0,0,0,1,1,3,4,0,0,0,1,19,19,19,16,16,15,12,10,9,9,7,7,5
AAAGAAGTTGATGGCATTATT,CTTGGAACTTTAG,true,3,9,12,32,0,0,0,0,0,1,0,0,0,1,0,0,1,0,0,1,0,0,5,2,31,30,28,25,16,16,16,14,14,14,10,10,9
ACATAATAAACCAAGCCTGAA,GCTGTTTGAAAAG,true,4,9,8,29,0,0,0,0,0,0,0,0,0,0,0,0,0,1,1,1,1,0,0,2,25,23,22,21,20,19,14,14,13,12,12,11,9
CATTGAAAAAATAAGCGGATA,CCGCCCGACGCTC,true,3,9,6,23,0,0,0,0,0,0,0,0,0,0,0,0,2,0,1,1,0,1,1,0,21,20,18,17,16,15,15,15,12,10,9,9,9
GTTGGCACCGAGCGGGAAGCC,GATGACCGTACAG,true,2,7,7,17,0,0,0,0,0,0,0,0,0,0,0,0,1,1,1,1,1,1,0,0,16,15,15,14,14,12,10,10,10,10,9,7,7
AAACCAGGTGATCTTACCCAT,GTCCAGGGTGAAG,true,3,6,5,16,0,0,0,0,0,0,0,0,0,0,0,0,0,0,0,4,0,0,1,0,13,13,12,12,12,12,10,7,7,7,7,6,6
CCCGAATCTGCTGTCTATTTT,TGAAAACACCAAG,true,5,5,13,33,1,0,0,0,0,0,0,0,0,0,0,0,2,0,0,2,2,1,1,3,24,19,17,17,17,14,11,11,9,7,6,6,5
GTCCCGTTCGATTAAGGAGAA,TTTTTCTTTCAGC,true,5,9,14,35,0,0,0,1,0,0,0,0,0,0,0,0,3,1,0,3,0,1,0,4,31,31,31,30,24,21,19,19,16,15,14,10,9
TTGCATTTTTTGCATTTGTTT,CATCATTTTTTGC,true,6,12,5,36,0,0,0,0,0,0,0,0,0,0,0,0,0,0,1,3,0,0,0,1,30,28,24,18,17,17,16,16,15,14,13,12,12
ATTTCCGCACGGCCGATCACA,CCGCTTAACGGCA,true,2,8,9,28,0,0,0,0,0,0,0,0,0,0,0,0,1,2,1,2,1,2,0,0,23,18,16,13,12,12,10,9,9,8,8,8,8
GAGAAGCGTTTCCTCAATCAC,ACGGGACTGCGCA,true,3,7,10,24,0,0,0,1,0,0,0,0,0,0,0,0,2,2,1,2,1,1,0,0,22,19,18,18,13,12,10,10,9,9,8,7,7
TTTAATTGGGCATTCAGTTGG,AGTTTTAATAATG,true,4,8,7,20,0,0,0,0,0,0,0,0,0,0,0,0,2,0,0,0,3,0,0,2,20,18,18,18,17,16,15,14,10,10,8,8,8
TTTAAATAATATGTATGCGAA,GCGAGAAATCGGA,true,3,7,11,31,0,0,0,0,0,0,0,0,0,0,0,0,2,1,0,1,2,0,0,1,27,25,24,21,20,19,18,15,11,11,11,7,7
CGCTTATGATTCACTGCGCGC,ACCGCAACCCGAC,true,3,6,12,35,0,0,0,0,0,0,0,0,0,0,0,0,1,0,2,2,1,5,0,0,29,26,21,19,15,14,11,10,10,7,7,7,6
CGCTTGAAGGCTTAATTAATA,TTGATGAAGAAAT,true,3,6,8,24,0,0,0,0,0,0,0,0,0,0,0,0,0,0,2,1,3,0,1,0,24,22,20,17,15,12,11,7,7,7,7,7,6
ACCACTGTTTGCAATTTGATT,CTACCTTGATTGT,true,2,5,9,23,0,0,0,0,0,0,0,0,0,0,0,1,2,1,0,0,0,2,0,2,20,18,14,12,10,9,8,8,8,8,6,6,5
CATCGTCAAGCTGTAAAGCCG,CTAAGGCATCGCT,true,2,9,10,25,1,1,0,0,0,0,0,0,0,0,0,0,3,0,1,1,2,0,0,0,25,24,24,20,18,17,17,15,12,11,11,10,9
GAGGGCGACGCCGGCAGGAGT,GCTGTATTTCCAT,true,3,5,16,26,0,0,0,0,0,0,1,0,0,0,0,0,0,3,2,2,1,1,1,4,25,24,22,22,19,16,14,14,10,9,8,6,5
GGAAAACCTGCAAACAGCAGA,TTTTCATGAACCG,true,4,4,8,23,0,0,0,0,0,0,3,0,0,0,0,0,3,0,0,1,0,0,0,0,22,20,20,18,13,13,13,13,12,12,5,5,4
TCCATATAGCCGGCGCGGATT,GCTCATTTAAAAT,true,4,9,9,33,0,1,0,0,0,0,0,0,0,0,0,0,1,0,1,3,1,0,0,1,26,24,20,18,17,16,16,16,12,12,11,10,9
GATAGAGCGGAGCGACAGGGT,TCGTTTATAGAAT,true,3,2,1,12,0,0,0,0,0,0,0,0,0,0,0,0,0,0,0,1,0,0,0,0,9,9,9,9,9,6,4,4,3,3,2,2,2
CTTAGTTCCCAGCATCCCTTT,CGCGTGCTCAGTC,true,3,6,3,15,0,0,0,0,0,0,0,0,0,0,0,0,0,1,0,1,0,0,0,0,14,13,12,10,9,8,8,8,7,7,7,7,6
CTTTTTTTCAGATCAGCTGTA,TTTTGTGTCAGTC,true,4,3,1,11,0,0,0,0,0,0,0,0,0,0,0,0,0,0,0,0,0,0,0,1,9,9,8,3,3,3,3,3,3,3,3,3,3
TGTATTGCTGTCTGCGGAAAA,AGGTGATTACATC,true,5,8,13,34,0,1,1,0,0,0,0,0,0,0,0,0,5,0,0,1,2,1,0,1,28,23,22,20,19,18,16,15,12,10,10,8,8
CGGACTGAGCTGTAGGCTGAA,GACGCGATTGATC,true,2,6,12,26,0,0,0,0,0,0,0,0,0,0,0,0,0,1,3,1,3,1,1,0,23,20,16,15,15,13,11,11,11,9,8,8,6
TTGTGCTGTCCGCGAGTTTTC,TGTCTTTGTCGAC,true,3,10,9,29,0,0,0,0,0,0,0,0,0,0,1,0,0,0,2,3,0,0,0,1,27,25,24,21,19,19,17,15,13,13,13,11,10
GATAATATCAAAACGCTTCTG,TATTTCATACTAT,true,3,5,3,13,0,0,0,0,0,0,0,0,0,0,0,0,0,1,0,0,1,1,0,0,12,10,10,9,9,8,6,6,6,6,6,5,5
AACAAAAAATTGTTAAAGCAG,AGGAGGCTGTTTC,true,3,6,4,12,0,0,0,0,0,0,0,0,0,1,0,0,1,0,0,0,0,0,0,1,12,11,10,10,10,10,10,9,9,9,8,7,6
TCACGGCTTCCACAAGCTTGC,GGATCTGCAAATA,true,3,10,8,24,0,1,2,0,0,0,0,0,0,0,0,0,1,1,0,0,1,1,0,0,24,22,19,18,17,16,15,15,15,13,10,10,10
CGGTATTCAGTCCCGGCTCCG,TCTGGTGTTTCAG,true,3,5,7,23,0,0,0,0,0,0,0,0,1,0,0,0,1,0,1,0,0,0,0,3,23,17,15,13,12,9,9,9,9,8,6,6,5
CGCAGCCAGCGGATTAAGTTA,GACATCAAATAGC,true,3,7,11,25,0,0,0,0,0,0,0,0,0,0,0,0,2,1,1,2,2,1,2,0,20,17,16,15,13,12,12,11,9,8,7,7,7
CTGTTCCGAGTGAGACAAACG,GAACCTTTAACGT,true,3,6,9,26,0,0,0,0,0,0,0,0,0,0,0,0,3,0,0,1,1,0,2,2,22,22,17,15,14,14,14,11,11,10,7,6,6
CAAGATGCTGTTGAACTAATG,TTTCAGGAAGCAT,true,3,3,11,24,0,0,0,0,0,0,0,0,0,0,0,0,1,3,1,0,1,1,2,1,21,18,15,15,12,12,9,9,7,5,4,4,3
ACTCATATGTCCCCTCTGTCA,CAATGTCATACGT,true,2,4,8,20,0,0,0,0,0,0,0,0,0,0,0,0,2,1,0,1,0,1,0,1,18,16,16,15,15,14,11,11,10,9,6,5,4
TTTTTAATTGTAGATAAAGCA,GTTGCGTGTGCTC,true,2,6,11,39,0,0,0,1,0,0,0,0,0,0,0,0,2,2,2,2,0,0,0,1,33,31,23,22,19,15,13,10,8,8,7,6,6
GAAGCGCCCGGGCATGAATCT,GCTGTTCGTCCAT,false,2,2,4,14,0,0,0,0,0,0,0,0,0,0,0,0,0,0,0,0,0,1,0,3,14,13,11,11,11,3,2,2,2,2,2,2,2
ATTCAAAGGTTCAGACGATAA,TGGAAAGAGAGCT,true,3,10,9,29,0,0,0,0,0,0,0,0,0,0,0,0,3,1,3,0,1,0,0,0,27,25,22,22,21,20,20,16,16,14,12,10,10
TTTATCACCAGTATGCTCCGT,GCTTAAAAGAGGC,false,4,4,6,26,0,0,0,0,1,0,0,0,0,0,1,0,0,3,0,1,0,0,0,0,21,21,5,5,5,5,5,5,4,4,4,4,4
CGGGCCGATTATGTTCTTAGG,CTTCTTGTCGTCA,false,2,5,4,26,0,0,0,0,0,0,0,0,0,0,1,0,0,3,0,0,0,0,0,0,25,6,6,5,5,5,5,5,5,5,5,5,5
GGTCATCCTGTCGCCTGATCA,ATTCCCTGAACTG,true,3,4,10,25,0,0,0,0,0,0,0,0,0,0,0,0,3,1,2,0,1,1,0,1,22,19,18,17,17,14,11,10,9,8,5,4,4
TACCATTTTTTTAGAATCAAG,GTAATTGTTCACG,true,2,5,4,16,0,0,0,0,0,0,0,0,0,1,0,0,0,0,1,1,0,0,0,0,13,12,10,9,7,7,7,6,6,6,6,6,5
ACCAAAAAACACAAAAAAAAA,ACCACAACCCCCA,true,10,1,0,19,0,0,0,0,0,0,0,0,0,0,0,0,0,0,0,0,0,0,0,0,12,5,2,2,1,1,1,1,1,1,1,1,1
ACGGCGCACAAAGGCCAAGGG,CTGATCACTGAAG,true,3,7,7,19,0,0,0,0,0,1,1,0,0,0,0,0,0,0,2,2,0,1,0,0,17,17,16,16,15,13,12,10,10,8,7,7,7
GCCGTCTTCGTCAGGAATATC,AGCATGGATCACA,true,2,11,7,24,0,0,0,0,0,0,0,0,0,0,0,0,1,0,1,1,0,1,2,0,23,21,18,18,18,18,14,13,13,13,13,11,11
TCAGTAATCATCTTCCCTTGT,CGAGAAATTTTTC,true,5,11,21,37,0,0,1,0,0,0,0,0,0,1,0,0,4,0,1,1,1,2,1,0,35,33,32,28,27,27,25,22,21,21,21,14,11
CGCTTCTTTTGCAACAAAGTA,CAATGGAATCGCT,true,2,6,13,33,0,0,0,0,0,0,0,0,0,0,0,0,2,3,1,3,0,1,1,0,27,25,23,20,19,16,15,15,12,10,9,8,6
TTAAATATTGTTTGATATCTT,CCAGTCTGCGGCG,true,2,12,11,32,0,0,0,0,0,0,1,0,0,0,0,0,0,2,0,2,0,2,3,1,29,24,24,20,20,19,16,15,13,12,12,12,12
CGTAACAAAAAATAAAACTGT,CTTTAGATTTTCT,true,4,9,11,31,0,0,1,0,0,0,1,0,0,0,0,0,0,1,0,1,0,0,1,5,28,26,26,20,18,16,15,14,14,14,11,9,9
AGCCTGCCAATTTGCTCTTTT,TGTCTTGTTTCAG,true,5,9,15,31,0,0,0,0,0,0,0,0,0,1,0,0,0,3,0,1,0,2,1,5,24,21,20,18,17,16,16,15,14,14,12,11,9
GAAGTCGGCTTTATGGTGACA,CAAATCACCGATA,true,3,12,8,31,0,0,0,0,0,0,0,0,0,0,0,0,1,0,0,1,1,2,0,1,28,26,26,22,21,21,20,17,14,14,14,13,12
AACCTTGAAAGCAAAGATCCT,GATAAAAAAATCA,true,7,11,13,36,0,1,2,0,0,0,0,0,0,0,0,0,2,0,1,2,4,0,1,0,31,30,27,26,26,26,25,24,22,17,11,11,11
CAAGAAAAAATAAGAGAGCAA,TTTTTATAATACA,true,5,3,3,13,0,0,0,0,0,0,0,0,0,0,0,0,1,0,0,0,1,0,0,1,9,9,9,8,6,6,5,5,5,4,3,3,3
ATGTTCTTCAGACTGGTTCTG,ATCATGTTGATAT,true,2,10,6,26,0,0,0,0,0,0,0,0,0,0,0,0,0,2,0,2,0,0,0,1,23,23,21,19,16,15,15,13,12,12,12,11,10
GCGCAAAAAAATCTGAAAGTC,ACTGCGGGAGAAG,true,3,4,2,11,0,0,0,1,0,0,0,0,0,0,0,0,0,0,0,0,0,0,0,0,10,9,7,7,7,7,7,6,5,5,5,4,4
GAAATAACAAGGGCAGAGAAG,AACTGCGGATGGC,true,2,4,8,18,0,0,0,0,0,0,0,0,0,0,0,0,3,0,0,2,2,1,0,0,16,13,10,9,6,6,6,6,5,4,4,4,4
CTGTTCTTCGATCCCGCGATA,CGGAGCGGGCCCA,true,3,5,3,11,0,0,0,0,0,0,0,0,0,0,0,0,1,1,0,0,0,0,0,0,9,9,9,8,8,8,8,8,6,6,6,6,5
CCTTGACCATCTTCGGTTTAT,CAGACAAATAAAC,true,3,6,10,21,0,0,1,0,0,0,0,0,0,0,0,0,2,0,3,1,1,0,0,0,19,18,17,15,13,12,12,10,9,8,8,7,6
GCGATTTTCGCCAATCAGCCC,GGACTGAAGATTG,true,3,8,10,24,1,0,0,0,0,0,0,0,0,0,0,0,1,0,2,0,1,0,3,0,23,18,16,14,14,14,14,13,12,11,10,9,8
GCGAAGCAATGACCAGCATAT,ATCTCCACACATG,true,2,8,9,25,0,0,0,0,0,0,1,0,0,0,0,0,2,1,1,1,1,1,0,0,24,23,21,18,17,16,15,13,13,12,11,9,8
ATAAAAAAGGAAAAGCACCTT,GCAGTTGTATGCT,true,2,2,2,11,0,0,0,0,0,0,0,0,0,0,0,1,1,0,0,0,0,0,0,0,10,10,10,9,8,7,6,3,3,2,2,2,2
ATTTGCACGTATTGCGAAAGC,GTTCGGTATTGAT,true,2,6,8,20,0,0,0,0,0,1,0,0,0,0,0,0,2,0,0,1,0,0,2,1,19,19,19,17,17,14,12,10,9,8,8,7,6
CGGCTAAGCTAGTCATAAATA,TGAAAAAGCATCA,true,5,4,6,20,0,0,1,0,0,1,0,0,0,0,0,0,1,1,0,0,0,0,0,0,17,15,15,15,13,12,8,6,6,6,6,5,4
GCTGAAATCAGCTGAACAGCT,TGGACATGTGTCA,true,2,7,9,25,0,0,0,0,0,1,0,0,0,0,0,0,0,0,2,0,0,1,3,1,23,22,16,15,14,14,13,12,11,11,10,8,7
CTTTCGCGATTTGGCGCATCT,TAATATTGTGATC,true,2,10,14,34,0,0,1,0,0,0,0,0,0,0,0,0,3,0,2,1,0,0,1,6,30,30,27,21,21,19,17,15,13,13,11,10,10
GCCATTATTTTTGGCCGGAAC,GTTCGCGGCGATG,true,2,3,4,11,0,0,0,0,0,0,0,0,0,0,0,0,0,1,0,0,1,0,1,1,10,8,7,7,7,7,7,6,6,6,4,3,3
ATTGGCACTGGCATTGGTGCA,GGCGCAATTGTAG,true,2,7,8,22,0,0,0,0,0,0,0,0,0,0,0,0,1,2,1,1,2,0,1,0,21,19,16,13,13,12,10,9,9,9,8,7,7
GTTAAATGGCTCTCTCGCCGG,CTCAATCTGGCGA,true,2,6,10,21,1,0,0,0,0,0,0,0,0,0,0,0,1,2,1,1,1,3,0,0,20,19,17,16,14,11,9,8,8,8,7,6,6
CCAGCTGTTTTGCTCCTTCAG,AAAAGCGATCGGA,true,4,4,16,24,1,0,0,0,1,0,0,0,0,0,0,0,1,0,1,3,1,2,0,0,24,23,22,19,16,15,15,15,14,10,10,6,4
GCCCGACAGGCTCAGGTAAAA,GCTCAGTCACACA,true,4,7,12,23,0,0,0,0,0,0,0,0,0,0,0,0,4,0,0,1,2,1,1,0,20,19,18,18,17,13,12,11,9,8,7,7,7
AAATGCCTGGGAATCGGTATA,TTATTTGCAAAAT,true,4,6,2,13,0,0,0,0,0,0,0,0,0,0,0,0,0,0,1,0,0,0,0,0,13,11,9,9,9,8,8,7,7,7,7,7,6
GCTCCATTCCGTTTTCTTCAA,TAGCATTCAGGCA,true,2,11,11,34,0,0,0,0,0,0,0,0,0,0,0,0,4,0,1,2,0,0,1,2,29,26,22,20,20,20,17,15,15,13,13,12,11
ATCGGATTTATTTTCTATCCG,ATTACAATGGTGT,true,2,10,8,25,0,1,0,0,0,0,0,0,0,0,0,0,0,1,1,0,1,0,0,2,20,19,19,18,18,18,14,13,13,13,12,11,10
GGGCGCTGTTCCGCTCAGTGC,AGAAACGACTGGA,true,3,9,11,35,0,0,0,0,0,0,0,0,0,0,0,0,1,0,1,0,3,2,1,1,33,28,27,25,22,21,20,16,13,12,11,11,9
TGATATTCAGGCGCTCAAACA,GTTTGCAACTAGC,true,3,4,11,26,0,0,0,0,0,0,0,0,0,0,0,0,2,0,2,4,0,0,1,2,23,23,23,15,8,8,7,7,5,5,5,4,4
AGTTTGGCTCCTTTTTCAGTT,ATGACACGTATGA,false,2,2,2,18,0,0,0,0,0,0,0,0,0,0,0,0,0,0,0,2,0,0,0,0,17,17,4,3,2,2,2,2,2,2,2,2,2
GGTCCATCAGCATAACTGCCG,CCGCTCCGTCACT,true,2,4,7,26,0,0,0,0,0,0,0,1,0,0,0,0,0,2,0,1,0,3,0,0,22,15,12,12,10,9,8,8,6,5,4,4,4
TGAAGAATTGGTTGAGAAGCT,TGGCGTGCAACGA,true,2,6,4,18,0,0,0,0,0,0,0,0,0,0,0,0,0,0,2,1,1,0,0,0,17,14,12,10,10,8,8,8,7,6,6,6,6
TGTACGTATGTTAGAAAACTC,CATTTCACACCAT,true,3,7,10,23,0,0,0,0,0,0,0,0,0,0,0,0,1,1,0,1,1,1,0,2,21,18,18,18,14,14,14,12,12,11,11,9,7
CATCCTCAAGAAGTCTAGCGA,TCATCGTAGCGAT,true,1,14,13,44,0,0,0,0,0,0,0,0,0,0,0,0,2,2,1,2,2,1,1,0,40,37,36,33,30,27,26,21,17,17,17,16,14
CTTTTCTCTAATCGTTTTCTG,ATTTCATCTGCTC,true,3,5,9,24,0,0,0,0,0,0,1,0,0,0,0,0,3,0,1,2,0,0,0,2,20,18,16,13,10,10,8,5,5,5,5,5,5
TGTATTTAGGAAGAACCAAAA,GCTGCATACAAGC,true,4,7,7,23,0,0,0,0,0,0,0,0,0,0,0,0,1,2,0,0,2,0,1,1,19,17,15,14,13,12,11,8,8,7,7,7,7
CTTTAAAACGATTGTGTTTTA,AAGGCTTTTCTAT,true,4,6,7,26,0,0,0,0,0,0,0,0,1,1,0,0,2,0,0,1,0,0,2,0,25,22,17,13,12,12,12,11,9,6,6,6,6
TATAAATAGTCTAATATTTTT,CTTATACTTATTA,true,5,6,12,41,0,0,0,0,0,0,0,0,0,0,0,0,1,2,0,4,3,0,0,2,30,29,21,17,13,10,8,8,8,6,6,6,6
AGTATGTGACGAAGGGTCAGC,CGACCTGCTTCAG,true,2,13,10,30,0,0,0,0,0,0,0,1,0,0,0,0,1,1,0,1,1,1,1,3,28,25,24,22,21,21,19,18,17,14,13,13,13
CGTGGCTTACTTGTTTTTCTT,CATGTTCATTTCT,true,3,3,6,13,0,0,0,0,0,0,0,0,0,0,0,0,1,0,0,2,0,0,0,2,12,12,11,11,11,10,8,6,5,5,4,3,3
CAGACATACTAAAAAAAGCGC,AAAGACGTGATCT,true,3,3,8,14,0,0,0,0,0,0,0,0,1,0,0,0,4,1,0,0,0,0,0,0,14,14,14,10,9,7,6,6,6,6,5,4,3
GAGCAACTGGCGTAACGGATC,AACAGGTCCAACT,true,2,8,13,31,0,0,0,0,0,0,0,0,0,0,0,0,0,2,3,0,1,2,4,1,31,28,26,24,23,14,13,13,11,9,8,8,8
TTAAATTTTAATATAAGTACG,TACAATTGCATAG,true,2,5,10,25,0,0,0,0,0,0,0,0,0,0,0,0,3,1,1,1,1,2,1,0,23,21,17,16,15,10,10,8,6,5,5,5,5
CCCGACTGGTGTCATGTATAC,GGCAGAAGAATTG,true,2,6,7,18,0,0,0,0,0,0,0,0,0,0,0,0,2,0,0,0,3,0,1,1,18,16,14,13,12,12,12,10,10,8,7,6,6
GATTGTCCATCCAGCTTTTGG,ACAAGCTGGTCCG,true,2,6,5,26,0,0,0,0,0,0,0,0,0,0,0,0,1,0,0,0,1,2,0,0,26,23,21,18,14,11,11,10,9,9,9,7,6
TTTATAGCTGTCGGGACATTT,TCTGATGATGAGC,true,4,7,7,22,0,0,0,0,0,0,0,0,0,0,0,0,0,1,1,2,0,0,1,2,19,15,14,11,11,10,9,9,9,9,9,7,7
GCGCCCTCAGGTGTGCTTTTT,GTTAAAATCGGTG,true,5,3,7,24,0,0,0,0,0,0,0,0,0,0,0,0,1,0,0,1,1,1,0,0,19,18,15,11,11,11,9,7,6,6,4,4,3
CCCGCTCGGAAGCGGTTTTCA,AATCATTCAATCG,true,3,8,8,20,0,0,0,0,0,0,0,0,0,0,0,1,2,1,0,1,2,0,0,1,20,18,13,12,11,10,9,9,9,8,8,8,8
CCCGCCCCATAACTGATTCAC,AAAAAAATCAGTA,true,7,6,7,15,1,0,1,0,0,0,0,0,0,0,0,0,0,1,0,0,2,0,0,1,15,15,13,11,11,11,9,7,7,7,7,7,6
CTGCGTCTTGAATCGGAATCA,GCCCTGACAGCAC,true,3,10,13,38,0,0,0,0,0,0,0,0,0,0,0,0,5,2,0,1,0,2,3,0,31,29,29,23,20,20,17,15,13,11,10,10,10
AGGATGACGCCGAGCAGGCCG,GGGCCTGTGCGTC,true,4,8,8,20,0,0,0,0,1,0,0,0,0,0,0,0,0,1,0,1,0,2,2,0,19,19,14,13,11,10,10,10,10,9,9,8,8
TACGTACTTATCAGCAGATGC,AAATTGGTCGCTA,true,3,11,10,26,0,0,0,0,0,0,0,0,0,0,0,0,2,0,2,2,2,0,1,1,26,25,21,19,17,15,13,12,11,11,11,11,11
ATGAAGGGGTTCAATATCAAG,TAGAGAAGCTCGA,true,2,5,10,20,0,1,0,0,0,0,0,0,0,0,0,0,0,0,0,1,1,3,3,0,20,19,18,18,17,17,13,12,9,9,7,6,5
AGCGGGTAAAGGTCTTCCGGT,TGAGGACGTTATG,true,2,4,6,13,0,0,0,0,0,0,0,0,0,0,0,0,2,0,0,1,1,0,1,1,12,9,8,6,6,6,6,6,6,6,5,4,4
ATTTAAGCTGTCACCGACAGC,CGCGGTTTCTTCG,true,3,10,13,43,0,0,0,0,0,1,0,0,0,0,0,0,0,1,0,4,0,0,5,1,38,33,28,25,18,18,18,18,13,13,11,11,10
TTCAACATGCTCAATTCTGAA,ACGCCATTGATTA,true,3,4,1,12,0,0,0,0,0,0,0,0,0,0,0,0,0,0,0,0,0,1,0,0,11,9,9,8,6,6,6,4,4,4,4,4,4
ACAAGCAGGCTATGAAGCCAT,TATTGTCAATAAC,true,2,8,12,28,0,0,0,0,0,0,0,0,0,0,0,0,0,2,0,3,1,1,2,0,28,24,23,22,19,18,17,16,12,12,11,10,8
GGAATTCCCCTTTAACAGAAG,GGTCTAAAAAGGA,true,5,7,14,33,0,0,0,0,0,0,0,0,0,0,0,0,3,3,0,2,3,0,2,1,33,25,24,21,19,18,18,18,16,12,8,7,7
CAGTTCAACACAAAATCAAGC,ACCGCCTAATCAG,true,2,10,6,30,0,0,0,0,0,0,0,0,0,0,0,0,1,1,0,1,2,0,0,1,27,24,19,18,16,15,14,14,12,11,11,10,10
AGTGGGAGCCTTATTTAAGCT,ATGCGTCTTTGTA,true,3,4,10,20,0,0,0,0,0,0,0,0,0,0,0,0,3,1,1,1,0,1,2,1,17,14,14,13,12,11,9,8,8,6,5,4,4
GGAAACCTAGGCATTCGGTGG,AGGGGATTCTCAC,true,4,8,5,21,0,0,0,0,0,0,0,0,0,0,0,0,0,0,0,2,0,0,2,0,21,21,21,18,12,11,11,11,10,10,9,8,8
TTGGAGGAAACCATAGAGCGG,TAGCCTTGGAGGC,true,2,11,15,34,0,0,0,0,0,0,0,0,0,0,0,0,2,0,2,0,1,1,5,2,31,29,26,26,24,23,20,20,16,14,13,11,11
TACGGCTTTTTCCGCCATAGA,AATTACAAATTCT,true,3,3,6,21,0,0,0,0,0,0,0,0,0,0,0,0,0,0,0,0,3,0,0,0,21,15,13,12,10,8,8,8,6,6,6,3,3
TATGATTCAGCTTTACCATCA,ATCTGTCGATGGA,true,2,8,6,16,0,0,0,0,0,0,0,0,0,0,0,0,0,0,0,1,1,1,1,1,15,13,12,12,10,10,10,10,9,9,9,9,8
GTCAGTCAAAACTAAGGCCTG,CACGACGCAGGTC,true,2,2,8,15,1,0,0,0,0,0,0,0,1,0,0,0,2,0,1,1,0,0,2,0,15,15,10,10,7,6,5,4,4,3,2,2,2
TTTTCCTATGATGCGGTAGAG,CGGCTGGCACCGA,true,2,10,5,25,0,0,0,0,0,0,0,0,0,0,0,0,1,0,0,0,0,2,2,0,22,21,20,17,16,16,14,14,13,12,10,10,10
CCTCCGGTCTTCCAGTCATAC,CGGAAGAGTTTGA,true,3,2,2,11,0,0,0,0,0,0,0,0,0,0,0,0,0,0,0,1,0,0,1,0,10,9,7,7,6,4,4,4,4,4,4,2,2
GCTGAATTATTGATGATACGC,TCATAAAGCTGTA,true,3,7,7,22,0,0,0,1,0,0,0,0,1,0,0,0,0,1,1,2,1,0,0,0,19,16,16,14,13,13,11,10,9,9,8,7,7
ATATCCGCATTACGGAAGGTT,TAGCACTGCAGCA,true,3,8,9,31,0,0,0,0,0,0,0,0,0,0,0,0,2,1,1,0,2,0,1,2,22,17,17,16,16,15,14,12,12,10,9,8,8
TCTGAATTCATTAGGATATGA,GAAGGCAGACCCG,true,3,6,12,23,0,0,0,1,0,0,1,0,0,0,0,0,3,1,0,1,1,0,1,0,21,21,20,17,15,14,14,13,12,10,10,7,6
ATTCTCACCGTGATTACTTGT,TTAACGCTGATTC,true,3,6,15,27,0,0,0,0,0,0,0,0,0,0,0,0,3,1,2,1,2,0,0,5,27,22,19,17,12,12,11,9,9,9,8,7,6
ATCAAAGAATTAACAGAGCAA,ATTGAGAAGGATA,true,3,4,9,19,0,0,0,0,0,0,0,0,0,1,0,0,1,0,0,2,3,0,1,0,15,13,12,8,8,7,7,6,6,5,5,4,4
CGTAAGAAAAAACGGAGAAAT,TAGCAAATTTTAT,true,4,6,12,26,0,0,0,0,0,0,0,0,0,0,0,0,1,1,1,0,2,0,0,3,20,20,19,18,17,17,15,11,11,11,10,8,6
ACCCGAACATTTTGTTTCACG,TCGATTATGTGCA,true,2,9,7,21,0,0,0,1,0,0,0,0,0,0,0,0,2,0,0,1,0,1,0,2,18,15,14,14,13,10,10,10,9,9,9,9,9
ACACCAAATCGAACCGCAATC,GATCTCATTCGCG,true,2,11,14,32,0,0,0,0,0,0,0,0,0,0,0,0,1,2,1,5,0,1,0,1,29,28,26,22,19,15,15,15,14,14,14,12,11
TAGCGGGGTTTCGTTCCAAAG,CATGGAGGAAGCG,true,2,8,4,15,0,0,0,0,0,0,0,0,0,0,0,0,1,0,0,1,0,0,2,0,15,14,13,13,11,11,11,8,8,8,8,8,8
CATTAATTGTCATTAAATCAA,GCAGTGATTGTGT,true,2,9,9,31,0,0,0,0,0,1,0,0,0,0,0,0,3,0,1,0,2,0,2,0,26,25,23,16,16,14,11,11,9,9,9,9,9
AACCGCCCTGTCTTCAAGTGG,GGAGGTTCATCTA,true,4,6,16,34,0,0,0,0,0,0,0,0,0,0,0,0,3,1,2,2,0,1,6,1,32,23,19,18,14,12,12,11,11,9,6,6,6
TCACTTCCTTTTCAGAAATAC,ACTGCTCACGCAG,true,1,7,7,23,0,0,0,0,0,1,0,1,0,0,0,1,1,1,0,1,0,0,0,0,22,18,15,14,14,12,12,12,11,9,8,8,7
GCTTTTTCTGAAGTGAAAGAA,GATACCCGTATCA,true,3,4,10,23,0,0,0,0,0,0,0,0,0,0,0,0,3,2,0,1,2,2,0,0,22,21,16,14,12,11,8,7,7,5,4,4,4
TGATCAATTCACGATATTGTA,GCTGAGATTCCTC,true,2,11,9,29,0,0,0,0,0,1,0,0,0,0,0,0,1,0,0,2,0,2,1,1,27,25,25,21,21,20,20,18,16,14,12,12,11
TTACAAGACAAGATGCTTGGA,CTCAGGATGAGGA,true,2,11,7,25,0,0,0,0,0,0,0,0,0,0,0,0,1,0,0,0,1,2,3,0,21,21,20,20,19,15,14,14,14,12,11,11,11
CTTCGTTTGATTTGAATTCTT,CTAGCGCTTCCCA,true,3,2,2,22,0,0,0,0,0,0,0,0,0,0,0,0,0,0,2,0,0,0,0,0,17,17,14,12,12,11,10,10,10,7,4,2,2
AACTTTTTTTTGGGAGGTATG,TAAAATGATCCTA,true,4,3,5,12,0,0,0,0,0,0,0,0,0,0,0,0,0,0,0,4,1,0,0,0,12,8,8,7,6,6,5,5,4,3,3,3,3
TTTCTTCAATAATCCAGGTGC,GTGATGATCCTTG,true,2,8,10,23,0,0,0,0,0,0,0,0,0,0,0,0,2,2,2,1,0,0,0,0,22,22,20,19,15,15,12,12,12,12,11,9,8
CTATACATTGCTGAAAAACAA,TATGAATGTGTCG,false,2,2,3,16,0,0,0,0,0,0,0,0,0,0,0,0,0,0,0,0,3,0,0,0,15,13,10,9,9,2,2,2,2,2,2,2,2
TGATTCAGCTCAATATTCCAT,TCCTTTGCAAGCT,true,3,16,11,39,0,0,0,0,0,0,0,0,1,0,0,1,0,0,1,4,0,0,0,4,36,32,29,29,29,24,21,18,18,18,17,16,16
ATGATTGCATGATTAAGCCGA,GAAACGAAGTTGA,true,3,5,7,21,0,1,0,0,0,0,0,0,0,0,0,0,1,0,0,2,1,0,0,1,20,19,17,12,11,10,10,10,9,9,8,6,5
ACCACGTCATATGGCCGTCAG,AGCCAAAGGATTG,false,3,2,0,16,0,0,0,0,0,0,0,0,0,0,0,0,0,0,0,0,0,0,0,0,16,15,13,2,2,2,2,2,2,2,2,2,2
GCAATTATGGCCTTTGGTGAT,TCCGGTCTTCAAG,true,2,8,8,19,0,0,0,0,0,0,0,0,0,0,0,0,0,0,0,3,0,2,1,1,19,17,12,12,10,10,10,10,9,9,9,9,8
TTAAATTTTACCCACTCAGTT,ATTTACTAAACAG,true,3,4,7,15,0,0,0,0,0,0,0,0,0,0,0,0,0,0,0,1,3,1,0,2,14,14,14,12,11,10,10,9,8,6,4,4,4
AAGGATATTCCTTCATTAAAA,GATATGACAAACA,true,4,7,9,26,0,0,0,0,0,0,0,0,0,0,0,0,1,3,0,0,1,1,0,0,21,18,18,15,14,14,14,13,12,10,9,7,7
AATCATATGAGAAGCCGTCTG,CGCGCCTCTCAGC,true,2,13,9,36,0,0,0,0,0,0,0,0,0,0,0,1,0,1,0,0,0,3,1,2,35,33,31,28,28,25,21,19,18,15,14,14,13
AAGCTCGCGCTCGCTCGGCTG,CATGCGATCAATA,true,2,7,15,38,0,0,0,0,0,0,0,0,0,0,0,1,2,2,0,4,2,0,0,0,33,30,25,23,22,20,18,16,13,11,11,10,7
TATTTAATGGATATCAGGTGC,AGCCGGGCAAAAG,true,4,4,9,26,0,0,0,0,0,0,0,0,0,0,0,0,0,2,2,1,0,1,0,0,25,23,18,15,13,13,10,9,9,9,7,7,4
CTGTACCGATCCATACGCCGA,TCGCAACAGAACG,true,2,4,6,21,0,0,0,0,0,0,0,0,0,0,0,0,6,0,0,0,0,0,0,0,17,15,14,14,13,13,7,6,6,6,6,4,4
AATTCCCTTTTAACAAATGAT,GAATTTGCTGTCA,true,3,8,8,32,0,0,0,0,0,0,0,0,0,0,0,0,2,2,0,3,0,0,0,1,25,23,22,19,18,17,15,15,11,10,10,8,8
GGTGTTACAATTAATCTCAGT,ATATGTAAATATA,true,3,7,12,25,0,0,0,0,0,0,0,0,0,1,1,0,2,2,2,2,1,0,0,0,23,22,22,18,15,14,13,12,12,8,8,7,7
CCCTCCATTATTCTAGCGCAC,TTTACTTGTCTGT,true,3,5,4,21,0,0,0,0,0,0,0,0,0,0,0,0,0,0,0,1,0,1,0,1,19,17,13,10,9,8,7,7,7,6,6,5,5
AAACTTCGTTCTCTCCTGATG,GATCCTGAGTACG,true,2,4,11,32,0,0,0,0,0,0,0,0,0,0,0,0,1,1,2,3,2,0,1,0,22,19,17,13,12,11,9,8,8,8,5,4,4
ATAAAAAAACTTGGCAATGCC,AAGTTTTTTTTAC,true,8,4,6,16,0,0,0,0,0,0,0,0,0,1,0,1,0,0,0,0,1,0,0,2,16,14,13,13,13,13,11,11,11,8,5,5,4
CGGCTACAAAAATCATGACAA,TGCAAGTTCCGAC,true,2,8,11,29,0,1,0,0,0,0,0,1,0,0,0,0,1,1,0,4,0,2,0,1,27,22,21,20,19,16,16,15,13,9,9,8,8
AAACCCGCCATTCACCACTTT,TATATCTCTTCCT,true,4,14,14,44,0,0,0,0,0,0,1,0,0,0,0,0,2,1,1,3,0,1,0,4,33,26,23,22,22,20,19,18,17,17,16,15,14
TGTCAGCGATTGCGCTGCTGT,TGTTCAAACAGCG,true,3,8,15,34,0,0,0,0,0,0,0,0,0,0,1,0,1,1,1,2,2,2,0,2,30,25,23,22,18,17,17,13,11,11,11,10,8
GAGCTGTTCGTCGTTTGTATA,CTCTTTTACAACT,true,4,6,7,28,0,0,0,0,0,0,0,0,0,0,0,0,2,1,0,1,1,0,0,2,26,24,21,21,20,18,15,10,8,6,6,6,6
GTCATTGTCACTTTTTTAGTA,TCAATTTTACTGC,false,4,4,7,22,0,0,1,0,0,0,0,0,0,0,0,0,1,0,0,4,0,0,0,1,19,18,17,16,16,16,16,15,4,4,4,4,4
GAAAAAATCAATGCTCGGGCA,GGCTGGCTTTATG,true,3,5,3,12,0,0,0,0,0,0,0,0,0,0,0,0,0,0,0,1,0,0,1,1,11,11,10,10,10,8,8,8,8,6,5,5,5
CCCACTCCTTTTTACAAGCTA,AATAAAAACCCCT,true,5,5,12,28,0,0,0,0,0,0,2,0,0,0,0,0,2,0,0,1,4,0,0,0,28,24,20,16,16,15,14,11,9,9,9,5,5
TTATTTGGCTCTAAAACTTGA,ATTTACTCCGAGC,true,3,5,10,23,0,0,0,0,0,0,0,0,0,0,0,0,1,2,1,2,1,1,0,1,19,16,15,12,11,10,10,9,7,6,6,5,5
ATCGCCTACGCCTTCGGCCTC,GGCTTAGGTCCCG,true,3,6,14,38,0,0,0,0,0,1,1,0,0,0,0,0,0,1,0,6,0,1,0,3,36,29,28,27,22,19,16,11,11,9,8,7,6
CACCGGATCACTTAAGCCCGA,CTTTCGTCCCTGC,true,3,5,6,11,0,0,0,0,0,0,0,0,0,0,0,0,2,0,0,1,0,2,0,0,9,9,9,9,8,8,8,8,8,6,6,6,5
TATACAATTCCCATATTGACG,GCATATACAATCA,true,2,4,11,28,0,0,0,0,0,0,0,0,0,0,0,0,4,1,1,2,1,0,0,1,23,20,17,15,14,10,10,10,8,7,5,5,4
TTGCGATGCAGCCGTCAGCAA,AAGCCGCTGAACA,true,4,14,12,41,0,0,0,0,0,0,0,0,0,0,0,0,3,1,1,0,3,1,0,0,40,34,28,27,22,22,22,19,18,17,17,17,14
GCAAAATATGCGCCGAATCAT,AGAGTGACAGAGC,true,1,9,17,31,1,0,0,0,0,0,0,0,0,0,0,0,6,0,1,2,2,0,1,2,30,29,26,25,22,22,21,19,18,16,13,10,9
ATGACCGCGGACGCAACGAAG,AAATCGTCGGTGA,true,3,7,9,24,0,0,0,0,0,1,0,0,0,0,0,0,2,1,0,2,2,0,1,0,23,23,20,18,17,15,12,12,11,8,8,7,7
GCGTGCTTCACGATACCTGCA,ATGAAGTGTTTCG,true,3,4,12,25,0,0,0,0,0,0,0,0,0,0,0,0,2,1,0,3,4,0,0,1,20,19,16,16,14,10,10,9,8,8,6,4,4
GAGAAAAAGCTGCCTGATGCT,GACTTTATCCGCG,true,3,10,7,25,0,0,0,0,0,0,0,0,0,0,0,0,1,0,0,5,1,0,0,0,24,24,24,23,23,21,17,16,12,12,11,10,10
CAAATCCTTTCGCTCCATGGA,CTTTTACGATGGC,true,4,12,17,38,0,0,0,0,0,0,0,0,0,0,0,0,4,2,1,2,0,0,6,1,35,34,34,29,27,24,22,21,21,19,19,13,12
AATTTTGGGGGCATTATACGA,CACAGGATGTGGT,true,2,4,9,21,0,0,0,0,0,0,0,0,0,0,0,0,2,2,1,1,0,0,2,0,18,17,14,13,13,12,11,9,7,5,5,5,4
TTCGTATCTTGAATTGACATT,CTCTCACGAACCA,true,2,14,15,41,0,0,0,0,0,0,0,0,0,0,0,0,2,0,0,6,3,2,0,0,32,30,29,28,24,24,22,21,20,17,16,14,14
ATCGCGGGGATATGTCTCAAA,ATCTTCATTAGGA,true,4,3,9,18,0,0,0,0,0,0,0,0,0,0,0,0,3,1,0,0,1,1,1,1,17,15,12,11,10,10,9,6,5,5,5,4,3
TACAGGCTGCGTTTTTTCTGT,AGGATTCCCCTAT,true,4,11,5,28,0,1,0,0,0,0,0,0,0,0,0,0,1,0,1,1,0,1,0,0,23,21,19,16,14,14,14,14,13,11,11,11,11
GGCGACAGATTCGAGTAAATG,CAGCTCTTCCTCA,true,2,9,12,30,0,0,0,0,0,0,0,0,0,0,0,0,0,2,2,3,0,3,0,2,29,26,23,20,20,16,16,15,13,12,11,9,9
TCCGACATTCGCTCTTGGCTG,GCGTCGAAACGGA,true,3,7,9,26,0,0,0,0,0,0,0,0,0,0,0,0,1,0,2,1,0,2,2,0,20,18,15,12,10,10,10,10,9,8,8,7,7
GCTTGTAAAAATGCCGACGCT,ATATTGCTTGGCG,true,2,5,10,27,0,0,0,0,0,0,0,0,0,0,0,0,1,0,3,2,0,0,1,2,26,23,21,18,15,14,12,11,9,7,5,5,5
TGAATATAAAGAAGTATTTAT,TAACTCTTCAATA,true,2,3,9,18,0,0,0,0,0,0,1,0,0,0,0,0,2,0,0,1,1,0,0,1,16,15,11,8,7,7,7,7,6,6,6,3,3
GAAGGAGCCGAGTTTTTCGGT,TCGCAATGCATCG,true,2,10,13,27,0,0,0,0,0,0,0,0,0,0,0,0,2,0,1,1,4,0,0,2,24,23,23,22,22,18,17,15,14,14,13,12,10
CCTCAGGAAAAAACCTCTCGC,TTAATTAATCCAT,true,2,4,4,11,0,0,0,0,0,0,0,0,0,0,0,0,0,0,2,1,0,0,0,0,10,9,8,8,7,7,7,6,6,5,5,5,4
TGCCCGGCAAGAGGACGGCGA,TCGTTCCTGCCTC,true,2,3,12,22,0,0,0,0,0,0,0,0,0,0,0,0,2,0,0,2,0,3,0,2,19,16,16,16,14,13,11,10,10,10,7,5,3
CAGATGCTGACGCCGCTTTAC,AGAGAAGGAATCA,true,2,12,13,35,0,0,1,0,0,0,0,0,0,0,0,0,2,0,0,0,4,0,3,2,33,31,28,28,28,25,24,21,20,18,13,13,12
AGGAAGATGATATCTATTATA,TTGTCATGGAATA,true,2,6,12,22,0,0,0,0,0,0,0,0,0,0,0,0,2,1,0,2,2,0,2,1,22,19,17,16,16,15,13,11,10,10,8,7,6
TCCGACTTCAGACTCTTGTCT,CATAGCATGCCCG,true,3,9,4,21,0,0,0,0,0,0,0,0,0,0,0,0,1,0,0,1,0,0,2,0,20,18,17,15,12,12,12,12,11,10,10,9,9
TTCTTCATATATATAATGCTG,ATTGGTATTTGGC,true,3,3,8,17,0,0,0,0,0,0,0,0,0,0,0,0,2,0,0,1,0,0,1,3,17,15,13,13,10,9,9,9,9,6,5,3,3
CAAATGGACGAGTATCGATAA,ACAAACATGTAAG,true,3,11,12,36,0,0,0,0,0,0,0,0,0,0,0,0,3,0,1,0,3,0,1,0,30,26,24,24,20,18,17,17,16,15,15,14,11
CCATCTGGATTCCTTTGATGG,AATCTCCGCCGAG,true,2,8,13,33,0,0,0,0,0,0,0,0,1,0,0,0,1,1,2,0,3,4,0,0,31,27,26,23,21,19,17,17,17,12,11,9,8
GGACCTTTTTTTCGGCAAGGG,AAGAAGGCGGAGA,true,3,3,6,18,0,0,0,0,0,0,0,0,0,0,0,0,2,1,0,0,1,0,1,0,16,14,12,12,10,9,5,5,5,4,3,3,3
TCATGACAGCCGTCATGTCTA,CTTCATTAAATGT,true,3,7,10,24,0,0,0,0,0,0,0,0,0,0,0,0,3,1,0,1,0,0,0,3,23,22,18,17,15,14,13,12,11,11,9,8,7
AGGAACAATTTTTCTAATCTC,ATGTCACCAACAT,true,2,3,4,15,0,0,0,0,0,0,0,0,0,0,0,0,0,0,1,1,1,0,0,1,12,10,9,8,7,5,5,4,3,3,3,3,3
TCCCGGTATCATTATTGTTAT,CATTGTTTCCGGT,true,3,8,8,24,0,0,0,0,0,0,0,0,0,0,1,0,0,0,1,0,1,0,1,1,22,20,20,20,19,17,16,12,11,11,11,9,8
TCCGGAACCGCCATACGGCTT,AGAAATAGCGATA,true,3,1,1,12,0,0,0,0,0,0,0,0,0,0,0,0,1,0,0,0,0,0,0,0,10,9,9,9,7,6,6,4,4,1,1,1,1
ATCGAACAATTAAAACCGGGC,AAGTTGATAATTG,true,2,4,11,24,0,0,0,0,0,1,0,0,0,0,0,0,1,1,0,2,1,0,0,5,22,20,17,16,13,10,9,8,7,6,6,4,4
TAAGCCAATGTTTTGTTTTTC,GGCATGACGTGCA,true,2,6,3,20,0,0,0,0,0,0,0,0,0,0,0,0,0,1,0,0,1,0,0,1,18,16,15,13,9,8,7,7,6,6,6,6,6
CTGCCCTAATCGGATTTATAT,GCGGCGTAATTAT,true,2,5,6,18,0,0,0,0,1,0,0,0,0,0,0,0,0,2,1,0,0,1,1,0,16,15,15,14,12,9,7,6,6,5,5,5,5
TCCTGCAAAATGAGTTAAACG,TCAACAAAATCCG,true,4,5,6,20,0,0,0,0,0,0,1,0,0,0,0,0,1,0,0,0,0,1,0,1,18,14,14,14,10,10,10,10,9,7,7,7,5
CTGTTGTAGCGGAAGAAGTAA,GAAAACTGGCAGT,true,4,6,5,21,0,0,0,0,0,0,0,0,0,0,0,0,2,0,0,0,0,1,0,0,17,16,16,16,14,10,9,9,8,8,8,7,6
GCTACCCAGTACTTTCAAAAA,CTATTCGATCGGC,true,5,5,3,12,0,0,0,0,0,0,0,0,0,0,0,0,0,0,0,1,0,0,0,1,10,9,8,8,8,8,8,7,6,6,6,6,5
CAGGTCGATAAACTGTACTTT,CTTTTGGGCAAAG,true,4,2,3,16,0,0,0,0,0,0,0,0,0,0,0,0,0,0,0,0,1,0,0,1,14,13,13,11,9,6,5,5,4,4,4,2,2
TAAAAACACAAAAGAAATCGC,TCAGGAACTCAGC,true,2,4,10,23,1,0,0,0,0,0,0,0,0,0,0,0,0,1,1,4,1,0,1,0,19,15,15,15,12,10,9,7,7,7,5,5,4
TGTCCCCCGAATGATACTCAG,GGTATTTTTCCCG,true,5,6,4,20,0,0,0,0,0,0,0,0,0,1,0,0,0,0,0,0,0,0,0,3,18,14,13,13,11,11,11,10,6,6,6,6,6
GATACGAAAAGGAAGTGAACA,GACAAGAACATTG,true,2,2,2,14,0,0,0,0,0,0,0,0,0,0,0,0,2,0,0,0,0,0,0,0,12,12,11,10,9,7,7,7,4,4,2,2,2
ATGCTGATGGCTGTCCCTTTT,TTCAGCAGAGGCA,false,6,5,3,31,0,0,0,0,0,0,0,0,0,0,0,0,0,0,0,0,0,0,0,2,19,6,6,6,6,6,6,6,6,6,6,5,5
TCGAAATTAAATGTATTCATT,GGTGGAGGACATA,true,2,5,12,26,0,0,0,0,0,0,0,0,0,0,0,0,2,2,1,2,2,1,2,0,24,23,20,16,15,13,11,10,9,6,5,5,5
GATGCGCGGTGGCAACCATGC,CGTCTTTCCCTAC,true,3,3,4,14,0,0,0,0,0,0,0,0,0,0,0,0,0,1,1,1,0,0,0,0,12,12,12,11,9,9,9,7,5,4,4,4,3
ATTCCTTGGCTATCCGGGCCT,CTGGCTTCAGCTG,true,2,6,8,20,0,0,0,0,0,0,0,0,0,0,0,0,1,0,0,4,0,0,1,1,19,18,16,13,13,13,13,11,11,8,7,7,6
CAATATGCAGGACGCCAATCT,GACACGATAACAG,true,2,6,12,23,0,0,0,0,1,0,1,0,0,0,0,0,2,1,0,1,0,4,1,0,21,19,16,15,15,13,12,11,11,11,7,6,6
ATGCGCTGATTTGCAGAGGAA,TCACAAATAAAAC,true,4,7,15,30,0,0,2,0,0,0,0,0,0,0,0,0,4,1,0,1,0,3,0,1,24,24,22,15,14,14,12,10,10,10,10,10,7
ATCATTTGTGACTTGTTTTTC,ATGTTCCCCAATA,true,4,8,13,35,0,0,0,0,0,0,2,0,1,0,0,0,2,0,1,3,1,2,0,0,32,28,28,28,25,23,22,20,15,10,9,8,8
CAACAAGCATGACACCTGATG,TATCCCGGTCAAG,true,3,8,13,32,0,0,0,0,0,0,0,0,0,0,0,0,1,2,2,3,0,4,1,0,29,28,28,25,23,18,18,14,12,8,8,8,8
GCATACAAAAACTGTACTCAT,TTGAAGCGAGTAC,true,3,5,10,22,0,0,0,0,0,0,0,0,0,0,0,0,1,1,1,3,0,0,1,3,22,17,13,13,11,10,10,10,10,9,8,5,5
TCTCAGCATTTATAGTGATTA,CGAGACAGTGACA,true,1,4,11,24,0,0,0,0,0,0,0,0,0,0,0,0,1,1,2,1,2,0,1,0,20,18,14,13,13,12,11,10,10,8,7,7,4
GCTTGGGCACGCCCTCCCAAT,CCTTTGCATTTGC,true,3,3,15,22,0,0,0,0,0,0,0,0,1,0,0,0,1,2,2,3,0,1,1,4,21,19,16,16,14,13,12,12,10,10,5,3,3
TCCCGTCTCATAAGCGGGCTA,TAATTCTTCTCAT,true,2,9,12,30,0,0,0,0,0,0,0,0,0,0,0,0,2,2,1,2,1,0,0,1,25,22,19,19,17,15,14,13,12,12,12,11,9
TATTGGTTCGCTGTGTCATCC,TGCCAAATATTAT,true,3,8,8,24,0,0,0,0,0,0,0,0,0,0,0,0,0,2,1,0,2,1,1,0,22,19,19,16,15,15,12,10,10,9,9,8,8
TGTGCTTCTTTTGCGGCGATC,GGCCTTTGTTCAC,true,3,4,5,15,0,0,0,0,0,0,0,0,0,1,1,0,0,0,0,0,0,1,0,2,15,13,13,9,9,8,7,6,6,4,4,4,4
GCACCAATGATAACTGCCATT,GACCTGTGACTTG,true,2,6,11,30,0,0,0,0,0,0,0,0,1,0,1,0,1,0,0,4,0,1,1,0,24,20,18,17,16,15,14,10,10,10,9,8,6
CGCTGACTTTGACGGTGACCA,AATGGCGGTTCAC,true,3,10,13,32,0,0,0,0,0,0,0,0,0,0,0,0,3,1,0,2,1,1,3,1,31,31,23,23,21,20,19,15,15,14,12,10,10
ACATGAAGCACACTTTGCAGC,ATCATTTGCTGAT,true,3,12,9,30,0,1,0,0,0,0,0,0,0,0,0,0,0,0,1,3,1,1,0,2,27,26,22,20,20,19,16,14,13,13,13,12,12
AATGACGGCTAACGGCAAAAT,CGACCGGAAACGC,true,3,10,13,42,0,0,0,1,1,0,0,0,0,0,0,0,2,1,1,1,1,1,2,0,40,36,31,27,25,23,17,15,15,14,11,11,10
TCGACATTTTTCTCAACCGGG,ATCACATAAACCG,true,3,4,9,20,0,0,0,0,0,0,1,0,0,0,0,0,2,1,0,1,2,0,0,2,19,16,16,14,12,9,7,6,6,6,4,4,4
CATTACTCCGGTTCCGGCGGA,TAGGACCGATGAC,false,2,1,1,11,0,0,0,0,0,0,0,0,0,0,0,0,0,0,1,0,0,0,0,0,2,2,2,2,1,1,1,1,1,1,1,1,1
CCGCTTTTTTCGGGGATCGGC,CTGCGTGTTTTGA,true,4,5,8,20,0,0,0,0,0,0,0,0,0,0,1,1,1,0,1,1,0,0,1,2,18,13,12,11,11,10,10,9,8,8,7,5,5
CTCCATGGATTTCCAGAGTTT,TGGTACGGCTGGA,true,4,5,14,31,0,0,0,0,1,0,0,0,0,0,0,0,2,1,0,5,0,0,1,2,26,19,14,11,10,9,8,7,7,7,7,5,5
CTAACTCGAAAGAAAAAAGAG,CTTTATATAGAAG,true,3,9,14,34,0,0,0,0,0,0,0,0,0,0,2,0,2,0,2,3,0,1,0,3,31,28,28,22,19,14,12,12,11,10,10,10,9
GAATAATGTTTGAATATATGC,TCATTTGTTCACA,true,3,7,7,24,0,0,0,0,0,0,0,0,0,0,0,0,2,1,0,1,0,0,0,1,22,19,17,14,14,13,12,11,10,9,8,7,7
TGTAAAAGAAATGGCGTCACA,CGTAAAACGTCCG,true,4,5,8,17,0,0,1,0,0,0,0,0,0,0,0,0,1,1,0,0,2,0,1,0,16,14,13,11,11,11,9,8,7,7,7,6,5
AATGGTTGTCGTCAGCTCGTG,TCGTGAGATGTTG,true,2,4,7,17,0,0,0,1,0,1,0,0,0,0,0,0,1,1,0,1,0,0,0,0,16,16,14,13,13,12,10,9,9,6,6,5,4
GCGGCAATCCGCTGCTCGGTA,TTGTGCTCGGCGT,true,2,5,8,20,0,0,0,0,0,0,0,0,0,0,0,0,0,1,1,0,0,2,3,1,19,17,13,11,11,9,9,8,7,5,5,5,5
ATGACGGGCGGAACCGGTTTT,CTCGGCCAGCATC,true,4,9,8,24,0,0,0,0,0,1,0,0,1,0,0,0,2,0,0,2,1,1,0,0,21,20,16,15,15,15,13,12,11,11,10,9,9
TTCAGTTCTTCATCGTTTTTG,ATCTTTTCACGGC,true,4,12,18,41,0,0,0,0,0,1,0,0,0,0,0,0,4,2,1,3,1,0,0,4,39,35,32,31,31,31,26,21,20,16,15,14,12
AGGACTTGGAACGATATCTTC,AGAATTTTATTGA,true,4,3,6,18,0,0,0,0,0,0,0,0,0,0,0,0,0,1,0,1,2,0,0,2,17,14,13,11,10,9,9,7,5,5,4,3,3
AAACGGTGCGATTCTTCCACT,CAGCCGGCGGCAG,true,2,2,5,11,0,0,0,0,0,0,0,0,0,0,0,0,1,0,0,1,1,1,1,0,11,8,6,6,4,4,4,3,3,2,2,2,2
TGCACGCCTCCCATTCCGATA,ATCGGGATATTGA,true,3,4,10,20,1,0,0,0,0,0,0,0,0,0,0,0,1,0,1,2,3,0,2,0,15,13,13,13,13,9,8,8,6,6,5,4,4
AAAGAATCGGCGACCACTTCG,AAAATGTGATTGA,true,4,17,11,39,0,0,0,0,0,0,0,0,0,0,0,1,5,0,2,1,0,0,0,1,36,35,35,32,27,24,24,23,22,19,18,17,17
ATTCTGCTGGCGCATTTATTT,ATATGAAACAAGA,true,3,2,5,12,0,0,0,0,0,0,0,0,0,0,0,0,0,0,0,1,3,0,0,0,10,9,8,8,7,7,7,4,4,4,3,2,2
CGGATGACCGCCGTATCGTAA,TGATTCAGTTAAC,true,2,7,15,34,0,0,0,0,0,0,0,0,0,0,0,0,4,0,1,2,0,0,2,3,29,26,25,23,20,17,15,14,14,12,10,9,7
CCATTCCGTTTATTCTGATTG,GCGTCATACTTTC,true,3,8,8,33,0,0,0,0,0,0,0,0,0,0,0,0,2,1,0,4,0,0,0,0,28,22,18,16,16,15,14,10,9,9,9,9,8
GATGAAAAATAAATCGAAAAC,GGATTATTGAAAG,false,3,1,0,11,0,0,0,0,0,0,0,0,0,0,0,0,0,0,0,0,0,0,0,0,11,8,1,1,1,1,1,1,1,1,1,1,1
TTCTTCCAAGTTCAGTGATGA,GGTATGTTTTTTC,true,6,4,9,28,0,0,0,0,0,0,0,0,0,0,0,0,1,0,0,1,0,0,0,0,26,22,21,18,14,14,14,14,14,12,11,8,4
CCGTGAACGATATCAGCTGCT,GATTCAAAATTCA,true,4,12,8,30,2,0,1,0,0,0,0,0,0,0,0,0,1,1,0,0,1,0,0,2,27,26,26,23,20,19,18,16,14,13,12,12,12
GATGAGGGTGCACATGAGATA,TCTGAAATTCCGC,true,3,3,5,15,0,0,0,0,0,0,0,0,0,0,0,0,1,0,0,4,0,0,0,0,15,10,9,6,6,6,6,5,5,4,3,3,3
CAGAGGACGAGGGCGCGCTCA,AAAAAGAGCTCAT,true,6,6,16,31,0,0,0,1,0,0,0,0,1,0,0,0,1,1,1,1,5,0,1,0,31,31,30,28,22,16,15,13,12,12,11,10,6
ATTCTGCTCAAGGACCTTGAG,AGATTTGTTGACA,true,3,11,9,28,0,0,0,0,0,0,0,0,0,0,0,0,2,0,0,4,0,0,0,2,28,27,25,23,23,21,15,15,13,12,12,11,11
CACGCACTGATTACACAGCCG,ATTCGAACGGTCA,true,2,3,11,29,0,0,0,0,0,0,0,0,0,0,0,0,0,1,0,2,1,2,2,2,26,23,20,17,17,16,12,9,9,7,5,4,3
AGGAAAAATGATTTCGCCGCA,GTCGATTGCGGTG,true,2,6,10,24,0,0,0,0,0,2,0,0,0,1,0,0,0,1,0,2,0,0,3,0,23,21,21,21,20,19,18,15,15,12,8,6,6
TTTTGTTGTACACTAAGGGCA,CAGTACGATAATA,true,2,3,13,30,0,0,1,0,0,0,0,0,0,0,0,0,3,2,1,1,2,0,0,1,24,21,17,14,11,8,8,7,6,6,5,4,3
ACAGGCATGTGATGATAGAGG,AGCGTTATAAATG,true,3,11,10,35,0,0,0,0,0,0,0,0,0,0,0,1,2,1,0,2,2,0,1,1,32,31,29,25,24,22,16,15,13,13,12,11,11
GAGTTGAAAATGATCAACGCT,GCGATATGTGACA,true,1,9,15,40,0,0,0,0,0,0,0,0,0,0,0,1,2,0,1,4,1,0,2,1,36,31,28,27,24,22,18,17,16,14,13,11,9
GGCTTTCTTATTATACCAGTT,TATCGCAAGCATA,true,3,5,5,16,0,0,0,0,0,0,1,0,0,0,0,0,1,0,0,0,0,1,0,2,13,13,11,9,9,9,9,9,7,5,5,5,5
GCGAGGAAGAAGAAATGTATG,ACGATAATGGCGA,true,2,6,8,27,0,0,0,1,0,0,0,0,0,0,0,0,0,1,0,3,1,0,2,0,26,22,20,18,16,15,13,10,8,6,6,6,6
TTTGATTGGCTCAACGGCAAT,TGCCGGAGCCATC,true,2,9,9,26,0,0,0,0,0,0,0,0,0,0,0,0,2,1,2,1,0,1,0,2,25,23,21,17,17,15,15,14,14,12,11,9,9
CCTTCAACGCGTAACTTGGAT,AGTAACCGCGAAC,true,2,7,8,27,0,0,0,0,1,1,0,0,0,0,0,0,0,0,1,2,0,1,0,0,25,20,19,17,17,17,11,10,10,9,9,8,7
AATGGGGGAGCTATCCCCCAT,TTTTTTATTGCTG,true,7,2,2,12,0,0,0,0,0,0,0,0,0,0,0,0,0,0,0,0,0,0,0,1,11,11,11,10,9,5,3,3,3,3,3,3,2
GAAGGAGCTGTTTGCCGCTTA,TCCTGAGACAGAT,true,2,8,7,28,0,0,0,0,0,0,0,0,0,0,0,0,0,0,2,0,1,1,1,0,27,23,17,16,14,14,13,11,11,10,10,10,8
GGGTACCAGCGGTATATGAAG,TGCTTAAAAAGCT,false,5,2,2,11,0,0,0,0,0,0,0,0,0,0,0,0,0,2,0,0,0,0,0,0,2,2,2,2,2,2,2,2,2,2,2,2,2
AACGGATAGCAGGTCGTCAGA,ACGAGCTCTTCCT,true,2,13,17,43,0,0,0,0,0,0,0,0,1,0,0,1,2,1,4,2,0,2,0,2,39,33,33,30,26,23,22,19,18,16,15,14,13
CCAAGCATGCTGACGAAAAGG,AAACAGAGCGTCT,true,3,9,10,29,1,0,0,0,0,0,0,0,0,0,0,0,3,1,0,2,2,1,0,0,25,25,21,17,16,14,13,11,11,9,9,9,9
CGGAGAAACTCCGGGATTTTT,CGTGCGCTGTGAT,true,5,12,5,25,0,0,0,0,0,0,0,0,0,0,0,0,0,0,1,3,0,0,1,0,20,17,17,15,13,13,13,13,12,12,12,12,12
AGTTCATCATTCATTTTTTTC,AGAGGCATCGACA,true,2,3,4,14,0,0,0,0,0,0,0,0,0,0,0,0,3,1,0,0,0,0,0,0,13,10,10,7,4,4,3,3,3,3,3,3,3
GGGAGTTTTTGCAGTTTTTGG,ATGTGAAGAAGTA,true,2,9,13,32,0,0,0,0,0,0,0,0,0,0,0,0,3,2,3,0,0,0,2,0,30,28,23,22,20,20,20,19,17,16,13,12,9
ATTACAGAAACGACTGTGCAT,GTGAGCTATATCG,true,1,9,13,37,0,0,0,0,0,0,0,0,0,0,0,0,5,0,1,1,0,2,3,0,33,28,25,25,18,18,18,16,12,12,12,10,9
GGGAGCGAGAAAGCCTGAGCA,GGTTGAGGCGGTA,true,2,10,11,36,0,0,0,0,0,1,0,0,0,0,0,0,0,1,1,2,0,0,4,1,35,26,24,22,18,17,17,16,14,13,11,11,10
AGCTTTAGGGCTAGCCTCAGG,TAAGAGTCTTGGA,true,2,6,12,24,0,0,0,0,0,0,0,0,0,0,0,0,0,2,1,3,1,1,1,2,24,24,19,18,15,14,14,13,10,8,8,6,6
GATATCTTCATCCTCCGGCAC,ATGAACAGGGTTC,true,3,4,7,28,0,0,0,0,0,0,0,0,0,0,0,0,0,2,2,0,0,0,1,1,20,17,15,13,13,10,10,10,9,8,6,5,4
AAGTGTCGATTTTCCGCAGCC,GTTGCTGCCAATA,true,2,12,14,33,1,0,0,0,0,0,1,0,0,0,0,0,0,3,0,5,1,1,1,0,29,29,27,21,19,18,16,16,16,14,13,12,12
GTTTTGCCATCTCACCAAATA,CGCGGATTTGCTG,true,3,7,8,18,0,0,0,0,0,0,0,0,1,0,0,0,2,1,0,0,0,1,1,1,16,15,13,13,11,11,11,10,9,9,8,8,7
AGGCAGGGCATTATGATGTTG,TAGGGGATACGTC,true,4,9,10,28,0,0,0,0,0,0,0,0,0,0,0,0,3,1,0,1,2,0,3,0,25,22,19,19,17,14,11,11,10,10,10,9,9
CTCCATATATAAATTCCAGTT,CAACCGAAAACAT,true,4,9,9,28,0,1,0,0,0,0,0,0,0,0,0,0,0,1,1,3,2,1,0,0,25,25,24,20,17,16,15,14,14,12,10,9,9
TCGCTTTTCCTCCTTACAATT,CACGTCTTCCTTC,true,2,6,4,12,0,0,0,0,0,0,0,0,0,0,0,0,0,1,0,0,0,1,0,2,12,11,11,11,10,10,10,7,7,6,6,6,6
TTTCTACAGTCTCATATTTCG,TCCGCAAAAAAAC,true,7,3,6,20,0,0,0,0,0,0,0,0,0,0,0,0,0,0,1,0,2,1,0,0,19,16,13,12,11,11,11,11,10,10,7,5,3
GGAATGAGAGTCAATGGATTT,CTTTAATGAACTA,true,3,15,14,41,0,0,0,0,0,0,0,0,1,0,1,0,4,1,0,2,3,1,0,1,36,35,35,31,30,29,24,22,22,19,15,15,15
AAAAACGCTTGGAACGGAGAA,ATGCTGTTTTTCG,true,5,3,6,13,0,0,0,0,0,0,0,0,0,0,0,0,0,0,0,4,0,0,0,1,11,10,10,10,10,9,9,9,9,8,7,4,3
GAGTTAGAGCTATTAAGGCAA,AAGGCAGACGAAT,true,4,8,15,34,0,0,0,0,0,0,0,0,0,0,0,0,1,1,2,0,4,2,2,0,33,24,22,20,15,15,15,15,14,13,12,9,8
GGCGCAAGCATCAGTAAATAA,GGAACCCTCTTGT,true,3,6,12,25,0,0,0,0,0,0,0,0,0,0,0,0,4,1,1,1,0,2,2,1,23,19,17,17,15,15,11,11,10,8,7,6,6
CTTCCAGGTGTTGAAGGGCTT,GTTCATATTTCTC,true,3,8,10,26,0,0,0,0,0,0,0,0,0,0,0,0,2,1,0,4,0,1,0,1,25,24,22,16,16,15,13,12,12,11,8,8,8
GCCAAGTGAAAGGGTTTTTTG,TCATGTGCGGATC,true,2,11,4,23,0,0,0,0,0,0,1,0,0,0,0,0,1,0,1,0,1,0,0,0,23,19,18,18,17,16,16,14,14,14,12,11,11
AGTTCACTTTTTCCCTGTCAT,ACTGGCCGCCATG,true,2,4,4,14,0,0,0,0,0,0,0,0,0,0,0,0,0,0,1,1,0,2,0,0,13,12,11,7,6,5,5,5,5,4,4,4,4
GCTGAGCTTCAATCAGCATTT,GGAAACGTGTTCT,true,3,6,11,26,0,0,0,0,0,0,0,0,0,0,0,0,1,0,2,2,1,0,0,0,21,20,19,18,15,14,14,13,12,11,11,9,6
AAGAAGAAAAAAAGCAGGTGA,AGCTTGTCCTGAC,true,2,7,15,32,0,0,0,0,0,0,0,0,0,0,0,0,1,1,2,3,2,2,0,2,25,24,18,17,16,15,14,12,10,10,9,9,7
CACAGCTGAAGGGGAATCTGC,ATAATGGAACGGT,true,2,3,6,14,0,0,0,0,0,0,0,0,0,0,0,0,2,0,0,0,2,0,0,0,13,13,11,10,9,9,8,8,7,5,5,3,3
AATTTCTCGATGCCGGCATTC,CCCATTTACAAAT,true,4,7,9,24,0,0,0,0,0,0,0,0,0,0,0,0,0,1,0,0,1,5,0,1,24,23,14,13,13,12,11,11,10,10,10,7,7
CCGCTTTCATTGCGTCAGGTT,ACACCAGTAAGGA,true,2,7,9,31,0,0,0,0,0,0,0,0,0,0,0,0,1,1,0,1,2,1,0,0,25,24,22,19,16,16,14,14,13,11,10,7,7
GCAGCTCACTGATGTCAGCTT,CCAATCTCAAAAC,true,4,8,17,40,0,0,0,0,0,0,0,0,0,0,0,0,2,0,0,6,0,4,0,0,31,24,21,20,18,16,15,13,13,13,13,10,8
CTCTCATCACCTGATTCACCC,TTCTGTAATCGCG,true,3,7,12,26,0,0,2,0,0,0,0,0,0,0,0,0,1,0,2,2,0,0,0,1,25,23,20,20,19,19,17,16,13,12,10,7,7
CAAGCTCATCCGCTTTCCCAA,ACCCGATCCCTTC,true,3,5,9,25,0,0,0,0,0,0,1,0,0,0,0,0,0,1,0,0,1,2,1,1,19,15,15,13,11,11,10,10,10,8,7,5,5
CAATACAACGCTTACAATCCA,GAAACTGCTTGTG,true,3,14,11,36,0,0,0,0,0,1,0,0,0,0,0,0,1,0,4,0,1,2,1,0,32,32,30,26,23,22,22,17,16,16,14,14,14
TGCTTTAAATTCACCGTAATT,TAGTGCCATTAAT,true,3,6,14,30,0,0,0,0,0,0,0,0,0,0,0,1,0,1,3,2,1,1,3,1,25,22,19,17,15,11,9,8,8,7,7,6,6
TTAGGCTTGCTTGTATTGCCG,GCCGGCCCGAACG,true,3,7,15,32,1,0,0,0,0,0,0,2,0,0,0,0,2,2,1,0,2,0,5,0,27,25,23,23,18,16,16,15,12,11,9,7,7
CGGATTATTTCCGTCGGCACG,ACATCGACACGCA,true,1,8,4,23,0,0,0,0,0,0,0,0,0,0,0,0,0,1,1,0,0,1,0,0,22,18,17,17,16,15,13,13,11,10,9,9,8
GCGGGTGGTGTATGTGTCCTG,TAATCCTGGCACG,true,2,5,15,29,0,0,0,0,0,0,0,0,0,0,0,0,4,1,0,3,1,1,1,3,28,27,26,19,18,16,12,9,6,6,6,6,5
CTAGTGAAAGATATATCCGCC,TATAAAGGAAATA,true,3,9,17,32,0,0,0,3,0,0,0,0,0,0,0,0,3,0,1,2,3,0,1,0,32,28,25,24,24,22,16,14,14,13,13,10,9
CCGGCATACTATTCGCAAAGC,GATCGGAGACCTC,true,2,6,7,19,0,0,0,0,0,0,0,0,0,0,0,0,1,0,1,0,1,0,2,1,17,16,16,15,14,11,10,10,9,9,8,7,6
CAACCTGATAGATGTCGATTC,AAGCAATCACTTC,true,2,7,9,22,0,0,0,0,0,0,0,0,0,0,0,0,0,1,1,0,2,1,1,2,21,20,16,15,14,12,12,12,12,10,10,8,7
GGAAATGCCATTGGCCGGCGC,TTCCTCCTGCGGC,true,2,6,10,25,0,0,0,0,0,0,0,1,0,0,0,0,0,0,0,2,0,3,0,3,21,17,13,11,11,11,8,7,7,7,7,7,6
CATTCATATAAAGAATGAAAA,AACCTGAGTAAGC,false,6,1,0,13,0,0,0,0,0,0,0,0,0,0,0,0,0,0,0,0,0,0,0,0,1,1,1,1,1,1,1,1,1,1,1,1,1
TTTTGTCAGGTGAACCGTTTT,GTCTGATCAATGT,true,4,10,12,30,0,0,0,1,0,0,0,0,0,0,0,1,1,0,1,4,1,1,0,1,26,23,20,20,20,19,17,13,13,12,12,11,10
TATACTTCGGATGCACCATGA,CCTCAATACCGTA,true,2,6,7,22,0,0,0,0,0,0,0,0,0,0,0,0,1,0,1,1,3,1,0,0,21,17,16,15,15,10,10,9,8,8,6,6,6
AAAAGTGAATCCGGCTCTATG,CCCTTGCTGACAT,true,3,6,12,30,0,0,0,0,0,0,1,0,1,0,0,0,0,1,2,2,0,4,0,0,29,27,18,17,16,14,11,9,9,8,7,7,6
CCGAAAGGCGTAGGCGATGAC,AACAGGTTGATAT,true,2,8,9,26,0,0,0,0,0,0,0,0,0,0,0,0,1,0,0,2,1,0,2,1,24,21,17,17,16,15,14,13,11,10,10,9,8
GGTTTTCCTTTTGCGATTGCA,TATGATGCATCCA,true,2,9,10,33,0,0,0,1,1,0,0,0,1,0,0,0,1,1,0,2,1,0,1,1,31,28,23,18,18,16,13,12,10,10,9,9,9
TGGATGAAGGTTTTCGGATCG,TAAAGCTCTGTTG,true,3,5,2,11,0,0,0,0,0,0,0,0,0,0,0,0,0,0,0,0,1,0,0,0,11,11,10,7,6,6,6,6,6,6,6,6,5
TTTTGGGGAAATGGCAGAAAA,CCTGCAAATTTCT,true,4,4,12,28,0,0,0,0,0,0,2,0,0,0,0,0,0,1,2,1,1,1,0,1,24,18,16,16,13,11,8,7,7,7,7,4,4
GTCGTCATTATCTTTGGTCTC,GGATTTGGCGGAT,true,3,9,6,18,0,0,0,0,0,1,0,0,0,0,0,0,0,0,1,0,0,0,2,1,17,15,15,15,15,14,12,11,10,10,10,9,9
GCTGAATTTCAAGGACAAGGG,TGCCCTCACATAG,true,3,4,6,21,0,0,0,0,0,0,0,0,0,0,0,0,1,0,0,1,0,0,0,0,18,16,16,16,14,13,12,10,8,8,8,8,4
ATCTGATAGATAAGTAAATTT,TCTCCAATTGAAG,true,4,9,16,40,0,0,0,0,0,0,0,0,0,0,1,0,2,2,1,1,2,1,0,5,28,25,23,22,19,17,16,14,11,11,11,9,9
CTGCTCCGCTGACCGCTTTTT,GCATTAAAGCCTG,true,5,2,4,13,0,0,0,0,0,0,0,0,0,0,0,0,1,0,1,1,0,0,0,1,8,6,6,5,4,4,4,3,3,2,2,2,2
ACCGCTCCGGAAATTTTGATC,CGCTCCGTTTCGT,true,3,11,12,31,0,0,0,0,0,0,0,0,0,0,1,0,0,2,0,4,0,3,0,2,29,28,23,23,21,19,18,18,18,15,11,11,11
TATTGAAAGCGGTGAATTCGT,CGGCATCACAGGA,true,2,3,10,26,0,0,0,0,0,0,0,0,0,0,0,0,0,0,1,1,1,1,4,0,26,25,16,12,10,8,6,6,6,6,6,4,3
GGTTCCGCAGAAAGAACCCTT,GATTACGTTCGAC,true,2,10,8,30,0,0,0,0,0,0,0,0,0,0,0,0,1,0,1,2,0,0,2,1,25,24,21,21,20,17,17,17,16,13,12,11,10
ACATGTGAGGTACACAACAAA,TAGACATGAAAAC,true,4,9,16,35,0,0,0,0,0,0,0,0,0,0,0,0,2,1,2,2,0,1,2,0,30,29,27,25,22,21,21,16,15,15,15,12,9
CGCGATGCTGGTGAGTGTATC,GCCTTGTTTAATC,true,3,11,7,29,0,0,0,0,0,0,0,0,0,0,0,1,0,0,2,2,0,0,0,1,27,27,24,23,21,20,19,19,16,13,13,12,11
GTGATCGCGTCGCTCTCCGCG,TGAAGAGCGAGGA,true,2,8,14,27,0,0,0,0,0,0,0,0,0,0,0,0,1,0,3,2,2,0,5,0,27,25,24,23,22,18,15,15,14,13,13,9,8
TTTTATTATTGTGTTTGCGGC,GCTTGGCGGCAGC,true,2,15,7,31,0,0,0,0,0,0,0,0,0,0,0,0,2,0,0,1,0,0,3,0,29,29,29,29,26,21,18,18,18,18,18,16,15
TACGGGATCGGGATGACAAAG,GATGAACTTGAGC,true,2,4,3,11,0,0,0,0,0,0,0,0,0,0,0,0,0,0,0,1,1,0,1,0,8,8,8,6,6,4,4,4,4,4,4,4,4
GATCTAAAAACAGGCAAAATA,AAAAAGCCTTACA,true,6,9,8,30,1,1,0,0,0,0,0,0,0,0,0,0,1,1,1,0,1,1,0,0,28,26,22,21,16,14,12,11,10,10,10,9,9
CCGCTGTTGGAAAAAAGATGA,CATATCGCCGCCA,false,2,2,2,11,0,0,0,0,0,0,0,0,0,0,0,0,2,0,0,0,0,0,0,0,9,9,9,9,2,2,2,2,2,2,2,2,2
CCGAGTTTTTGTTTATTTTGG,AAACAATAAAAGC,true,4,6,8,21,0,0,0,0,0,0,0,0,0,0,0,0,2,1,0,0,3,1,0,1,18,18,15,12,11,10,8,8,8,8,7,6,6
AAGCTTGAGGTCGGGGGTATC,CATTATAATGCCG,true,2,4,4,11,1,0,0,0,0,0,0,0,0,0,0,0,1,1,0,1,0,0,0,0,10,9,9,9,9,9,8,7,6,5,4,4,4
TTTCGCTCAGTCTGTAGCAAC,TGACGAAGTGCTA,true,2,8,7,21,0,0,0,0,0,0,0,0,0,0,0,0,0,1,0,2,2,1,1,0,21,20,19,18,16,16,14,13,12,10,9,8,8
CATAGGCCTGGATCAGCGAAT,CCCGGTGCCAGCA,true,3,6,17,31,0,0,0,0,0,0,1,0,0,0,0,0,2,0,4,2,1,4,2,0,27,26,20,19,16,14,14,12,10,9,8,6,6
GGGGGGAAAAGGGGGGAAAAA,AAAATCATCCAAT,false,9,1,0,12,0,0,0,0,0,0,0,0,0,0,0,0,0,0,0,0,0,0,0,0,10,9,9,7,1,1,1,1,1,1,1,1,1
TTGATGAAGTCGGTTTTATTA,CGCTTGCAGCAAT,true,2,9,9,25,0,0,0,0,1,0,0,0,0,1,0,0,0,1,1,2,0,1,1,1,22,19,18,17,14,12,11,11,11,10,9,9,9
TGGCCGGAGGTGAAGGTGTAG,CGGGTCATCCTGC,true,3,2,3,12,0,0,0,0,0,1,0,0,0,0,0,0,0,0,0,0,0,0,2,0,11,11,8,2,2,2,2,2,2,2,2,2,2
AGCCGAAATATTCCTGCACAC,GGCATGCCGTACT,true,2,17,12,36,0,0,0,0,1,0,0,1,0,0,0,0,1,2,2,0,0,1,2,2,36,35,31,29,28,26,24,22,19,18,18,17,17
GGGGCTTTATGCTTGAGCACA,TTTGTCCAAAATC,true,4,4,6,22,0,0,0,0,0,0,0,0,0,0,0,0,4,0,0,0,0,0,0,2,20,20,18,17,14,13,11,10,10,9,9,4,4
TTGTTTTACACTCCTATGAAT,GTGTTAAGAGGAG,true,2,3,7,17,0,0,0,0,0,0,0,0,0,0,0,0,1,0,1,2,0,0,1,0,15,15,12,11,11,9,9,8,7,5,4,3,3
TTTCGCCCAAATGGAAAATTA,TCGGGATTCCAGC,true,3,7,5,20,0,0,0,0,0,0,0,0,0,0,0,0,0,0,1,0,1,2,0,1,17,16,14,14,13,11,11,10,10,8,7,7,7
GCGCCATTCAGGGGCTTTATT,CAGGCAAGATCTG,true,2,5,9,23,0,0,0,0,0,0,0,0,0,0,0,0,1,0,0,2,2,0,3,0,18,17,17,12,11,11,10,9,8,6,6,6,5
AATCGTTCTCTTTTACTCCAG,CCACTCTTGTCTG,true,2,7,11,25,0,0,0,0,0,0,0,0,0,0,0,0,0,2,0,1,0,5,1,1,25,22,20,16,16,14,14,13,11,10,9,8,7
CCGAATAGACCTGTAGCACCG,GCAATTTCAAAAT,true,4,4,9,21,0,0,0,0,0,0,0,0,0,1,0,0,1,0,0,3,1,0,0,0,19,18,16,14,11,11,11,8,8,8,8,6,4
ACCTTATCCTTGCTGGTGCAG,GTTCTCAAAAAAT,true,6,6,9,31,0,0,0,0,0,0,0,0,0,0,0,0,0,1,1,1,1,2,1,0,25,25,25,17,14,13,11,11,11,10,9,6,6
CGATGACTTTAAATCCATCAT,CAACGGTTTACAC,true,3,7,12,30,0,0,0,0,0,0,0,0,0,1,0,1,2,1,0,3,0,0,1,1,29,26,23,21,20,18,16,15,13,9,7,7,7
CCTCATCTTTCAGTGCTTCTA,CCCGATTAAATAC,true,3,4,11,32,0,0,0,0,0,0,0,0,0,0,0,0,1,0,1,3,3,3,0,0,29,26,15,12,11,11,11,9,9,6,6,4,4
TTTTGCTGGGCGTCTTGGCGA,CAATGCCGGAAGC,true,2,4,3,11,0,0,0,0,0,0,0,0,0,0,0,0,0,0,1,0,0,2,0,0,10,9,8,8,8,8,4,4,4,4,4,4,4
GAATGACAGAGATTTCGTCAA,TGAATTGCTGACA,true,2,17,15,46,0,0,0,0,0,0,0,0,1,0,0,0,1,2,1,3,4,1,1,1,42,38,37,34,32,29,27,22,22,20,17,17,17
GCATTTTTTCTTTTCAGATTC,TACTAAACCTTCT,true,3,8,8,27,0,0,0,0,0,0,1,0,1,0,0,0,3,0,1,0,0,1,0,0,25,25,21,21,21,20,19,15,12,11,10,8,8
ACGGCATATGCCACCGCTGTA,ACGGAAAAGAAAC,true,4,2,5,13,1,0,0,0,0,0,0,0,0,0,0,0,1,1,2,0,0,0,0,0,10,8,8,7,7,7,6,6,5,3,3,2,2
AGGAAGAGAGAATTTATGAAA,AAATGATCGCGGA,true,6,14,14,43,0,0,0,0,0,0,0,0,0,0,0,0,8,0,0,1,3,1,1,0,42,41,33,20,19,18,16,16,15,14,14,14,14
GCTGGGAGCAGATCAAAGACA,AAGGGAAAATTGT,true,4,10,9,29,0,0,0,1,0,0,0,0,0,1,0,0,2,1,0,0,1,0,2,0,28,26,25,23,14,14,14,14,13,11,11,10,10
TTCTGAAAATAAAAAACGCGA,TAGCAATGATCGC,true,2,7,3,13,0,0,0,0,0,0,0,0,0,0,0,0,0,0,0,1,0,1,0,0,13,13,13,13,13,12,12,11,11,11,9,8,7
AAAGTTGTTTTACCATGGTCA,ACGTGTCCAATTG,true,2,7,9,23,1,0,0,0,0,0,0,0,0,0,0,0,2,2,0,1,1,1,0,0,22,18,18,18,17,15,15,13,10,9,9,7,7
TGTTTTTTGAAAAGAAGTGTT,AACATTTTAGGCT,true,4,4,5,12,0,0,0,0,0,0,0,0,0,0,0,0,2,0,0,1,0,0,1,1,10,9,7,7,7,7,7,6,6,5,4,4,4
ATACTACGTTTGAAGTATTTC,TCCTCAAGCTGAG,true,2,7,10,30,0,0,0,0,0,1,0,0,0,0,0,0,1,0,1,1,2,3,0,1,29,26,23,21,17,17,12,9,7,7,7,7,7
GAATTGCCGCGATAATCGGTT,TTGGGAAGCTTCA,true,4,3,4,28,0,0,0,1,0,0,0,0,0,0,1,0,0,2,0,0,0,0,0,0,26,22,18,17,12,11,10,9,8,3,3,3,3
ATCATGTCCTTGCTGAGATGT,GACCGCCCCTTCT,true,4,13,6,36,0,0,0,0,0,0,1,0,0,0,0,1,0,0,1,1,0,1,1,0,33,28,25,21,19,18,18,18,15,14,13,13,13
GGGACAACGGGAACGACCTGA,CAATGATTGAATG,true,2,11,6,25,0,0,0,0,0,0,0,0,0,0,0,0,0,0,2,1,1,0,0,2,23,23,20,18,18,18,16,15,14,13,11,11,11
GGCTGTTAAAAGGGAAAGCAG,TCAGGCTGAAAGC,true,3,10,10,31,0,0,0,0,0,1,0,0,0,0,0,0,1,2,0,2,1,0,2,0,28,28,28,28,24,21,17,14,14,13,12,11,10
TCTCAATTGCCGTTTCAAAAT,CAAGCGGTTTGTC,true,3,9,7,24,0,0,0,0,0,0,0,0,0,0,0,0,1,0,0,0,2,1,1,1,23,22,19,16,15,15,13,13,13,12,10,10,9
AGACCACGCTTTCGCAATGTC,TGCGGCACTGTAT,true,2,8,4,23,0,0,0,0,0,0,0,0,0,0,0,0,0,1,1,0,0,0,1,0,20,18,17,16,13,12,10,10,10,10,9,8,8
TTGCAGAGGGAAAAGGTTTTG,CAAACTTAGCAAC,true,3,15,10,36,0,0,0,0,0,0,0,0,0,0,0,0,4,0,2,1,1,0,0,0,33,31,30,24,20,19,19,18,17,17,17,15,15
TCGGCTGTCCGGTCGTTCCAG,ACGTGTAAATCAT,true,3,4,12,27,0,0,0,0,0,0,0,0,0,0,0,0,1,2,0,2,3,3,0,1,24,21,21,18,14,12,10,10,8,6,5,4,4
TGCTGCTGGCCGCCGGACATT,GTGATCGGATAGC,true,2,7,15,30,0,0,0,0,0,0,0,0,0,1,0,0,2,1,1,4,1,0,3,1,27,25,21,20,18,15,15,13,13,11,8,8,7
GCAAATCTGCCTGCTTTTCGG,ACCGTCTGCGGCA,true,2,7,7,31,0,0,0,0,0,0,0,0,0,0,1,0,1,1,0,3,0,1,0,0,27,23,21,20,18,13,10,8,8,8,8,7,7
CTCGGGATCTTTTTAATGTCC,AGCGGCAAATTCG,true,3,3,4,12,0,0,0,0,0,0,0,0,0,0,0,0,2,2,0,0,0,0,0,0,12,10,10,9,7,6,5,5,5,4,3,3,3
CTTTTATCAGCGCTTGCCGCA,CTTGTACGATTAT,true,2,6,4,20,1,0,0,0,0,0,0,0,0,0,0,0,0,3,0,0,0,0,0,0,19,19,19,17,16,14,13,6,6,6,6,6,6
TGTTCTGGCATTGGACGGCCA,TCCCCGTGCGCTC,true,4,5,9,22,0,0,0,0,0,1,0,1,0,0,0,1,0,1,1,0,0,2,1,0,20,17,16,15,12,10,9,8,7,7,6,6,5
TAAGGGAAAAATACAAGTGTA,TTTAGAGCAAATA,true,3,3,11,26,0,0,1,0,0,0,0,0,0,0,0,0,1,0,2,1,0,1,0,2,23,23,19,16,15,14,11,9,8,8,5,3,3
CGTCTTTTCAGGCAGTATAGG,GGACACACTTTGT,true,4,4,11,27,0,0,0,0,0,0,0,0,0,0,0,0,0,1,1,0,1,0,4,0,24,18,17,14,12,9,9,9,9,9,8,5,4
GGGAGCCTTAACCCGGCTTCC,CTGATCATTCTAT,false,3,2,3,28,0,0,0,0,0,0,0,0,0,0,0,0,1,0,2,0,0,0,0,0,20,15,14,14,11,10,9,2,2,2,2,2,2
CGCGCCAAGCATTTTACTCGG,CCAGGCGATCGGC,true,2,8,11,24,0,0,0,0,0,0,0,0,0,0,0,0,2,2,2,0,0,2,1,1,23,19,17,17,17,14,12,12,9,9,9,8,8
AGCATAAGCGGGGGTTTTTCA,TTAACATCATTTA,true,3,5,13,28,0,0,0,0,0,0,1,0,0,0,0,0,3,1,1,3,1,0,0,2,24,23,21,18,13,11,9,7,7,7,7,6,5
ACGATCGTAACCCTTGATGAT,CAAGAACGAAAGC,true,3,8,15,33,0,0,0,0,0,0,1,0,0,0,0,0,2,0,2,4,5,1,0,0,27,24,21,17,16,14,13,13,12,12,11,8,8
GCTGGGAAGCGTCAGCCATAA,AGTGTCTCAATTA,true,3,11,10,29,0,0,0,0,0,0,0,0,0,0,0,1,5,0,2,1,0,0,0,0,24,19,19,18,16,16,15,13,13,13,12,12,11
GGCATTATGACTGCTGGTGGC,AGCGAGCGCCCTC,true,3,8,11,21,0,0,0,0,0,0,0,0,0,0,0,0,0,2,2,1,0,1,0,0,20,20,18,16,14,14,14,13,13,13,11,9,8
TTAGAAAAATAAAACAAGGCA,TGCTTCAGATTCA,true,2,3,3,12,0,0,0,0,0,0,0,0,0,0,0,0,0,0,0,0,1,0,0,0,10,10,10,10,9,7,7,6,5,5,5,5,3
AGCCATTCATGATCTGTGATG,TTTTCCGGAAACT,true,4,9,20,41,0,0,0,0,0,0,0,0,0,0,0,2,3,0,0,3,3,3,1,3,38,37,36,30,24,19,18,17,17,17,14,11,9
CTGCAACGCTTCTTGTCAAAA,AAGCAATCAAAGC,true,6,4,9,34,0,0,0,0,0,0,0,0,0,0,0,0,1,1,1,1,4,0,1,0,32,19,11,10,8,6,6,5,5,5,4,4,4
AGTATTTTACCGACGGCGATC,GGATAAGTTTTTA,true,5,9,11,28,0,0,0,0,0,0,0,0,0,0,0,0,2,0,0,0,2,0,1,0,28,23,21,21,20,17,16,15,15,15,15,11,9
TCTGGTCTGAAGCGGCGCTGA,GACCCGGAAGCGA,true,3,17,6,34,1,0,0,0,0,0,0,0,0,0,0,0,1,0,0,0,1,2,0,0,27,26,26,25,22,22,21,20,19,18,18,18,17
TGAAGCTTGCCGCTCATCATT,GTGCGATACATAT,true,2,5,6,20,0,0,0,0,0,0,1,0,0,0,0,0,0,0,1,1,0,0,1,0,15,14,13,12,11,11,11,9,7,7,6,6,5
TTAAGGAGATTGATGACATGA,ATCCATATCAGTA,true,2,12,17,38,0,0,0,0,0,0,0,0,0,1,0,0,3,3,0,0,4,1,2,1,33,31,30,27,24,23,22,20,19,19,15,13,12
GGAAGAACTCCTTTCTGGCTT,TGCTCAGAAAACA,true,4,5,10,22,0,0,0,0,0,0,0,0,0,0,0,0,0,2,0,1,1,0,1,2,19,16,14,13,13,12,9,9,9,9,8,5,5
ATCCCGGCACTCCTTTCCGTA,GTAAAGGTAGTGT,true,3,5,4,19,0,0,0,0,1,0,0,0,0,0,0,0,0,0,1,0,0,0,1,0,16,15,15,15,12,10,6,6,6,5,5,5,5
CCTCAGCTCCGCCTCTTATTG,CTGCATTCCTGGA,true,2,7,9,25,0,0,0,0,0,0,0,0,0,0,1,0,0,0,1,2,0,2,0,0,25,21,18,16,15,15,14,13,11,10,10,9,7
TTTTGGGTAGAATAAACATAC,ATGTCTCAGCTCA,true,1,12,9,24,0,0,0,0,0,0,0,0,0,0,0,0,0,3,0,2,0,0,1,1,24,24,23,22,20,19,19,18,16,16,15,13,12
CCATATCCGCCACCCACATCG,GGAGTGCATCTGT,true,3,8,11,28,0,0,0,0,0,0,0,0,0,0,0,0,1,1,3,1,2,0,3,0,27,19,17,15,15,15,11,9,9,8,8,8,8
GCTTGGAATATGCGGAAAAAG,AGCAGCAGACGGC,true,2,4,10,25,0,0,0,0,2,0,0,0,0,0,0,0,1,1,0,0,1,0,4,0,23,20,17,16,15,15,12,9,9,9,8,5,4
GAATTATACCCGGTGTTCTAA,ACAATTCTTTCAG,true,3,5,7,19,0,0,0,0,0,0,0,0,0,0,0,0,2,1,0,1,1,2,0,0,18,13,12,10,9,8,7,7,7,7,5,5,5
TTTCTTTCGCGTTGTTAATCG,CGTCAAGGAATGT,true,2,9,11,38,0,0,0,0,0,1,0,0,0,0,0,0,2,1,1,1,4,0,0,1,38,33,26,22,22,20,17,17,15,11,9,9,9
CCAAATCTCTTCTTCATTGAG,GGGCCAAAACGTA,true,4,7,12,27,1,1,0,0,0,0,1,0,0,0,0,0,1,0,0,0,2,2,4,0,26,24,17,14,12,9,9,9,7,7,7,7,7
ATGCTTTCATTGATCTCTACA,TCCCATAGGCCGA,true,3,6,12,31,0,0,0,0,0,0,0,1,0,0,0,0,2,0,0,2,1,4,1,0,29,29,27,16,14,12,10,9,7,7,7,6,6
TGAACGCAATCTGTCTTCAAG,TGTCGGAATTTCT,true,3,12,10,33,0,0,0,0,0,1,0,0,0,0,0,0,1,0,1,1,2,1,0,0,32,28,28,23,22,20,19,16,15,15,15,13,12
AATACTTGCAGCCTGAGCCGT,TTGTAAGCCGCAT,true,3,10,13,35,0,0,0,0,0,0,0,0,0,0,0,0,2,1,1,2,1,2,1,0,35,33,27,26,24,23,19,19,16,16,14,13,10
CGGTAACTAAAAATAGGAGAG,ATTCATTTGAATA,true,3,7,5,27,0,0,0,0,0,0,0,0,0,0,0,0,0,1,0,0,1,0,0,2,23,21,18,18,16,14,12,9,8,8,8,7,7
TCAACTGTTTCAGCTTAAATT,CGAGAGAAACTTG,true,3,7,13,33,0,0,0,0,0,0,0,1,0,0,0,0,1,1,4,1,1,1,2,0,26,22,19,18,16,14,13,13,11,8,8,7,7
AAGTGCTGAAAAACGGCGAAG,AAACCTTTCCGGA,true,3,6,12,25,0,0,0,0,0,0,0,0,0,0,0,0,0,0,0,3,2,2,1,1,24,23,20,18,16,16,16,15,11,10,10,9,6
GTTTCCATAGGGAAAAATATT,TTTCAAAATGATC,true,5,8,10,26,0,0,0,0,0,0,0,0,0,0,1,1,0,0,0,3,2,1,0,2,26,26,21,14,12,11,11,9,8,8,8,8,8
CCGGTTTCCTGCCGACAGAGA,AAGAACTGCCTGA,true,3,13,13,35,0,0,0,0,0,0,0,0,0,0,0,0,2,2,0,2,1,2,1,1,33,29,27,27,25,23,21,19,19,17,15,15,13
CTGCAAAATATAACACCGGTC,TTTGAAGGGCCGA,true,3,5,14,26,0,0,0,0,0,0,0,0,0,0,0,0,2,1,2,1,0,1,5,2,25,25,22,21,21,19,17,17,14,11,9,5,5
ACCTAAACTACCCCTATCGCA,ATAGGAACAAGTA,true,2,5,10,28,0,0,0,0,0,0,0,0,0,0,0,0,3,0,1,0,1,0,5,0,26,22,19,18,13,12,12,9,9,8,5,5,5
TTCCTTTTGAATCAACGCTAT,AGCCGGAAGAAAC,true,3,6,15,25,0,1,0,0,0,0,0,0,0,0,0,0,1,1,0,1,2,0,4,0,24,22,22,21,21,18,18,18,15,14,13,11,6
TATTGTCTCGAAAACACAGGC,CTATCCCAAGGCG,true,3,4,9,24,0,0,0,0,0,0,1,0,0,0,0,0,1,0,0,0,1,2,1,0,20,17,12,12,12,12,10,9,9,8,7,6,4
TTAAAAGAAAAGAGAATGATG,AAAGTAGAAAAAT,true,5,5,14,24,1,0,0,0,0,1,0,0,0,0,0,0,1,1,0,3,3,0,1,0,23,22,17,14,14,12,11,11,11,10,10,8,5
CATATCTTGCAAGAGGCGGCC,GCATCTCCAAAAC,true,4,5,14,27,1,0,0,0,0,0,0,0,0,0,0,0,0,1,3,3,1,4,0,0,24,23,21,21,18,16,13,9,7,7,7,6,5
CACATCTTCTTTATGTTCCGG,CGCCGTCAGATAG,true,2,5,8,23,0,0,0,0,0,0,0,0,0,0,0,0,1,0,4,1,1,1,0,0,20,17,13,11,10,8,8,7,7,6,6,5,5
GAAGCTTTACAGCGGGCTGCT,CAAAAATAGGGTA,true,5,8,10,27,0,0,0,0,0,0,0,0,0,0,0,0,1,0,0,1,3,0,4,0,25,24,24,24,23,19,17,16,15,13,9,9,8
TCCACCCTGTCAAAAACATTT,TTCAGATCATGCT,true,5,8,13,24,0,0,0,0,0,0,0,0,0,0,0,0,2,0,1,0,1,1,4,4,24,19,18,18,14,14,14,14,12,11,9,8,8
AAGGATTACCTTAAAGAGCAA,GTAAAATATGAAT,true,4,8,12,28,0,0,0,0,0,0,0,0,0,0,0,0,3,0,0,1,3,0,2,2,26,25,24,24,22,20,12,11,11,10,10,9,8
CAAAAAAGACATCCGACCTAT,GGGGAATTATTGC,true,4,1,4,11,0,0,0,0,0,0,0,0,0,0,0,0,0,0,1,0,0,0,1,2,11,11,8,6,4,3,3,2,2,2,1,1,1
ACCGCCGATCATGGTGGACCC,TTCGAATCAAATC,true,3,5,13,26,0,0,0,0,0,0,0,0,1,0,0,0,5,2,1,1,2,0,0,1,25,24,20,17,17,15,10,8,8,8,7,5,5
CAGGTTCTGGAAGGCTTAAAA,CAACTTGTCGCGA,true,4,15,15,48,0,0,0,0,0,0,0,0,0,0,0,0,4,2,1,1,0,3,3,0,37,35,35,29,29,26,23,21,20,18,16,16,15
CATTGCACCTAAAATCGAAGT,AATCCGCGCTGAC,true,2,11,4,24,0,0,0,0,0,0,0,0,1,0,0,0,1,0,0,1,1,0,0,0,24,20,19,18,15,15,14,13,12,12,11,11,11
TACTGACGTCAGTGACCAAGA,CAAAATCGGAAAT,true,4,7,11,30,0,0,0,0,0,0,0,0,0,0,0,0,3,0,3,0,2,0,0,1,26,25,24,24,21,14,14,13,12,10,9,8,7
ACGTGCAGGATCTCGATTGCG,ACTTCTTTGCGCT,true,3,8,9,27,0,0,0,0,0,0,0,0,0,0,0,0,1,1,1,1,0,2,0,3,25,21,20,17,16,14,13,12,9,8,8,8,8
AATCGATCAGCGCATTTTCGA,GAACTTCTTTGCT,true,3,4,11,25,0,0,0,0,0,0,0,0,0,0,0,0,2,0,1,1,2,2,0,3,22,20,17,12,12,9,8,8,8,7,4,4,4
GAGCTCTTTAAAAAACTTTTT,TCTCAGCGTTCTG,true,6,17,18,50,0,0,0,1,0,0,0,0,1,0,0,0,2,1,2,4,0,1,0,5,41,31,29,24,24,20,19,19,19,19,18,17,17
GTCTTCGGTCATATAAAAAGG,CTGCCTCTCTGTA,true,2,8,8,26,0,0,0,0,0,0,0,0,0,0,0,0,2,0,0,1,0,3,0,1,24,20,18,17,12,11,11,10,10,10,9,9,8
TCTTTTTCAGGCTCCTTCAGA,TTGTCTGAGATAT,true,2,10,10,31,0,0,0,0,0,0,0,0,0,0,0,0,1,4,1,1,0,0,1,0,28,26,23,22,20,17,15,15,13,12,12,11,10
GCTGACGATTTATGAGCAGTA,TAAAAAGAACGAT,true,5,4,12,33,0,0,2,0,0,0,0,0,0,0,0,0,3,0,0,2,4,0,1,0,31,26,24,23,18,11,8,8,7,4,4,4,4
TTCCTCCTCCTCGTTGTTTTG,TTTGCTTGAGAGC,false,3,1,0,16,0,0,0,0,0,0,0,0,0,0,0,0,0,0,0,0,0,0,0,0,14,10,1,1,1,1,1,1,1,1,1,1,1
TATTGATCCAAAAGTGATGAG,TTTTGATAACTAC,true,4,9,11,28,0,0,0,0,1,0,0,0,0,0,0,0,2,0,1,4,1,0,0,1,28,28,28,24,18,16,16,16,13,11,11,9,9
CGGACAAATGTGATCAAGTGT,TTTAAACAGTTCG,true,4,7,7,19,1,0,0,0,0,0,0,0,0,0,0,0,0,0,0,2,0,1,0,2,19,18,18,15,15,15,12,12,12,11,9,8,7
CTCTGTCAGGTTATCAGAAGC,AAACAACACAGCG,true,3,12,10,36,0,0,0,0,0,0,0,0,0,0,0,0,0,3,1,1,2,0,0,0,31,31,26,23,21,20,20,17,16,16,16,15,12
CCAACGGTTTCAATCCTTTCA,GCTAACAATTCCG,true,2,4,7,19,0,0,0,0,0,0,0,0,1,0,0,0,0,0,0,0,1,3,0,1,18,15,14,13,13,11,11,9,9,8,8,5,4
TATTAGGGGTAATTCCTTTTT,GTTTTGTAAATGA,true,5,9,10,34,0,0,0,0,0,1,0,0,0,0,0,0,0,0,0,4,3,0,0,1,22,22,22,22,20,16,15,15,15,11,11,9,9
CATTCTATTTTTTTCCTCCTT,TATGTTACCACTA,true,3,3,5,12,0,0,0,0,0,0,0,0,0,0,0,0,0,1,1,0,0,0,0,3,11,10,9,9,9,7,6,6,5,4,4,3,3
GGCACACGCTGGTTTTGCGCG,TTTTGATAATCTG,true,4,11,8,26,0,0,0,0,0,0,0,0,0,0,0,0,1,0,0,1,1,0,1,3,25,24,23,17,14,14,14,14,13,12,12,12,11
TCATAATTTTCGTCATGCTGG,CAGGCGCCAGTCT,true,2,5,15,26,0,0,0,0,0,1,0,0,0,0,0,0,2,2,2,1,0,1,3,0,25,24,22,19,18,16,16,14,11,10,8,8,5
GTGATTGAGTCCTTTCTCCCG,CTCTTATTTAATA,true,3,8,4,16,0,0,0,0,0,0,0,0,0,0,0,0,0,0,1,0,1,0,0,2,12,12,12,12,10,10,10,10,10,10,9,8,8
TGAATGAATAGAACCCGCTAA,TTTGTCATTTGTA,true,3,6,11,30,0,0,0,0,0,0,0,0,0,0,0,0,3,1,0,4,0,0,0,3,29,27,19,15,15,13,13,12,12,9,6,6,6
TCAAACGCGATTTTACGTTTT,TGTTGCCTGATGT,true,5,3,4,19,0,0,0,0,0,1,0,0,0,0,0,0,0,0,0,0,0,0,1,2,15,10,10,7,5,5,5,5,3,3,3,3,3
ATTGAAGAGACCATCGATTGA,GCTCATCCTTTAC,true,3,8,3,19,0,0,0,0,0,0,0,0,0,0,0,0,0,0,0,0,0,0,0,1,18,17,17,14,13,10,10,10,10,10,10,10,8
ATTCTTCAAGGAGCTGAAGGA,AGCCGGTCTGTAT,true,2,9,14,42,0,0,0,0,0,0,0,0,0,0,1,0,1,3,2,2,1,0,1,2,38,34,32,29,28,21,19,15,13,13,10,9,9
ACCTTGAAGGAAAAGGGTACA,AGCACAGAGACAG,true,2,5,9,17,0,0,0,0,0,0,0,0,0,0,0,0,1,1,2,1,1,0,2,0,14,12,12,10,10,10,10,10,8,6,6,6,5
GCTTTCTAATTTAAAGGAGGT,TGGAAAATGTTGA,true,4,8,15,35,0,1,0,0,0,0,0,0,0,0,0,0,4,0,1,2,2,0,3,2,32,29,25,23,23,22,17,11,11,11,9,8,8
TTTTTTTTTTGTTTACTTTTT,TTTTTCTGGTTTG,false,10,1,0,20,0,0,0,0,0,0,0,0,0,0,0,0,0,0,0,0,0,0,0,0,14,12,11,11,10,1,1,1,1,1,1,1,1
AAGATAGGTATTCGAACTTGG,CCAGAGCTGCCAC,false,2,2,4,12,0,0,0,0,0,0,0,0,0,0,0,0,0,0,3,0,1,0,0,0,4,4,3,3,3,3,3,3,3,3,3,2,2
GTGCGTAGCAATCATCAGCGC,CTGTGTCTCCGTA,true,2,5,8,16,0,0,0,0,0,0,0,0,0,0,0,0,0,2,2,3,0,1,0,0,14,14,14,12,11,10,9,6,5,5,5,5,5
GGATGAGACCAATTGCTGAAA,TGCAGTTTGCTGA,true,3,6,13,26,0,0,0,0,0,0,0,0,0,0,0,0,2,2,0,6,0,0,1,1,21,20,19,18,18,16,16,15,10,10,9,6,6
TTGTGCAGGTGAAGCCGGCGT,ACCTTTCTTCAGC,true,3,11,8,24,0,0,0,0,0,0,1,0,0,0,0,0,0,0,0,2,0,4,0,0,22,21,16,16,16,16,16,16,16,12,12,12,11
CAGTTCACCTTAGCACGCCGG,CACTCTTTAAAGA,true,3,11,13,35,0,0,0,0,0,0,0,0,0,0,1,0,0,2,0,1,3,1,0,2,34,29,27,26,22,22,21,18,18,17,14,11,11
TACTACAGAGACATGGGTGTC,GTGCTGGCATTTG,true,3,6,7,22,0,0,0,0,0,0,0,0,0,0,0,0,0,1,1,0,0,0,4,0,15,14,11,10,10,10,9,8,8,8,7,6,6
TTCGATGTTCGCTATTTAACA,GGAACGGACGAGC,true,2,5,16,32,0,0,0,0,1,1,0,0,0,0,0,0,5,2,1,0,3,0,2,0,29,26,25,21,15,14,13,13,12,10,9,6,5
GGCCACTACTTGAATTTGATC,ATCTAACATTGCT,true,2,8,8,22,0,0,0,0,0,0,0,0,0,0,0,0,1,0,1,2,1,0,0,2,20,17,15,15,15,14,12,12,12,10,9,9,8
TACAATTTCTGATACTGCTGA,TGTTGTTGTCAAT,true,2,6,14,30,0,0,0,0,0,0,0,0,0,0,0,0,1,1,2,4,0,0,1,2,25,23,23,19,16,14,14,12,11,9,9,7,6
TTGCATTTATATAAGCATGAG,AAAGCCGGCATGC,true,3,8,9,28,0,0,2,0,0,0,0,0,0,0,0,0,2,0,1,1,0,0,3,0,24,24,22,19,18,15,14,11,10,10,9,8,8
CGGAACGGGAAGCACAGGCTG,AGCAAAAGAAACG,true,4,4,5,19,0,1,0,0,0,0,0,0,0,0,0,0,0,0,3,0,0,0,0,0,18,18,17,16,16,16,14,12,5,5,5,5,4
CTAGAGCATTCTCCAGTGTAC,TGCCGGATGCCCT,true,3,12,12,35,0,0,0,0,1,0,1,1,0,0,0,0,0,0,1,0,0,4,1,1,34,32,30,19,19,18,17,17,15,15,14,12,12
TCTGAATTGAAGGCTTTTGCC,AAATCCGGCAGCA,true,3,4,11,29,0,0,1,1,0,0,0,0,0,0,0,0,3,1,4,0,1,0,0,0,27,23,16,9,9,9,8,8,7,6,5,4,4
AGTTGTACTCATAGGATGCAC,CGTGCATGCTGCA,true,2,6,9,24,0,0,0,0,0,0,0,0,0,0,0,0,1,3,1,1,0,1,1,0,20,18,17,17,17,16,12,10,8,8,7,7,6
GACAGGTTTACCATTGCTGCG,GAAACATGGAATG,true,3,9,9,28,0,0,0,0,0,0,0,0,0,0,0,0,1,1,0,0,2,0,4,1,24,21,20,16,15,14,14,14,12,12,11,9,9
ACTGAGTGTCCAAGATACAGT,CGGCCAGGAAGTG,true,2,7,16,34,0,0,0,0,1,1,0,0,0,0,0,0,2,3,0,1,2,1,2,0,30,27,24,20,19,19,17,14,14,12,10,10,7
TGTCATTGTGATGTCTCAATT,GATTGGCTTTTTA,true,5,6,12,25,0,0,0,0,1,0,0,0,0,0,1,0,0,0,0,0,0,0,1,6,23,23,23,22,21,17,17,15,15,14,14,9,6
TCTGCCTCCGTTTCTCACCAG,CCTTAAAGAAATG,true,3,6,12,22,0,0,0,0,0,0,0,0,1,0,0,0,3,2,2,1,1,1,0,0,21,19,18,18,17,16,14,14,14,10,10,7,6
TATGATGACAATTTCCCGCTT,GTCGTATGGCAGA,true,2,6,10,27,0,0,1,0,0,0,0,0,0,0,0,0,0,2,1,0,0,1,1,1,24,21,19,17,12,10,10,10,9,9,9,7,6
GAGGAGTGGGAGCATGATCCG,TTTCATCCAATTG,true,3,5,6,21,0,0,0,0,0,0,0,0,0,0,0,0,1,0,1,2,0,1,0,1,19,18,14,11,11,10,10,8,7,7,5,5,5
AACCAGGGAATGCAACAAGAA,GGATCGCTTTTGT,true,4,14,14,42,0,0,0,0,0,0,0,0,0,0,0,1,1,0,2,1,0,1,4,4,38,30,28,23,20,19,18,18,17,16,14,14,14
CATTCTATAATAATACTGGAA,GAATTGTCTAGAG,true,2,10,7,26,1,0,0,0,0,0,0,0,0,0,0,0,1,0,0,1,0,0,2,1,21,20,20,18,16,14,13,13,12,12,11,11,10
CGTGGTAGACGAGCACGGAAA,CACGATCGTTTAT,true,3,7,20,41,0,0,0,0,0,0,0,0,0,0,0,0,4,5,1,2,3,0,1,0,31,26,26,23,20,18,15,13,12,12,10,8,7
TCTGAATCCTGTTCCCAATTT,TCGCTGTCCTCAG,true,4,8,3,20,0,0,0,0,0,0,0,0,0,0,0,0,0,0,0,1,0,0,0,0,18,10,10,10,10,10,10,10,10,10,10,9,8
AAAGTCTTTTTTTATTGTAAT,ACCCTACGGGGGT,true,5,6,7,23,0,0,0,0,1,0,0,0,0,0,0,0,0,0,1,0,0,1,4,0,22,20,19,15,13,13,13,13,13,13,11,6,6
TAGATAACAGAGACATCACAT,TCAATTAGTAAGA,true,2,4,6,11,0,0,0,0,0,0,0,0,0,0,0,0,1,0,0,1,1,0,1,0,10,10,10,10,9,9,9,9,9,8,7,6,4
GCCTAAGAAAGAAATGCTTCA,AGCATTTCGTCTG,true,3,5,4,15,0,0,0,0,0,0,0,0,0,0,0,0,0,1,0,0,0,0,0,2,14,12,12,11,10,9,7,7,7,6,6,6,5
AATATGACTTCCTATGAAAGA,CTGGCAAGAAACA,true,3,12,7,24,0,0,0,0,0,0,0,0,0,0,0,0,2,0,1,0,1,0,2,0,23,22,21,19,16,16,16,14,14,14,13,12,12
CATTTTCCGTTTGAGATTGAT,GAAAAGGATCAGC,true,4,5,6,19,0,0,0,0,0,1,1,0,0,0,0,0,0,1,1,0,0,1,1,0,16,16,15,14,12,11,10,8,8,5,5,5,5
GTCGTTGACGAAATAAAGATC,TCTTCCGCCTGTC,true,2,9,3,24,0,0,0,0,0,0,0,0,0,0,0,0,0,0,0,0,0,1,0,1,22,20,19,17,15,12,12,12,10,10,10,10,9
AATGGTGACAAAGAGATCGAT,GGTTGCTGGACTG,true,2,11,11,29,0,0,0,0,0,0,0,0,0,1,0,0,0,2,1,3,0,0,3,1,29,26,24,23,18,18,15,15,14,13,12,11,11
CATATTAGAGACTTCAAAAAG,AAGTCATACCATA,true,2,7,6,23,0,0,0,0,0,0,0,0,0,0,0,0,1,0,0,1,1,1,0,1,22,20,16,15,14,13,11,9,9,8,8,7,7
TTATGAAGATCAAAACGCCGC,ATTGGCGGACGAT,true,2,8,8,25,0,0,0,0,0,2,0,0,0,0,0,0,0,0,1,1,0,0,3,1,25,23,21,18,15,13,13,11,10,10,9,8,8
GAGTGAAAAATGAATGAAAAA,GAACTTGAGATGA,true,5,11,11,31,0,0,0,0,0,0,0,0,0,0,0,0,2,0,0,2,3,0,1,2,28,26,22,20,20,17,17,17,16,14,14,12,11
ATAAATGCTTCCTTTTTGATT,CCAGACACGTGTA,true,2,7,15,32,0,0,0,0,0,1,0,0,0,0,0,0,2,1,2,4,0,1,0,1,28,24,24,23,17,16,15,13,12,10,10,9,7
GAACTGTCACTTAAAGATCTC,TTCCAGTCACCTA,true,2,11,11,35,0,0,0,0,0,0,2,0,0,0,0,0,1,2,0,1,1,2,0,1,34,31,29,28,26,24,23,22,19,15,13,12,11
CTTTTTTTCGTCTTTTGTAAG,GTGTGTAGGAAAG,false,3,3,5,29,0,0,0,1,0,0,0,0,0,0,0,0,3,0,0,1,0,0,0,0,25,22,19,16,14,4,4,3,3,3,3,3,3
GAATGCTGATGGACGCAGTTG,ACAATCGATCTGA,true,2,10,6,18,0,0,0,0,0,0,0,0,0,0,0,0,0,1,1,2,0,0,1,1,17,17,17,16,14,13,12,12,11,10,10,10,10
ACTGAAATCAGCTTCTGATGT,ATGGTGTGTGACA,true,2,4,12,24,0,0,0,0,0,0,0,0,0,0,0,0,2,0,1,4,1,0,2,1,18,15,13,11,11,11,7,7,5,5,5,4,4
TCAGAAAACAAATGCTTCGTA,TTAACTAAACCGA,true,3,9,10,27,1,0,1,0,0,0,0,0,0,0,0,0,2,0,0,1,2,2,0,0,26,25,22,19,18,17,16,16,15,13,10,10,9
TGGAAAAGAGGATGCTGACAG,AGTAATTCACATC,true,2,6,11,26,0,0,0,0,0,0,0,0,0,0,0,0,4,0,0,2,2,1,1,0,23,21,20,19,17,16,15,11,10,8,8,7,6
CCATGGCTTGTTTTTTTTATT,CAATGTATATGAC,true,2,7,1,13,0,0,0,0,0,0,0,0,0,0,0,0,0,0,0,1,0,0,0,0,10,10,10,9,8,8,8,7,7,7,7,7,7
GTGGGTAAACCTGCCTGTAAG,ACTGGGATAACTC,true,3,6,7,25,0,0,0,0,0,0,0,0,0,0,0,0,0,1,1,1,1,0,1,1,22,19,16,16,16,13,10,9,9,8,7,7,6
TTTTATAAAGGAACAAACAGA,AGAACAGGCTGCG,true,2,6,8,23,0,1,0,0,0,0,0,0,0,0,0,0,0,2,0,1,1,1,1,1,21,17,17,15,13,12,12,10,10,8,6,6,6
CTGGAGTCTAAGCTGCACATC,ACGGAAGTTTTCG,true,4,5,12,28,0,1,0,0,0,1,0,0,0,0,0,0,2,1,1,2,1,0,1,2,26,18,18,15,14,12,10,10,9,9,6,5,5
TGGCGGCCAAATTTCATTGAA,AAATGGTTTTTGT,true,5,2,4,11,0,0,0,0,0,0,0,0,0,0,0,0,1,0,0,0,1,0,0,1,11,10,9,4,4,4,4,4,4,4,3,2,2
GATTACTGGAATCCGCTCGTT,GTAAAAGAGGCGT,true,4,8,12,34,0,0,0,0,0,1,0,0,0,1,0,0,1,1,0,1,3,0,3,0,27,25,23,23,23,16,14,14,13,9,9,9,8
CGATAAAGCCTTTGTTTTTCA,CTTCGCCGTCTCG,true,2,10,13,31,0,0,0,0,1,0,0,0,0,0,0,0,2,0,2,2,0,2,0,2,27,24,23,21,20,20,17,16,14,13,13,12,10
GTAGTCAGAGCCCGTTAACCG,GGTGATGGCGTGC,true,3,3,3,13,0,0,0,0,0,0,0,0,0,0,0,0,0,0,1,1,0,0,0,1,13,12,10,8,7,7,6,5,4,4,3,3,3
ATTAAAGAAAATTGAACAGTA,CAGAGAGGAAGAG,true,2,6,9,26,0,0,0,0,0,0,1,0,0,0,0,0,0,0,2,1,0,1,0,0,22,20,17,16,16,14,14,12,10,10,7,7,6
TTTTCTTTAAATCAAGCCATT,CACTGTCCGGAAT,true,2,13,11,34,0,0,0,0,0,0,1,0,0,1,0,0,1,0,0,2,0,2,2,1,31,31,30,26,22,21,21,18,18,15,14,14,13
CGTCACGTATATTGAAGAGAA,CGAAGAAGCCATC,true,2,6,12,31,0,0,0,0,0,1,0,0,0,0,0,0,2,0,1,0,2,5,1,0,23,23,21,20,16,16,15,13,11,7,7,6,6
GCAAGCCGCGTTCCATTTCGA,GACGGATTGCCGA,true,2,16,8,32,0,0,0,1,0,0,0,0,0,0,0,0,0,1,1,0,0,3,2,0,28,28,27,26,24,21,20,20,20,20,17,16,16
TTCTGCCAAGGGGCATCGCTG,GGTAGCTATGTGC,true,3,2,6,19,0,0,0,0,0,0,0,0,0,0,0,0,0,1,0,3,1,0,0,0,14,9,9,9,8,8,6,5,5,4,4,3,2
GTCCCCGCTGTACTTTTGCTG,GAGGGAGAAGTAG,true,3,10,8,28,0,0,0,0,0,0,0,0,0,0,0,0,0,0,0,1,2,0,4,0,23,22,22,21,14,13,13,13,12,12,12,10,10
GAAAGAACCTTACCGTTGATT,TTTATTTTCAGAT,true,5,8,11,32,0,0,0,0,0,0,0,0,0,1,0,0,0,0,0,5,0,0,1,2,31,28,19,17,17,17,17,16,11,11,10,9,8
GGTGTATGCGGCGCTGTAATC,CGTTAATCGGCGC,false,2,3,4,23,0,0,1,0,0,0,0,0,0,0,0,0,0,0,0,3,0,0,0,0,18,18,18,18,5,5,5,3,3,3,3,3,3
ACTGGCGAATTATGATCTATT,GAAGCAACCGTTA,true,2,9,14,33,0,0,0,0,0,0,0,0,0,0,0,1,3,3,0,2,1,1,1,0,24,24,23,19,19,19,19,17,16,14,12,10,9
GCGATTAAAGCGTCTCTTAAA,TATTTGTTTGTTC,true,3,8,15,36,0,0,0,0,0,0,0,0,0,0,0,1,2,0,1,4,0,0,0,4,28,26,26,26,25,20,19,19,16,12,11,10,8
TGTCCATAAAGATGTGCCTGC,CGGGGCTTTTTGT,true,5,3,5,23,0,0,0,0,0,0,0,0,0,0,0,1,0,0,0,0,0,0,0,4,18,17,17,15,12,9,9,9,9,8,3,3,3
GCACCTCCCAACAAAAGGGAA,TCTTTTTCTCATA,true,5,3,6,11,0,0,0,0,0,0,0,0,0,0,1,0,0,2,0,0,0,0,0,3,9,8,6,6,6,6,4,4,4,4,3,3,3
GCGCAGCATTGACTCTAACCG,GTCTCTGATTCTC,true,2,13,7,37,0,0,0,0,0,0,0,0,0,0,0,0,0,2,0,0,0,0,0,3,31,29,26,18,17,15,15,15,15,15,13,13,13
GCATAGTCAGCAGTTTATTTT,TGTTTTTCCAGAC,true,5,4,14,36,0,0,0,0,0,0,0,0,0,0,0,0,0,0,1,3,0,1,0,5,26,22,22,22,22,18,16,14,10,9,9,8,4
ATGAGCCGCTGCGAGCTTTTT,CTGAGAACTCAAC,true,5,4,3,11,0,0,0,0,0,0,0,0,0,0,0,0,0,0,0,0,0,0,0,1,9,8,8,8,7,7,6,6,6,6,6,5,4
TAAAAGGATGACAGCTTCAGC,GATTCCGCCAGCT,true,2,3,7,14,0,0,0,0,0,0,0,0,0,0,0,0,0,1,0,1,0,1,1,1,12,12,12,11,7,6,6,6,6,5,5,5,3
CAAAAATCGGTTTAGCTGAAC,AGATAGCTGACTG,true,1,6,0,13,0,0,0,0,0,0,0,0,0,0,0,0,0,0,0,0,0,0,0,0,12,9,8,7,7,7,7,7,7,7,6,6,6
GGAGCTTCTAACCCACAATAT,AACCATATTAACG,true,2,4,10,27,0,0,0,0,0,0,0,0,0,0,0,0,4,0,0,3,2,0,0,0,26,23,17,14,13,12,10,10,10,8,6,4,4
TGATACACTTCCTCAATTCCT,ATATGTATAATAT,true,2,13,10,35,0,0,0,0,0,0,0,0,0,0,0,0,0,0,0,3,4,0,0,3,33,31,30,26,25,24,19,17,16,15,13,13,13
GGCGGAGAGATTGAAAAATCC,ACGTTGAGATTTC,true,3,5,4,13,0,0,1,0,0,0,0,0,0,0,0,0,0,0,0,1,0,0,0,0,12,10,9,9,8,7,7,7,7,7,7,7,5
TAATATCCGGCATCACCATGA,GGGCAAAGGAAGT,true,3,9,9,26,1,0,0,0,0,1,0,0,0,0,0,0,1,1,1,0,1,0,0,0,26,24,19,16,15,14,13,12,12,12,12,12,9
GAATGAACAAAACCTAAGGAC,TTTGAGAAAACTG,true,4,6,10,28,1,0,0,0,0,0,0,0,0,0,0,0,3,1,0,1,0,1,0,1,28,27,20,19,16,14,13,12,12,12,8,8,6
GCACCGATAGCCGCAAATAAA,AGATATGTGTTTA,true,4,3,17,31,0,0,0,0,0,0,0,0,0,0,0,0,3,2,1,0,3,0,2,3,28,21,17,15,14,13,13,12,10,10,8,6,3
ATGGCTCGGTTCCTATAACGG,TGTAACACCGCTA,true,2,4,3,12,0,0,0,0,0,0,0,0,0,0,0,0,1,0,0,0,1,1,0,0,10,8,8,8,6,5,5,5,5,5,4,4,4
TCCGGAGATTTGCAATCGATT,ATTCTTAATATGA,true,2,6,22,37,0,0,0,0,0,0,1,0,0,0,0,0,1,3,1,3,3,1,0,5,35,35,33,27,26,21,19,17,14,13,11,10,6
GCGGCAGACCAGCCATGCGGA,AGAAACGGTTCGA,true,3,8,3,21,0,0,0,0,0,0,0,0,0,0,0,0,1,2,0,0,0,0,0,0,20,17,16,16,16,11,11,9,9,9,8,8,8
AGCTCCATAGTGATTCATATA,AAAAAGTAGGATG,false,6,6,13,32,0,0,0,0,0,0,0,0,0,1,0,0,1,3,1,0,5,0,2,0,32,32,30,28,14,12,11,10,10,9,8,6,6
TTTGTCGGGGATGGTCCTGCA,AAATCAATGCTGA,true,4,6,13,30,0,0,0,0,0,0,0,0,0,0,0,0,1,1,0,2,1,3,2,3,29,28,23,16,13,13,13,12,9,8,7,6,6
TTTGCTGTTTTGCCTGAAGCA,GTGCGCCTTGTTC,true,2,9,6,20,0,0,0,0,0,0,0,0,0,1,0,0,0,0,1,1,0,1,0,0,18,16,16,14,14,14,13,12,12,11,11,11,9
AGAGATGACTCACAAAGCGAA,CGGGATTACGATA,true,3,12,16,41,0,0,0,1,0,0,0,0,0,0,0,0,2,2,2,0,1,0,6,1,34,33,31,21,19,17,16,14,13,13,13,13,12
GAAGAAAAAGTGAAGCGAAAA,AAAGTATTGATGA,true,7,3,4,15,0,0,0,0,0,0,0,0,0,0,0,0,2,0,0,0,2,0,0,0,13,12,9,4,4,4,4,4,3,3,3,3,3
CTAAGGAAGTGCTCACGACAG,AAGTGTATGATGT,true,2,10,11,32,0,0,0,0,0,0,0,0,0,0,0,0,3,2,2,3,0,0,1,0,29,27,22,21,17,16,15,14,11,10,10,10,10
TTTACCAGGCATATGATCAAA,GCCTTTCTTTGTG,true,3,14,17,45,0,0,0,0,0,0,0,0,0,0,0,1,2,4,0,0,0,4,0,4,40,39,33,31,30,24,22,22,20,16,14,14,14
TTGCTTACGTGCTGTACGGGT,TGTTTTTTTATTG,true,7,9,16,36,0,0,0,0,0,1,0,0,0,0,0,0,2,0,0,3,0,0,0,7,33,29,29,29,29,29,29,26,18,15,12,12,9
CTTGCGCATCACGCTTAACAC,CTTATATGACCGT,true,2,5,18,31,0,0,0,0,0,0,0,0,0,0,0,0,2,1,7,1,1,2,0,3,27,26,23,20,17,13,12,11,9,9,6,6,5
GCGAAGTCGAAGCGGTTCGTT,TGTTTGACGACGC,true,3,12,14,39,0,0,0,0,0,0,1,0,0,0,0,0,1,1,2,3,1,2,1,1,37,28,28,26,22,20,18,17,16,15,13,12,12
GCATAATAACGTTGAACAGTT,TTATGGTTAATAC,true,4,3,4,17,0,0,0,0,0,0,0,0,0,0,0,0,0,0,0,3,0,0,0,1,17,15,9,9,8,5,4,4,3,3,3,3,3
AGCAATATTACGATCTACGAT,GTAGCGAGAGAAG,true,2,5,18,27,0,0,0,0,0,2,0,0,0,0,0,0,1,0,2,4,2,0,2,0,24,22,19,19,19,18,18,17,16,14,13,9,5
CAAGTGTCCGATGCCGCTTGT,CAACAGTGCCACA,true,2,2,2,11,2,0,0,0,0,0,0,0,0,0,0,0,0,0,0,0,0,0,0,0,11,9,3,3,2,2,2,2,2,2,2,2,2
ATGTTTTCAGGAATAAATAGA,ATCGCGTTGTTAG,true,2,3,4,23,0,0,0,0,0,0,0,0,0,1,1,0,0,0,0,0,0,0,0,2,21,19,17,16,14,11,11,8,8,7,3,3,3
CAAAAGTACACGCTGACATCC,TTTTTTGGAACCA,true,6,6,12,25,0,0,0,0,0,0,0,0,0,0,0,0,1,1,1,0,0,0,4,2,22,21,19,19,18,14,14,10,9,9,9,6,6
ATTTAAAACGCCTTCATCCAA,AACGACGGCAAGA,true,4,9,18,38,0,1,0,0,0,0,0,0,0,0,0,0,1,0,1,0,6,0,5,0,37,29,25,24,23,23,22,16,15,15,13,12,9
TTTTTCGATCTGAACGGCGTA,GGCCGTTTTTTCT,true,6,11,10,36,0,0,0,0,0,0,0,0,0,0,0,0,2,0,0,0,0,2,2,0,30,25,25,20,16,16,15,15,15,15,13,11,11
CACACCGTCATTCATATCATT,GCAACCAGACAGC,true,2,10,12,32,1,0,0,0,0,0,0,0,0,0,0,0,4,2,1,0,1,2,0,0,30,30,29,27,21,18,17,17,16,14,11,11,10
CCGCATCGATAAACGCGGCTT,GTCCGCCCTGCTG,true,3,10,17,39,0,0,0,1,0,0,0,0,1,0,0,1,4,4,1,0,0,2,2,1,34,31,28,27,22,21,21,18,15,13,11,10,10
TTATTGGTTCGGCATGTCAGG,AACGTTAAAGCTA,true,3,8,12,27,0,0,1,0,0,0,0,0,0,0,0,0,2,0,1,3,2,0,2,0,26,22,20,19,19,19,14,14,14,10,9,8,8
AAGCTTTTACGGATATCATAA,GTTCTTTTCTCTA,true,4,8,16,33,0,0,0,0,0,0,0,0,1,0,0,1,0,1,0,4,0,3,1,3,28,28,25,22,20,20,19,16,12,12,11,9,8
CGTAAAAGCTGTTATCGTTCG,CACTAAAAGCGGA,true,4,11,13,30,0,0,0,0,0,0,1,0,0,0,0,0,4,0,1,1,2,2,0,1,28,26,24,21,21,21,20,17,13,12,12,11,11
ATCAAACCGCCAAGCTTCTCC,GTCACATATACAG,true,2,4,6,15,0,0,0,0,0,0,0,0,0,0,0,0,3,0,0,0,0,0,0,2,15,13,12,11,9,9,6,6,5,5,5,5,4
TTTTACGCCGCGCGATTCTAG,CAGATATGCCGCG,true,2,10,10,31,0,0,1,0,1,0,0,0,0,0,0,0,2,0,0,4,0,0,0,1,29,28,24,24,21,16,14,12,12,12,11,11,10
TGCGAGCCACCGCAGCGAATA,AAAGAACGGTCCT,true,4,11,7,34,0,0,0,0,0,1,0,0,0,0,0,0,3,0,1,0,1,0,0,0,34,33,29,24,23,20,16,16,12,12,12,11,11
CAGACCGTCTGTTTTTTTTTC,TTTAGCAGGGGCT,true,4,4,3,11,0,0,0,0,0,0,0,0,0,0,0,0,1,0,0,0,0,0,1,0,11,11,9,9,8,8,8,8,8,8,5,4,4
ATGTTTTTCACCGGTTCGCCG,TTATGGTCAGTGA,true,2,10,5,22,0,0,0,0,0,0,0,0,0,0,0,1,0,2,0,1,1,0,0,0,21,21,15,13,12,11,11,11,11,11,10,10,10
GAGTATGTTAACCGTTATGAT,TGCATCATTATTC,true,2,5,10,26,0,0,0,0,0,0,0,0,0,0,0,0,2,0,1,2,2,1,0,0,25,21,18,17,15,11,9,7,7,7,7,7,5
GAGGGTAAAATTTACAGATGG,ACATACATAAGGA,true,2,5,17,31,0,0,0,1,0,0,0,0,0,0,0,0,5,0,2,1,3,1,0,0,28,23,21,19,17,15,15,12,12,10,9,6,5
CGCGAATAATGTGACAGCAGG,TCCAATCTGCACA,true,2,4,4,12,0,0,0,0,0,0,0,0,0,0,1,0,1,0,0,1,0,1,0,0,10,9,8,8,7,7,5,5,5,4,4,4,4
CAGGTGGCATAAGATAACGCA,TTTCCATTTCCGC,true,3,3,4,14,0,0,0,0,0,0,0,0,0,0,0,0,1,0,0,0,0,0,1,0,13,12,11,10,9,8,8,8,7,6,6,3,3
AACGGGCAGAACAATGCATTG,AAGCCCGGGCGGA,true,3,6,10,29,0,0,0,0,0,0,0,0,0,0,0,0,0,1,1,0,0,4,1,0,28,26,22,22,22,15,14,14,11,9,9,8,6
CCTGATCTTGAGTACAGCGTG,ATTGCAGTAGGTG,true,2,11,5,25,0,0,0,0,0,0,0,0,0,0,0,0,2,0,1,1,1,0,0,0,24,21,19,18,14,14,12,11,11,11,11,11,11
TCTTTCTACCCAATGGTTTGT,GCGCATGCAGCCG,true,2,3,4,14,0,0,0,0,0,0,0,0,0,0,0,0,1,0,0,0,0,0,1,0,11,9,9,8,8,7,7,7,7,6,5,5,3
TAAGATGTAACACAGGAAAGA,TGGACAAGATAAG,true,2,6,20,27,1,0,2,0,0,0,0,0,1,0,0,0,4,1,2,0,3,0,2,3,24,24,22,19,18,17,15,13,12,9,7,7,6
CCTTCATGTAAAGGAACTGTA,ATCTAAATCATAT,true,3,11,6,26,0,0,0,0,0,0,0,0,0,0,0,0,1,2,0,1,1,0,0,1,23,20,19,18,17,16,15,14,13,13,12,11,11
AGCAGATGGTTTCGTCTTACA,CTTGATATAAACA,true,3,14,17,38,0,0,0,0,0,0,0,0,0,0,0,0,1,0,1,1,2,1,0,3,34,34,31,29,29,27,25,25,25,25,23,15,14
AACCGATGACCTGATCTGATT,CAGTGTCTTTGGC,true,3,14,14,45,0,0,0,0,0,1,0,0,1,0,1,0,1,0,0,3,0,2,4,0,37,35,32,32,29,28,24,20,20,20,19,15,14
CATCACCGACGGACAGATCTT,CCTGCAATCTGAT,true,2,9,10,28,0,0,0,1,0,0,0,0,0,0,0,0,1,1,0,3,0,0,0,1,23,21,20,16,16,15,15,13,13,13,12,12,9
CATCATGCGTTCACAAACAAT,TTTGATTTCTTCA,true,4,6,13,28,0,0,0,0,0,0,0,0,0,0,0,0,1,0,0,4,0,1,2,4,27,27,25,17,17,14,14,11,9,9,7,6,6
AAAGCCCGACCCTTCATCCTT,GGAATTCGGGAAG,true,3,10,18,42,0,0,0,1,2,1,0,0,0,0,0,0,1,2,5,2,1,1,1,0,37,34,32,29,27,24,22,18,18,13,11,11,10
CCGCAGCATTTTATGAAGGAA,AAGTGGAGGTGCT,true,4,7,8,24,0,0,0,0,0,0,0,0,0,0,0,0,4,0,1,0,0,0,2,0,22,20,15,14,13,12,11,10,8,8,8,8,7
TTTTTTCGATTCACAAAACAG,ATCATCGGCTATA,true,2,5,4,13,0,0,0,0,0,0,0,0,0,0,0,0,0,2,1,0,0,0,1,0,10,10,9,9,9,9,8,7,7,6,5,5,5
GCCTTAGCGGGCGATTCCACG,ATGACTAGATAAT,true,2,9,7,28,0,0,0,0,0,0,0,0,0,0,0,0,0,0,0,1,2,1,1,0,28,27,25,22,20,18,15,14,12,12,12,11,9
CCTTGTTCGTTTGGTGTAACG,GGTATCTTAATAT,false,3,3,5,18,0,0,0,0,0,0,0,0,0,0,0,1,1,0,3,0,0,0,0,0,18,18,5,5,4,4,4,4,3,3,3,3,3
AGGAAACGGACACTTTGACAC,GGCGCTTTGACTC,true,3,16,15,39,0,0,0,0,0,1,0,0,0,0,0,0,2,1,1,1,0,1,4,2,37,31,30,29,26,25,25,22,21,21,18,18,16
GAGAAAAATACGACGGAGCTG,TGCTTCCTGTATC,true,2,4,6,12,0,0,0,0,0,0,0,0,0,0,0,0,0,0,1,1,0,1,0,2,12,12,12,12,12,9,8,7,7,5,5,5,4
TAATTATTCTAAAGATATTGG,ACCATTTTTAAAG,true,5,4,4,20,0,0,0,0,0,0,0,0,0,1,0,0,0,2,0,0,0,0,0,0,17,15,14,6,6,6,6,6,5,5,5,4,4
TGTCTTTATTCTTAATATTCA,ATTTCTGCATGAT,true,3,8,12,26,0,0,0,0,0,0,0,0,0,0,0,1,0,2,3,1,3,0,0,0,25,24,23,22,18,18,18,18,13,13,12,10,8
TGCCCGAAGCATCGGCTCCTG,CTCCCCCCGTATG,true,6,7,6,23,0,0,0,0,0,0,0,0,0,0,0,0,0,0,0,1,0,1,1,2,21,18,17,17,16,16,16,11,10,8,8,8,7
GAATTGAGTGCAACTTCCACT,ATATATGAAAATG,true,4,3,6,11,0,0,0,0,0,0,0,0,0,0,0,0,2,1,0,1,2,0,0,0,11,11,11,10,9,7,6,6,6,5,3,3,3
CGTTTCTTTAAATGGATAGAG,GTTGACGACAACG,true,2,8,13,34,0,0,0,2,0,1,0,0,1,0,0,0,1,0,1,0,1,1,1,1,33,33,27,23,22,20,17,16,13,13,12,11,8
AAATAATCTCTCGGATATTCA,GCAGAAGTTAATG,true,2,10,15,31,0,0,0,0,0,0,0,0,0,0,0,0,2,0,1,3,3,0,1,3,29,29,29,24,23,22,21,21,18,16,14,11,10
AAACCATCACCATGGAGCAAA,ATGAGCTTGAGGA,true,4,9,9,33,0,0,0,1,0,0,0,0,0,0,0,0,3,1,0,2,1,0,0,0,29,25,21,18,15,15,15,14,12,11,10,9,9
CGTAAATCACGCTTGGAATGC,CGGCATTATACAG,true,2,5,8,23,0,0,0,0,0,0,0,0,0,0,0,0,0,0,1,3,1,1,1,0,20,19,15,14,14,13,13,11,10,8,7,6,5
CAGCTGAGCCTAAGCTGACAC,AGGCCTTGAAAGA,true,3,4,10,21,0,0,0,0,0,0,0,0,0,0,0,0,1,1,1,1,1,2,1,1,19,18,15,15,12,10,7,6,6,6,5,4,4
TTCTTCCTCTCTCATTGTTTA,TCACCTCAGCAAC,true,2,8,11,31,0,0,0,0,0,0,2,0,0,0,0,0,1,1,2,1,0,1,0,0,27,24,24,21,17,15,13,13,13,11,11,8,8
TTGAGCCGGCTGCCATTTTGT,ACACGTCAGGAAC,true,2,9,10,30,0,0,0,0,0,0,0,0,0,0,0,0,0,2,0,2,2,1,1,0,27,26,25,21,17,16,13,12,12,11,11,9,9
TTCAGGCGAATCCGCACAATG,CTTTGCCTCTATC,true,3,5,14,25,0,0,0,0,0,0,0,0,0,0,0,0,1,1,0,3,0,4,0,3,25,22,21,16,14,13,9,9,9,9,8,7,5
CGGGGATATGTCAGCAGGATT,TTGAAGCAGTTTG,true,4,7,16,33,0,0,0,0,0,0,0,0,0,0,0,0,0,1,1,5,0,0,1,6,31,21,15,15,14,13,12,12,12,12,11,8,7
TGTTGATGAAGAGTAAAAAAA,GCATGCGGTTCAG,true,7,3,6,11,0,0,0,0,0,1,0,0,0,0,0,0,1,0,1,2,0,0,1,0,9,8,7,7,7,7,7,4,4,4,3,3,3
AAAAGTATATATGAAGGAATC,CGAGCGGCAGGAG,true,2,9,13,29,0,0,0,0,1,0,0,0,0,0,0,0,0,1,1,0,1,3,5,0,24,24,23,20,19,17,15,15,15,14,11,10,9
CCTGCGCAGGATATGACCATA,TAGTCACACCTTC,true,2,11,10,31,0,0,0,0,0,0,0,0,0,0,0,0,1,0,0,1,1,2,0,1,29,28,26,24,24,22,19,18,18,16,16,15,11
ACTAAGGGGCGGAAACCCCCC,TAACACTTAGCAC,true,6,5,5,15,0,0,0,0,0,0,0,0,0,0,0,0,0,0,0,1,0,1,1,1,14,14,13,11,11,10,10,9,7,6,6,5,5
CGTGAGCTTCTTGAGGAGCAC,AACGCTCAGGATA,true,2,11,11,24,0,0,0,0,0,1,0,0,0,0,0,0,3,2,0,1,1,1,1,0,23,22,19,18,16,15,15,15,13,12,11,11,11
CGAGAGCACAGTATCGATATG,GATATCGAAAAAT,true,5,5,16,38,0,1,0,0,0,0,0,0,0,0,0,0,2,0,2,2,4,0,2,0,32,29,27,25,21,19,18,16,15,14,12,8,5
ACTCGTTGATCGTAAAATCTG,AGACACTGCCAAG,true,2,5,15,34,2,0,0,0,0,0,1,0,0,0,0,0,2,5,2,1,0,0,0,0,30,30,26,23,19,16,14,12,12,11,7,6,5
GAAGCGCTAAAGCTGAAAACA,CAAGAAAGTAAGA,true,3,5,16,28,0,0,0,0,0,0,0,0,0,0,0,0,4,2,0,1,4,0,0,0,24,22,19,18,18,18,15,12,11,10,10,7,5
AAACGAATCGGCAAGCTGACT,CAGTCATAATCAC,true,2,12,11,35,0,0,0,0,0,0,0,0,0,0,0,1,2,2,2,2,0,0,1,1,33,30,27,24,22,19,17,14,13,13,12,12,12
TGAGCGCTGCATCGATAAAGA,CGTGGAGCTCTTG,true,2,9,18,41,0,0,0,0,1,0,0,0,0,0,0,0,3,2,0,2,1,4,2,0,33,29,28,23,21,19,15,14,14,13,12,10,9
ACACACCGTTGATTGCGTTAT,TCCAACTTGTATC,true,2,7,5,23,0,0,0,0,0,0,0,0,0,0,0,0,1,0,0,2,0,1,0,0,21,17,16,14,12,12,12,11,11,10,8,8,7
TTTTCACATTGCTTGGATGTG,TACCGATCTCCAC,true,2,5,8,19,0,0,1,0,0,0,0,0,0,1,0,0,1,0,0,2,0,0,0,0,17,13,11,8,8,8,8,8,8,8,8,6,5
GTAGATGACCTTTTTAAAAAG,ATAAAAGCTGTGT,true,4,10,13,29,0,0,0,0,0,0,0,0,0,0,1,0,3,2,0,0,5,0,0,1,27,24,23,22,22,17,16,16,14,13,12,10,10
CAAGCGCTTTTTTCTGCCACA,TCCGCGAAATGGA,true,3,4,4,11,0,0,0,0,0,0,0,0,0,0,0,0,1,0,0,0,1,1,0,0,10,9,8,7,7,7,7,7,6,5,5,5,4
CAATTTTGTTAGATTCGCCTG,TCACCTGAACAAC,true,2,9,11,36,0,0,1,0,0,0,0,0,0,0,0,0,2,1,2,1,2,0,0,2,32,26,20,19,17,15,14,13,12,9,9,9,9
ATGAAGGACATTTCAATAAAA,TCAGCTCCCAACT,true,4,9,9,27,0,0,0,0,0,0,0,0,0,0,0,0,5,1,1,0,1,0,1,0,25,23,19,17,16,14,14,13,13,12,12,9,9
GGTGCGAATCGTAATACAAGA,GTCGATATTACCG,true,2,4,15,26,0,0,0,0,0,1,0,0,0,0,0,0,2,3,0,3,1,0,1,3,22,20,17,12,11,9,8,7,7,6,5,5,4
TTCAAGACATCATGTTGAGCA,AATCACTTTGGTC,true,3,8,7,23,0,0,0,0,0,0,0,0,0,0,0,0,2,1,0,1,1,0,0,2,23,22,17,16,15,13,13,12,9,8,8,8,8
TGATACCGTACCGTTAATTCC,TTCAGAAGAAACA,true,3,5,9,24,0,0,0,0,0,0,0,0,0,0,0,0,0,0,1,2,3,0,0,1,21,17,15,13,13,12,10,10,9,9,7,5,5
CAAAGCAGCCTTTGGCAATGA,ATGAAGTGTATGT,false,2,2,2,11,0,0,0,0,0,0,0,0,0,0,0,0,0,0,0,0,2,0,0,0,2,2,2,2,2,2,2,2,2,2,2,2,2
TACACCGCTTGGCGACCATGA,TGCTCAGGACACT,true,2,10,13,32,0,0,0,0,0,1,0,0,0,0,0,0,4,0,1,2,2,1,0,0,31,28,25,25,21,21,20,19,18,16,14,12,10
AAACAGATATGGCCTGTTATT,CGTAACTGCTGGC,true,2,5,12,28,0,0,0,0,0,0,0,0,0,0,0,0,0,0,1,2,0,1,4,2,19,17,15,15,13,11,11,10,10,9,9,7,5
AAATCAATCAGCAGCTGCAGC,TCGTGAGCAAACA,true,3,7,16,32,0,0,0,0,0,0,0,0,0,0,0,0,0,2,2,1,3,2,1,3,28,24,23,19,18,18,16,15,15,14,9,7,7
CCGGCAACCGGGTTAGATGAT,GTAACAAACGGGT,true,3,9,11,26,0,0,0,0,0,0,0,0,0,0,0,0,2,1,0,1,1,0,5,0,22,22,20,20,19,18,18,17,15,15,15,10,9
CTTGCACTTGGCCGTAACGTA,ATGGTCGGCTTCA,true,2,5,13,26,0,0,1,0,0,0,0,0,0,0,0,0,1,0,1,1,1,2,2,3,20,16,15,13,13,11,10,8,8,8,7,6,5
ACACCCGTATGCTTAATACAA,GCATTGAAGGCGT,true,2,4,10,27,0,0,0,0,0,0,0,0,0,0,0,0,4,1,2,0,0,0,0,0,24,22,21,19,18,18,16,14,13,11,9,7,4
TTCAGAAGCTGAAAGATTTTT,CATCCGTTTTGGT,true,5,8,12,36,0,0,0,0,0,0,0,0,0,0,0,0,2,1,1,4,0,0,0,2,27,25,21,20,17,16,16,16,15,13,11,9,8
CGCTGAATCTGTATTCCTCAC,TGTTGTTTCTCAC,true,3,10,8,29,0,0,0,0,0,0,0,0,0,0,0,0,1,0,0,1,0,0,1,3,25,20,20,18,16,13,13,12,12,12,12,12,10
CCCCTAAAGCGCTGCCAATAT,CTGTTTTCTGAGC,true,4,10,8,22,0,0,0,0,0,0,0,0,0,0,0,1,1,0,2,0,0,0,1,2,20,19,19,17,17,16,14,14,12,12,12,11,10
TACGGAATCAGTTTAACAAGA,CCGCAGGCCATTG,true,2,6,8,23,0,0,0,0,0,0,0,0,0,0,0,0,2,0,1,1,0,2,1,1,23,18,16,12,12,11,10,9,7,7,7,6,6
AGTCGTTTCCACTTATTCATG,CTGTCACCCTACT,true,3,3,8,18,0,0,0,0,0,0,0,0,0,0,0,0,1,0,1,2,0,3,0,1,13,12,12,12,11,10,9,9,6,5,3,3,3
AGAAATAGAAAATATCATGAG,CGGCCATGATACT,true,2,4,8,21,0,0,0,0,0,0,0,0,0,0,0,0,0,3,0,0,0,1,2,0,19,15,12,11,9,7,7,6,6,6,6,6,4
TTGCAAATCGCTGATCGAAAT,ATCTCTTCGTCCT,true,2,14,13,38,0,0,0,0,1,0,0,0,0,0,0,1,1,1,1,2,0,4,1,1,36,32,31,29,25,24,21,20,18,17,16,14,14
AAGGAAACACGTATCATAAGA,TTGAAACAGAAAC,true,3,6,8,21,0,0,0,0,0,0,0,0,0,0,0,0,2,0,1,2,0,0,0,0,19,16,15,15,15,12,12,12,12,12,10,8,6
ATTATTGGAGAGCTGTCCGAG,TGGTCGAAGGAGC,true,2,8,7,21,0,0,0,0,0,0,0,0,0,0,0,0,1,1,0,1,1,0,2,1,19,19,17,17,14,12,12,11,9,9,9,8,8
GGTCAGCTTGATCTCTTAATC,ACAACAACAATAT,true,2,4,16,31,0,0,0,0,0,0,0,0,0,0,0,0,5,4,0,0,6,0,0,0,26,21,20,16,12,12,8,6,5,5,5,4,4
GAGGCTGTCTACTTCCCGGGC,ACGTATGACCGCA,true,2,9,10,33,0,0,0,0,0,0,0,0,0,0,0,0,3,1,1,0,0,1,0,0,30,23,22,22,21,18,17,16,16,15,14,13,9
TAAACTTCGTCGGTATGTTTT,GTAAACAGACCAC,true,4,11,7,33,0,0,0,0,0,0,0,0,0,0,0,0,0,2,2,1,0,0,0,1,25,22,22,22,20,17,15,14,12,12,12,12,11
AGCGAAGGACCCGCAAAACAC,GCTAAGAAGTGCG,true,2,4,13,26,1,0,0,0,0,1,0,0,0,0,0,0,0,0,0,3,3,0,3,0,23,22,21,19,17,14,12,11,9,9,6,5,4
TGAAACAAGTGGTTGCAGCGA,AAAACGCAACTGT,true,5,9,10,25,0,0,0,0,0,0,0,0,0,0,0,0,4,1,2,1,1,1,0,0,24,24,24,21,18,18,15,15,13,9,9,9,9
GAGGAGGAAAAGAGAAGATTT,TTATGCGGCGTAC,true,5,1,0,11,0,0,0,0,0,0,0,0,0,0,0,0,0,0,0,0,0,0,0,0,5,4,2,1,1,1,1,1,1,1,1,1,1
GATCGTTTATGTAAAAATGAC,GGACGCCGAAAAT,true,4,11,7,31,0,0,0,0,0,0,0,0,0,0,0,0,0,2,1,1,1,1,1,0,29,25,24,23,20,18,15,14,14,14,13,11,11
GCAAACCTTTACTGCGGGAGA,AAAGAAAGAGCCA,true,4,8,12,25,0,0,0,0,0,0,0,0,0,0,0,0,5,0,1,0,2,1,2,0,25,24,21,14,14,14,13,11,11,10,10,9,8
TAATGCCGTCTGTCACTGCAG,CTGAGGCTCCCTG,true,3,8,6,24,0,0,0,0,0,0,0,0,0,0,0,0,1,1,1,0,0,0,2,1,23,22,18,18,17,12,12,10,9,9,9,8,8
AATATGCGCCGAATCATAGAG,TGACAGAGCCATG,true,2,9,21,39,1,0,0,0,0,0,1,0,0,0,0,0,4,2,2,1,2,3,1,2,35,35,33,31,28,26,21,17,16,12,11,11,9
CCTTTTTTGCCTGTATCCCAT,TTGATGTCTCCGT,true,3,8,10,26,0,0,0,0,0,1,0,0,0,0,0,1,1,2,1,2,0,2,0,0,26,23,19,17,16,16,15,11,10,10,8,8,8
ATTAACATAGGATCAATAATC,ATTAAATTCACCT,true,3,7,14,31,0,0,1,0,0,0,0,0,0,0,0,0,2,2,1,2,4,1,0,1,30,27,24,18,18,13,10,10,10,9,8,7,7
TTGTCGGTTTTTTTGTTGGAA,AAAAATAGAGATA,true,7,6,7,24,0,0,0,0,0,0,0,0,0,0,0,0,2,1,0,1,2,0,1,0,23,22,21,21,16,11,9,7,6,6,6,6,6
TCAGCGCGGACTCAAAACGGT,CAAAGAAGCAATC,true,3,6,7,24,0,0,0,0,0,0,0,0,0,0,0,0,2,0,2,0,2,0,1,0,22,21,19,17,14,12,9,8,8,8,7,6,6
TGCGATTGTCAGCAGAGGCGT,CAAGGAAAGCACA,true,3,9,13,30,0,0,1,1,0,0,0,0,0,0,0,0,3,1,0,0,1,0,1,0,29,27,24,21,19,19,19,17,15,12,12,10,9
CGCAAATCAGATATTGATGCT,TCACTTTCCCAGC,true,3,6,16,31,0,0,0,0,0,0,0,0,0,0,1,0,3,0,0,1,0,5,1,5,28,27,27,23,22,21,17,16,15,8,8,6,6
CCTGCCTGTAAGACTGGGAAT,AACTCCGGGAAAC,true,3,7,7,15,0,0,0,0,0,0,0,0,0,0,0,0,1,1,0,0,0,2,1,0,15,14,11,11,11,10,10,10,9,9,9,8,7
CGACGGGAAAACCGTTTTTTC,AAATGAAGTGTTC,true,3,3,12,22,0,0,0,0,0,0,0,0,0,1,0,0,1,1,1,1,2,0,2,0,20,20,17,14,13,13,10,7,7,7,6,4,3
GTAAGCTTTAGAGCTTTCCAG,TTGCTCGTATAAC,true,2,7,11,28,0,0,0,0,0,1,0,0,0,0,0,0,1,1,1,3,1,0,0,1,24,22,19,19,17,14,12,10,10,10,10,8,7
GATTGAAACCGTCCCTACCCT,TATGGTCGTTGAT,true,2,5,9,19,0,0,0,0,0,1,0,0,0,0,0,1,0,0,2,1,0,0,1,3,16,14,12,11,10,8,8,8,7,7,5,5,5
TGATCAAGATGATGGTGAAAA,CATTCAGGTCATG,true,4,11,14,36,0,0,0,0,0,1,0,0,0,0,0,2,3,1,0,2,0,0,3,1,31,30,28,27,23,23,20,14,12,12,12,12,11
CAGGGGATTCCCGCCCATTTT,CGTTCCGAGTCTC,true,4,3,6,18,0,0,0,0,0,0,0,0,0,0,0,0,0,2,1,1,1,0,1,0,16,13,11,10,8,8,7,5,5,4,4,3,3
GCCGGCACCATCGCATTTATC,GGGCTGATCATTC,true,3,6,5,20,0,0,0,0,0,0,0,0,0,0,0,0,0,1,0,0,0,1,0,0,19,19,17,14,14,13,13,12,11,11,9,9,6
TGTAAAACAGGTCGCCGTTTT,CCATCCCGGCTCG,true,4,5,13,32,0,0,0,0,0,0,0,0,0,0,0,0,1,0,3,4,0,4,0,0,26,22,20,17,14,13,9,8,8,6,6,6,5
AGAGCGAATGTCGGATCTGTT,GCTGAAGGTGCTG,true,2,8,11,36,0,0,0,0,0,1,1,0,0,0,0,0,1,1,1,2,0,0,1,0,30,26,23,22,22,22,19,17,14,13,12,11,8
GTTCCAGAACTTTCATTTGTC,GGTGTGTGCAGAG,true,2,8,9,28,0,0,0,0,0,1,0,0,0,0,0,0,0,0,4,0,0,1,2,0,26,21,20,19,17,17,16,12,9,9,9,9,8
CCTCTGACCGTTCGTTTTTCC,ACAAGTCAAAGGA,true,3,6,6,21,0,0,0,0,0,0,0,0,0,0,0,0,0,0,0,1,2,1,0,0,21,20,17,15,13,13,11,10,10,9,8,7,6
AAGGCGTCAGCTTGCAATTCC,TTAAAGCTGTGAG,true,3,3,4,12,0,0,0,0,0,0,0,0,0,0,0,0,0,0,0,0,3,0,1,0,12,11,11,10,4,4,4,4,4,4,3,3,3
TGAAAATCGGACAGGATCAAT,CGCTTTCCCGTGT,true,3,2,5,11,0,0,0,0,0,0,0,0,0,0,2,0,0,0,0,1,0,0,0,2,11,10,8,8,7,3,2,2,2,2,2,2,2
TTATATTTCAATACTTAGAAC,AGCCAAGAAGCTG,true,2,6,9,20,0,0,0,0,0,1,0,0,0,0,0,0,3,1,0,0,1,1,0,1,18,16,16,14,14,12,11,11,10,9,8,7,6
GTTTAATTCAACGTACAATCT,GATCATGAAAGAC,true,3,9,11,30,0,0,0,0,0,0,0,0,0,0,0,0,2,0,1,1,4,0,2,0,29,29,29,26,23,22,18,17,17,16,11,10,9
GAATTTGTCAGAGCCTGATCC,CCCGGCGTATCCA,true,5,11,10,34,0,0,0,0,0,0,0,1,0,0,0,0,0,0,0,1,0,5,3,0,32,30,21,21,18,17,14,14,13,12,11,11,11
TATTCAGCAGGCGCTTAACCA,ATATGCAGATTCA,true,2,6,9,24,0,0,0,0,0,0,0,0,0,0,0,0,0,1,0,1,2,2,0,2,21,19,17,16,13,10,9,9,9,9,7,6,6
TTATCATAAGAGTTAAGCCAA,CTATATCATATTA,true,2,6,14,32,0,0,0,0,0,0,0,0,0,0,0,0,2,0,3,5,1,1,0,0,24,24,23,21,17,16,14,14,13,9,8,7,6
AACGCCGTACCACCAAAACTT,GCAAAAGTCATCG,true,4,4,9,15,0,0,0,0,0,0,0,0,0,0,0,0,4,0,1,1,2,0,0,1,15,13,13,13,13,12,8,7,6,5,4,4,4
TGCCATCATTGTCGCTTTCGT,GATTCCGGAGGTA,true,2,5,12,27,0,0,0,0,0,0,0,0,0,0,0,1,0,1,1,1,0,1,6,0,22,19,18,16,15,13,12,10,10,9,6,6,5
ATGTTCCATGTACTGCCGCTA,CTGCACAAGAAGA,true,2,7,6,20,0,0,0,0,0,0,0,0,1,0,0,0,2,1,0,0,0,1,1,0,16,16,15,14,10,9,9,9,8,8,8,7,7
ACTTTTTTATGAAAAAAAGGG,CAAGCAGAAAGTA,true,3,6,4,12,0,1,0,0,0,0,0,0,0,0,0,0,1,1,0,0,1,0,0,0,11,11,10,8,8,8,7,6,6,6,6,6,6
GCAAGAGCAATAAGCCTCAGC,AAGCCCTTGCCAT,true,3,2,6,11,0,0,0,0,0,0,0,1,0,0,0,0,1,1,1,1,0,1,0,0,9,8,7,5,4,3,3,3,3,3,3,2,2
CAAGAAATTAATCCTGAATCA,TATGCGATTTGTA,true,3,11,14,35,1,0,0,0,0,0,0,0,0,0,0,0,1,1,3,3,0,0,1,3,34,33,31,25,23,21,20,20,20,16,12,11,11
GATACTTCACCGCTTCGGCCT,GAAGGGAACCGAT,true,3,9,9,25,0,1,0,0,0,0,0,0,0,0,0,0,2,0,0,1,2,1,1,0,25,24,22,19,17,13,13,12,11,10,10,10,9
TTTCACATCAGCAAAGGCGAA,ACCGTCGCGCTTG,true,3,8,15,33,0,0,0,0,0,0,0,0,0,0,0,0,6,4,1,1,1,0,0,2,27,21,20,16,14,11,9,9,9,8,8,8,8
GGTCTCGAAGAAAAAGAAATC,TCGGCAACGGTTA,true,2,8,6,23,0,0,0,0,0,0,0,0,0,0,1,0,1,0,1,0,0,0,0,0,18,16,16,13,12,12,12,11,11,11,11,10,8
TTTTTGAATTCTTCAGGATAG,ACTTGAAGCGCGT,true,2,20,15,47,0,0,0,0,1,0,1,0,0,0,0,0,1,2,2,2,2,2,0,1,45,42,40,38,36,34,32,28,27,27,22,21,20
GAAAAAAGTTGATAACGCGGT,GATCACTGCTTAT,true,2,8,8,26,0,0,0,0,0,0,0,0,0,0,1,0,0,1,1,1,1,1,0,1,24,20,18,15,15,13,11,10,10,10,9,9,8
CGCTTCTTCCCTGATTTCGAT,TCTGAGCGGGATG,true,3,4,8,28,0,0,0,0,0,0,0,0,0,0,0,0,2,0,1,2,0,0,2,1,23,20,19,17,17,11,9,9,8,6,5,4,4
AAAAATTAAAGGCTTAGCAGA,GGAAGCGGAATTC,true,2,2,3,11,0,0,0,0,0,0,0,0,0,0,0,0,1,0,0,0,1,0,1,0,11,8,8,7,5,4,4,3,2,2,2,2,2
CAAGGTTAACAAGGTAGCTCA,CGCCGTAAGAAAT,true,3,7,5,21,0,0,0,0,0,0,0,0,0,0,0,0,0,0,0,0,1,2,1,0,19,17,15,11,9,9,9,8,8,8,8,8,7
ATGGAAATGCTATGAGGATTT,ACCATGTGAGGAC,true,3,7,7,25,0,0,0,0,0,0,0,0,0,0,0,0,0,0,1,1,1,0,3,0,22,19,19,18,16,12,12,11,9,9,9,7,7
TACAGATATTGAACAAATGAT,TTACAGCTATCTA,true,3,13,14,41,0,0,0,0,0,0,0,0,0,1,0,0,4,0,0,2,2,0,1,3,39,33,28,24,24,21,20,18,17,15,14,14,13
GGTATTCCAGAAAGGCCTGTT,CGCAGCAATCCAG,true,2,4,11,26,0,0,0,0,0,1,0,0,0,0,0,0,2,1,2,2,0,1,0,0,19,18,17,16,15,13,11,9,8,7,6,5,4
TTCGCACTTCGGTCCGCTTCC,CCCCGCCGGAGAT,true,6,4,6,19,0,0,0,0,0,0,0,0,0,0,0,0,0,2,0,0,0,2,2,0,19,16,13,9,7,7,6,6,5,5,4,4,4
GTATCTGTTTCGACTGTTTCA,CGAGTATTGAATC,true,2,12,20,40,0,0,0,0,0,0,0,0,0,0,0,0,3,2,3,3,2,1,1,2,35,31,29,28,27,26,26,21,20,20,16,15,12
TTACCGGGATCAAATGCGGCT,TTCATCGCTTTCA,true,3,9,3,20,0,0,0,0,0,0,0,0,0,0,0,0,0,0,0,1,0,0,0,1,20,16,15,14,14,13,13,11,11,11,10,10,9
AAACCCGGGTGAATCAGCTCC,TCCGCCTGCCGCT,true,2,9,15,30,0,0,0,0,0,0,0,0,0,0,0,0,2,1,2,1,0,5,1,1,29,29,27,25,22,21,19,18,18,13,12,9,9
TTTCTCTGATTGTTCCTGACA,TTAACGGGCTTTC,true,3,5,9,19,0,0,0,1,0,1,0,0,0,0,0,0,2,0,0,0,0,0,2,0,16,15,15,14,14,12,11,8,8,8,8,7,5
ACCCCTGAAAAAGTTAGATGA,GTGTTTAGCCATG,false,3,3,7,23,0,0,0,0,0,0,0,0,0,0,0,0,0,1,0,3,1,0,1,0,22,22,20,19,18,17,5,5,5,5,4,4,3
GCGATAAAAAAGCAGCTTGGA,AAAATCGCGCACT,true,5,7,14,31,0,0,0,0,0,0,0,0,0,0,0,0,3,4,1,1,1,1,1,0,30,30,28,25,18,16,12,11,11,10,10,9,7
CAGATCAGCCGAGCTGCAAGT,ACAGAGCAAAATA,true,4,11,10,32,0,0,0,0,0,0,0,0,0,0,0,0,0,1,2,3,2,0,0,0,27,26,26,23,20,19,16,16,16,14,12,12,11
TTCAAAAATAAAAGCAATCGA,CATCACGATTGCT,true,2,10,13,34,0,0,0,0,0,1,0,0,0,0,0,0,4,0,3,1,1,2,0,1,29,28,27,23,21,17,16,15,14,12,11,10,10
CATTGATGATTGCCAGGATGT,TTTGTGATGGTGC,true,4,5,7,20,0,0,0,0,0,0,0,0,0,0,0,0,1,1,0,2,0,0,1,1,19,19,16,9,9,8,8,7,7,7,7,6,5
CGGTAACCCTCGACACAAGCG,AAATTTCGAACCG,true,3,6,11,26,0,0,0,0,0,0,1,0,0,0,0,0,6,0,0,2,0,1,0,1,25,25,24,15,15,13,10,10,10,10,8,6,6
TCTCTACAATTTCTTCCATCG,AGTGTCCGTCAAT,true,2,7,9,26,0,0,1,0,0,0,0,0,0,0,0,0,1,0,1,1,0,1,2,0,22,19,16,15,15,14,12,10,10,9,9,8,7
CCCCAATCGATCTTATTTATC,GTGCTTTCTTCCT,true,3,7,6,23,0,0,0,0,0,0,0,0,2,0,0,1,0,1,0,1,0,0,0,1,23,23,23,21,19,17,14,10,8,7,7,7,7
GCCGCAAACGGTTTTTTCAAT,CGCATGTTCACGC,true,2,10,10,31,0,0,0,0,0,0,0,0,1,0,0,0,1,1,1,2,1,0,2,0,28,27,25,24,22,19,19,19,15,13,12,11,10
ATACAGCCTCGTCTCACAGCC,AGCCGAAGCTTTG,true,3,12,10,34,0,0,0,0,0,0,1,1,0,0,0,0,2,0,1,1,1,0,2,0,33,31,27,23,22,21,19,13,13,13,13,13,12
TCCATAACACGCTCTTCCCCG,AATTGTTCGTAGA,true,2,4,5,12,0,0,0,0,0,1,0,0,0,0,0,0,0,0,0,1,0,0,0,0,11,11,11,11,11,11,10,9,8,8,7,5,4
GAGATCACGCCAAAAATAATT,CCGCTTGCCACAC,true,2,8,13,32,0,0,0,0,0,0,1,0,0,0,0,0,0,0,3,3,2,3,0,0,28,24,23,19,18,18,16,15,12,10,10,8,8
GAAAAAAGCGTTTTTTCGGTC,CCATTATTTTGGC,false,4,1,1,12,0,0,0,0,0,0,1,0,0,0,0,0,0,0,0,0,0,0,0,0,11,2,2,1,1,1,1,1,1,1,1,1,1
TCTTGAATGACTTTTCGAGTG,CGATTTCAGCAGC,false,3,4,4,23,0,0,0,0,0,0,0,0,0,0,0,0,0,4,0,0,0,0,0,0,23,5,5,5,5,5,4,4,4,4,4,4,4
TGAACCGATGCGGATGGATTC,ACCAGCCTCAATA,true,2,8,12,32,0,0,0,0,0,0,0,0,0,0,0,0,1,1,0,0,1,3,0,0,29,26,22,20,19,19,17,14,14,14,13,9,8
TAGAAAAATGATTTTTTTTGC,TCCCCATTTGTGA,true,4,7,11,23,0,0,0,0,0,1,0,0,0,0,0,0,2,1,1,0,0,2,1,2,20,19,18,18,14,13,12,11,10,9,9,8,7
TATCTACAATTTTGAAGGAAG,GCGTAATGCCCAT,true,3,11,13,31,0,0,0,0,0,0,0,0,0,0,0,0,0,1,2,1,2,2,3,0,26,24,23,23,21,20,20,18,16,16,14,13,11
TTTTATGAATGCATGCCACTG,CCAGAATCCGAGA,true,2,14,19,44,1,0,1,0,0,0,0,0,0,0,0,0,2,2,2,0,0,4,2,0,41,35,34,30,30,27,26,25,23,20,18,14,14
ATATGTTACTGCTGGTAGGAT,TGCTGCTGGAATG,true,2,7,12,26,0,1,0,0,0,0,0,0,0,0,0,0,2,2,2,1,0,0,3,1,22,21,19,19,16,16,15,14,9,8,8,7,7
CTTCGGTGAAGCATCAAGTCC,TTTAGAATTAATA,true,3,9,6,22,0,0,0,0,0,0,0,0,0,0,0,0,1,0,1,0,0,0,0,2,21,20,17,14,14,14,13,12,12,12,11,10,9
TATTATTTTTTTTATTTTATT,TTTCCAAAGACAC,true,5,1,0,15,0,0,0,0,0,0,0,0,0,0,0,0,0,0,0,0,0,0,0,0,11,8,6,1,1,1,1,1,1,1,1,1,1
AGTAATCTGATTTTCCAATGT,ATCCAAAAGCATC,true,4,7,22,37,0,0,0,0,0,0,0,0,0,2,0,0,4,0,1,2,7,3,0,0,34,30,30,25,25,25,25,19,16,15,13,8,7
AAGCAAATGGATTGTTAGAAT,ATGGAGCAAGCGT,true,2,6,12,29,0,0,0,0,1,0,0,0,0,0,0,0,1,0,6,0,2,0,1,1,26,24,24,20,18,16,13,13,9,8,7,6,6
GAAAAGCGGCAGACATCATAA,AGGCGCTTATCGC,true,3,9,11,26,0,0,0,0,0,0,0,0,0,0,0,0,2,2,1,2,1,1,0,1,23,22,20,17,17,15,14,14,13,12,10,9,9
CTTTCATTAAAAAAGAGAAGG,AACTTTGTTAAAG,true,3,2,2,11,0,0,0,0,0,0,0,0,0,0,0,0,0,2,0,0,0,0,0,0,11,10,8,7,2,2,2,2,2,2,2,2,2
CGTGGCGTTTCGAAGCGAAGG,TCAAAGAAAAAAT,true,6,10,7,21,0,0,0,0,0,0,0,0,0,0,0,0,0,0,0,0,4,0,0,1,19,19,17,17,15,15,15,15,15,15,15,12,10
TGAATCCCCTGTCTCTGATTC,CCCGTCCGGAAAC,true,4,8,7,24,0,1,0,0,0,0,0,0,0,0,0,0,0,0,2,0,0,1,1,0,23,23,17,15,14,14,14,14,13,11,11,10,8
CCCTTGACGTTGCAGCTCCGC,TACCGTTTTTCTC,true,5,10,7,28,0,0,0,0,0,0,0,0,1,0,0,0,1,0,0,0,1,1,0,0,28,24,20,15,15,15,14,14,14,14,12,12,10
AGCTGTGAAGGTACCGGTTCA,AAGGTCGTCGATC,true,3,5,12,26,0,0,0,0,0,0,0,0,0,0,0,0,2,1,1,1,0,1,3,2,24,22,19,16,13,11,10,8,8,7,7,6,5
AATGGCTTCAAGAAGGCGCGG,CTGTTTACATTTG,true,3,9,11,29,0,0,0,0,0,1,0,0,0,0,0,0,2,2,1,1,0,0,0,2,26,22,19,19,18,17,15,13,13,12,12,10,9
CTCCATTACTGAATTAATTGG,GAATACGCCAATC,true,3,6,9,23,0,0,0,1,0,0,0,0,0,0,0,0,0,1,2,0,1,1,3,0,18,14,14,13,13,11,9,9,8,7,6,6,6
CTTTTTTCATTGTAGTGTTAG,GCGGAAATCACTA,true,3,6,7,20,1,0,0,0,0,0,0,0,0,0,0,0,0,0,1,0,1,0,2,1,18,16,13,12,12,12,9,9,9,8,8,7,6
ATCTTCAAACAGCAAACGCAG,TGCTAATGCTTCT,true,2,11,12,34,0,0,0,0,0,0,0,0,0,0,0,0,2,3,1,1,1,0,1,1,33,32,29,28,27,24,19,15,15,14,13,11,11
AAATGATTGAACGCAATAAAG,GAATGAATAACTG,true,2,7,13,28,0,0,0,0,0,0,0,0,0,0,0,0,1,0,1,3,3,0,3,2,24,24,22,20,14,13,10,10,10,8,8,7,7
ATGGCGGGTCGTCCGGCACGA,AAAAACTCCCGGC,true,6,2,3,11,0,0,0,0,0,0,1,0,0,0,0,0,2,0,0,0,0,0,0,0,10,10,10,9,9,3,3,3,3,2,2,2,2
GGGCGAGCAAATCCAGCAATG,GCCGCAGTACCAC,true,2,4,2,12,0,0,0,0,0,0,0,0,0,0,0,0,0,0,1,1,0,0,0,0,8,8,7,7,7,6,6,6,5,4,4,4,4
ATTTCTTTGTTTTTGTATTCT,CCATGAGAGGAAG,true,2,2,2,12,0,1,0,0,0,0,0,0,0,0,0,0,0,0,0,0,0,0,0,0,12,11,7,6,5,5,4,4,4,4,3,2,2
TTTTTAAGGCAAGTATTGTCA,CATTATTTCTCAG,true,3,6,4,13,0,0,0,0,0,0,0,0,0,0,0,0,1,0,0,1,0,0,0,0,11,11,11,10,8,8,8,8,8,8,8,6,6
TTCTTGTGTATTTGCTTCTCT,TTTTCGCGGTCAT,true,5,11,17,43,0,0,0,0,0,0,0,0,0,0,1,1,0,0,1,4,0,0,6,4,41,40,38,30,26,23,21,19,13,12,11,11,11
TTATGTCACATTTTGATATTG,TTATCATTTTGCT,true,4,5,11,23,0,0,0,0,0,0,0,0,0,0,0,0,0,0,1,6,0,1,0,2,23,22,16,16,14,14,14,14,13,11,7,5,5
AAAATTAAAAAATACAAAAAA,ACCAAATTATTTA,true,7,2,4,22,0,0,0,0,0,0,0,0,0,0,0,0,2,0,0,1,0,1,0,0,14,7,6,5,5,4,3,3,2,2,2,2,2
AAACTCGTCATTATGGTATTG,CTCTACTTTATCG,true,3,10,6,20,0,0,0,0,0,0,0,0,1,0,0,0,1,0,1,3,0,0,0,0,20,18,16,15,15,13,13,13,13,10,10,10,10
AAGGGGAACGGTCCCAGAGCT,TTTCTGTGTCTGC,true,4,9,2,16,0,0,0,0,0,0,0,0,0,0,0,0,0,0,0,1,0,0,1,0,16,16,16,15,14,12,12,9,9,9,9,9,9
TACACCGCTTGTGAGATTGAA,TCGGCTTCAGCCG,true,2,3,11,21,0,0,0,0,0,1,0,0,0,0,0,0,2,0,3,0,0,0,3,2,18,14,14,11,9,9,8,8,7,5,3,3,3
TCCGAAGCTCTTTGCCGGCGA,AAAAGGTCACTTC,true,5,4,11,30,0,0,0,0,0,0,1,0,0,0,0,1,3,1,1,1,0,0,2,0,30,28,27,23,16,14,11,10,9,6,6,5,4
TTCCCATATTGACGGCATATA,CAATCATCGTTTA,true,3,7,7,22,0,0,0,0,0,0,0,0,0,0,0,0,2,0,0,2,1,1,0,0,22,20,18,16,13,11,10,8,8,8,8,8,7
AGACATTCTGATTCTCAATAT,CCCTTACTACACA,true,3,8,14,31,0,0,0,0,0,0,0,0,0,0,0,0,2,1,0,3,0,6,0,2,29,28,22,21,17,14,13,13,11,8,8,8,8
TGGTCCCCATAATTTCATCCC,AATCCAAATTGTC,true,3,5,2,12,0,0,0,0,0,0,0,0,0,0,0,0,0,0,0,0,1,1,0,0,12,12,11,11,10,9,8,7,7,6,5,5,5
AGGCGTAGACATCTTCTGCAA,TTTCTCAATGATG,true,3,3,14,29,0,0,0,0,0,0,0,0,0,1,0,0,2,2,2,3,0,0,0,4,23,22,17,15,15,15,13,10,6,5,4,3,3
GTCTCCTGTATTCTCGGCTTT,ATAAGTGATTTGA,true,3,6,12,35,0,0,0,0,0,0,0,0,0,1,0,0,1,2,0,2,2,0,0,3,27,26,22,21,19,17,14,14,11,10,8,7,6
TAATCAGTTTGAATCTAATAT,GCAAGAAAGGAAG,true,3,9,12,29,0,0,0,0,0,1,0,0,0,0,0,0,1,1,1,3,3,0,1,0,26,23,23,21,19,18,18,15,13,12,10,10,9
AATAAGATGATGTGTCTGATC,AAAAAAACGGCCT,true,7,6,9,20,1,0,0,0,0,0,0,1,0,0,0,0,4,0,0,0,2,0,0,0,20,20,20,20,19,18,15,8,8,8,7,6,6
GTCTCCGTAATCAGACGTGAT,GCTTGTGACAAGC,true,2,11,11,22,0,0,0,0,0,0,0,0,0,0,0,1,1,0,1,2,0,0,2,1,21,20,19,18,16,16,16,16,15,15,15,12,11
CCGTTCATCAAGTGTTTGAAG,AACAAGCGCAGCG,true,2,10,7,21,0,0,0,0,0,0,0,0,0,0,0,0,1,0,2,0,0,2,1,0,20,20,17,17,15,14,14,14,12,12,11,10,10
CTCGAAGAAAGGCTGAAAAGG,GTTTATCAGTTAT,true,3,5,10,30,0,0,0,0,0,0,0,0,0,0,0,0,2,1,2,1,0,0,0,2,26,24,23,21,16,13,9,8,7,7,7,5,5
TCACCCATCCAAGATTTAAAA,TTAAGAACAGGCA,true,4,7,9,26,0,0,0,0,1,0,0,0,0,0,0,0,0,1,0,2,2,1,0,1,23,22,20,17,16,15,12,10,9,9,8,8,7
TGTCGGACTTTGCGGCATACC,CGCAAGTGTCGCA,true,3,18,9,30,0,0,0,0,0,0,0,0,0,0,0,0,0,1,0,1,0,3,1,2,27,25,25,24,24,23,21,21,21,20,19,19,18
GCATTTGCAATGACGGATCAA,GATACAGCTCCGT,true,2,11,14,36,0,0,0,0,0,0,0,0,0,0,0,0,5,1,2,1,1,1,1,2,30,29,26,25,23,22,20,18,15,13,12,11,11
AAGTGGGATGACGTCAAATCA,TCATGCCCCTATG,true,4,1,4,17,0,0,0,0,0,0,0,0,1,0,0,0,0,0,0,1,1,0,0,0,15,13,13,13,12,11,11,9,8,7,2,2,1
CGTATTTTTCTCGATGAAGTC,TTTGATCTCTTTA,true,3,3,5,11,0,0,0,0,0,0,0,0,1,0,0,0,0,0,0,1,0,0,0,2,11,11,9,7,6,6,5,5,5,5,5,4,3
TCTATCAACGGCAGATGATAA,TGAGGAAACCGTC,true,3,3,4,11,0,0,0,0,0,0,0,0,0,0,0,0,0,0,0,0,2,0,2,0,11,11,11,10,8,8,8,4,4,4,3,3,3
AAAGACGTGTTAACTGTTTGA,ATGAGGCGCTGAT,true,2,15,13,40,0,0,0,0,0,0,0,0,0,0,0,0,4,2,0,0,1,0,3,1,35,27,27,26,24,23,23,19,19,17,17,16,15
TCCCCTCCCGAGAGTCCCTCT,GACTGTTATTATA,true,2,6,9,18,0,0,0,0,0,0,0,0,0,0,0,0,0,1,1,0,2,0,2,1,18,16,16,16,14,13,12,10,10,9,7,6,6
TCAGCTTCTTCACTTTTATCC,TTCGGCGTACTGA,true,2,8,8,22,0,0,0,0,0,0,0,0,0,0,0,0,1,1,1,1,0,0,1,0,22,20,18,17,15,15,13,11,11,11,11,10,8
CCCGAAATGCACAGCCGAATG,GACGAAAAGTCAT,true,4,6,13,24,0,0,0,1,0,1,0,0,0,0,0,0,2,1,1,0,3,0,2,1,21,20,19,19,18,17,17,14,8,7,7,7,6
TTGACGGCGGACGCTTGATTA,TCGGTGTATCAAT,true,2,2,0,12,0,0,0,0,0,0,0,0,0,0,0,0,0,0,0,0,0,0,0,0,12,11,9,3,3,2,2,2,2,2,2,2,2
TTACATTTATTGTGTATACCA,CTCAATCCGCTCA,true,2,10,6,21,0,0,0,0,0,0,0,0,0,0,0,0,1,0,1,0,1,2,0,0,21,20,19,19,18,15,15,12,12,12,12,11,10
TGGAACGTTTCTTCTGAGCCG,CAAAGCTTCATGT,true,3,12,8,30,0,0,0,0,0,0,0,0,0,0,0,0,1,1,0,1,2,0,1,0,28,26,26,22,18,18,18,17,15,15,14,12,12
TTATTTCTGCCGAAGAAAACG,CCGGCTTCTTTCA,true,3,7,8,24,0,0,0,0,0,0,0,0,0,0,0,0,0,0,1,2,0,2,1,2,22,18,17,14,13,13,12,10,10,9,8,7,7
GGATTAGAGACAGCCATTGTC,AAAGAAATCCTGA,true,3,6,2,14,0,0,0,0,0,0,0,0,0,0,0,0,0,0,0,0,2,0,0,0,14,13,12,10,10,10,7,6,6,6,6,6,6
GTAAACAGTGTAAAATGAAGT,TGTGGAGAGAAGT,true,2,5,10,27,0,0,0,1,0,0,0,0,0,0,0,0,3,1,2,0,0,0,1,1,24,22,21,20,17,13,11,9,9,9,9,6,5
CCCTCAAGAAGCAGCTCTGGG,AAATAGGATCTTG,true,3,7,13,27,0,0,1,1,0,0,0,0,0,0,0,0,4,0,0,0,3,0,0,2,26,25,22,17,15,13,12,12,10,10,10,9,7
TGCTCGCCAACCTGTGGGAAT,TCCCTAATCTTGA,true,3,14,9,35,0,0,0,0,0,0,0,0,0,0,0,0,1,0,0,3,0,1,0,4,30,26,25,22,19,18,17,15,15,15,14,14,14
GGACTCGGCGTGCTGGGGGAG,CCGGCATTTGAAC,true,3,5,12,24,0,0,0,0,0,0,0,0,0,0,0,0,2,0,1,2,0,2,1,2,23,21,20,18,15,15,13,13,9,9,8,7,5
TATCACTTTTTACACTTTGAC,ATACAAAAAAGCT,true,6,5,5,18,0,0,0,0,0,0,0,0,0,0,0,0,2,0,1,0,2,0,0,0,17,17,15,14,13,13,13,13,13,10,6,5,5
TATTGTGTATTCGCCTGAACT,GATCGGGAAGGAT,true,3,7,16,32,0,0,0,1,0,1,0,0,0,0,0,0,1,0,2,1,0,0,8,0,29,27,26,25,24,21,15,13,12,12,9,9,7
AACGAATGGAACTGTATGAGT,GCATCCAAGACAT,true,2,10,14,36,0,0,0,0,0,0,0,1,0,0,0,0,3,1,0,1,4,1,1,0,33,29,29,27,26,24,22,17,16,15,12,11,10
ACCACAGCTAAAAAACGTTTG,CAACTATTGTTTC,true,3,8,7,23,0,0,0,0,0,0,0,0,0,0,0,0,0,2,0,2,2,0,0,0,21,20,16,13,13,10,10,10,9,9,9,9,8
TCCACCTACACACGCCACTAC,TTTATCAGGCAGA,true,3,4,7,18,0,0,0,0,0,0,0,0,0,0,0,0,1,1,0,0,1,0,1,1,18,18,15,13,11,10,8,7,6,6,6,6,4
AAGCTGAAAAGAAAAAGATGC,ATCAAGAAATCGA,true,3,8,7,25,1,0,0,0,0,0,0,0,0,0,0,0,1,0,0,0,2,0,1,1,24,20,17,16,14,13,13,12,10,9,9,8,8
GCACGGAATGTCATGCTTTCC,AGCACTCGCAGTA,true,2,6,8,20,1,0,0,0,0,0,0,0,0,0,0,0,1,2,0,0,0,0,1,0,17,17,17,17,15,15,15,13,11,10,9,9,6
TTGGGTAGTACAGTACATAAG,GGACTTGCCAAAC,false,3,1,0,15,0,0,0,0,0,0,0,0,0,0,0,0,0,0,0,0,0,0,0,0,3,1,1,1,1,1,1,1,1,1,1,1,1
AGCTTTAGAAGAAATTGATGC,AGGCCTGCTTTCG,true,3,12,14,39,0,0,0,0,1,0,0,0,0,0,0,0,1,0,2,3,2,2,1,1,37,35,30,30,23,21,19,17,17,17,17,13,12
TGTGCACGGTGAATTTGAACG,GACAGACATGGTC,true,2,7,13,33,0,0,0,0,0,1,0,0,0,0,0,0,4,0,3,0,1,0,1,0,29,23,22,21,18,17,14,13,12,11,11,9,7
TATACAGAAATTGAGCCTTCG,TTTTTATGCGAAT,true,5,7,13,29,0,0,0,0,0,0,0,0,0,0,0,0,2,1,1,4,0,0,0,3,29,28,28,27,21,14,13,13,12,12,9,7,7
AAAAATCGGGAAATCATTACG,AAAGTTAATGGCA,true,3,5,5,14,0,0,0,0,0,0,0,0,0,0,0,0,0,0,0,1,1,0,2,1,13,13,12,10,10,9,8,7,6,6,5,5,5
TCATCGGTTCCTTTTTTCTCA,TCATCGGCAACCT,true,2,4,9,18,0,0,0,0,0,0,1,0,0,0,0,0,2,0,1,0,1,1,1,0,16,15,15,14,11,10,9,8,8,7,6,5,4
TGTGGAAGAAAACAACGTGCT,TGTCGGTATTGTA,true,2,6,16,37,0,0,1,0,0,0,0,0,0,0,0,1,0,0,5,3,0,0,3,2,35,32,29,27,25,18,17,15,14,13,10,6,6
TGACCGGGTTTCCGTTTTCAT,CCGTACACCAAGA,true,2,5,8,24,0,0,0,0,0,0,1,0,0,0,0,0,1,0,0,0,3,1,1,0,22,20,18,17,17,13,12,10,8,8,6,5,5
TCCTCCGGAAACTTGCTTGGT,TACATTGTCGATG,true,2,8,8,24,0,0,0,0,0,1,0,0,0,0,0,0,1,3,0,2,0,0,0,1,24,22,19,17,16,14,12,12,11,8,8,8,8
AGCGCAGGGCACGACAAAAGA,AAAAGCTTCAACA,true,5,10,15,38,0,0,0,0,0,0,0,0,0,0,0,0,3,1,1,1,5,1,1,1,37,37,34,29,20,18,17,16,15,14,11,10,10
GACTCGGCGGCCTCGCTCCGC,TTGTTCAGACTGC,true,2,3,18,27,0,0,0,0,0,0,0,0,1,0,0,0,0,0,1,5,2,1,1,4,27,24,19,19,16,12,10,9,8,7,7,6,3
AGCAAGAAGATACAACGAACA,CTGATAAAGACAG,true,3,6,11,29,0,0,0,0,0,1,0,0,0,0,0,0,1,1,1,1,3,1,1,0,24,21,20,18,18,14,14,12,9,8,8,7,6
TCTGCCGCGATTTCTTTGCGA,ACCAATTCGTAAT,false,2,1,0,15,0,0,0,0,0,0,0,0,0,0,0,0,0,0,0,0,0,0,0,0,13,11,8,7,1,1,1,1,1,1,1,1,1
TAAAGCCTATTTAGATGAGAA,GGGTTGGAAACAC,true,3,9,12,32,0,0,0,0,1,0,0,0,0,0,0,1,1,1,1,0,1,0,2,2,30,28,24,23,18,16,14,12,12,11,9,9,9
GCTGAAGAAGCGGTCCGGATT,GCAAGACTGGCGA,true,2,8,5,24,0,0,0,0,0,0,0,0,0,0,0,0,1,0,0,2,0,0,2,0,20,19,16,16,15,14,12,11,11,8,8,8,8
TATTCATTTGCTCCACTTCTC,TGGCTCCGGAAGT,true,2,5,12,28,0,0,0,1,0,0,0,0,0,0,0,0,2,1,2,1,0,1,3,0,27,26,24,21,20,18,15,14,12,10,10,5,5
TGCACGAGAGCGTTTGTGTCC,TTTGGAAAACAAG,true,4,10,9,26,0,0,0,0,0,0,0,0,0,0,0,0,2,0,0,1,1,0,2,1,26,25,23,22,20,17,17,17,15,12,12,12,10
AAATCCGCGGCAGGTGTTCTC,CAGAGAACAGCTG,true,2,7,9,29,0,0,0,0,0,1,0,0,1,0,0,0,1,1,2,0,1,1,0,0,22,20,18,18,16,16,14,11,11,11,9,8,7
TCTAATTACTTAGAAAGGAGG,AACAATTCATGGC,true,2,8,10,22,0,0,0,0,0,0,0,0,0,0,0,0,1,0,1,1,1,1,2,1,19,19,18,18,16,16,15,13,13,12,12,10,8
TCTACTCCAATTCAAAGCAAA,ATGGTATCCGCGC,true,4,5,7,35,0,0,0,0,1,0,1,0,0,0,0,0,0,0,0,0,0,0,0,1,26,20,20,18,14,14,14,13,12,6,5,5,5
TAAACCATTGGACTCATTTTT,GTAAAATTAAAAC,true,5,3,5,14,0,0,0,0,0,0,0,0,0,0,0,0,1,0,0,2,0,0,0,0,11,11,9,9,8,8,6,6,5,5,5,4,3
GTATTCAAATCGGACCGGTCC,TTTCTTTTCCTAT,true,4,4,8,18,0,0,0,0,0,0,0,0,1,0,0,0,0,2,0,0,0,0,0,2,18,16,14,13,11,11,11,9,9,8,6,4,4
TGAATTTATTAAAGAGCACCT,CAAATGGGTTCAC,true,3,13,7,33,0,0,0,0,0,0,1,0,0,0,0,0,1,0,1,2,0,0,1,0,30,30,30,28,23,22,21,19,19,18,15,14,13
CACACCGGACGCTGAACTGAA,TCTTCCTGACATG,true,2,15,15,36,0,0,0,0,0,0,0,0,0,0,0,0,3,1,2,4,1,1,0,3,35,34,33,29,28,23,22,18,17,16,15,15,15
GACGCGAACAGGATGGCTATC,CCATTTACTTTAT,true,3,5,8,26,0,0,0,0,0,0,0,0,0,1,0,0,1,1,1,0,0,1,0,3,24,19,15,15,14,11,9,7,6,6,5,5,5
AGACAATATTATTTTGCACAG,AACGCGCTTGATA,true,2,2,5,11,0,0,0,0,0,0,0,0,0,0,0,0,0,0,0,0,0,1,2,1,11,11,10,8,8,7,6,6,5,3,3,3,2
ATCGTTCAGCACACATGAAAG,AATGGCAAAAAGC,true,5,8,12,32,1,0,0,0,0,0,0,0,0,0,0,0,4,0,0,0,5,0,2,0,31,26,23,23,18,18,17,17,17,16,12,8,8
TCATTGTCGGCCGAAGCCTTA,AAATGCATCCTGT,true,4,8,8,26,0,0,0,0,0,0,0,0,0,0,0,1,2,0,0,3,0,2,0,0,24,24,21,17,13,12,12,12,10,9,8,8,8
CCAAAAACATATGAATCGTGC,GGGAAAGGCGGGT,true,3,4,8,20,1,0,0,0,0,0,0,0,0,0,0,0,1,1,0,0,2,1,2,0,17,16,13,13,12,9,7,6,5,5,5,4,4
ACAGTCATCTGGCAGCGGAAG,TAAACCGAATTTC,true,3,2,10,23,0,0,0,0,0,0,0,0,0,0,0,0,4,0,1,2,1,0,0,1,20,18,17,14,10,8,7,7,6,4,4,3,2
GACTTGGCATTTGTACGGCTG,TCGTTGTGAAAAC,true,4,3,5,20,0,0,0,0,0,0,0,0,0,0,0,0,0,1,0,0,0,0,0,0,18,15,14,13,11,10,8,8,8,8,7,3,3
GTCCGGTCCTTTTAATGTCAG,CCTGACGTCATGA,true,2,8,8,21,0,0,0,0,0,0,0,0,0,0,0,0,2,3,1,0,0,2,0,0,21,17,14,13,12,12,12,11,11,9,8,8,8
CATGATGACTTTATTGGCTTT,GATTTTTTTGACT,true,7,7,12,25,0,0,0,0,0,0,0,0,0,1,0,0,0,0,0,7,0,3,0,1,19,17,16,16,16,16,16,15,14,10,10,7,7
CAGAATGTACAGGGAAAAAGA,AAGCTGGATCCAG,false,3,2,2,11,0,1,0,0,0,0,0,0,0,0,0,0,0,0,0,0,1,0,0,0,11,2,2,2,2,2,2,2,2,2,2,2,2
GGCACTGCTTGTTTGACGGAG,GAGGGGGAAGGAT,true,5,14,12,38,0,0,0,0,1,0,0,0,0,0,0,0,1,0,2,1,2,0,5,0,34,31,28,27,27,23,18,17,17,15,14,14,14
ACAGCTGCCGAGCAGCAGCTT,TTCGCCGAAGCAG,true,4,8,10,25,0,0,0,0,0,0,0,0,0,0,0,0,1,1,3,2,0,0,0,1,25,23,17,17,15,13,12,12,12,11,10,10,8
ATAAGGTATAATTTGTTCAAA,TGTCTGTTCATTC,true,3,10,3,20,0,0,0,0,0,0,0,0,0,0,0,0,0,0,0,0,0,0,0,2,16,16,16,15,14,14,14,11,11,11,11,11,10
TTTTTTTGTGTTTTGGGTTTT,GTTGCTTTTGGTG,true,4,1,0,11,0,0,0,0,0,0,0,0,0,0,0,0,0,0,0,0,0,0,0,0,4,4,1,1,1,1,1,1,1,1,1,1,1
GTCGGCGTTATGTTCGGGAAC,CCGGAAACAACTC,true,3,7,8,25,0,0,0,1,0,0,1,0,0,0,0,0,1,1,0,1,1,1,0,0,23,21,19,16,15,15,13,12,11,10,8,7,7
TTTGGGTTTAGTGAATGTTGT,GGAATATCCTGCG,true,2,5,11,21,0,0,0,0,0,0,0,0,1,0,0,0,0,1,1,3,0,2,1,0,18,17,15,15,12,12,12,11,9,8,7,6,5
AGTGCGCCGATTATGCCGATA,TCTGAGGGGATAG,true,4,9,15,32,0,0,0,0,0,0,0,0,0,0,0,0,3,1,1,1,1,1,5,1,29,26,21,19,18,18,18,17,12,10,10,9,9
AGTTTCACCGTGTCCAATCCA,ATGTGTATGAGGA,true,2,8,10,27,0,0,0,0,0,0,0,0,0,0,0,0,1,0,0,3,1,0,0,3,24,22,21,20,19,17,15,13,12,11,10,10,8
TCGGTCCATGAGCTATGGGAC,AATCTGAAAAACG,true,5,7,11,25,0,0,0,0,0,0,0,0,0,0,0,0,4,0,1,1,4,0,0,1,24,22,21,18,17,16,15,15,14,14,11,7,7
TCTTGACCGCCACAAGCCCCC,GGTTCAGTGCTTC,true,5,4,5,20,0,0,0,0,0,2,0,0,0,0,0,0,1,0,0,0,0,1,0,0,19,14,12,10,7,7,6,6,5,5,5,4,4
TGCATCATATGTTCAACTTTT,TAATCGAGTTAAT,true,5,6,8,21,0,0,0,0,0,0,0,0,0,0,0,0,0,1,0,1,0,0,2,3,15,12,12,12,12,10,10,7,7,7,7,6,6
GTTTTCGCAAGACCGCCGCCG,GGATTTTAATGAG,true,4,5,5,22,0,0,0,0,0,0,0,0,0,0,0,0,1,0,0,3,0,0,1,0,21,16,16,14,14,14,14,6,6,5,5,5,5
ATCTGATTTGCGACCAGCGCG,ACAAAGTGAGGCT,true,3,7,12,27,1,0,0,1,1,0,0,0,0,0,0,0,4,0,0,1,0,0,1,0,26,23,19,18,17,15,15,14,14,12,10,10,7
TGTGTTAACAGCTTCTGATAC,TCGTAAGATGTAT,true,2,7,14,29,0,0,1,0,0,0,0,0,0,1,0,0,2,2,1,0,0,0,2,2,25,24,22,20,20,20,18,16,13,13,11,10,7
ATGCTGGGAATGAAGTTCAGC,ATATGCCGCCGAC,true,2,2,3,18,0,1,0,0,0,0,0,0,0,0,0,0,0,0,0,0,2,0,0,0,17,14,12,9,7,7,7,7,7,5,5,2,2
GCCGGGATGATTTTTTCTCCT,CCCAAGACGATCA,true,3,8,8,22,0,0,0,0,0,0,1,1,0,0,0,0,0,0,2,0,1,1,0,0,22,22,17,17,15,14,12,10,10,10,10,10,8
TTAAAAAAAGAAAAATAAAAA,GGTTAGGCTTTAG,false,5,1,0,11,0,0,0,0,0,0,0,0,0,0,0,0,0,0,0,0,0,0,0,0,3,2,1,1,1,1,1,1,1,1,1,1,1
ATGTGACAGCCCTTTGGCTTT,GATTTCTTCTACG,true,3,10,9,29,0,0,0,0,0,0,1,0,0,1,0,0,1,0,0,4,2,0,0,0,26,23,21,20,19,17,17,16,14,14,12,10,10
TTTGGATAAATAGGAAATCCG,ACTTGGTTTTACT,true,4,4,11,20,0,0,0,0,0,1,0,0,0,1,0,0,1,0,2,3,0,0,2,1,19,18,17,15,14,11,9,9,9,7,5,4,4
TGAACAGCTCACAGCAGCACA,GCAAAAAGAAGTA,true,5,13,21,45,1,0,0,0,0,0,0,0,0,0,0,0,7,1,2,1,4,0,3,0,39,37,37,37,35,32,27,19,19,18,15,15,13
TCATCTAAAGAAAAAGAGCTT,GATCAGCTGGTTG,true,2,9,10,28,0,0,0,0,0,1,0,0,0,0,0,0,1,2,1,2,1,1,1,0,25,22,21,17,16,15,13,12,11,9,9,9,9
TCTCTCGATCACCTTTAGGAT,TCTCTCCTCGCCT,true,2,6,18,37,0,0,0,0,0,0,0,0,0,0,1,1,1,1,2,5,0,5,0,2,32,28,27,20,18,14,14,12,10,10,10,6,6
CGGAAGAGCTTGAGCATGGCG,GCAGAAGAATGGA,true,2,5,13,23,0,0,0,1,0,0,0,0,0,0,0,0,2,1,1,1,3,0,2,1,19,18,17,16,15,12,9,9,8,6,6,6,5
TCTAAGCGCTTATACAAGCCA,AATCGGCAGTGTA,true,3,9,12,31,0,0,0,0,0,0,0,0,0,0,0,0,1,0,3,3,2,0,2,0,28,24,23,20,20,15,13,13,12,12,11,10,9
GTGTTTTGTTTTTTTGTTGTT,TTTTTGGGTTTGT,true,7,1,0,11,0,0,0,0,0,0,0,0,0,0,0,0,0,0,0,0,0,0,0,0,8,6,4,4,4,1,1,1,1,1,1,1,1
ATCACGATTATTGGTGACGTC,GGGGGTCATCGTG,true,5,4,2,12,0,0,0,0,0,0,0,0,0,0,0,0,0,0,0,1,0,0,1,0,12,12,12,9,5,5,5,5,4,4,4,4,4
TTCTAATGTCTCCAGCTCGTC,AAAAATATCCGGT,true,5,5,16,36,0,0,0,1,0,0,0,0,1,0,0,0,3,1,0,2,5,0,0,0,35,35,34,32,25,18,17,14,12,11,11,7,5
AGCAATGCTGCCGTTTCTGTC,ATTAATATTTTTC,true,5,7,13,24,0,0,0,0,0,0,0,0,0,0,0,0,3,2,0,2,0,0,0,2,22,21,19,17,17,15,15,13,13,11,11,8,7
TCTTTCAAATTTCTCCGAAAG,ATGCAGAGTATAT,true,1,3,7,18,0,0,0,0,0,0,0,0,0,0,0,0,1,1,3,0,0,0,0,0,18,14,11,10,10,10,8,5,5,5,4,4,3
AGCTGACGTATAAAGGCGTGC,TTTTTGAAGGAGA,true,5,7,11,25,0,0,0,0,0,0,0,0,0,0,0,0,0,0,0,4,2,0,1,3,25,25,25,24,21,17,17,14,11,9,8,8,7
CTTCCATTTCAAAACGAGGAG,CTTGTTTACCTAC,true,3,3,10,20,0,0,0,0,0,0,0,0,0,0,0,0,2,1,0,2,0,0,1,3,17,15,13,11,11,11,8,6,5,5,4,4,3
CAATATGGTGATATCTCATCA,ATTGATATTGCAC,true,2,7,15,33,1,0,0,0,0,0,0,0,0,1,0,0,0,0,1,1,1,0,1,4,30,27,24,21,19,18,17,15,13,13,12,8,7
CCGCATTCAACAAACCGCAAA,CCGCCATCAAGTG,true,3,4,17,30,0,0,1,0,0,0,0,0,0,0,0,0,3,2,2,1,2,1,1,1,26,20,18,17,14,12,11,11,10,8,8,7,4
GCTGTTTCAAATCCAGGCCCG,GCTATCCCAAAAT,true,4,9,14,30,0,0,0,0,0,0,0,0,0,0,0,0,4,0,1,1,1,2,3,0,24,24,21,19,17,16,14,12,12,12,11,9,9
CAGCTTCTGTTTCGAGCTGTT,CGATTCGTCGTTC,true,2,2,7,11,0,0,0,0,0,0,0,0,0,0,0,0,0,2,0,3,1,0,0,0,9,9,8,7,7,5,5,5,5,3,3,3,2
GTAAACAAGGGTGGTACCGCG,GAAAGAAGAGCCT,true,3,11,3,20,0,0,0,0,0,0,0,0,0,0,0,0,0,0,0,0,0,0,2,0,16,16,16,15,15,15,15,12,12,12,12,11,11
TCACATCAAGCTTGGCACTCA,CTTCTGAGATATC,true,2,9,6,23,0,0,0,0,0,0,0,0,0,0,0,0,2,0,0,0,0,0,2,0,21,21,21,19,18,17,17,11,11,11,11,11,9
TGACGGCTCACTCAAAGCACT,GCCAGAAGATCAG,true,2,9,14,34,0,0,0,0,0,0,0,0,0,0,0,0,1,2,2,1,2,2,3,0,32,29,26,23,22,21,16,13,12,12,11,10,9
TGTGACCGATTGGCTGATCAA,AGGTGTTGATGCG,true,3,6,10,28,0,0,0,0,0,0,0,0,0,0,0,0,3,0,0,1,2,0,2,1,24,20,16,15,14,13,12,10,9,7,7,6,6
CAGGAAACAATTCATTTGATA,CCGCAGCACCAAT,true,2,6,9,21,0,0,0,0,0,0,0,0,0,0,0,0,1,2,1,1,1,3,0,0,20,17,16,15,14,13,11,10,9,7,6,6,6
AGCACCGAGCCGATAAACAAA,GCGTTTGTCGGGA,true,3,19,24,68,0,0,0,0,0,0,0,0,0,0,0,0,1,2,0,8,0,2,0,4,61,58,55,53,51,45,37,35,28,26,26,20,19
TAAAAGACAATCATTTGAAGG,CCCAAATGACAGC,true,3,5,3,14,0,0,0,0,0,0,2,0,0,0,0,0,1,0,0,0,0,0,0,0,11,11,8,8,8,8,6,6,6,5,5,5,5
TATCGCCCATTTTTTGCAATC,CCGAGAACGATTG,true,3,4,5,13,0,0,0,0,0,0,0,1,0,0,0,0,2,0,0,0,0,0,0,0,12,11,10,9,8,8,8,7,6,6,6,5,4
ATGAGATCATGCTTTTTTATG,TTATTTTTTCGCT,true,6,10,10,25,0,0,0,0,0,0,0,0,0,0,0,0,2,0,0,2,0,0,1,4,24,21,21,20,20,20,20,20,16,12,11,11,10
TCTTCTTCAGGCACTTTAATG,ATTGCGTTTTTCA,true,5,8,12,26,0,0,0,0,0,0,0,0,0,0,0,0,1,3,0,4,0,0,2,2,26,26,20,19,18,12,12,12,11,11,11,8,8
TCCCAATGGCCGGTCATGGTA,TCTTTACCGTTAG,true,3,7,3,18,0,0,0,0,0,0,0,0,0,0,0,0,1,0,2,0,0,0,0,0,13,13,13,12,11,10,8,7,7,7,7,7,7
CAATGACCTCTTCTTTATTTG,CCGGGTTAATGGA,true,3,10,11,31,1,0,0,0,0,0,0,1,0,0,0,0,1,1,1,2,0,0,2,1,31,28,28,27,20,19,18,16,14,12,11,10,10
CAAGTTTGGACAAACGTGCCT,GAAAGCCAAGCCG,true,3,4,11,20,1,0,0,0,0,0,1,0,0,0,0,0,2,1,1,0,2,2,0,0,19,18,18,16,12,11,10,8,6,6,6,5,4
CTACCATCGGTACAAAGCGGA,TGAAGCATACCTG,true,2,6,8,28,0,0,0,0,0,0,0,0,0,0,0,0,2,0,0,3,0,1,1,1,21,18,18,17,13,10,9,8,6,6,6,6,6
ATATTACGATTGCCGAGGCGG,AAGAAATCGTGGA,true,3,12,12,37,0,0,0,0,0,2,0,0,0,0,0,0,3,0,0,0,3,0,1,0,36,33,28,28,27,24,19,17,16,16,15,14,12
GAGAAGCATTTCCCAAAACAA,GGCGCTCATTTGC,true,3,8,11,25,0,0,0,0,0,0,0,0,0,2,1,1,0,0,0,2,0,1,3,1,22,20,18,16,16,16,16,15,11,11,10,8,8
ATGGGCTTTTCATTACGAAAA,TTGATGGCTTACA,true,4,5,10,22,0,0,0,0,0,0,0,0,0,0,0,0,5,0,0,1,0,0,2,0,15,13,10,9,9,9,8,8,8,7,6,6,5
AACAAGAACAGAATTGCTAGT,AGTACGCGCGGTG,true,2,3,5,11,0,0,0,0,0,1,0,0,0,0,0,0,0,1,1,0,1,0,0,0,9,8,7,7,7,7,5,5,5,4,4,4,3
AGAGCGATTCCAATTGAGGGA,TCGCTTTTTTTAT,true,7,8,12,29,0,0,0,0,0,0,0,0,0,0,0,0,0,1,0,1,1,1,1,6,26,25,22,21,18,18,17,17,16,15,10,8,8
CGCATTTGAGCTCGCATAACT,TGAACGATAAGTA,true,2,5,9,22,0,0,0,0,0,0,0,0,0,0,0,0,1,1,0,3,2,0,0,1,18,14,13,13,12,10,7,6,6,6,6,6,5
AGATTTGTTTTGAACAGATTT,TAGAACCTTCACG,true,4,3,5,11,0,0,0,0,0,0,0,0,0,0,0,0,1,1,0,1,0,1,0,1,9,8,6,6,6,5,4,4,4,4,3,3,3
ATGTTGTTTTCGCGCGCGTAT,TTTGTTGCAACGA,true,4,4,12,26,1,0,0,0,0,0,0,0,0,0,0,0,2,1,2,4,1,1,0,0,26,26,22,19,18,17,13,11,9,8,4,4,4
ACTTGTGCAGCGCCTTAGATC,ATGCAAGGCAGCT,true,2,8,10,28,0,0,0,0,0,0,0,0,0,0,0,0,3,0,3,0,2,1,0,0,27,24,22,21,20,18,13,13,11,10,10,9,8
TTTGGCCTTTTAGCATCGAAA,CAAATCGCGATGA,false,3,2,4,23,0,0,1,0,0,0,0,0,0,0,0,0,0,0,0,0,3,0,0,0,17,16,13,2,2,2,2,2,2,2,2,2,2
GGAAATGACTGTCAAAGAAAT,GCTGAAAGGCATC,true,3,2,9,22,0,0,0,1,0,0,0,0,0,0,0,0,2,2,0,0,0,0,1,0,21,18,16,14,14,14,13,10,8,7,7,5,2
TCCGCTTTCCAGACGGTTAAC,GCCTACGTCAATG,true,2,9,8,24,0,0,0,0,0,0,0,0,0,0,0,0,2,2,0,0,1,1,0,1,22,21,19,19,19,17,15,14,12,11,10,10,9
TATTTGGGACCGGATGAAGAA,GGTGATGCGCCAC,true,2,8,10,28,0,0,0,1,0,0,0,0,0,0,0,0,3,0,1,1,0,2,0,0,24,20,19,18,17,13,13,13,13,12,10,9,8
TTGCAGCGGATGAGCCCGCTT,AAGCCACAAGTAG,true,2,6,9,26,0,0,0,0,0,0,0,0,0,0,0,0,1,1,0,1,3,0,1,0,23,20,15,15,15,14,11,10,8,8,8,7,6
TTTTTTATAGAAAAAACCCGG,CAGATCACTGCCG,true,2,8,12,25,0,0,0,0,0,0,0,1,1,0,0,0,3,0,2,1,1,2,0,0,23,23,19,18,17,15,14,12,12,11,10,8,8
GAGCCGTTACAGGATATTGAG,CCTATCGCTCATC,true,2,9,8,20,0,0,0,0,0,0,0,0,0,0,0,0,0,0,2,0,0,2,0,1,17,14,14,14,13,13,13,13,12,12,12,12,9
GCAATATGCGTTGCATCTTCT,CACCTAACCTTTG,true,3,4,12,26,0,0,0,0,0,0,2,1,0,0,0,0,2,0,2,0,1,2,0,0,23,23,20,15,13,13,12,9,6,6,6,6,4
TCCAGCCGTATCAATGCGACG,CGTGAAGTCCAGC,true,2,13,14,43,0,0,0,0,0,0,1,1,0,0,0,0,3,1,2,2,0,1,3,0,38,32,29,25,25,24,21,19,17,15,14,13,13
GATGGAAATACGGTAGGTGTA,GAAGATAACATTG,true,2,13,13,37,0,0,0,0,0,0,1,0,0,0,0,0,4,0,0,1,3,1,1,1,34,32,29,23,23,22,21,20,14,14,14,14,13
AATCACTCCGGTGTCACCGTA,GCGATGACAAAGT,true,3,9,8,27,0,0,0,0,0,0,0,0,0,0,0,0,4,2,1,0,0,0,0,0,25,22,19,19,18,17,16,14,14,14,14,10,9
CCTCCACTAAAGTCTGAAACG,TTCTATCTTAACA,true,2,3,3,11,0,0,0,0,0,0,0,0,1,0,0,0,1,0,0,0,1,0,0,0,11,9,8,8,7,5,4,4,4,4,3,3,3
TCTATGATCCTCCTCATTTTG,GCAATTAAAAAAC,true,6,2,2,11,0,0,0,0,0,0,0,0,0,1,0,0,0,0,0,0,0,0,0,1,10,10,9,8,7,2,2,2,2,2,2,2,2
AGCAGCTTCAAGTCCGGTTTT,ACCGGGCATTTCA,true,4,10,9,25,0,0,0,0,1,0,0,0,0,0,0,0,3,0,1,2,0,0,2,0,19,16,16,16,16,12,11,11,11,11,11,10,10
CGCAGCACCTTCATTTTTCCT,TCCGGCACGGTTA,true,2,7,9,23,0,0,0,0,0,0,0,0,1,0,0,0,0,0,2,1,0,1,3,0,22,17,15,14,13,12,12,10,10,8,8,8,7
GGTTCAATGTAACGATTTCTT,GAGCCAGAGAAGC,true,2,9,6,26,1,0,0,0,0,0,0,0,0,0,0,0,0,0,1,1,0,1,2,0,24,24,19,18,14,14,14,14,13,12,11,9,9
GAGAACAACGATCAGCTTGAA,CTGTTTGAAGAGC,true,3,10,6,25,0,0,0,0,0,0,0,0,0,0,0,0,2,0,0,1,0,1,2,0,20,16,16,16,16,15,13,13,13,10,10,10,10
CGATGAGCTGAAGAAATCAAT,GAACGAAGCGCAG,true,2,7,12,28,0,0,0,0,0,0,0,0,0,0,0,0,3,1,3,0,2,1,0,0,25,24,22,17,17,16,14,13,11,11,10,9,7
CCTTCCAGCATTTCATCAATT,TCCAATGCTTTGC,true,3,15,15,38,0,0,0,0,0,0,1,0,0,0,0,0,1,3,1,2,0,3,0,4,32,30,26,24,23,20,20,20,17,17,16,15,15
ACCATAAGCCAATTATAAACA,ACCCAAATGCAAG,true,3,6,14,26,0,0,0,0,0,0,2,0,0,0,0,0,2,1,0,1,4,3,0,0,25,19,18,13,12,12,12,11,11,11,11,7,6
GGCCGATTGACTGTGCTTCCA,TCAACTGTCTCTG,true,2,9,11,25,0,0,0,0,0,0,1,0,0,0,0,0,3,1,0,2,1,0,0,1,22,19,19,16,15,15,14,13,12,11,11,11,9
CATGTACATTTGGTAAATTTC,ATCGATCGTCACT,true,1,8,8,23,0,0,0,0,0,0,0,0,0,0,0,0,4,1,1,0,0,1,1,0,22,19,19,18,18,15,13,11,11,10,9,8,8
ATAATCATTTTCCTTTAGTGA,TGCCTCCGGTATG,true,2,5,7,22,0,0,0,0,0,0,0,1,0,0,0,0,2,0,1,0,0,2,0,0,22,18,15,13,9,9,9,9,8,8,8,5,5
TGCATCATGGGCGCTGAATGA,CGGCGGGAAGCGC,true,3,14,10,35,0,0,0,1,0,1,0,0,0,0,0,0,1,4,0,0,0,1,1,0,32,29,26,24,23,23,19,17,17,15,15,14,14
GCGGAAGCGGTTTTATCTATA,ACGGTACATTCTC,true,2,8,10,24,0,0,0,0,0,0,0,0,1,0,0,0,2,0,0,0,1,2,1,0,23,19,19,17,17,16,15,14,13,13,11,10,8
GAGCAGGCGTAATTGGAAATC,TTCCGCAATCAGC,true,2,7,12,29,0,0,0,0,0,0,0,0,0,0,0,0,3,2,2,2,1,0,0,2,29,26,22,19,17,17,13,11,9,8,7,7,7
TATGTAAAAGATGTTTTGCCT,GCCTATATGGTGC,true,2,6,7,17,0,0,0,0,0,0,0,0,0,0,0,0,0,2,1,1,1,0,0,0,17,17,16,14,13,13,12,11,11,11,9,7,6
ATTCGGACGAGAAACGAAACC,TCTTTAGACGCGA,true,3,6,10,22,0,0,0,0,1,1,0,0,0,0,0,0,0,0,3,0,1,2,0,0,21,18,18,18,18,16,15,11,10,9,8,8,6
ATCACATAGGCACGGTCAATT,TGCTTATAGCTGC,true,3,7,14,34,0,0,0,0,0,0,0,0,0,0,0,0,0,0,0,3,2,2,0,5,25,22,19,18,17,15,12,11,10,9,9,9,7
TGCCAAGTTGATTAAGAACAC,AAGAATCGAAGAC,true,2,15,6,28,0,0,0,0,0,0,0,0,0,0,0,0,1,0,1,2,2,0,0,0,27,22,22,21,21,19,18,18,17,17,16,15,15
CAAATAAAAATCCCAATCCCA,ATAATTGTGCACA,true,2,8,3,21,0,0,0,0,0,0,0,0,0,0,0,0,0,0,1,1,0,0,0,0,21,18,16,15,14,13,12,11,10,9,9,9,8
AGGCAAAAAACTGCTGTCTGT,CGGGGTTCAGGAC,true,4,12,15,35,0,0,0,0,0,0,1,0,0,0,0,0,0,0,0,2,1,1,6,2,34,33,33,32,27,26,24,19,18,18,15,14,12
TACAGCCGGGTTTTTCCTGTT,GGTCACAGTAAAT,true,3,5,7,17,0,0,0,0,0,0,0,0,0,0,0,0,2,0,1,3,0,0,1,0,14,12,11,8,8,8,8,7,7,6,5,5,5
AGCTGATTGACAGGCTGAATA,CATTTCCGTTTGC,true,3,9,7,24,0,0,0,0,0,0,0,0,0,0,0,0,0,2,0,1,0,1,0,3,23,22,22,22,18,17,15,13,12,12,10,9,9
ACCTCTTCATCTTCTCTGACA,TCAATTAAATATA,true,3,7,14,26,0,0,0,0,0,0,0,0,0,1,0,1,3,1,0,2,1,0,0,3,25,23,22,20,19,14,12,12,11,8,8,8,7
ACTTGGTTTATGAAATTGTAG,ATAACTCTGTCGA,true,2,9,6,24,0,0,0,0,0,0,0,0,0,0,0,0,3,1,0,0,0,0,2,0,22,21,21,18,16,15,15,14,12,12,11,9,9
CAGCTTGCACAAACGGTTTCT,GCCCCGTACACGC,true,4,7,12,24,0,0,0,0,0,0,1,0,0,0,0,0,1,1,0,2,0,6,0,0,23,23,22,21,13,12,12,11,9,8,8,8,7
CGAGTGCGTTCAAAAATAAGT,TGGCGATAAATTG,true,3,4,9,22,0,0,0,0,0,0,0,0,0,0,0,1,0,1,0,2,2,0,2,0,17,16,14,13,13,13,13,9,9,6,5,4,4
TACCGAACCCGACAGCAACCG,GAACAGTGCTGAG,true,2,3,8,20,0,0,0,0,0,0,0,0,0,0,0,0,1,1,1,1,0,1,1,0,16,15,15,13,10,9,9,9,6,6,4,3,3
AACTTGGCAACAGGACTGCTG,ACAGCAAACACTG,true,3,5,13,26,0,0,0,0,0,0,0,0,0,0,0,0,4,0,2,1,4,2,0,0,22,20,17,16,15,15,15,10,6,6,5,5,5
GAGATCCGCTTCCAGTCGGTC,CTGTTGGTCCCGT,true,3,6,3,12,0,0,0,0,0,0,0,0,0,0,0,0,0,0,0,1,0,1,0,0,10,10,10,10,10,10,9,9,8,8,7,6,6
GCTCGCGCAAATAGAGTGAGC,CTGTTTATGGTGC,true,3,15,7,40,0,0,0,0,0,0,0,0,0,0,0,0,0,1,1,1,0,1,1,2,33,31,27,25,24,22,21,20,18,17,15,15,15
GGAGCCCGCAGATTTTGTCAT,TTCTTTAGATTGC,true,3,13,11,33,0,0,0,0,0,0,0,0,0,0,0,0,1,0,0,6,0,0,2,1,33,31,27,25,25,24,20,19,19,17,16,14,13
ATCATGAAAGAAAAGGAATAA,ACTTAAAAATTGA,false,5,1,0,11,0,0,0,0,0,0,0,0,0,0,0,0,0,0,0,0,0,0,0,0,1,1,1,1,1,1,1,1,1,1,1,1,1
AGCTGATTATGACGATGAAGG,AAGGGTTTTACCT,true,4,3,15,27,0,0,0,0,1,2,0,1,0,0,0,1,3,0,0,2,3,1,0,0,24,19,16,15,13,11,10,10,9,6,6,4,3
CATTCACTGTTTTATATGCTG,GTTCTTGTGCAGC,true,2,6,7,28,0,0,0,0,0,0,0,0,0,0,0,0,0,1,1,2,0,2,0,0,22,22,16,12,12,12,10,9,8,7,7,6,6
AGAATACGAGGATTCTCAGAT,TCATATATTCCCA,true,3,6,7,25,0,0,0,0,0,0,0,0,1,0,0,0,0,1,1,1,1,1,0,0,21,18,15,14,13,13,11,11,10,8,8,7,6
CTCGTTGTTCCTGAAGAAGTG,CGCTGGTCAGGAC,true,2,7,4,18,1,0,0,0,0,0,0,0,0,0,0,0,0,0,0,1,0,1,1,0,17,17,15,14,13,12,12,11,9,9,7,7,7
TACAAACTCTCGTGGTGTGAC,GGGCGGTGTGTAC,true,3,65,99,249,0,0,0,1,2,2,0,0,0,0,0,1,7,9,13,12,0,2,35,3,237,224,182,163,152,133,122,105,96,84,81,74,65
AATGTTATATGAAGTTTTTGC,TGTCGGTCATTGC,true,2,2,8,17,0,0,0,1,0,0,0,0,0,0,0,0,0,1,1,2,0,0,1,2,16,13,13,13,12,10,8,5,4,4,3,2,2
GACCGTGAAAAAAAATGGCGA,TGTGGAGCTGAAT,true,2,8,7,18,1,0,0,0,0,0,0,0,0,0,0,0,0,0,0,2,1,0,2,0,18,16,16,15,15,13,12,12,12,11,10,9,8
GTTCCGTCTCTGTTTTATTTC,GGTCCGCCAACCT,true,2,10,11,34,0,0,0,0,0,0,1,0,0,0,0,0,1,3,2,0,1,1,1,1,32,27,24,23,18,18,17,15,13,12,11,10,10
GATCATTTTCCGGAGCTGATC,CTCTGTTTCTTTC,true,3,8,7,29,0,0,0,0,0,0,0,0,0,0,0,1,0,1,0,2,0,1,0,1,24,21,17,17,13,13,13,11,11,10,9,9,8
AGCTACGACTTCTCCTGTTCC,GGCTAAGACAAGC,true,2,12,6,31,0,0,0,0,0,0,0,0,0,0,0,0,0,0,0,1,1,1,2,0,30,24,22,22,21,19,18,18,15,15,14,12,12
AGTTCCGCAATAAAGCTGTGG,AAGCTTATCAGGA,true,2,9,10,29,0,0,0,0,0,0,0,0,1,0,0,0,2,0,1,2,1,0,0,1,25,24,22,19,18,16,15,14,13,13,11,9,9
AGGATATGGAAGCGGGCGCGG,AAAAAGTGATTAC,true,5,4,10,19,0,0,0,0,0,0,0,0,0,0,0,0,1,2,0,0,4,0,2,1,19,19,18,18,14,9,8,7,5,4,4,4,4
TTTCATCACGAATATCCAGCA,AGCGGTGAATGGC,true,2,8,11,33,0,0,0,0,0,1,0,0,0,0,0,0,2,2,1,0,2,0,0,2,31,27,24,24,22,19,16,15,13,10,9,8,8
ATGAAGCGGATGAAAAATTGG,AAACAAAACTCAG,true,4,4,10,24,1,0,0,0,0,0,0,0,0,0,0,0,2,0,0,3,2,1,0,0,23,23,20,15,14,13,12,10,8,8,5,5,4
ATTTTTTGTCATTAAAAAGGG,ACTTTCCGTCAAT,true,3,6,7,21,0,0,0,0,0,0,0,0,0,0,0,0,0,0,1,1,2,0,0,3,18,17,17,17,14,12,9,7,7,7,7,6,6
TGATTTCAATAAATATTTGGC,GGTGTAGCTCAGC,true,2,4,10,22,0,0,0,0,0,0,0,0,0,0,0,0,2,2,2,2,0,1,1,0,20,17,15,10,8,7,7,5,5,5,5,4,4
AAGTTAATGTGCTTGCAGCTG,AGTTTTTCCTGTA,true,5,6,9,24,0,0,0,0,0,0,0,0,0,0,0,1,1,0,1,1,1,2,0,2,22,19,19,18,17,15,11,9,7,6,6,6,6
GGAAGTCGGACTTGATGAATT,GTTCATTTGGTTC,true,3,11,16,39,0,0,0,0,0,1,0,0,0,0,0,0,1,0,2,6,0,1,2,0,33,32,32,30,28,28,23,21,15,14,14,13,11
AGACCGGAAAGTCAATGATCA,CCGCCCATAGCAT,true,3,9,11,33,0,0,0,0,0,0,0,0,0,0,0,0,1,1,2,1,1,2,1,1,29,25,22,20,19,17,16,14,12,10,10,10,9
TAGAAAAAAACAAAAAAGGGA,GGATTTCAATTAT,true,3,2,2,12,0,0,0,0,0,0,0,0,0,0,0,0,0,0,0,0,0,0,0,2,11,9,8,7,7,2,2,2,2,2,2,2,2
TTTCTTACTATTTTTTAATCG,CGATCATCATGGC,true,2,7,12,24,0,0,0,0,0,0,0,0,0,0,0,0,2,0,1,3,3,1,0,1,24,23,21,20,16,14,11,9,8,8,8,8,7
AACATCTTCTAACTTGGACAT,TAATAGTGAATAT,true,2,16,13,37,0,0,1,0,1,0,0,0,0,1,0,0,1,1,1,1,1,0,1,2,35,33,31,30,29,24,23,22,22,18,17,16,16
ACACATGCAGCCGGTTCTCTC,GGTTTAGCGATTC,true,3,4,12,27,0,0,0,0,0,0,0,0,0,0,1,0,2,1,2,1,0,0,4,1,27,19,18,18,14,12,10,10,10,7,6,4,4
TGTGGTATTACAATTAAGAAA,TACAATGACATTC,true,3,6,7,23,0,0,0,0,0,0,0,0,0,0,0,0,2,1,1,1,1,0,0,1,18,16,16,15,14,13,11,11,9,7,7,6,6
TTCCTTACTTCTGCCGATTAC,AGGATCAAGACTG,true,2,9,12,30,0,0,0,0,0,0,0,0,0,0,0,0,2,2,0,2,0,1,3,0,29,28,22,18,18,16,16,16,13,13,13,10,9
GCTGATCCAAGTATTTGTCCT,GGATGTCTTCCAG,true,2,6,8,27,0,0,0,0,0,0,0,0,0,0,0,0,0,1,0,3,2,0,1,1,27,25,22,18,13,11,11,10,9,7,7,6,6
CAGACCTTTTGCTCGAAAAAG,CGAATGTGGCGGT,true,2,3,6,16,0,0,0,0,0,0,0,0,0,0,0,0,1,0,0,1,0,1,2,0,14,12,11,11,10,8,7,7,5,4,4,3,3
GAGCAGGTTCAAAAAGAAAAG,AGATCGAATATTC,true,2,11,10,26,0,0,1,0,0,0,0,0,0,0,0,0,2,0,0,0,4,1,0,1,25,21,20,19,18,18,18,15,14,13,12,11,11
TCTCTTCATCCGATCTTATGC,CGGCCGGACCATG,true,2,7,13,32,0,0,0,0,0,0,0,0,0,0,0,0,3,1,2,0,0,7,0,0,25,22,19,18,17,17,14,13,12,9,9,7,7
TCAATATCTTCTTTCGTTTCC,AAATATGAGACAT,true,3,10,7,26,0,0,1,0,0,0,0,0,0,0,0,0,0,4,0,0,1,0,0,0,25,24,21,20,18,17,17,15,13,12,12,11,10
TGTTTGTTCAAAGTCTCTTCT,TTCATAGCCCGCT,true,3,8,10,24,0,0,0,0,0,0,0,0,0,0,0,0,1,0,2,2,0,4,0,1,23,22,17,17,17,17,14,12,12,8,8,8,8
TATGAACAAACAACTGAAAGA,AAAACTCGCCCTC,false,5,5,13,38,0,0,0,0,0,0,0,0,0,0,0,0,2,0,1,0,4,4,0,0,38,37,33,27,13,10,9,8,8,8,7,6,5
ATGGATAAATACCCATTTCCC,TATAATATACGAC,true,3,8,8,19,0,0,0,0,0,0,0,0,0,0,0,0,2,1,1,1,2,0,1,0,17,14,13,13,12,10,10,10,10,9,8,8,8
TCTAATTCAGAGGCTTTATCT,GCCAGCATAAAAT,true,4,12,6,27,0,0,0,0,0,0,0,0,0,0,0,0,1,0,0,2,2,0,0,0,27,26,23,23,20,19,17,17,15,15,15,13,12
TTTGAACGTTATTTTATCTTA,AGCAGACAAAGCA,true,3,7,19,34,0,0,0,0,0,0,0,0,0,0,0,0,2,2,2,1,6,1,2,0,30,27,25,22,19,19,17,16,15,13,12,9,7
CGAAAGACGTGTTGATGCGCG,TAATTGTGCTTCG,true,2,10,7,26,0,0,0,0,0,0,0,0,0,0,0,0,0,2,2,0,2,0,0,1,22,22,18,16,13,12,11,11,11,10,10,10,10
CTGACAAACCAAATGCCATTA,AAGCTGACCAGAT,true,3,5,8,22,0,0,0,0,0,0,0,0,0,0,0,0,0,3,0,1,2,0,0,0,20,19,15,14,13,12,10,9,9,8,8,7,5
TCTGTGTTGCTCATTTTTTCA,TCACCTTTCACCT,false,3,1,0,11,0,0,0,0,0,0,0,0,0,0,0,0,0,0,0,0,0,0,0,0,10,10,1,1,1,1,1,1,1,1,1,1,1
TTTGTCCGCTGCTTCGGGAAA,GGAAGAAAAGAAC,true,4,8,9,28,0,1,0,0,0,0,0,0,0,0,0,0,3,0,0,0,4,0,0,0,24,24,23,20,17,17,16,16,12,10,10,9,8
AGCAGGCGGTCAATCATGCGC,TCCAGTTCCTTCA,true,2,15,8,36,0,0,0,0,0,0,0,0,0,0,0,0,1,1,0,1,0,4,0,1,32,31,27,23,22,22,22,21,18,17,16,15,15
CGTCTGAAAAAGACTGGCTTA,TTTTTGCAGCCGA,true,5,6,9,25,0,0,0,0,0,0,0,1,0,0,0,0,1,0,1,2,0,2,1,0,22,22,22,22,19,17,16,15,14,11,7,7,6
ATCAAAATCACTAGCATCCAC,ATCTGAGATCGCT,true,1,8,11,24,0,0,0,0,0,0,1,0,0,0,0,0,0,0,1,3,1,0,1,3,23,20,19,19,15,15,14,14,14,13,11,9,8
TCCGGTCACGGCGGACAGGAA,GAACAGAAGCTGA,true,2,4,11,31,0,0,0,0,0,0,0,0,0,0,0,0,4,1,1,0,1,0,2,1,23,21,20,13,12,11,10,9,8,8,6,5,4
GTGAGTAACCTTTTAGGAGCC,AGCCGCCGAAGGT,true,2,5,14,30,0,0,0,0,0,0,1,2,0,0,0,0,0,1,0,2,1,2,0,0,29,22,21,17,17,15,12,12,12,11,10,6,5
CGACGTAGGTATCGCAGAACA,GCATGCCGCAACG,true,2,6,7,25,0,0,0,0,0,0,0,0,0,0,0,0,1,1,1,1,0,1,0,2,23,22,21,16,12,11,8,7,7,7,7,6,6
AGAAAGGCTTCAACCGTGCGC,TTGAATTTTTATC,true,5,8,6,26,0,0,0,0,0,0,0,0,0,0,0,0,0,0,0,2,0,0,0,3,26,22,18,16,16,14,14,14,13,9,9,9,8
AGGCCGAAAGGCTAGGCGATG,GACAACAGGTTGA,true,2,5,5,12,0,0,0,0,0,0,0,0,0,0,0,0,0,0,1,0,3,0,0,0,11,11,11,11,10,10,7,7,7,7,6,6,5
ACGGTCAAAACGCTCAATATC,GTTCTTTTTATAT,true,5,6,11,23,0,0,0,0,0,0,0,0,0,1,0,0,0,2,1,0,1,0,0,3,21,21,19,16,15,15,14,13,11,9,8,6,6
CGAGCTGAGGCTCCGGGCTTT,TGATCATGAGCAT,true,4,12,12,43,0,0,0,0,0,0,0,0,0,0,0,0,3,0,2,4,0,0,1,2,39,27,24,21,19,18,17,13,13,13,12,12,12
AAAGCCCTTTTCTAAAAGGGC,TTTTTGTTTTTGC,true,5,9,8,27,0,0,0,0,0,0,0,0,0,0,0,1,0,0,0,4,0,0,0,1,27,27,27,25,18,15,14,14,14,14,14,11,9
ATTAATTTTAAACGCTCCGAC,AATGGCCGGCAAT,true,2,3,3,23,0,0,0,0,0,0,0,0,0,0,0,0,0,0,0,0,1,0,0,0,21,19,16,15,10,8,6,6,5,5,5,3,3
ATCGAAAAGGGCACGCTGCCG,TTAGACCGTCTCT,true,2,6,11,26,0,0,0,0,0,0,3,0,0,0,0,0,3,1,1,1,1,0,1,0,26,24,20,18,15,10,9,6,6,6,6,6,6
CGCTCACTCCTGTCATCTCTT,TATTACAAGTTCA,true,3,10,17,39,0,0,0,0,0,0,0,0,0,0,0,0,1,0,2,2,1,1,0,9,33,32,31,28,24,22,22,20,19,18,12,11,10
ACTGGGAGGGGTTTGAAACAG,GTTCGCAAATGAT,true,3,4,3,16,0,0,0,0,0,0,0,0,0,0,0,0,0,1,2,0,0,0,0,0,14,13,13,10,9,8,7,5,5,5,5,4,4
TCATACACATTCGTCGCGTTT,TTGTAATTCATCA,true,5,11,14,45,0,0,0,0,0,0,0,0,0,0,0,0,3,0,0,4,4,0,0,3,43,34,31,30,29,23,18,16,13,12,12,11,11
ATGGCACCAACGGTCAGTCTG,TTGTATTCAGCAG,true,2,3,4,16,0,0,0,0,0,0,0,0,0,0,0,0,1,0,0,2,1,0,0,0,15,11,8,8,8,7,6,4,4,4,4,3,3
CTCCGGCAGATAGGGCATCGA,CACCATAGCTTTC,true,3,8,11,30,0,0,0,0,0,0,1,0,0,0,0,0,1,3,0,0,1,2,0,0,27,22,20,17,17,15,14,11,11,11,11,9,8
GATGGATACAGTCAGGACATT,GAAAGAATCGGCG,true,3,6,3,12,0,0,0,0,0,0,0,0,0,0,0,0,2,0,0,0,1,0,0,0,12,12,12,9,7,7,7,7,7,7,6,6,6
AATATGATGCCCCCGAGCGCT,TCGCTGTATGTGC,true,2,11,11,26,0,0,0,0,0,0,0,0,0,0,0,0,0,2,0,3,0,0,2,4,24,24,22,21,19,16,15,15,14,13,12,11,11
AGCTTTGTCCGCAAACTCCAG,GAGCTCCCGTTTC,true,3,7,14,37,0,0,0,0,0,0,0,0,1,0,0,0,0,2,3,1,0,2,1,2,33,29,24,22,20,17,15,13,12,11,11,9,7
CGTATATCCTGTCAAGCTGAT,GAGGTTTAATGAT,true,3,6,9,25,0,0,1,0,0,0,0,0,0,0,0,0,1,0,1,2,0,0,2,1,21,21,20,16,16,15,12,10,8,7,7,7,6
CTTCCTTATCTTCATCTCGGA,AATCTGCAAGCAG,true,3,7,12,26,0,0,0,0,0,0,0,0,0,0,0,0,4,1,1,1,4,1,0,0,26,19,18,17,15,13,12,12,12,9,8,7,7
GATCGATGAGTTTCAGGCTAA,ACGCGCTGACCTC,true,3,11,9,26,0,0,0,0,0,0,0,0,0,0,0,0,2,0,0,2,1,2,1,0,25,23,21,18,15,15,14,13,13,13,12,11,11
AGTGATTAAGATGAATGTTGA,AGCAGTGATTATA,true,2,13,14,36,0,0,0,1,0,0,0,0,0,0,0,0,4,0,1,1,3,0,0,1,34,31,28,27,24,21,20,19,18,18,17,14,13
GAGCACTTGCTGTCTTGCTTT,ATTTAAGCTGACA,true,3,9,11,35,0,0,0,0,0,0,0,0,0,0,0,2,2,0,0,2,0,0,1,0,32,30,30,27,20,20,17,13,13,13,13,10,9
CGGTGATATTGTCATTATTTC,TGTATTCTCTTCT,true,2,5,13,27,0,0,0,0,0,0,0,0,0,0,1,0,0,0,0,4,0,2,0,3,26,22,22,18,18,15,12,11,10,10,9,6,5
CACTGGGCATTGCGCTCGAGA,AAAAAATTCGAAG,false,7,6,10,27,1,0,0,0,0,0,0,0,0,0,0,0,0,1,0,0,7,0,0,1,26,25,24,23,19,7,7,6,6,6,6,6,6
AAATGTCATTGTTTTCGGAGT,TGTGGCTGCTTAC,true,2,11,9,29,0,0,0,1,2,0,0,0,0,0,0,0,0,1,0,0,0,0,3,1,26,24,23,22,18,17,17,15,14,13,12,12,11
GGAGATTTTTATCAGGAATTT,CTTCTAACTTTGT,true,3,5,10,30,0,0,0,0,0,0,0,0,0,0,0,0,0,0,1,3,0,0,0,3,21,21,18,15,14,12,12,11,11,11,8,7,5
ATGATAGAATGATAAAGGTAA,AATTTCATAATAG,false,4,5,8,27,0,0,0,0,0,0,0,0,0,0,0,0,4,0,0,0,2,0,0,1,27,25,7,7,7,7,7,6,6,6,6,6,5
CGTCCATCTCCATAAATGCTG,CCGGCACCATATA,true,2,6,11,31,0,0,0,0,0,0,1,0,0,1,0,0,0,1,1,2,0,2,0,1,27,23,22,20,18,17,13,11,11,8,7,7,6
CGATTGCCAAAATTGACGGTG,TGTCAGCTGATGA,true,1,9,5,20,0,0,0,0,0,0,0,0,0,0,0,0,0,1,1,1,1,0,0,0,17,15,15,14,14,14,13,12,12,10,10,10,9
TACGTTTTGCTTCCCATGTCC,CAGCAGCAGGACG,true,3,2,2,13,0,0,0,0,0,0,0,0,0,0,0,0,0,0,0,0,0,0,2,0,10,8,8,8,8,8,6,5,5,2,2,2,2
CCCCCGCCCCCGCCCCACCCC,CCTCCCCCCAAAC,false,6,1,0,11,0,0,0,0,0,0,0,0,0,0,0,0,0,0,0,0,0,0,0,0,10,7,1,1,1,1,1,1,1,1,1,1,1
ATAATTATTGAACATAATGTT,CATTACTTTACAC,true,3,8,5,29,0,0,0,0,0,0,0,0,0,0,0,0,0,0,0,2,1,1,0,0,21,19,18,16,11,10,10,10,10,9,8,8,8
AACTGTTTTATTTGACGAAAG,CACCGTTCCGAGC,true,2,5,11,29,0,0,0,0,0,0,0,0,0,0,0,0,3,1,0,0,1,3,1,1,26,24,19,19,16,16,13,10,8,8,7,6,5
GAGACGCTTTGTTGCTGCGTA,CGATGTGGAAATC,true,3,8,14,30,0,0,0,0,0,0,0,0,0,0,0,0,2,0,2,4,3,0,0,1,28,28,26,23,20,19,17,16,15,14,11,10,8
TGGAGTGTTTTTTTCTATGGG,GACAAGAGTGAGT,true,4,8,10,28,0,0,0,0,0,0,0,0,0,0,0,0,1,0,3,0,0,1,3,1,18,16,13,13,12,12,12,11,10,10,9,8,8
CTGGTATAAAGACAAAAGCCA,GCCATTGTTTCAG,true,3,3,7,13,0,0,0,0,0,0,0,0,1,0,1,0,0,0,2,0,0,0,1,1,11,10,9,9,9,9,9,7,7,5,4,4,3
TTAAGGAAGTTTCTTTTATAT,TGCTCAGTCGTCG,true,2,7,7,28,0,0,0,0,0,0,0,0,0,0,0,1,0,1,0,3,0,1,0,1,24,24,22,18,13,12,12,12,10,9,9,7,7
AACCGCTAAACTCACTGTTCA,TCAGATCCACTTC,true,2,11,18,42,0,0,0,1,0,0,0,0,0,0,0,0,6,1,2,2,1,2,0,1,39,29,26,24,24,23,21,19,18,16,15,13,11
ACAAAGGATGTGATAAAAAAG,GTATACGTAAAGC,true,3,4,8,19,0,0,0,0,0,0,0,0,0,0,0,0,0,2,1,1,2,0,1,1,16,14,11,10,7,7,7,6,6,6,4,4,4
CTGTTCATGATCTTCTATCGC,AAAGCTTCTGATG,true,3,4,8,20,0,0,1,0,0,0,1,0,0,0,1,0,0,1,0,1,2,0,0,1,16,16,14,14,13,13,10,8,8,6,4,4,4
CTCTTTATCCGCTAGTCCCAA,TTCTCGGATTGGT,true,2,5,7,23,0,0,1,0,0,2,0,0,0,0,0,0,0,0,0,2,0,0,1,1,23,18,14,13,13,13,11,10,10,10,5,5,5
CAAGTATCCCGACAGCCATAA,GGCAACCATCAGC,true,2,10,11,30,0,0,0,0,0,0,0,0,0,0,0,0,3,0,2,1,4,1,0,0,27,24,22,22,21,19,17,14,12,11,10,10,10
TGTGTCTTTCTCGGTTAAAAA,TAACGCTAAAATC,true,5,5,8,22,0,1,0,0,0,0,0,0,0,0,0,0,2,2,0,1,1,1,0,0,17,17,16,13,11,10,10,8,7,7,5,5,5
CGGCTTGAACACCGTAGTTTC,GCAACGTTCTTGC,true,2,5,7,18,0,0,0,0,0,0,0,0,0,0,0,1,0,1,0,0,2,1,1,1,17,15,15,11,9,8,7,6,5,5,5,5,5
CAGGCACTGCCGGAAGATGGC,TCTGTACCGTTTC,true,3,11,8,26,0,0,0,0,0,0,0,0,0,0,0,0,1,0,1,1,1,1,1,0,26,25,23,22,21,17,15,14,13,13,13,13,11
AGCGCTCACCGCTAAATATAA,ACAGACTAAAAAT,true,5,9,14,31,0,0,0,0,0,0,0,0,0,0,0,0,3,3,1,1,3,0,1,0,26,22,21,20,17,16,15,15,14,14,14,11,9
CCCTGCGCCGCAAGTCTTGAC,CCATCGAATAATG,true,3,12,14,37,0,0,0,0,0,0,0,0,0,0,0,0,1,1,1,3,5,1,0,0,35,30,27,25,25,25,24,22,21,17,15,14,12
GGCTGGGTTGAAACAGACACA,GGCATGTCCTATC,true,2,3,8,23,0,0,0,0,0,0,0,0,0,0,0,0,1,1,0,2,0,1,1,0,23,21,19,16,16,14,14,12,9,6,6,4,3
CGGCCGGCATTCCGGCCCGCT,GGATAAAGGGTTA,true,3,3,4,14,0,0,0,0,0,0,0,0,0,0,0,0,2,0,0,2,0,0,0,0,13,11,11,11,10,10,7,3,3,3,3,3,3
TTGACACGGAGCTTTTGCGCT,GACCGATACAGAT,true,2,12,15,46,0,0,0,0,0,0,0,0,0,0,0,0,2,2,3,2,1,1,0,1,43,40,36,28,26,26,23,18,16,16,16,15,12
GCTTTATTAATTCAATCTTCT,TAAGCGCTTCTTC,true,2,16,14,37,0,0,0,0,0,0,0,0,0,0,0,0,2,0,2,1,1,3,0,1,34,33,30,28,28,26,23,23,23,20,20,18,16
TCCGGTTTTCCATCACCATCA,TCATCAAGCTCAT,true,2,4,10,23,0,0,0,0,0,0,1,0,0,0,0,0,2,0,1,3,1,0,0,2,20,17,16,15,12,11,10,8,6,5,4,4,4
CACTTTTTTCGAAGGCAGGTT,TCTAAAAAAATCT,true,7,5,4,11,0,0,0,0,0,0,0,0,0,0,0,0,1,1,0,0,2,0,0,0,10,10,9,9,9,9,9,9,8,6,5,5,5
ATCACGGGATTTTAGAAAGCT,TGCTGTATAAACT,true,3,6,11,29,0,0,0,0,0,0,0,0,0,0,0,0,2,3,1,0,2,0,1,1,28,24,22,19,19,15,13,10,10,9,8,6,6
ACCTGAATCAAACAGCACAGC,CTCCTGCAGAACG,true,2,6,10,24,0,0,0,0,0,0,0,0,0,0,0,0,0,3,0,3,1,0,1,2,21,19,17,17,15,12,12,9,8,8,7,6,6
TCAAGCGTACCAAATTCCATA,ATGACCGGCTGTG,true,2,3,11,21,0,0,0,0,2,0,0,0,0,0,0,0,0,0,3,0,1,1,3,0,20,18,17,16,15,12,11,7,5,5,4,4,3
ACATGCAAGTTCGAGCGGACA,GATGGGAGCTTGC,true,3,4,4,16,0,0,0,0,0,0,0,0,0,0,0,0,1,0,0,0,1,0,1,1,13,12,10,9,7,4,4,4,4,4,4,4,4
TCCGCTTATGATTTCCACCAC,ACATCAGCTTTTG,true,4,4,15,30,0,0,0,0,0,0,0,1,0,0,0,1,2,4,0,3,0,1,0,2,27,26,24,21,16,13,12,10,8,7,7,5,4
TGGCCTGTGTTTCCAGCATAA,AAGAAAAATTGAG,true,5,3,11,27,0,0,0,0,0,0,0,0,0,0,0,0,2,0,0,2,5,0,0,2,23,19,13,13,13,12,12,9,7,5,4,3,3
GATCATCGTTAACCCGCTCGT,TCCGCCGACCTCT,true,2,5,8,20,0,0,0,0,0,0,0,1,0,0,0,0,1,0,0,2,0,3,0,1,20,15,11,9,9,8,7,7,7,6,5,5,5
ACTCCTGTTCAGCAGCGAATT,TCTCAGTCCGTTC,true,3,11,6,28,0,0,0,0,0,0,0,0,0,0,0,0,0,2,0,1,0,0,0,2,26,25,22,20,16,16,16,15,15,14,14,12,11
TCGGAATCAAAACTGTTTCTA,ATCCATATGCCGC,true,2,6,13,32,0,0,0,0,0,0,0,0,0,0,0,0,0,0,0,0,2,5,1,3,30,25,21,15,13,13,12,10,9,9,8,7,6
CTCTATTTATAAGAAAACGAA,ACATTAAGAAATA,true,3,7,13,26,1,0,0,0,0,0,0,0,0,0,0,0,3,0,0,1,2,1,0,2,22,19,19,19,18,15,14,11,11,11,10,8,7
TATCTTTTTTTTATGTTGTTT,TATGCAGGAAGCG,true,4,3,3,11,0,0,0,1,0,0,0,0,0,0,0,0,0,0,0,0,0,1,0,0,9,8,7,7,7,7,7,6,6,6,5,4,3
TTTTTGCTGATTGATATATTG,TAAGAGCCTGCCT,true,2,6,8,26,0,0,0,0,0,0,0,0,1,0,0,0,1,1,1,0,1,0,0,0,25,23,18,16,15,13,13,12,9,9,9,6,6
GAGGAATCAGGCCATGTCATT,ACGCTAGACAAAG,true,3,8,10,24,0,0,0,0,0,0,0,0,0,0,0,0,2,1,2,1,1,0,0,1,21,21,21,19,16,14,12,12,11,10,10,9,8
CTGTTTTAGAAGATATCAGTG,AAGAGACTTACCT,true,2,9,14,29,0,0,0,0,0,0,0,0,0,0,0,0,2,1,1,2,1,2,2,0,27,25,25,24,20,19,18,17,17,14,14,12,9
CCATTGCCCAGAAGCTGAAAG,ACGGATCTGGCGT,true,2,10,10,25,0,0,0,0,0,1,0,0,0,0,1,0,2,0,1,1,1,1,1,0,22,21,18,16,15,14,13,12,11,11,11,11,10
TCGACGGCAAGGCTCGGACCT,TGGAAATTCAGCA,true,3,4,11,24,0,0,0,0,0,0,0,0,0,0,0,0,2,0,3,1,1,0,3,1,21,20,16,16,14,12,10,8,8,8,6,4,4
AGACCGCACCTTGACGGGCTC,TGTCTCCGTTGTG,true,2,10,13,31,0,0,0,0,1,0,0,0,0,0,0,0,0,2,1,2,0,2,0,1,28,25,25,22,22,21,19,18,17,16,14,12,10
TAATGTGATCGTTGTTAACCG,TGATGTGCCGACT,true,2,7,7,19,0,0,0,0,0,0,0,0,0,0,0,0,0,0,1,2,0,1,3,0,19,17,17,16,13,12,11,9,8,8,8,7,7
ACAGACCTTCATGCCGGACGG,CTGAACAATAAGC,true,2,3,7,17,0,0,0,0,0,0,0,0,0,0,0,0,0,1,1,1,0,0,1,2,15,13,9,9,8,7,7,6,4,4,4,4,3
TCATCTCCTGCTACAACCGGA,CGAACCCACACGA,true,3,8,9,23,0,0,0,0,0,0,1,0,0,0,0,0,4,2,0,0,0,2,0,0,19,18,18,18,15,15,11,9,9,9,8,8,8
TGTCGCTCCTAATGGAAAGTC,CTCCGTAATCGGT,true,2,8,15,37,0,0,0,0,0,0,0,0,0,0,0,0,6,1,2,1,0,2,0,1,34,34,33,29,26,24,23,22,16,12,10,8,8
TTAAACTTGAAACTGACTCTG,ATAAATCAAAAGA,true,4,12,11,31,0,0,0,0,0,0,0,0,0,0,0,0,1,1,0,0,7,0,0,0,28,25,23,22,19,18,17,17,17,17,14,12,12
TTCAAATATGCCGAAGAGTTG,TTTGGGGAAAGAG,true,4,8,9,23,0,0,0,3,0,0,0,0,0,0,0,0,0,1,0,1,1,0,0,1,23,23,22,19,19,18,11,11,11,10,8,8,8
TCTGAATGAGTTCATTCCGAT,GGCGAAAACAAAC,true,4,5,9,24,0,1,0,0,0,0,0,0,0,0,0,0,2,1,1,0,2,1,1,0,23,20,17,14,11,11,11,9,5,5,5,5,5
GGTTATATTTGTTCCTTCAGA,ACCATGGTCAACA,true,2,6,7,25,0,0,0,0,0,0,1,0,0,0,0,0,1,1,0,1,1,2,0,0,23,17,14,11,10,10,10,9,9,9,8,6,6
CCCTGTCAAGCCGTATGCAGC,CGCTGAGATCGTG,true,2,9,14,31,0,0,0,0,0,0,0,0,0,0,0,0,1,2,2,1,1,3,1,0,28,24,23,23,21,20,20,17,16,14,12,12,9
CCTGTTGCAAAGCCGATATGC,AAGGAACAAATAC,true,3,4,8,18,0,0,0,0,0,0,0,0,0,0,0,0,4,0,0,0,3,0,0,0,17,15,13,13,13,12,8,8,7,6,5,5,4
AAAACTCCCTCGCCAGCACTT,CCGGCGCATGCGT,true,2,11,14,33,0,0,0,0,0,0,0,0,0,0,0,0,2,3,2,3,0,1,3,0,30,26,26,23,22,21,21,20,17,15,13,11,11
AGTAGGTCTAGACAAGCCTGA,TGATAAAAATTTA,true,5,10,14,31,0,0,0,0,0,0,0,0,0,1,0,0,0,1,2,6,1,0,0,0,30,23,22,20,17,17,16,15,14,13,13,13,10
GACATACGGCGTTTCAAGAAT,TTTTGGAATGTCT,true,5,6,9,20,0,0,0,0,0,0,0,0,0,0,0,0,2,0,1,1,1,0,0,3,19,19,19,15,12,12,11,10,8,8,7,7,6
AGTTCATTTTGATTCTCGCAA,TGAACTGGTATAC,true,2,2,4,13,0,0,0,0,0,0,0,0,0,0,0,0,0,0,1,0,0,0,1,1,13,10,10,9,9,7,7,5,4,4,3,3,2
ATGTAACAAAAAAGCAATCGA,TTTGGTTAAGGTA,true,3,3,12,18,0,0,0,1,0,0,0,0,0,0,0,0,0,0,0,4,1,0,3,0,18,18,16,14,11,11,11,9,8,7,6,5,3
CCTCTATCACAGCGCCGACAA,TTTCTTCTGCAGC,true,3,9,13,26,0,0,0,0,0,0,0,0,0,0,0,0,1,2,2,4,0,0,0,3,24,23,22,19,16,13,13,13,12,11,10,10,9
TTTAGATTTGACTTCAGGAAG,CACCGCAAAGTTG,true,3,4,10,31,0,0,0,0,0,0,0,1,0,0,0,0,0,1,0,0,1,3,1,0,25,22,19,15,14,13,10,10,10,7,7,7,4
ATAGAACAATTTGTTATTATG,GGTGACGCCGTGT,true,3,5,11,21,0,0,0,0,2,0,0,0,0,0,0,0,0,0,2,0,0,5,1,0,20,16,15,14,14,13,12,11,7,6,6,6,5
CCCATTTCAGTGATGCGTGCC,AGATGCGCTGAAC,true,2,6,9,22,0,0,0,0,0,0,0,0,0,0,0,0,1,1,0,2,4,0,0,1,22,21,18,13,12,12,12,12,10,9,9,6,6
TTTAATTAATTTTATATGTAA,TGAGCGGTTTCTC,true,3,10,12,30,0,0,0,0,0,0,0,0,0,1,0,0,3,0,1,0,1,0,1,1,25,24,20,18,18,18,17,16,15,13,13,11,10
TAACAGAGAATTTCGCACCGT,TAGTCGTGATTTG,true,3,9,12,38,0,0,0,0,0,0,0,0,0,0,0,0,2,0,1,4,0,1,0,2,29,25,24,21,17,16,16,14,14,12,12,10,9
AACATTATCGAGCTGAAGTTG,GGTATGAATTAAG,true,3,11,8,32,0,0,0,0,0,0,0,0,0,0,0,0,0,0,0,2,1,0,3,1,32,25,24,23,22,21,21,21,17,15,12,12,11
GTAAAGGTTGGAATGGAGCTT,TTTTATCAAGAAG,true,6,9,6,23,0,0,0,0,0,0,0,0,0,0,0,0,1,0,1,1,1,0,0,1,22,22,20,18,14,13,13,13,13,11,10,9,9
CATCGTCTATGATTTTCTTTT,TGCCTGTCATGGT,true,5,2,8,24,0,0,0,0,0,0,0,0,0,0,0,1,1,0,0,2,1,0,0,2,17,11,9,9,8,8,8,7,6,5,3,2,2
AGGTGGATGAGGCACTTACGA,AAAAAGGAACGAC,true,6,14,13,33,0,0,0,0,0,0,0,0,0,0,0,0,6,0,0,1,2,0,2,0,33,32,32,30,28,24,20,20,19,16,16,16,14
CCTGGCTGTTTGAGAAGCTTG,AGGAAAAAGGATA,true,5,6,7,23,0,0,0,1,0,0,0,0,0,0,0,0,2,0,0,0,1,0,1,0,20,19,18,17,17,17,17,13,10,9,8,7,6
TCATTCGATTCATACGTCATC,ACCTGGTTTATAG,true,3,4,6,20,0,0,0,0,0,0,0,0,0,0,0,1,0,0,1,3,0,0,0,1,19,18,15,15,14,11,11,10,9,6,4,4,4
GTAAGCGTCTGGCCGATAGAC,AGAACGGTAGTCG,true,2,12,13,38,2,0,0,0,0,0,0,0,0,0,0,0,2,2,0,2,1,0,3,0,35,35,34,32,25,25,23,22,19,15,14,13,12
TTTTTCACTTGGCGGCGGCGG,AACAGCCGGACCG,true,2,12,10,36,0,0,0,0,0,0,0,1,0,0,0,0,1,3,0,1,0,2,1,0,35,31,28,26,24,24,19,17,15,15,14,12,12
GAACGTCACCTGAAATTATTA,ATGAGGTAGAACG,true,2,7,10,28,0,0,0,0,0,1,0,0,0,0,0,0,1,2,1,2,1,0,1,0,26,22,20,20,20,15,14,13,10,9,8,8,7
CGCTGTTGCATGCTGAAGCAG,CGGATGTCAACAC,true,2,13,14,37,0,0,0,0,0,0,0,0,0,0,0,0,0,1,1,1,0,0,2,2,37,37,32,28,27,26,23,20,20,18,16,14,13
TCCGGAGGTTTCCTGCTGAAC,GCGTTAATCCCGT,true,3,12,5,32,0,0,0,0,0,0,0,0,0,0,0,0,0,0,1,1,1,2,0,0,31,29,28,26,25,20,19,17,16,15,12,12,12
CAATCTTGTGTTTTTCGCATT,CTTTAAGATGTTG,true,3,9,11,30,0,0,0,0,0,0,0,0,0,0,0,0,2,1,1,1,2,0,1,2,27,27,27,26,24,19,17,16,16,15,13,10,9
ACGGCAAGAAATCCGAGCTCT,CTTTTAAAAGAAT,true,4,10,11,27,0,0,0,0,0,0,0,0,0,1,0,0,1,1,0,1,2,2,0,2,24,23,23,23,19,17,17,17,15,13,13,11,10
AGCCCACCTTTTTTATAGTCA,TCCGAATACTTTC,true,3,6,9,22,0,0,0,0,0,0,0,0,2,0,0,0,0,0,1,4,0,1,0,0,21,14,13,12,12,12,10,8,7,7,7,7,6
AATAGTCTGGCTTACCGGGCG,TTTTTTGCATTGC,true,6,3,7,12,0,0,0,0,0,0,0,0,0,0,0,0,0,2,0,3,0,0,0,1,12,12,12,12,11,10,6,6,6,5,5,4,3
ATGCTGTATTGAAAAAGAGCA,TTTTTTGAAGTTA,true,6,6,5,25,0,0,0,0,0,0,0,0,0,0,0,0,2,0,0,1,1,0,0,1,23,23,21,19,18,14,11,10,8,6,6,6,6
TATATGACTGAAAGAATTGTT,TAGAACACCGGGT,true,3,7,9,27,0,0,0,0,0,0,1,0,0,0,0,0,2,1,0,0,2,1,0,1,23,19,18,17,16,14,14,10,9,8,8,8,7
ATCAGCTCAGATGATCGGCCA,AAGTGTGATTCAC,true,3,9,6,23,0,0,0,0,0,2,0,0,0,0,0,0,0,0,0,1,2,0,0,0,20,18,16,16,13,13,13,12,12,12,11,10,9
TCAAAGTTACTGCGATATATG,ACTATAGAGAAGA,true,2,8,7,22,0,0,0,0,0,0,0,0,0,0,0,0,2,0,1,1,0,0,1,0,20,20,20,18,15,14,12,12,11,10,10,9,8
ATTGTGTCACCTTTCCAAAAA,GGTTTTTCTATTG,true,5,4,13,28,0,0,0,0,0,0,0,0,0,1,0,1,3,1,2,2,0,0,0,3,24,22,19,19,19,18,13,7,5,5,4,4,4
CGCGGCCAATAAGAAGATAAA,CGTAAAGCTGTTG,true,3,8,6,18,0,0,0,0,0,0,0,0,0,0,0,0,0,0,1,1,0,0,0,2,16,16,16,14,14,14,13,13,13,13,12,9,8
CATAGGTCAGCATATTGAAAA,ACTGCTGGTTCCG,true,5,5,18,38,0,0,0,0,0,0,1,0,1,0,0,0,4,0,0,3,3,0,5,0,32,21,20,17,16,16,15,10,9,9,6,6,5
TCCTCCACAATCGGATGGCCT,CGGACACCTGCCG,true,2,8,10,27,0,0,0,0,0,0,0,0,0,0,0,0,1,2,2,1,0,2,2,0,25,25,20,19,15,13,12,9,9,8,8,8,8
GAGCAGGTAAAAATGGAAATT,GGCCATGCCTTGA,true,2,7,12,29,0,0,0,0,0,0,0,0,0,0,0,0,0,2,2,3,0,1,3,1,25,19,17,15,14,14,13,13,12,10,8,7,7
CAAAATGTCCTCAACAGTTGC,ACCGTATTTTCGT,true,4,7,7,25,0,0,0,0,0,0,1,0,0,0,0,0,1,2,0,1,0,1,0,1,24,22,17,16,13,11,10,10,10,9,7,7,7
GCCGGGCATTTTTAAATGATA,AACTAACACGATA,false,3,3,4,19,0,0,0,0,0,0,0,0,0,0,0,0,3,0,1,0,0,0,0,0,19,19,5,4,4,4,4,3,3,3,3,3,3
TAAAACAACACTTCTTCGGGA,TCTTGCGAGACTC,true,2,4,9,21,0,0,0,0,0,0,0,0,0,0,0,0,3,0,1,0,1,0,0,3,19,16,15,10,9,9,9,9,8,6,5,5,4
TGTTCCTCATTTTCTTCAGTA,CTTCATCTGCTGT,true,2,8,8,20,0,0,0,0,0,0,0,0,0,0,0,0,0,0,1,2,0,2,1,1,18,18,18,15,14,14,13,12,11,9,9,9,8
GACGAGATCGAAAAGCTGCGG,AGATGGCATATGC,true,2,4,4,15,0,0,1,0,0,0,0,0,0,0,0,0,0,0,0,1,0,0,1,0,14,13,11,10,9,7,6,6,5,5,5,5,4
CCGGCCGAAGTCGTTTCAGCA,TTGTTCTTAATCG,true,2,2,7,16,0,0,0,0,0,0,0,0,0,0,0,0,1,1,1,3,1,0,0,0,13,11,10,9,9,7,7,7,6,4,2,2,2
TAACGCGTCAATTTTGTCCAT,GTCTTCCTGAGAC,true,2,3,13,26,0,0,0,0,0,0,0,0,0,0,0,0,2,1,0,2,1,4,2,1,21,17,15,13,12,11,9,8,7,6,3,3,3
TGGGTGTGTGTGTGTGTGTGG,TGTGTTGTGTGTG,true,2,1,0,20,0,0,0,0,0,0,0,0,0,0,0,0,0,0,0,0,0,0,0,0,13,11,6,5,3,1,1,1,1,1,1,1,1
GGATATCATGAAACAGCCGCT,TTACTGCTTTTTC,true,5,13,14,35,0,0,0,0,0,0,0,0,0,0,0,0,2,2,0,1,0,1,0,3,33,30,28,27,27,23,22,21,21,20,20,18,13
CGTGCCTGACCAGCATATTGC,AGATGAAAGAATA,true,3,5,11,26,0,0,0,0,0,0,0,0,0,0,0,1,1,1,1,1,5,0,0,0,22,21,17,17,13,13,12,8,7,7,7,6,5
GCTTTACTTCCGTACGTAAGC,GGTGAGTAAGCTG,true,2,13,12,36,0,0,0,1,0,1,0,0,0,0,0,0,1,2,0,2,2,0,2,0,35,30,29,28,26,23,22,21,18,16,15,14,13
AATATCAAATCATTTCATATA,ATCCTCAACAATG,true,2,10,10,27,0,0,0,0,0,0,1,0,0,0,0,0,3,0,0,0,3,0,0,1,23,22,21,19,19,18,17,15,14,14,13,12,10
CTTTGGCGATCAAAACATCAT,TAATGTACATATG,true,2,6,11,22,0,0,1,0,0,0,0,0,0,0,0,0,0,0,2,2,1,1,0,3,19,18,16,15,13,12,9,7,7,7,7,6,6
TCTCTGCTTGATACAGCGAAA,GTCAATCAAGCAC,true,3,10,7,27,0,0,0,0,0,0,0,0,0,0,0,0,3,0,1,1,0,1,0,0,20,19,16,15,15,15,14,13,13,11,11,11,10
TGTGATGATCACTTCATCATC,CGTCACATCGATC,true,2,13,6,34,0,0,0,0,0,0,0,0,0,0,0,0,2,0,0,1,0,3,0,0,31,28,26,21,19,17,17,17,15,14,14,13,13
CAGGCATATCCTGCAGGGCAT,TTTGAGAATGCAT,true,4,5,5,22,0,0,0,0,0,0,0,0,0,0,0,0,0,3,0,1,0,0,0,0,22,22,19,15,14,13,11,11,10,10,10,5,5
AATGGCAGAGCTCGTGCTTGA,TGATGCCGATCAG,true,2,5,9,25,0,0,0,0,0,0,0,0,0,0,0,0,1,2,1,1,0,1,2,0,22,20,19,17,15,14,11,10,8,7,7,6,5
CGAAAATGCACTCAAACGGCT,TATATTTATTGTA,true,3,4,11,31,0,0,0,0,0,0,0,0,0,0,0,0,0,0,1,1,1,0,0,7,24,21,19,17,16,16,12,9,9,6,5,5,4
GCCTCTTTCTTTTTTATTCCG,CAGGCGCTCGCGT,true,2,10,7,23,0,0,0,0,0,0,0,0,0,0,0,0,1,2,0,0,0,1,2,0,20,19,19,17,16,14,13,12,12,12,12,11,10
AAATGGGAGACTTGTATCAAA,GAATAGCAAATCA,true,3,8,19,43,1,0,0,0,0,0,0,0,0,0,0,0,8,1,2,1,5,0,0,0,39,37,32,29,23,20,19,17,17,16,11,9,8
TGTCGCCGCCAACTCTTCAGG,CGGTGTCACAGGA,true,2,2,10,17,0,0,0,0,1,0,0,0,0,0,0,0,1,1,1,1,0,1,1,0,17,16,12,10,9,8,7,6,5,5,5,3,2
TCGGTCTGCGGTACTTTTTTG,AGAAATATCCGTC,true,3,3,4,11,0,0,0,0,0,0,0,0,0,0,0,0,0,0,0,0,0,2,0,0,9,8,7,7,7,7,7,7,7,5,5,5,3
CATGTCATCACTCACCTTGAT,GAATATTTATCAG,true,3,8,6,20,0,0,0,0,0,0,0,0,0,0,0,0,2,0,1,2,1,0,0,0,18,16,15,15,15,14,14,14,11,9,9,8,8
GTAAAGTGGATTTTCCAACAC,TCGGGAATCCGAC,true,3,5,10,23,0,0,0,0,0,0,1,0,0,0,0,0,2,0,0,2,1,1,3,0,23,20,20,19,14,12,11,9,8,6,6,5,5
TCGCAAATGATGGCAGCAGGC,GGCTGCACCACCT,true,2,5,19,31,0,0,0,0,0,0,0,0,0,0,2,1,2,3,1,1,0,4,1,0,29,26,25,22,20,20,18,15,12,11,11,9,5
CGCATTCGTTATCAAAACAGT,TTCATACATCCTG,true,3,6,11,23,0,0,0,0,0,0,0,0,0,0,0,0,0,0,1,1,1,4,0,4,22,17,16,14,13,11,11,11,10,10,7,6,6
TACGGCGGCCATAGCGATCAG,CTAATCTGCCGCA,true,2,6,5,19,0,0,0,0,0,0,0,0,0,0,0,0,0,1,0,0,0,1,0,3,19,16,15,14,13,12,10,10,10,8,6,6,6
GCAGCCATAAACACACCAATC,GTAAACAGGCTGA,true,3,7,11,25,1,0,0,0,0,0,0,0,0,0,0,0,2,2,0,0,2,0,3,0,22,22,20,20,16,14,13,12,10,9,8,8,7
CTGCCAAACAAAAACAGCACA,GCTCAGCTTTTGC,true,4,4,6,12,0,0,0,0,0,0,0,0,0,0,0,0,0,0,1,1,0,0,1,2,12,11,10,10,10,9,9,9,9,9,6,5,4
ATCAGAGTCATTGAAAGCATC,CCTGTTCAGCAGC,true,3,11,10,37,0,0,0,0,0,0,0,0,0,0,0,0,1,1,1,1,0,4,0,1,34,28,25,24,24,21,18,18,17,14,13,12,11
AAATCGAGCCATTTCAAAAAA,TCAGAAAAAATGT,true,6,3,2,11,0,0,0,0,0,0,0,0,0,0,0,0,0,0,0,0,2,0,0,0,7,6,5,5,5,5,5,5,5,3,3,3,3
CGACATAATGGCAACTGCTGT,GCCCTTGTCAAAG,true,3,9,14,31,0,0,0,0,0,0,1,0,0,0,0,0,0,3,2,2,0,4,0,1,28,26,26,18,18,17,16,15,14,10,10,10,9
CCGACAGATACGCGGTTATCA,AATGGCTCTCCAG,true,3,10,14,35,0,0,0,0,0,0,0,0,0,0,0,0,0,2,1,1,3,1,4,1,34,29,27,27,20,18,16,16,14,13,12,11,10
GGCACTTCAGCCTGGTCTAAA,TGAGCGTTCTTGT,false,3,3,2,17,0,0,0,0,0,0,0,0,0,1,0,0,0,0,1,0,0,0,0,0,4,4,3,3,3,3,3,3,3,3,3,3,3
AAAATATTCTTTTTCTGCGGC,GTCACGGATGATC,true,2,11,12,37,0,0,0,0,0,0,0,0,0,0,0,0,2,2,1,1,1,0,3,1,32,32,28,25,22,22,19,18,17,14,12,12,11
CCGATTGAAAAGTTTCCGTTT,CACAATCCGCTTC,true,3,9,11,24,1,0,0,0,1,0,1,0,0,0,0,0,0,1,2,1,0,2,0,1,21,20,16,16,15,15,14,14,12,11,11,9,9
GCGATCACGGCGCCGGCCAGC,ATCGGGTTAAAGC,true,3,5,11,28,0,0,0,0,0,3,0,0,0,0,0,0,2,0,2,2,0,0,0,1,27,23,19,17,16,12,11,10,7,7,7,6,5
CGGCGATGACTGTCATGCCGG,GTTTGATATTATC,true,3,5,10,27,0,0,0,0,0,0,0,0,0,0,0,0,1,0,0,2,1,0,1,2,22,21,21,17,16,16,15,11,10,10,8,5,5
AGTGTCATCGTAACGTGCGTT,AAGCCATCTTCAT,true,2,7,16,37,0,0,0,0,0,0,1,0,0,0,0,0,2,1,1,2,1,3,3,1,33,31,24,19,17,16,14,12,10,9,8,8,7
ATGAATTGGATCATATTTATC,AAGAGAAAGCGAT,true,3,9,7,24,0,0,0,0,0,0,0,0,0,0,0,0,0,0,2,0,2,0,3,0,24,21,19,18,16,16,15,13,10,9,9,9,9
AAGAGAGATATCTCTCTCAAC,AACAACAACGGAG,true,2,15,19,60,0,0,0,0,0,0,0,0,0,0,0,0,4,1,0,2,3,4,1,0,57,46,38,37,31,25,24,23,20,20,19,18,15
AAGTTGAAAATCGGCTGCGTT,TTGACCGCTTCAC,true,4,2,2,15,0,0,0,0,0,0,0,0,0,0,0,0,1,0,0,0,0,0,0,0,14,13,11,9,6,6,6,4,3,3,3,3,2
AGCGATTTAACACGTGATTGA,TTCTTAATTGTGT,true,2,7,14,23,0,0,0,0,0,0,0,0,0,0,0,0,3,0,0,1,2,1,1,4,22,18,16,16,16,15,13,11,11,11,10,7,7
GGAAAAGCCTCAACCCTAGCG,GTTGAGGCTTTTG,true,4,11,9,32,0,0,0,0,0,0,0,0,0,0,0,0,1,0,0,4,0,0,2,1,27,25,23,15,15,14,13,13,13,13,13,11,11
CCGAATGAAGCAGGTCGGCTC,AGTTGAAGTGCCG,true,2,9,14,30,0,0,0,0,0,0,0,0,0,0,0,0,2,1,0,3,2,0,2,1,28,25,25,24,18,18,17,13,13,13,13,11,9
CAAAATAAGCCGCCGCCCCGA,GAGCAACCAATTA,false,2,2,4,19,0,1,0,0,0,0,0,0,0,0,0,0,0,0,0,0,3,0,0,0,19,16,16,13,12,2,2,2,2,2,2,2,2
ACTGAAACACGCCTTTGCCAA,AACCGTTCTCATA,true,4,8,13,45,0,0,0,0,0,0,0,0,0,0,0,0,3,1,0,3,2,1,0,1,44,35,21,18,16,16,14,11,11,10,10,8,8
TATCTGCACACAGTCTGCCGG,AAAAAATCAAAGA,true,6,9,12,31,0,0,0,0,0,0,0,0,0,0,0,0,3,0,0,2,7,0,0,0,31,31,31,30,30,18,12,11,10,10,9,9,9
ATCGGAGAGTTTGATCCTGGG,CTCAGGACGAACG,true,3,2,9,14,0,0,0,0,0,0,1,0,0,0,0,0,0,0,2,2,1,1,2,0,10,9,7,6,6,4,4,4,3,3,3,2,2
CGGCCACCGGAAAAGCATAAT,CCGGATAATCGAC,true,2,6,15,29,0,0,0,1,0,0,0,0,0,0,0,0,2,0,1,3,0,2,2,2,26,23,22,21,20,18,17,16,13,11,9,8,6
ATAAGTTCCACTTCATCAGCC,TGTAAGTATTGAT,true,2,3,5,12,0,0,0,0,0,0,0,0,0,0,0,0,3,1,0,0,0,0,0,1,11,10,9,9,9,6,6,6,6,5,4,3,3
GCATGATTTTATTTCAGGCAG,CCAAATGAAACGC,true,3,6,6,22,0,0,0,0,0,0,0,0,0,0,0,0,1,0,1,0,0,2,2,0,20,13,13,13,13,11,9,8,8,8,6,6,6
ATCAAGCAGGCTTTGCTGCTC,TTGCGGATAAGGC,true,2,7,12,28,0,0,0,0,1,1,0,0,0,0,0,0,2,0,1,4,1,0,0,1,26,24,21,19,18,14,13,13,11,9,8,8,7
AGCATTGATTCAACATGCGAG,AAGAAATTCTCAT,true,3,8,13,31,0,0,0,0,0,0,1,0,0,0,0,0,0,1,0,2,4,3,1,1,28,26,22,21,20,17,16,15,11,10,8,8,8
CGCATCGTTACCGCCTTACCC,GTCCGTTTGCTCA,true,3,3,7,18,0,0,0,0,0,0,0,0,0,1,1,0,0,0,0,3,0,0,0,2,17,17,15,10,10,9,9,5,3,3,3,3,3
CCCGGCATAATCATGGCGCCG,ACCACTGTAAAAG,true,4,2,3,15,1,0,0,0,0,0,0,0,0,0,0,0,0,0,0,0,2,0,0,0,12,12,11,10,8,7,7,6,6,5,4,2,2
TATTTTTTTTTTTTAAATTTA,TATTATTATATTA,true,2,1,0,11,0,0,0,0,0,0,0,0,0,0,0,0,0,0,0,0,0,0,0,0,8,5,3,3,1,1,1,1,1,1,1,1,1
TTTGATGTTTATGATTTCATC,CTTGAGCCGGATG,true,2,7,7,17,1,0,0,0,0,0,0,0,0,0,0,0,0,0,1,1,1,0,1,2,16,16,14,13,13,12,12,12,12,11,8,7,7
ACATAAAAACAATTTCTAAAG,AACATGTTAATAC,true,2,2,9,18,0,0,1,0,0,0,0,0,0,0,0,0,1,0,1,2,1,1,0,1,18,14,8,7,7,7,6,4,3,3,3,2,2
CTGCACTTTTAAAGAATCAAC,CTGATCTTCTGGA,true,2,10,9,31,0,0,0,0,0,0,0,0,1,0,0,0,1,1,1,2,0,1,0,1,25,22,21,21,20,18,18,18,14,12,11,10,10
AAGTCCCATCGGCCCTCTTGC,ATGAAGCTTTTGC,true,4,7,8,23,0,0,0,0,0,0,0,0,0,0,0,0,3,0,1,2,1,0,0,1,23,20,19,17,16,11,11,11,11,10,9,7,7
GTTTTTTGCGTTTTTTGCGGC,GCTGGCGGTCATC,true,2,3,7,15,0,0,0,0,0,0,0,0,0,0,0,0,2,0,2,0,0,0,3,0,14,12,12,10,8,8,8,7,4,4,4,3,3
AGCGATGATGATGACGGCAAA,AATCCAAGAGCAT,true,5,9,21,49,0,0,1,0,0,1,1,0,0,0,0,0,4,1,4,1,7,0,0,0,46,35,23,20,18,18,16,15,15,14,11,10,9
GGGTCCCTTCGTTAAAGCGGG,CAGGCGGCTTCGT,true,3,9,6,22,0,0,0,0,0,0,0,0,0,0,0,0,1,2,0,1,0,0,0,1,20,18,16,15,15,15,15,15,15,14,12,10,9
ATCCCTGCTCTGACGTACGTG,CTTTTGCTTTCCA,true,4,13,11,39,0,0,0,0,0,0,0,0,0,0,0,0,0,1,2,2,0,2,0,3,36,34,34,33,26,22,20,19,19,17,15,13,13
ATTCCTGCGCTGTATTGAGAA,ATTGCTCATAGCG,true,3,8,10,26,0,0,0,0,0,0,0,0,0,0,0,0,3,1,0,0,3,0,1,2,23,16,14,14,14,13,13,13,11,9,8,8,8
GACATGCTCATTGGTAATGCC,TTTTGTGTTAACA,true,4,5,6,14,0,0,0,1,0,1,0,0,0,0,0,0,1,0,0,0,0,0,1,0,13,13,12,11,8,8,7,7,7,7,7,7,5
CCGGCTGCCTCTTTCTTTATT,CAATTCCGGGACA,true,3,6,7,27,0,0,0,0,0,0,0,0,0,0,0,0,1,0,1,1,0,1,1,1,23,19,18,16,15,11,8,8,8,7,7,7,6
GACATATCCTCGCAGACAATA,TGTTCATGGCTAC,true,2,10,9,27,0,0,0,0,0,0,0,0,0,0,0,1,0,2,0,3,0,0,1,1,24,21,18,17,15,15,15,15,12,12,12,10,10
GCAAGATGTGAAAAAGTGGCT,GAGTCAAGTTTGT,true,3,7,7,24,0,0,0,0,0,1,0,0,0,0,0,0,0,0,0,0,1,0,0,1,22,22,20,18,18,16,12,11,11,11,9,8,7
ACCCGGACAGCTCAATGCGGG,GAATTTTAATGAT,true,4,3,3,11,0,0,0,0,0,0,0,0,0,0,0,0,0,0,0,2,0,0,1,0,9,9,9,9,9,9,9,4,4,4,3,3,3
ATTCGCGCTTTGATTATCGGC,ATTCCAAACGTTG,true,3,13,12,33,0,0,0,0,0,0,0,0,0,1,0,0,2,1,0,0,2,2,1,1,33,30,28,27,24,22,22,20,18,15,15,13,13
TGGCTTTAACAATGTAATAAC,CTCCTCAATAGTA,true,2,5,5,17,0,0,0,0,0,0,0,0,0,0,0,0,2,0,1,0,1,0,1,0,15,15,15,13,12,12,11,10,7,6,5,5,5
TGCTCTTTCGACATATGCTTT,GTGACAAAATCCA,true,4,12,17,41,0,0,0,0,0,0,0,0,0,0,0,0,4,3,1,3,2,1,1,1,35,31,29,23,20,19,19,19,16,13,13,13,12
AGTCCGCGGTGCAGCTCTTGT,TTTTGTTTTTGCA,true,5,8,11,27,0,0,0,0,0,0,0,0,0,0,0,0,0,0,0,4,0,0,0,7,27,26,26,19,14,14,14,14,14,9,8,8,8
GATCACTTCTTCATCAGTTTG,CTTCATGGTCACT,true,2,5,5,15,0,0,0,0,0,0,0,0,0,0,0,1,1,1,1,0,0,0,0,1,14,13,8,8,8,7,6,6,6,6,5,5,5
GCTTCCCGCTAAGCTTTAATA,CGATACGTTTGTA,true,3,4,7,14,0,0,0,0,0,0,0,0,0,0,0,0,0,0,2,0,0,0,1,2,13,12,10,10,10,10,10,9,9,7,6,6,4
GCCGCCAAAAAACACAATCAG,TTCATTAATCAAG,true,2,9,5,25,1,0,0,0,0,0,0,0,0,0,0,0,1,0,0,1,1,0,0,1,23,21,19,19,17,13,13,12,12,10,9,9,9
GAGAGCCACTGCTGGTGTCAT,CCAGCATACTGCT,true,2,5,6,21,0,0,0,0,0,0,0,0,0,0,0,0,1,0,1,1,1,0,0,1,20,17,14,13,12,11,10,8,8,7,6,6,5
ATTCTTGTAAATCCAATCTTT,AAAATCGATTAAC,true,4,8,15,32,0,0,0,0,0,0,0,0,0,0,0,0,3,0,0,5,3,0,0,1,28,28,28,21,17,16,16,14,13,12,11,11,8
GCCCGGCATCAAAACAATGGC,CGCGATCGTGCTG,true,2,7,5,17,0,0,0,0,0,0,0,0,0,0,0,0,0,0,2,0,0,3,0,0,15,13,11,10,10,10,10,10,10,10,7,7,7
CGAACTTAATCGGCGTGTTTG,TGACCGCACGAAT,true,2,7,10,27,0,0,0,0,0,0,0,0,1,0,0,0,0,2,1,0,0,2,1,0,25,23,21,20,14,13,13,13,12,10,10,10,7
AAAAGCGATAATAACATCGCA,TAAAGCTTTTCGC,false,4,2,1,11,0,0,0,0,0,0,0,0,0,0,0,0,0,0,0,1,0,0,0,0,9,2,2,2,2,2,2,2,2,2,2,2,2
GTGCATGTCAGGTGCAAGGAA,CGGTTGTTTCGCT,true,3,10,13,30,0,0,0,0,1,0,0,0,0,0,0,0,1,1,1,3,0,1,2,2,25,24,23,22,21,21,20,20,18,14,11,11,10
AATGGAGACTTGCGTCACACT,GAGAATATATAAG,true,2,6,14,32,0,0,0,0,0,2,0,0,0,0,0,0,4,0,3,1,3,0,0,1,29,29,21,19,16,13,13,11,10,9,7,6,6
TTAAATGTAAAACCCAATACT,TAAAAAATGTCAG,true,6,12,12,29,0,1,0,0,0,0,0,0,0,0,0,1,1,0,1,4,3,0,0,1,28,25,24,24,24,23,19,15,14,12,12,12,12
CCGAACCCCGCATTTTCCAAG,ATGGTCGGTGTAT,true,2,5,8,24,0,0,0,0,0,0,0,0,0,0,0,0,0,1,1,0,1,0,4,0,22,20,19,10,9,9,8,7,6,6,5,5,5
GCAGGGACATCCGTAAACCGT,GTGCTTGATGAAT,true,2,3,5,13,0,0,0,0,0,0,0,0,0,0,0,0,1,0,1,1,0,0,0,1,12,11,9,9,9,8,7,6,4,4,4,4,3
AAGAAGGGAAGAGGGATGATT,TGTGTAATAGCCA,true,3,5,9,24,0,0,0,0,0,0,0,0,0,0,0,1,1,0,0,2,1,0,0,3,22,16,16,12,10,10,9,7,6,6,6,6,5
AATATGCGCGTCGCCATCCAT,CGTCTGGATCGCA,true,2,7,16,33,0,0,0,0,1,0,0,0,0,0,0,0,0,3,1,4,1,1,1,3,29,24,23,23,20,17,15,14,11,10,8,8,7
CCAAGACAGATTCGCGGGGAT,GTTACAAACAATC,true,3,7,6,14,0,0,0,0,0,0,0,0,0,0,0,0,2,0,1,1,1,0,0,1,14,14,14,13,12,12,12,11,10,10,9,7,7
TTAGGGATTTGCGGCGAAGCG,GTCAGCGCCAAGC,true,2,8,9,37,0,0,1,0,0,0,0,0,0,0,0,0,2,4,1,0,1,0,0,0,32,29,27,23,23,23,18,16,15,12,10,8,8
ACATCCGCTCCGCCTTTGGTG,ATTTCCTTCAAGA,true,3,7,7,19,1,0,0,0,0,0,0,0,0,0,0,0,0,0,1,0,2,1,0,2,18,18,18,15,14,13,12,11,11,10,7,7,7
AGACGAGAGATCGCCTCAATC,AGATTGAAGGCAT,true,2,7,13,26,0,0,0,0,0,1,0,0,0,0,0,0,1,0,1,3,1,1,2,1,26,24,21,20,18,15,14,14,13,11,9,8,7
TACAATCGTAAACTTTCAGAA,ATTTTCACAGGTG,true,4,3,3,14,0,0,0,0,0,0,0,0,0,0,0,0,0,0,0,0,0,0,0,1,13,11,11,10,8,7,7,7,7,7,6,3,3
CAGCGTGACAACAGCTGTACC,ATGCTGATCATCG,true,2,6,6,19,0,0,0,0,0,0,0,0,0,0,0,0,3,0,1,1,0,1,0,0,19,18,17,14,13,13,12,10,9,9,7,6,6
GATCCTGATTGTCGCGCTCGG,TCCCAGTTTTATC,true,4,7,16,31,1,0,0,0,0,0,0,0,0,0,1,0,0,0,3,4,1,4,0,1,28,27,25,18,17,16,16,15,14,14,9,8,7
GCTGGAATGAACCATCCGAGC,CTATGCTGTACAT,true,2,2,5,13,0,0,0,0,0,0,0,0,0,0,0,0,1,3,1,0,0,0,0,0,13,6,6,6,6,4,3,3,3,3,2,2,2
AGAAAGCACCATGTCCGGTGT,AAAGATCACATTG,true,3,10,17,39,0,0,0,0,0,0,0,0,0,0,0,0,4,1,1,2,2,3,0,1,38,35,34,30,27,26,22,21,15,14,13,12,10
TCGGCAGCAGTGTATCGGATT,AATAGGTTCTGAC,true,2,8,15,28,0,0,0,0,0,0,0,0,0,0,0,0,4,3,0,2,1,0,1,1,27,27,21,16,16,15,15,14,12,11,11,10,8
CCCGCCAGTCGGTCGCAATCA,TATTTGTCGCAGT,true,3,7,5,17,0,0,0,0,0,0,0,0,0,0,0,0,1,0,1,0,1,0,0,1,15,14,14,14,10,10,9,8,8,8,8,8,7
TCTTAAAAGATTTCCGGTCCG,ACTTCAATAGCTA,true,2,7,12,26,0,0,0,0,0,0,0,0,0,0,0,0,3,2,1,2,1,0,0,0,23,22,20,19,17,17,15,11,11,11,11,9,7
AGGTCTATCGCTTTCACCGGA,AAGCCCTTTTGCT,true,4,5,13,32,0,0,0,0,0,0,0,0,0,0,0,1,2,0,1,2,2,1,0,2,32,28,23,19,19,14,12,11,11,9,7,7,5
AAAGGGCTCGTCAGCTTAGGT,GTGTCCAATAATC,true,2,8,7,25,0,0,0,0,0,0,0,0,0,0,0,0,0,0,1,1,2,1,0,1,20,20,14,13,13,12,12,11,10,10,9,9,8
TGAGGGCAATGCCCGTTCCGG,TTGCCATAAGAAT,true,2,8,12,32,0,0,0,0,0,0,0,0,0,0,0,0,2,0,2,1,4,1,0,0,31,29,25,24,21,20,17,17,13,11,10,9,8
CGGATAGGACCATCTGCTGAT,AATTCGATGCTTG,true,2,5,6,19,0,0,0,0,0,0,0,0,0,0,0,0,0,0,1,0,1,1,1,0,19,19,19,16,14,11,9,8,8,7,7,7,5
GCTTCTATGTCTTTTGTGATG,ATGTCATCGTCAG,true,1,9,15,33,0,0,0,0,0,0,1,0,0,0,0,0,1,3,1,2,1,2,0,0,33,31,29,29,25,23,22,18,17,17,15,13,9
AAAATGCCTTTGGCATCCGCT,TCTTTTTTTCAGT,true,7,2,6,25,0,0,0,0,0,0,0,0,0,0,0,1,0,1,0,1,0,0,0,3,23,13,11,10,10,10,8,6,3,3,2,2,2
GTTCACGCCAAGCTTTTTCTT,CGCTTTTGGCAGA,true,4,3,9,19,0,0,0,0,1,0,0,0,0,0,0,0,0,1,1,2,0,0,2,0,15,14,14,13,12,9,9,8,5,5,5,4,3
GCAGATCATCGGCGGCCTTGG,GGTAGTGTCCGCT,true,4,3,6,19,0,0,0,0,0,0,0,0,0,0,0,0,0,1,0,1,0,0,3,1,17,13,12,9,7,7,7,5,5,5,3,3,3
GTAGCTGCCGAGAATGATGCC,GATTGCGCCGTAT,true,2,8,9,25,0,0,0,0,0,0,0,0,0,0,0,0,0,1,2,1,0,2,0,2,24,23,20,17,16,14,13,12,9,9,9,8,8
GAAATCTTCATTTTGTTTTGG,AGCTGGTTCTTGA,true,2,5,11,27,0,0,0,0,0,1,0,0,0,0,0,0,0,1,2,2,0,2,1,2,24,22,17,16,15,11,10,10,7,7,5,5,5
ATCACCAATTCGTTTGGTTGG,TATTATCTTTTAG,true,4,6,18,32,0,0,0,0,0,0,0,0,1,2,0,0,3,0,0,5,1,0,0,5,31,28,25,19,16,14,12,12,12,11,9,7,6
TCTTGTTTGGTCTGTCGTACA,GCGGTTTTTAAAC,true,5,6,14,28,0,0,2,0,0,0,0,0,0,1,0,0,1,0,2,0,0,1,2,3,27,24,23,19,17,16,16,16,11,8,8,8,6
TAAACGAGATAGTGTTTGCAC,TGCCTTAATACCG,true,2,6,10,25,0,0,1,0,0,0,0,0,0,0,0,0,1,1,2,1,1,3,0,0,22,21,20,13,13,12,10,9,9,7,6,6,6
ATGATACTAAAAAATAATTTC,TAAAGGATAATCA,true,3,4,5,12,0,0,0,0,0,0,0,0,0,0,0,0,0,0,0,2,1,0,2,0,12,10,10,9,9,7,6,6,5,4,4,4,4
ACGGGCGGAAAAAAGCCGGAG,CGGAGTTTTTGAT,true,5,3,3,11,0,0,0,0,0,0,0,0,0,0,0,0,2,0,0,1,0,0,0,0,10,9,9,7,6,5,5,5,5,3,3,3,3
GGAGAATATTGATTACCATTT,TGTGCCGATCATG,true,4,8,10,27,0,0,0,0,0,0,0,1,0,0,0,0,0,1,1,2,1,2,1,1,23,21,19,19,18,12,10,10,10,9,8,8,8
CTTGTGATTCTTCCGCCTAAT,GGAGAGAAATCAC,true,3,7,12,25,0,0,0,1,0,0,0,0,0,0,0,0,2,0,0,0,2,1,2,0,25,23,22,17,17,16,16,14,12,12,11,10,7
GATGCGTCCCCATACTTCTTG,CAGTGTATCCGGA,true,2,6,5,24,0,0,0,0,0,0,0,0,0,0,0,0,1,0,1,0,0,2,0,0,22,21,18,18,13,11,9,9,9,7,7,6,6
GTTTGGATGTTCGTCAATGCC,GATGTAGTTGTGT,true,2,15,13,39,0,0,0,0,0,1,0,0,0,0,0,0,4,0,0,0,1,0,1,3,37,34,30,27,27,26,24,24,21,19,18,16,15
ATAAAATCAGAAAATGACTTA,ACGGTCTGAGGTG,true,2,2,6,13,0,0,0,0,0,0,0,0,0,0,0,0,3,1,0,1,0,0,0,1,12,11,9,9,8,8,6,4,3,2,2,2,2
TGTTTCTTTAAAAAATAGCTT,GCGGGACCGCTCT,true,3,4,4,11,0,0,0,1,0,0,0,0,0,0,0,0,0,1,0,0,0,1,1,0,9,9,9,9,6,6,6,5,4,4,4,4,4
GTCAGGATGTTCAGGTAACTG,AAACACTGACCAT,true,3,8,13,24,0,0,0,1,0,0,0,0,0,0,0,0,3,1,1,0,3,1,1,1,24,23,21,18,16,16,15,13,12,11,9,9,8
GGAATATTCCTTATGTGCTCT,TCACATTTTATGT,true,4,5,5,17,0,0,0,0,0,0,0,0,0,0,0,0,1,1,0,3,0,0,0,0,13,10,8,8,8,8,8,8,8,6,5,5,5
TTTCCGCCTCCTTTGTTATAG,TCTGAGCGAACGC,true,2,9,7,29,0,0,0,0,0,0,0,0,0,0,0,0,2,0,2,0,0,0,1,1,23,20,16,16,16,12,11,11,11,11,10,10,9
CCCAGACGCCGAAAGATACGC,CTGTCACTGAGGA,true,2,11,10,26,1,0,0,0,0,0,0,0,0,0,0,0,0,1,1,2,1,2,0,2,24,21,18,15,14,14,14,14,14,11,11,11,11
TGCTGCTCGATATCAAGGATG,AAATCAATCCGAT,true,3,7,12,34,0,0,0,0,0,0,0,0,0,0,0,0,1,0,0,3,2,3,0,0,33,33,27,23,21,21,18,16,14,10,10,8,7
TGAAAGACAGGATGATATACA,AAAAATCCTCTCA,true,6,8,11,32,0,0,0,0,0,0,0,0,0,0,0,0,3,0,0,2,3,1,0,0,31,30,30,27,20,15,13,12,12,11,10,10,8
ATTATGTAACACATGCCCTGA,AAACAGGCGCAAG,true,4,5,6,18,0,0,0,0,0,0,0,0,0,0,0,0,1,0,1,0,0,1,2,0,18,17,16,11,11,11,8,6,6,6,6,6,5
AAGACATGGTAAATGGTGACA,CGTACTCAAGAGC,true,2,9,14,34,1,0,1,0,0,0,0,0,0,0,0,0,1,1,3,4,1,1,1,0,33,30,27,20,18,17,16,15,13,10,9,9,9
TTTTTTGATTATCTCTATAAT,TGGACACACGAGC,true,2,16,9,38,0,0,0,0,0,1,0,0,0,0,0,0,2,1,1,1,0,0,2,0,35,35,31,30,29,27,24,23,20,18,17,17,16
TATTCTCCAAACAGTTTGAAG,GGACCGATCAAGA,true,3,7,9,26,0,0,0,0,0,0,0,0,0,0,0,0,0,0,0,0,2,3,4,0,24,16,15,14,10,10,9,8,8,8,7,7,7
AGAAACGAGCATATTTCTGAA,ACTGTGAAGAAAG,true,3,4,3,11,0,0,0,0,0,0,0,0,0,0,0,0,0,0,1,1,0,0,0,0,10,10,8,7,7,6,5,5,5,5,5,4,4
AGTCCGTGCCGGCATCGTCAT,GCTTAAAGCTGAT,true,3,7,12,23,0,0,0,0,0,0,0,0,0,0,0,0,1,2,0,4,2,1,0,2,21,20,19,15,14,13,12,12,9,9,8,7,7
TTTCCTTACATACAAGGTCTT,CACATTCTGCTTG,true,2,8,18,37,0,0,0,0,0,0,0,0,0,0,0,0,4,0,0,3,0,5,0,6,30,28,25,25,25,22,17,17,17,15,14,8,8
CATTGGTGATTTACGTCCGAT,TGGCGCACGTCCT,true,2,6,6,29,0,0,0,0,0,1,0,0,0,0,0,0,1,1,0,0,0,1,0,1,21,17,15,15,15,12,11,9,9,8,7,6,6
TCCCGTTTTTGCAGGACGGTA,TCACCTTCCTGGA,true,2,11,10,27,0,0,0,0,0,0,0,1,0,0,0,0,1,0,0,3,0,3,0,2,25,23,23,22,18,18,17,16,14,13,11,11,11
TGATTTTTCAGCTCAGTCAGC,TCGTTGGAGAGAG,true,2,4,4,11,0,0,0,0,0,0,0,0,0,0,0,0,0,0,0,0,0,0,0,1,11,10,10,10,9,8,7,6,6,6,6,4,4
AAGCCAATATCCCGGTCGATG,GCATACAAGATTC,true,2,10,12,28,0,0,0,0,0,0,0,0,0,0,0,0,2,1,0,4,3,0,2,0,25,24,23,22,16,14,14,14,14,10,10,10,10
TTGAGATCACGAATCCCGCTA,CAATCGGGCCGAT,true,3,8,4,21,0,0,0,0,0,0,0,0,0,0,0,0,1,0,0,0,0,3,0,0,20,20,18,17,16,16,14,12,11,8,8,8,8
CTGCTGGTTGTACGTAAATGC,TGTATCAACAGCA,true,2,10,8,27,0,0,0,0,0,0,0,0,0,0,0,0,2,2,1,1,0,0,1,1,24,22,21,20,19,18,17,17,15,13,12,10,10
AAGGTCCTTTCCACTGGGGAA,GGACCTTTTCCAT,true,4,2,9,17,0,0,0,0,0,0,0,0,0,0,0,0,1,2,0,1,1,2,1,0,17,13,11,10,8,7,7,7,7,5,4,3,2
TTCTTCTTCCAACGATAATAA,GACGCTCGAGAGA,true,2,74,105,267,0,0,1,4,0,5,0,0,0,0,0,1,10,11,8,7,9,8,16,3,247,222,199,179,164,144,130,123,116,100,95,82,74
CGCTTGGTTTTAGGGGAGAAG,CACTGCCGAGTAT,true,2,4,5,14,0,0,0,0,0,0,0,0,0,0,0,0,1,0,1,1,1,1,0,0,13,10,9,8,8,8,7,7,5,4,4,4,4
ATGTCAAAAAAACAAACCACC,TGCATACACACTG,true,2,4,5,13,0,0,0,0,0,0,0,0,0,0,0,0,0,1,1,0,0,2,0,0,13,13,10,8,8,8,6,6,6,5,5,5,4
CATTATCAGTGATTATCAATG,GAGAGGTAAAAGA,true,4,6,9,24,1,0,0,0,0,0,0,0,0,0,0,0,0,1,0,0,1,0,4,0,21,19,17,15,15,11,10,10,10,10,8,6,6
TGATGGCGGGGATGGTAAAAA,GAGATATCTCAGA,true,5,3,5,12,0,0,0,0,0,0,0,0,0,0,0,0,3,0,0,1,1,0,0,0,7,7,6,4,4,4,3,3,3,3,3,3,3
GCAATCGTTTTCAGCGTTTTA,ATTTTCCATCCTC,true,4,2,3,11,0,0,0,0,0,0,0,0,0,0,0,0,1,0,0,2,0,0,0,0,11,7,7,7,7,3,3,3,3,2,2,2,2
ACTCTGATCCAGTGCCCTTCG,CGCGGAGGTATAG,true,2,8,11,26,0,0,0,0,0,0,0,0,0,0,0,0,4,0,2,2,0,1,2,0,25,24,22,21,19,19,18,16,14,13,9,8,8
GACCGGATCGGGATCAACCGC,AATTTTCTCCATC,true,4,3,5,18,0,0,0,0,0,0,0,0,0,0,0,0,0,2,0,0,0,1,0,2,17,14,14,13,12,7,7,5,5,3,3,3,3
TTTTTTTTTTTTTTTGTGTAC,GAGGTGTGGGTTG,false,3,1,0,11,0,0,0,0,0,0,0,0,0,0,0,0,0,0,0,0,0,0,0,0,3,2,2,1,1,1,1,1,1,1,1,1,1
GTACTGGCACGAAAATCAACG,AATTACTATTATC,false,2,2,3,21,0,0,0,0,0,0,0,0,0,0,0,0,0,0,1,2,0,0,0,0,8,8,7,7,3,2,2,2,2,2,2,2,2
ACGCGGTGTTCGATTCTATCT,TGGAATTTAGTTC,true,3,7,18,31,0,0,0,0,0,0,0,0,0,0,0,0,3,1,2,4,2,0,1,3,28,28,24,23,20,17,17,16,11,9,9,8,7
TCAGCTGATTAGGGAAGGTGA,CTCCAATGAATCT,true,2,9,12,31,1,0,0,0,0,0,0,0,0,0,0,0,1,0,0,3,2,3,0,0,29,29,28,22,22,18,15,15,14,12,12,9,9
GTGAATTGAATTTTACTAATT,GAGGAATAAACAG,true,3,9,7,30,0,0,0,0,1,0,0,0,0,0,0,0,1,0,0,1,3,0,1,0,27,23,21,17,16,14,10,9,9,9,9,9,9
ATGCACAAACATAAGCGTTAC,AGCTTTAAAACTC,true,4,11,9,31,0,0,0,0,0,0,1,0,0,0,0,0,1,0,3,1,2,0,0,1,28,28,25,25,25,20,19,18,17,13,11,11,11
CTAATCTAATATAAATATTCG,CTACAAATCTACA,true,3,7,5,21,0,0,0,0,0,0,0,0,0,0,0,0,0,0,2,2,1,0,0,0,20,19,15,13,13,11,9,9,8,8,7,7,7
ATGGCGATCCGATAGGCGCCG,TGGTTATTTTTTC,true,6,7,12,24,0,0,0,0,0,1,0,0,0,0,0,0,0,0,1,1,0,0,0,4,22,21,19,19,18,17,16,16,16,16,15,12,7
ATAAAGGATTTTGCTTTTTTG,ATAAAAGCGGAGA,true,4,4,7,17,1,0,0,0,0,0,0,0,0,0,0,0,3,1,1,0,1,0,0,0,16,15,15,15,14,12,7,7,6,6,4,4,4
CCTGTTAAACTACATCACTCC,AGATGTTGTTCAC,true,2,8,12,29,0,0,0,0,0,0,0,0,0,0,0,0,2,1,0,4,0,0,2,3,27,23,22,19,16,15,14,11,11,9,8,8,8
CGGAGCCGTCATTGAAAACAG,CGGCGGAGGCATG,true,2,6,13,30,1,0,0,0,0,0,0,0,0,0,0,0,2,0,2,1,0,0,4,0,28,27,22,22,20,18,16,14,13,13,11,9,6
TGTGGTGCATACCTTTAGTAT,GAACAGATCGCCT,true,2,12,11,27,0,0,0,0,0,0,0,0,1,0,0,0,2,1,1,1,0,3,1,0,26,25,24,21,20,18,18,18,15,15,15,13,12
TCTGTTAACATTTTTCCAATC,ATCTCAAATTGAT,true,3,4,4,11,0,0,0,0,0,0,1,0,0,0,0,0,0,0,0,0,1,0,1,0,11,11,10,10,8,7,7,6,6,6,5,4,4
AGCTCTGAGCTTGAGCCGTAC,TCAGCGCTGCATA,true,1,8,13,30,0,0,0,0,0,0,0,0,0,0,0,0,1,2,1,1,0,2,1,1,29,27,27,24,23,21,19,18,16,14,11,9,8
TCGACAAGCAAAAAGAAATTC,TTCATGCGAATAT,true,2,6,14,29,0,0,0,0,0,0,0,0,0,0,0,0,1,2,0,6,0,2,0,0,27,26,21,21,19,15,11,10,9,9,8,7,6
GGAAGCCTATTTTTACATTTC,CCCTGTATTAGAT,true,4,6,6,22,0,0,0,0,0,0,0,0,0,0,0,0,2,0,0,2,0,0,0,1,22,21,15,13,11,11,11,10,9,8,7,6,6
ATATAACGGGATTCAGCGGCT,GACAGGCCAAAAT,true,4,6,7,19,0,0,0,0,0,0,0,0,0,0,0,0,0,2,2,0,0,1,0,0,18,16,15,13,13,12,11,9,9,9,9,7,6
ATCGACCCCAAGCAGGAGTGC,AAGGCCCTCCAGC,true,3,11,17,37,0,0,0,0,0,0,0,1,0,0,0,0,2,1,2,3,0,5,2,0,35,33,30,28,26,25,20,18,16,13,12,12,11
AGAGACATTGATAAAGAAAGG,AAGGCAGACAAGT,true,2,10,20,39,1,1,0,0,0,0,0,0,0,0,0,0,4,1,3,2,3,1,3,0,37,29,25,22,20,18,17,15,14,14,11,10,10
TATCCCCGTAAATCAATGCCG,ATAAAAACGAAAT,true,5,3,6,20,1,0,2,0,0,0,0,0,0,0,0,0,0,0,0,0,2,0,0,0,20,15,12,12,12,8,4,4,4,4,4,4,3
TTAAAACCACAATCCGTTTTG,GATTGGCGGAATG,true,2,4,6,21,0,0,0,0,0,0,0,0,0,0,0,0,0,0,5,0,0,0,0,0,18,16,14,12,12,12,11,11,10,5,5,5,4
CCAGCAGCCCAAAGAACAATC,CCCCCTGCGATTA,true,6,4,12,25,0,0,0,0,0,0,1,0,0,0,0,0,2,2,0,0,0,4,1,1,25,24,24,18,13,11,11,8,6,6,6,5,4
CGGCAGGCTCGTTAAAATCAA,AAAGACAGACCCG,true,5,4,13,30,0,0,0,0,0,0,1,0,0,0,0,0,3,2,2,0,1,2,1,0,28,28,23,14,13,12,11,10,9,8,7,4,4
TATTTCCAAATGCGCTGTATG,CTCCTGCCATAGT,true,2,3,15,26,1,0,0,0,0,0,0,0,0,0,0,0,2,0,2,3,0,3,1,0,22,20,20,20,20,16,16,11,10,8,7,6,3
CCGTCTTCCCGCAGGCAGAAT,CGAGGACATTGAG,true,2,3,3,12,0,0,0,0,0,0,0,0,0,0,0,0,0,0,0,2,0,0,1,0,10,9,7,7,6,6,6,5,5,5,3,3,3
AATGAACTTGCTGAAATTCAT,TCCCTTGGGTGCG,true,3,8,7,24,0,0,0,0,0,0,0,0,0,0,0,0,0,0,0,0,0,3,1,2,21,19,19,12,12,10,10,10,9,9,9,8,8
CGATTGCGGCGCTGGCGTACG,GAACCGAAACCAT,true,3,9,16,39,0,0,0,0,0,0,0,1,0,0,0,0,6,0,0,0,3,3,1,0,35,33,29,26,22,21,20,20,18,12,11,10,9
AAGAATCAGCGTGCCTGTCAA,CCGTGTCGAGCAT,true,2,11,19,41,0,0,0,0,0,0,0,0,0,0,0,0,4,4,2,3,1,2,2,0,33,28,25,24,22,21,19,18,18,15,14,12,11
GATGATCGGTCTCCTTCTGCA,AACAAAGAACGCG,true,3,9,16,34,0,1,1,0,0,0,0,0,0,0,0,0,3,0,2,0,3,0,1,0,32,30,24,23,22,19,17,16,15,13,12,9,9
TCCTTTTTTACGCCATTTAAG,ACAATTGACTGCT,true,2,5,5,20,0,0,0,0,0,0,0,0,0,0,0,0,2,1,1,0,0,1,0,0,19,16,15,12,11,10,8,7,6,6,6,5,5
CTTTGTAGCTGTAGCAGTCAA,TGCCAGAACCGGA,true,2,11,12,29,0,0,0,0,0,0,0,0,0,0,0,0,2,0,0,0,3,4,0,0,27,27,27,26,26,25,25,21,19,15,14,13,11
CATTTGCCCAGTTGTCCACTA,GACGACGGAGTGA,true,2,6,12,23,0,0,0,1,0,0,1,0,0,0,0,0,2,3,0,1,0,0,4,0,22,21,20,15,15,12,12,12,11,7,7,6,6
GTGTAAAGCAATAAAAAAGCG,CCGATTTCTCGGC,true,3,5,13,31,0,0,0,0,0,1,0,0,0,0,0,0,1,2,1,1,0,3,0,2,29,25,21,19,18,18,12,10,9,8,7,5,5
GCTGGCCATTTCAGTGGCGGC,CGGGGCGCTGTGC,true,4,8,4,19,0,0,0,0,0,0,0,0,0,0,0,0,0,0,1,2,0,0,1,0,17,16,16,16,12,10,10,9,9,8,8,8,8
TTGTGCTTGCTGGCCTGAGAG,CTGCTGATTCGCT,true,2,16,16,42,0,0,0,0,0,0,0,0,0,0,0,1,1,2,4,3,0,3,1,1,37,34,30,26,24,23,22,20,17,16,16,16,16
TTTCCCAGCCTACAAAAGAGA,AAAAAATCATAAC,true,7,7,10,25,0,0,0,0,0,0,0,0,0,0,1,0,2,2,0,0,3,1,0,0,25,25,25,24,21,15,10,9,8,8,8,8,7
TCTCCAAATCTGTGAATCCCG,AAAAATACACCGC,true,5,11,14,32,0,0,0,0,0,0,0,0,0,0,0,0,6,1,0,3,2,1,0,1,31,30,29,29,25,19,16,14,14,12,11,11,11
TATGACCAACAGACAGAGCTG,GAACTATTAGAGT,true,2,18,12,40,0,0,0,0,0,0,0,0,0,1,0,0,3,0,1,2,0,0,5,0,31,30,30,26,26,25,24,22,21,18,18,18,18
GTTGTTCCTGCGCCGATGATG,ATCTGGCCGGGCT,true,3,7,10,26,0,0,0,0,0,0,0,0,0,0,0,0,2,1,1,2,0,0,2,2,26,21,18,15,15,13,13,12,11,11,8,7,7
AATGAAACATTTTATTAGCCA,AATGGCTGAAGAT,true,3,7,18,38,0,0,0,0,0,0,0,0,0,0,0,0,4,1,0,3,4,0,5,0,38,35,29,29,22,19,18,11,11,10,9,8,7
AAGAACGCAAAAAGACCGCAA,TTGTCGAATTTCG,true,3,10,16,35,0,0,0,0,0,0,0,0,0,1,0,1,1,1,0,5,0,0,0,4,31,28,25,25,23,20,20,19,19,17,15,12,10
CCCCAAACATCAATGCGCGCC,CCCTGAGCCTTTA,true,5,9,9,26,0,0,0,0,0,0,1,0,0,0,0,0,0,0,0,0,0,4,1,0,25,23,18,16,14,14,14,13,12,12,12,10,9
CAGGGGAAGAGAAATATATTT,TTGAAGAACCAGT,true,5,4,8,29,1,0,0,0,0,0,1,0,0,0,0,0,1,0,1,2,1,0,0,1,28,20,16,15,13,11,10,8,4,4,4,4,4
TTTCTCCGTAATGACCGCCTA,ATATTTCTTGCAG,true,3,6,16,30,1,0,0,0,0,0,0,0,0,0,0,0,0,1,7,4,2,0,0,1,24,22,21,21,21,18,15,15,13,11,6,6,6
CGATTTGGATATATCCACAAA,TTGCCTCAGTACA,true,3,7,17,32,0,0,0,0,0,0,0,1,0,0,0,0,2,3,2,2,1,1,1,1,28,27,26,22,21,20,18,18,15,14,11,9,7
CGCTGATGTTTCCTACCGGAT,ATGTCCATGCAGA,true,2,7,11,26,0,0,0,0,0,1,0,0,0,0,0,0,1,2,3,0,0,3,1,0,24,23,20,18,18,15,13,13,11,8,7,7,7
AGGAATCAGCGCCAGTGATAC,CCACTTGTCGATC,true,3,9,7,23,0,0,0,0,0,0,0,0,0,0,0,0,1,0,0,0,0,4,1,0,21,17,16,15,15,15,13,13,13,12,11,9,9
GTCAAATTGCTTCAAATGGTT,GTCATGCCGCTCG,true,2,9,6,21,0,0,0,0,0,0,0,0,0,0,0,0,0,2,0,2,0,1,0,0,20,18,18,18,18,15,15,13,13,12,10,10,9
TATGATTGTCATGAATTACTT,ATCAAAATTAGAC,true,4,4,10,26,0,0,1,0,0,0,0,0,0,1,0,0,2,0,0,3,2,0,1,0,21,21,17,16,15,15,12,7,7,5,4,4,4
CCGAACACTTGTGCAGTTTTC,TGAGTGTTCTTCT,true,2,12,6,26,0,0,0,0,0,0,0,0,0,0,0,0,0,0,1,1,1,0,2,1,23,21,18,15,15,13,13,12,12,12,12,12,12
GATGCGTTGACAGGAGAGGCG,CGGATTGAATTTG,true,3,9,11,32,0,0,0,0,0,0,0,0,0,0,0,1,2,0,0,2,0,0,3,2,30,27,23,21,19,17,15,14,14,13,11,10,9
CGGTATGGTTGTAATAATCCA,GCCCTCTCACAAG,true,3,4,10,21,0,0,0,0,0,0,0,0,0,0,0,0,1,1,1,1,1,1,0,1,19,19,18,17,11,11,10,9,9,8,8,5,4
TTTATCTCTATTTTTTTCCAA,CAAAAAAACCGAC,true,7,6,12,30,0,1,0,0,0,0,0,0,0,0,0,0,4,1,1,3,1,1,0,0,22,19,19,18,16,14,14,13,8,7,6,6,6
CCGGCTTATGCAAAACAGCCG,AAATGAATTGGAT,true,3,11,11,33,0,0,0,1,1,0,0,0,0,1,0,0,1,2,3,0,1,0,0,1,31,30,28,23,21,21,20,16,14,14,12,11,11
GTACGCACTTTTTTGTAAGTA,TTTTTTTACTCAT,true,7,8,8,25,0,0,0,0,0,0,0,0,0,0,0,0,3,0,0,1,0,1,0,3,22,22,22,22,21,21,18,15,8,8,8,8,8
TCTATTTTGATGAATCAGTGA,ATAGGGTGTCAGT,true,3,7,8,26,0,0,0,0,0,0,0,0,0,0,0,0,1,1,0,1,1,0,2,0,21,20,18,18,17,14,12,10,10,10,9,9,7
GGTTCGGCGTTGAAAAAATCC,GCTTAACCGGCGA,true,2,3,9,25,0,0,0,0,0,0,1,0,0,0,0,0,1,2,1,0,0,0,0,1,24,19,17,14,14,11,10,8,7,6,6,6,3
ATAACGACCATCCCTGCCGGC,AGCTGCCCGTCAT,true,3,4,6,19,0,0,0,0,0,0,0,0,0,0,0,0,1,0,2,0,0,2,1,0,18,15,14,11,10,8,8,6,5,5,4,4,4
GGACTTCCCGGAGCTGGTCTT,TAGACATATTTGT,true,3,6,8,25,0,0,0,0,0,0,0,0,0,0,0,0,2,0,0,1,1,0,2,2,22,19,14,13,11,11,8,8,7,7,6,6,6
CATTATTTTTGTCTGTACTGG,AAATACGTGCCGC,true,3,8,10,23,0,0,0,0,0,0,0,0,0,0,0,0,2,1,1,0,1,3,0,0,23,23,21,17,15,13,11,11,11,11,10,9,8
CCGTTTATCACTCACCACAAT,GCGTTAGATATTC,true,2,5,7,25,0,0,0,0,0,0,0,0,0,0,0,0,0,0,0,1,0,0,1,4,22,20,16,16,14,12,10,10,6,6,6,5,5
TCAAATGAACAAAGCCGAACG,CTTCCACACCAAG,true,2,7,9,28,0,0,0,0,0,0,1,0,1,0,0,0,2,0,1,0,0,2,0,1,25,25,22,18,15,15,10,10,10,8,8,8,7
GAGAACGAGCTGAAAGCGAAC,CCCTCGTTCTTTG,true,4,9,8,28,0,0,0,0,0,0,0,0,0,1,0,0,0,1,0,1,0,3,0,0,27,24,17,15,15,15,14,13,11,11,11,11,9
ATGAGCTTGTCTGTCAGCATT,GACTGAACTAACG,true,2,6,13,32,0,0,0,0,0,0,0,0,0,0,0,0,3,0,1,2,3,3,1,0,28,24,22,21,19,18,14,12,12,12,9,6,6
GATAGACAAGGATGGCATTGT,CTACGGAATACGT,true,2,9,16,34,0,0,0,0,0,0,0,0,0,0,0,0,6,4,0,1,3,2,0,0,27,25,25,22,19,19,19,17,16,12,10,9,9
CCCTTTATTGGCTTTATATTT,TACAGGCTTTGTA,true,4,5,12,27,0,0,0,0,0,0,0,0,0,0,0,1,0,2,1,1,1,0,2,3,23,19,14,14,14,13,13,10,9,8,6,6,5
CCTTTTATTGGAACAATAGTA,GACAGAACGAATA,true,2,9,11,25,0,0,0,0,0,0,0,0,0,0,0,0,1,2,3,0,0,1,3,0,20,20,18,17,16,14,12,11,11,10,10,10,9
AAAAAGGCTATAAAACCATTC,AGGAGGCTGTTGA,true,2,8,9,25,0,0,0,1,0,0,1,0,0,0,0,0,2,0,1,0,1,0,2,1,24,23,22,19,18,14,11,11,10,9,8,8,8
GACCAAAAAAATCGATTGCCT,GTATATTTTTTTG,true,7,10,10,27,0,0,0,0,0,0,0,0,0,0,0,1,1,1,2,2,0,0,0,2,27,25,23,18,16,14,14,14,14,14,13,11,10
TAGCCCCAAACCAAGAGGCTT,TGCCTCTTGGGGT,false,4,2,2,17,0,0,0,0,0,0,0,0,0,0,0,0,0,0,0,0,0,0,0,2,3,3,3,3,2,2,2,2,2,2,2,2,2
TACACCTCGTTTATCAAAAGT,TAAAAACAAGAGC,true,5,10,9,30,0,0,1,1,0,0,0,0,0,0,0,0,1,0,0,1,4,0,0,0,30,27,26,25,25,20,18,18,15,13,11,10,10
TCCGAGGACATTTTCACCGAA,AGCTGTCATAAAC,true,3,6,11,24,0,1,0,0,0,0,0,0,0,0,0,0,1,0,0,3,1,0,1,1,17,15,15,15,13,13,12,12,11,10,10,9,6
TTTGATCAATGAAATGGACGG,TATCAAAAATTCA,true,5,7,10,25,0,0,1,0,0,0,0,0,0,0,0,0,2,1,0,0,6,0,0,0,23,20,18,17,17,17,17,16,9,7,7,7,7
ACAACAGCAAAACCATTCCTT,CTTATCAGTGTTA,true,2,4,2,13,0,0,0,0,0,0,0,0,0,0,0,0,1,0,0,1,0,0,0,0,11,10,10,9,9,7,6,4,4,4,4,4,4
GCAAAACGGATTTTGTCAGGT,GAACCGTTTTGTC,true,4,4,4,21,0,0,0,0,0,0,0,0,0,0,0,0,0,0,0,0,0,0,0,3,16,13,12,10,10,10,10,10,9,6,5,5,4
TTCATTCATATGGGACACCCT,TTCCTTATTCGCT,true,3,7,9,24,0,0,0,0,0,0,1,0,1,0,0,0,1,0,0,2,0,1,0,3,22,20,18,14,13,11,11,10,10,8,8,7,7
GATAAAAACAGCTTGTCTCCA,TTTAAATGATTGC,true,3,7,6,17,0,0,0,0,0,0,0,0,0,0,0,0,2,1,0,2,0,0,0,1,17,17,16,14,14,13,9,8,8,8,7,7,7
AGAAGGAAGAGACTTCATATC,CTGCGTCTACAGC,true,2,10,9,29,0,0,0,0,0,0,0,0,0,0,0,0,4,1,1,1,0,0,0,1,27,25,23,22,19,18,16,15,14,13,13,10,10
TCCGAAAGTCAATTCAGCCTT,GTCAGCTTTAACG,true,3,9,7,33,0,0,0,0,0,0,0,0,0,0,0,0,0,0,1,3,0,0,2,0,26,24,21,19,14,13,13,13,12,10,10,9,9
GAGTCACCGCCATAGCCGACT,GTCCGAAACAGGC,true,3,5,9,23,0,0,0,0,0,0,0,0,0,0,0,0,2,0,0,0,4,3,0,0,23,23,21,19,16,16,16,12,6,5,5,5,5
TTCTAAAGAGGAAATGGTGAC,AGTCGCGAAAAGC,true,4,13,15,38,0,0,0,0,0,0,0,0,0,0,0,0,4,3,1,0,5,0,1,0,37,36,33,32,30,30,29,27,27,25,20,14,13
TTCACCGTGAAATTTCTATTC,TTCATATAAAAGA,true,4,8,10,28,1,0,0,0,0,0,0,0,0,0,0,0,0,0,0,4,1,1,1,1,28,28,20,20,16,15,14,12,12,11,10,8,8
AAAAATGATTGAAATATATCC,TATTAAAGCGAGA,true,3,12,10,32,0,0,0,0,0,0,0,0,0,0,0,1,1,2,2,1,1,0,0,0,30,25,24,23,22,21,18,16,16,14,14,14,12
ATTGCGGCTGAAAGCCTGTTT,AAATTGATTTTGC,true,4,7,8,25,0,0,0,0,0,0,0,0,0,0,0,0,1,1,0,3,1,0,0,1,22,22,18,16,14,13,13,11,11,11,9,8,7
TTGGTGGGCTGTCGTTACCGT,TTCGACAGTCGGC,true,3,11,8,30,0,0,0,0,0,0,0,0,0,0,0,0,1,1,0,2,0,0,1,2,30,28,20,19,18,17,15,14,13,12,12,12,11
AAACAAGGCCTCATTATCTCA,GTGATGACGCATC,true,1,2,9,15,0,0,0,0,0,1,0,0,0,1,0,0,1,0,3,0,1,0,0,1,13,12,11,9,7,6,5,5,5,4,3,3,2
TTGAATTTGATAAAAAAGCCG,GCCAGCTTTCTTG,true,3,3,5,12,0,0,0,0,0,0,0,0,0,0,0,0,1,1,1,0,0,1,0,0,10,10,8,6,6,6,5,5,5,5,4,3,3
CAAAGAAACCGAATGATGAGC,TGGGGTCATTTAT,true,4,4,9,20,0,0,0,0,0,0,0,0,0,0,0,0,0,0,1,0,0,0,1,3,19,19,19,17,15,13,12,12,12,11,8,7,4
TATGATTGAAGAAAACGGGTA,AACAGCAGTATAT,true,3,7,8,23,0,0,0,0,0,0,0,0,0,0,0,0,2,0,0,0,3,0,0,1,23,19,17,16,16,16,14,12,9,9,8,7,7
TTGTAAATTGGGAGCTGGTTC,AGTTCGTAAGTAT,true,2,3,4,12,0,0,0,0,0,0,0,0,0,0,0,0,1,0,1,1,1,0,0,0,12,9,8,8,7,6,6,6,4,3,3,3,3
ACAAACCGAATCGCCGTACCG,CTGACAAAGCCGT,true,3,7,5,18,0,0,0,0,0,0,0,0,0,0,0,0,1,2,1,0,0,0,0,0,16,16,16,13,13,11,10,10,8,8,8,8,7
TTTAAAAGTCTTCATCAGTTT,CCCGGACTTCCGC,true,3,5,10,30,0,1,0,0,0,0,0,2,0,0,0,0,1,0,4,0,0,2,0,0,26,24,17,16,14,8,6,6,6,6,5,5,5
TTTTATTTTTTTTTCTTCTTT,TCGCAATCAGTGA,false,4,1,0,22,0,0,0,0,0,0,0,0,0,0,0,0,0,0,0,0,0,0,0,0,15,1,1,1,1,1,1,1,1,1,1,1,1
CAAACGGTTTTGATTCCAGCT,CTTGAAGCGCCTA,true,2,9,10,23,0,0,0,0,0,0,0,0,0,0,0,0,4,0,2,0,1,1,0,1,21,19,18,17,16,15,14,12,12,11,10,9,9
AAACCAAGAAGGCTTGCCTCT,TGGGGTTGTAGGA,true,4,4,4,12,0,0,0,0,0,1,0,0,0,0,0,0,0,0,0,0,0,0,3,0,11,10,10,9,5,5,5,4,4,4,4,4,4
GGCAGCTTTAACATCGACGCA,ACCACAACCGCAC,true,2,10,12,34,0,0,0,0,0,0,2,0,0,0,0,0,4,1,0,1,1,2,1,0,30,24,21,19,17,15,14,13,12,11,10,10,10
CCGGAATTTCCATGTGAAGAT,TAATGCGAATATC,true,2,6,13,30,0,0,0,0,0,0,0,0,0,0,0,0,2,2,0,5,2,0,0,1,26,24,23,20,15,15,14,12,11,10,8,7,6
AGATTCTCCGAAAACAAAAAA,ACCCCGGACAGTC,true,7,6,17,38,0,0,0,0,0,0,1,1,0,0,0,0,5,1,2,1,3,1,1,0,29,23,21,21,17,16,14,10,10,9,7,7,6
TCTGAACCTGAACTGCTTGAG,CCGCAAGCAGATA,true,2,9,6,23,0,0,0,0,0,0,0,0,0,0,0,0,2,1,0,0,1,0,1,0,20,17,15,15,15,15,14,13,13,11,10,9,9
GCCGGAAAATCGCTTGGATTT,TCGCAATCAGCAC,true,4,10,11,31,0,0,1,0,0,1,0,0,0,0,0,0,0,0,0,3,1,0,2,2,25,19,16,16,16,15,13,13,13,12,12,11,10
GAGCTGGAGCCGAATACAACC,TATACATTAAGCG,true,2,9,11,26,0,0,1,0,0,0,0,0,0,0,0,0,2,0,1,2,1,1,1,1,21,18,18,17,15,14,14,13,12,12,10,10,9
TTTGTGGTGTTAACGAACCTG,CCGTTCTTAAACA,true,3,8,5,23,0,0,0,0,0,0,0,0,0,0,0,0,0,0,0,0,0,1,0,1,23,17,15,15,15,14,13,12,11,11,11,8,8
GATTTCGTTTGTAATGGTATA,TTTAGCGCATAAT,true,3,2,4,13,0,0,0,0,0,0,0,0,0,0,0,0,0,2,0,0,0,1,1,0,13,12,10,9,8,7,6,5,2,2,2,2,2
GTCCTGTTAAAGCGCCTTTCA,CAGTGAAAAAAGT,true,6,5,6,22,0,0,0,0,0,0,0,0,0,0,0,0,3,0,0,1,1,0,0,0,20,18,16,15,13,13,13,12,11,11,9,5,5
TGAAGCACGTAAAGCAATGGA,AGCGGCAGGTGTC,true,2,10,11,34,0,0,0,0,0,2,0,0,0,0,0,0,3,1,2,1,0,1,1,0,33,23,20,18,15,13,13,12,10,10,10,10,10
CTGTCAATGATTATTGCGCTG,GATACTTATCTCG,true,2,5,10,33,0,0,0,0,0,0,0,0,0,0,0,0,2,1,1,3,0,2,0,1,30,27,25,21,18,17,16,13,10,7,7,5,5
GCACGCTGAAGGATAAACGGA,AGTGCCCTTTCAT,true,3,6,12,23,0,0,0,0,0,0,0,1,0,0,0,0,2,2,0,2,0,2,1,1,23,18,16,15,15,15,11,9,9,9,7,7,6
TGGCAATCGTTTGTATTACAT,CAAAGTTTTTCAT,true,5,10,10,31,0,0,0,0,0,0,0,0,0,0,0,0,0,0,0,3,2,1,2,1,28,28,27,21,18,17,17,16,15,14,11,11,10
GCTGACCAAAGCCTCTTGACG,CTCCTGTTACGAT,true,2,5,11,25,0,0,0,0,0,0,0,0,0,0,0,0,1,1,3,2,0,2,0,1,23,23,18,15,13,13,12,10,9,8,7,6,5
CCGCTTCAACCCTGATAAGTG,AAGGTTTTGATTC,true,4,5,13,27,0,0,0,0,0,2,0,0,0,0,0,0,0,1,2,1,2,0,0,4,25,22,20,15,14,13,13,10,9,7,7,6,5
CTGCGCATGTCCATATTCGCA,GTGCCGACGGATG,true,2,9,11,33,0,0,0,0,0,0,0,0,0,0,0,0,0,0,1,2,0,3,5,0,29,28,24,23,17,17,17,17,17,11,9,9,9
AAGGCCCGTTCGGTGAGTTCA,CAGGCCATTATTC,true,2,8,11,26,0,0,0,0,0,0,0,0,0,0,0,0,2,0,1,1,3,0,2,1,24,22,22,18,15,14,12,12,11,10,9,8,8
AGAAGAATCGCCATCATTGTG,ACAACAAGCGACT,true,2,5,11,22,0,0,0,0,0,0,0,0,0,0,0,0,3,1,1,2,2,1,1,0,22,18,16,15,13,12,9,7,7,6,5,5,5
AAAAAAATAAGAAATAAATTT,CGGTAATGTAAAT,true,3,3,4,12,0,0,0,0,0,0,0,0,0,0,0,0,0,0,0,3,0,0,0,1,10,10,10,8,6,6,5,5,4,4,3,3,3
GACCGTATGGATTTTTTCAGG,AATCCGCTCATTC,true,2,10,8,31,0,0,1,0,0,0,0,0,0,0,0,0,0,0,0,4,1,0,0,1,30,23,19,17,16,15,14,13,12,11,11,11,10
TTTCATTAAGACGCGTCTCAA,TATAATTCAGGCG,true,2,7,11,33,0,0,0,0,0,0,0,0,0,0,0,0,1,0,0,3,1,1,2,2,29,28,25,24,21,18,14,13,13,13,9,8,7
GACAAAAGCGGCGATGAAGCC,GGCGGCTGACCAT,true,2,5,13,27,0,0,0,0,0,0,1,0,0,0,0,0,0,5,2,0,0,1,3,0,26,24,22,21,19,15,10,10,9,9,9,6,5
CTTTTTTCATTCTTCTGCCTC,CCATCATTATAGA,true,3,11,7,29,0,0,0,0,0,0,1,0,0,1,0,0,1,1,0,2,0,0,0,1,26,22,20,20,20,19,18,16,13,12,12,11,11
GAAAAAGATCAGGTCATGAGA,GAATTCAGCGCGA,true,2,9,9,25,0,0,0,0,0,0,0,0,0,0,0,0,1,0,2,2,0,0,0,2,25,23,22,21,17,11,11,11,11,11,11,11,9
ATTCCTTTGCATATTCCGCTC,TTTTGTTTTTGCA,true,5,4,10,31,0,0,0,0,0,0,0,0,0,0,2,2,0,1,0,0,0,0,0,5,31,30,28,26,20,17,17,15,13,5,4,4,4
TGCCGCTTCAACAGATGCTTC,TGTTCGGAGCGCT,true,2,11,10,32,0,0,0,0,0,0,0,0,0,0,0,0,2,0,1,2,0,1,3,1,29,24,24,23,19,18,16,13,12,11,11,11,11
CAATCCTTACATATGTATTTG,GGAGAGAGGCTCT,true,3,7,8,25,0,0,0,0,0,0,0,0,0,0,0,0,0,1,0,0,0,1,5,0,23,20,17,16,16,15,14,14,10,10,9,7,7
CAAAGCTTTGAATGTCATTCA,GGGTTGCTTTGTC,true,3,5,6,24,0,0,0,0,0,0,0,0,0,0,0,0,0,0,0,0,0,0,2,3,23,21,14,14,11,10,10,10,10,7,6,6,5
AAACATTTCGAAACGAAACTT,TTAGTTTCATCGT,true,4,9,15,36,0,0,0,0,0,0,0,0,1,0,0,1,4,0,0,5,0,0,0,4,33,28,21,20,18,17,16,14,14,12,9,9,9
TTTCGTATCCGCCGCCTCCAG,CCGTCGCATACCG,true,2,12,9,33,0,0,0,0,0,0,0,1,0,0,0,0,0,1,1,0,1,5,0,0,31,28,26,25,23,22,18,17,16,15,15,12,12
TTCTCGGTTCTTCGTCCTGCA,GGGGGATAAACGC,true,5,5,5,21,0,0,1,0,1,0,0,0,0,0,0,0,1,0,0,2,0,0,0,0,19,19,18,16,10,9,9,7,6,6,5,5,5
AAGAGCTGTACGAAGCCGCCG,ATATTGACGGCGC,true,2,5,8,22,0,0,0,0,0,0,0,0,0,0,0,0,1,0,1,1,1,0,0,0,21,18,15,14,14,13,11,11,10,7,6,6,5
CCGGCAATTGATGAATCGATA,TGACAGTCCGGAT,true,2,6,11,23,0,0,0,0,0,0,0,0,0,0,0,0,1,1,0,2,0,4,0,1,21,20,19,14,13,13,12,11,9,8,8,8,6
GAACCGCATAGCTGGAATAGA,ACGGCCCGAGCAC,true,3,4,4,18,0,0,0,0,0,0,0,0,0,0,0,0,1,0,2,0,0,0,0,0,17,14,13,12,10,9,6,6,6,6,6,5,4
TGTATGATAATCGAGCGGAAT,TTTCGTCAAATAT,true,4,11,11,26,0,0,0,0,0,0,0,0,0,0,0,0,2,0,0,0,5,0,0,3,26,26,21,21,19,19,18,18,18,13,13,12,11
TCGCCACAGATTGTACAATCT,GCAAACAAATGCA,true,3,11,19,41,0,0,0,0,0,0,1,0,0,0,0,0,5,5,1,1,3,1,0,0,38,35,31,30,28,23,21,21,17,14,14,13,11
GCTGACAGAAAACCAAAACAA,ACTGACAGCCGGT,true,3,5,12,31,0,0,0,0,0,0,0,0,0,0,0,0,2,0,0,0,2,3,2,1,26,21,20,18,18,15,14,11,11,9,9,6,5
CTGAATTCTTTTTTCTGCACC,TAATACACGGGCT,true,3,5,7,15,0,0,0,0,0,0,0,0,0,0,0,0,1,0,1,2,2,1,0,0,15,13,13,10,9,7,6,6,6,6,6,5,5
TACAGAAAAAAATGTTTCGTT,TCGGACGATATAC,true,3,5,11,22,0,0,0,0,0,0,0,0,0,0,0,0,1,1,1,1,2,1,1,0,19,18,18,15,12,12,11,10,8,8,8,7,5
GAAAAAAATCGCTTTTATTAC,AACAGATACGTAT,true,2,6,3,14,0,0,0,0,0,0,0,0,0,0,0,0,1,0,0,0,0,1,0,0,12,11,9,9,9,9,8,8,7,7,7,6,6
ATATCAAATCAAACATCGGAA,GCTTCTCAACACT,true,2,6,9,23,0,0,0,0,0,0,0,0,0,0,0,0,3,0,0,2,2,1,0,0,18,17,15,15,14,12,10,10,8,7,7,7,6
ACGCTTTCTGGGGGATTGATC,CAGCAGCGTTCCA,true,2,4,6,19,0,0,0,0,0,0,0,0,0,0,0,0,1,0,0,0,0,2,0,0,12,11,11,10,9,8,8,8,8,8,7,5,4
CCTTTATATCGAAACAGGTCT,TTTCCCATTAATA,true,4,11,11,42,0,0,0,0,0,0,0,0,1,0,0,1,1,2,0,1,1,2,0,1,42,41,34,27,26,18,16,14,14,14,13,11,11
ATACCGCTTCATTTTCCATTT,CAGTCGTGTCTAC,true,3,8,6,21,0,1,0,0,0,0,0,0,0,0,0,0,0,0,0,3,1,0,1,0,17,15,14,14,13,11,11,10,10,9,9,8,8
CGCTGGAAAAGGTCGGTTTAA,AAGACAGAGTCTC,true,4,8,9,22,0,0,0,0,0,0,0,0,0,0,0,0,1,0,0,1,4,1,1,0,22,16,13,13,12,12,11,10,9,9,9,8,8
CCATTTGCGCCGCTTCGTAGT,AGTCTTTCGGAAT,true,3,14,21,47,0,0,0,0,0,0,0,0,0,0,1,0,1,1,5,4,1,2,3,2,42,35,33,30,26,26,23,21,21,18,17,15,14
GCTCTCCCTCAGTCAAAATCA,TCGCTTGAAGAAC,true,2,6,12,28,0,0,0,0,0,1,0,0,0,0,0,0,2,0,0,3,1,1,1,2,24,19,19,18,17,15,11,11,9,7,7,7,6
TCCTCCGCTTCCGTTTGATTC,ACCATATGCCTTG,true,2,9,7,24,0,0,0,0,0,0,0,0,0,0,0,0,1,1,0,2,1,2,0,0,24,24,20,20,19,14,12,10,10,9,9,9,9
CACCGGACTGCCAGTTTATTT,ATTGCGGAAAACT,true,4,7,12,26,0,0,0,0,0,0,0,0,0,1,0,0,2,0,2,2,0,0,2,2,25,23,19,17,15,15,14,11,11,10,10,8,7
ATGGCTGAGGTTCACCCTGAT,CCGTCAGTCGCAC,true,2,9,6,24,0,0,0,0,0,0,0,0,0,0,0,0,1,1,1,1,0,1,1,0,22,16,16,14,12,12,11,11,11,9,9,9,9
CAACGTTCGAGCCGAGGATAT,TGACGGACTAAGC,true,2,11,2,26,0,0,0,0,0,0,0,0,0,0,0,0,0,0,0,0,0,1,1,0,23,21,20,18,18,16,14,11,11,11,11,11,11
GCCGATCTAAAGGACTTTTTT,AAAACAGCATGAG,true,6,3,4,12,0,0,0,0,0,0,0,0,0,0,0,0,0,0,0,0,3,0,0,0,11,11,11,6,5,4,4,4,4,4,4,4,3
ACGAAATGGGACATTCGATTG,TGCGAGCGCAGAC,true,1,6,6,28,0,0,0,0,0,0,0,0,0,0,0,0,0,0,3,1,0,1,0,0,24,21,16,16,14,13,12,12,9,9,8,7,6
GTTGGATATTTTGCCAGTGAA,TTTTTCTCTATTC,true,5,12,10,31,0,0,0,0,0,0,0,0,0,0,0,0,3,0,0,3,0,0,0,3,28,28,28,27,22,19,17,15,13,13,13,13,12
ACCGCACACGAAGCAAAAGAA,ATTGGCCTTGTAG,true,3,7,11,28,0,0,0,0,0,0,0,0,0,0,0,0,1,1,1,2,1,0,2,2,25,21,17,17,14,11,11,11,11,9,8,8,7
TGGAGTAATCGGTCACATGCG,CTTTTCCGCCTGA,true,4,4,11,18,0,0,0,0,0,0,0,1,0,0,0,0,0,0,2,4,0,1,1,1,18,17,17,17,15,11,10,10,8,7,7,5,4
ATCGGTTTGATCGACTTTTTA,CATCCTCCGTCAT,true,2,4,10,20,0,0,0,0,0,0,0,0,0,0,0,0,3,1,0,2,0,3,0,1,17,16,14,14,13,11,9,7,6,6,4,4,4
TTCCGCTTGAAATCACTTGAG,CATTTCTACAACA,true,3,8,19,32,0,0,0,0,0,0,0,0,1,0,0,0,1,1,2,5,1,4,0,3,31,29,28,28,26,18,17,13,12,11,11,9,8
TTATGTCGAAGAACTCCAAGA,AACGCTGAAACCT,true,3,3,4,18,0,0,0,1,0,0,0,0,0,0,0,0,1,0,0,0,1,0,0,1,18,15,13,11,10,7,6,6,6,5,3,3,3
TACGGCGTGGACTACAGGGTA,TCTAATCCTGTTC,true,2,9,17,35,0,0,0,0,0,0,0,0,0,0,0,0,3,1,0,2,0,3,0,4,32,28,26,24,24,20,18,17,16,16,15,13,9
AGAACGGTTCCGTGGCTGTCA,TTTGATTCCGGGA,true,3,7,12,29,0,0,0,0,0,0,0,0,0,1,0,0,2,2,1,2,0,1,1,1,27,25,22,20,19,16,15,13,12,11,10,8,7
GAGAAGATGGGGGATATCCTT,CAAAATAGTCACG,true,4,5,11,25,1,1,0,0,0,0,0,0,0,0,0,0,5,0,0,2,0,1,0,0,22,21,21,17,16,12,11,9,9,8,7,6,5
CCCGCGGCCATCCGCTCGTAG,ACAACATCGCCCT,true,3,3,2,11,0,0,0,0,0,0,0,0,0,0,0,0,0,0,0,1,1,0,0,0,9,8,8,6,5,5,5,4,3,3,3,3,3
TTTTCGGATTGTATTTCATTG,TGCAAGAACCGAG,true,2,8,10,25,0,0,0,0,0,0,0,0,0,0,0,0,3,1,0,2,2,2,0,0,24,23,20,18,14,12,12,11,10,8,8,8,8
TCAGCGCTCCGCCGCAGCTCT,ATGGCGTGCGTCG,true,2,10,13,32,0,0,0,0,0,0,0,0,0,0,0,0,0,1,3,2,1,1,2,1,27,27,26,22,21,20,17,16,13,13,13,12,10
CTTGCCGCTTGCGTCCAATAA,CTTGAATTCAGCG,true,2,7,14,31,0,0,0,0,1,0,0,0,0,0,0,0,2,1,1,5,1,1,0,1,28,27,23,21,20,19,17,15,12,10,8,8,7
TATTATGCGGAGGAAAAAGAC,GGGTTTCAGGGTG,true,3,6,13,28,0,0,0,2,0,0,0,0,0,1,0,0,2,1,0,1,0,3,3,0,26,25,20,18,18,17,12,11,7,6,6,6,6
AGCGGCATGGTCATGTTTTTT,ATTATGAGAGCGC,true,6,7,8,29,0,0,0,0,0,0,0,0,0,0,0,0,2,0,0,3,2,1,0,0,18,17,16,13,13,11,11,10,10,8,7,7,7
TTATTTATTTCTTTCTGCTAT,TCAACTGTCACAG,true,2,10,16,36,0,0,0,0,0,0,0,0,0,0,1,0,2,1,3,3,4,0,0,2,32,31,29,23,18,16,16,13,12,11,11,10,10
AGTGCGATTCTGTAAACGCTA,AACTGAGGACTGT,true,3,6,9,24,0,0,0,0,0,0,0,0,0,0,0,0,1,1,0,0,3,1,2,0,24,19,14,13,13,12,12,8,8,7,6,6,6
TACATGAACCACGTTCAAGAT,GACACGTGAAGCT,true,2,11,25,46,2,1,0,0,0,0,0,1,0,0,0,0,7,2,2,3,5,1,1,0,41,35,32,29,27,24,21,19,18,14,12,11,11
ATGACAGAACTGACAAATGGA,AAGAGTGATATTA,true,3,8,13,30,0,0,0,1,0,1,0,0,0,0,0,0,4,0,0,1,2,0,2,0,30,28,23,22,18,18,13,13,11,10,10,9,8
GTTTAGACACTTTGAAGTTTG,TAGAATCTGCAAT,true,2,2,6,12,0,0,0,0,0,0,0,0,0,0,0,0,2,1,1,0,2,0,0,0,12,11,10,9,8,6,6,5,5,4,4,2,2
CAATCTGAAAATGCGGCAGTT,TTTTATAGCCTCT,true,6,4,11,27,0,0,1,0,0,0,0,0,0,0,1,0,0,0,3,0,1,0,0,3,25,24,22,16,13,13,11,11,9,8,5,4,4
GATCCTGAAGAGCGTCTGCTG,ATATGACACGGGT,true,3,8,12,28,0,0,0,0,0,0,0,0,0,0,0,0,1,1,0,2,1,2,3,1,27,25,21,18,17,16,14,12,12,12,12,9,8
GTACGGAAAAAGAAGATAAGG,AATTCACGCCAAG,true,2,7,8,24,0,0,0,0,0,0,0,0,1,0,0,0,0,0,3,1,1,1,0,0,22,22,22,17,14,11,10,10,9,8,8,8,7
TCGATAGTAACTATAGAACCA,ATCATCAACCAGA,true,2,6,12,31,0,0,0,0,0,0,0,0,0,0,1,0,4,1,1,1,3,0,1,0,29,23,21,20,16,15,13,10,9,8,7,6,6
AAGACCGGGACGAAAAGAGAA,TCGGACAGCTACA,true,2,10,14,37,0,0,0,0,0,0,0,0,0,0,0,0,0,0,6,0,1,1,2,0,32,28,28,24,18,17,17,17,17,15,14,13,10
AAGGAGTAGACAATGAAATCT,AAGATACAGTTTA,true,3,8,14,38,0,0,0,0,0,0,0,0,0,1,0,0,7,0,0,0,3,0,0,0,35,30,23,20,18,16,14,14,12,12,11,9,8
ATACTTTGTCAACGTTTATTT,TTAAAAAATACAG,true,6,8,12,34,0,0,1,0,0,0,0,0,0,2,0,0,3,0,0,3,2,0,0,0,34,28,20,20,19,18,18,16,11,10,9,8,8
CCGTAGTGCACCCATTTTCTT,TTCTTCACCCAGT,false,4,4,5,26,0,0,0,0,0,0,0,0,0,0,0,0,0,0,0,0,0,1,0,4,20,6,5,5,5,5,5,5,5,4,4,4,4
GAAACACATGCTTCAGAGTTA,AAAGCCCACCTTC,true,4,8,15,37,0,0,0,0,0,0,0,0,1,0,0,0,2,2,1,0,3,4,0,0,37,35,28,24,24,24,19,14,13,11,10,9,8
TTCTAACACTTTAATTTTTAC,GGGCCGAGCGCAT,true,3,6,8,28,0,0,0,0,0,0,0,0,0,0,0,0,1,0,1,0,0,2,4,0,27,25,16,15,9,9,9,9,8,7,6,6,6
TGCTGGACATATCCTTTTGAT,TCGTTCTCGACGC,true,2,9,5,21,0,0,0,0,0,0,0,0,1,0,1,0,0,0,0,0,1,0,1,1,19,16,15,15,14,12,12,12,10,9,9,9,9
TGAACAACCTTAATGTTATTC,ACCGTTTCAACGA,true,3,3,7,25,1,0,0,0,0,0,0,0,0,0,0,0,1,2,0,1,0,1,0,1,19,16,12,12,12,12,10,8,8,6,6,3,3
AGTACGACCGGATTAAAATAA,AAAGGAGTGTTGC,true,5,5,9,21,0,0,0,0,0,0,0,0,0,0,0,0,0,0,1,2,2,0,2,0,19,19,15,14,13,12,11,9,9,9,9,7,5
CATTGATATTCACTCGAAAAA,CGAGTTTGGACAG,true,5,5,14,31,0,0,0,0,0,0,0,0,0,0,0,0,4,0,1,1,2,1,1,2,23,22,20,19,18,18,14,12,12,11,8,7,5
AACCACTCCCGTTTTTTTTAC,GCTGTTGCCATCA,true,2,4,2,12,0,0,0,0,0,0,0,0,0,0,0,0,0,1,0,1,0,0,0,0,9,8,8,7,7,7,5,5,5,4,4,4,4
TATTAAAGAAGATTTATATAC,AATCTTTATTGAT,true,3,6,12,25,0,0,0,0,0,0,0,0,0,0,0,0,0,1,0,3,1,0,0,6,25,21,21,18,16,16,11,11,11,9,7,7,6
CTCACGCAGGAAAATTTCTTT,TTGGGTATAATCG,true,5,2,5,24,0,0,0,0,0,0,0,0,0,0,0,0,3,0,0,1,0,0,1,0,20,14,12,11,8,7,6,5,5,5,2,2,2
GTCAAAACCAAATCCTTGCTG,AATAGCCTCACGT,true,2,10,6,27,0,0,0,0,0,0,0,0,0,0,0,0,0,1,0,0,2,2,0,0,25,22,17,17,15,15,12,12,12,11,11,11,10
GATGGCTGATATCGCAAATAA,CAAAGCAGCTGTC,true,3,4,17,35,0,0,0,0,0,0,1,0,0,0,0,0,6,1,4,3,0,1,0,0,29,25,24,22,17,14,14,12,9,9,5,5,4
CAATATAGTCGATGGTGAAGA,AAATACAATCTCA,true,4,12,13,33,0,0,0,0,0,0,0,0,0,0,0,0,2,2,0,0,6,2,0,1,31,30,26,22,20,18,16,14,13,12,12,12,12
AAGTCGTCGCCGCAGACAAAG,CCGGAAAAGACAT,true,4,5,14,25,0,1,0,1,0,0,0,1,0,0,0,0,1,4,3,0,1,1,1,0,21,20,20,15,14,14,11,10,8,7,6,5,5
CCGCAAGCTCAAGCGTATATA,ATACGACAGGGAT,true,3,7,16,31,0,0,0,0,0,0,0,0,0,0,0,0,1,1,2,5,1,0,3,1,28,25,21,19,18,16,14,13,13,13,10,8,7
GCTGTCAACTTTCGGATAAAT,AATCAATTTCGGC,true,3,7,8,20,0,1,0,0,0,0,0,0,0,0,0,0,2,1,0,1,1,1,1,0,19,18,16,16,16,15,13,13,10,9,8,7,7
GAGGATTCATCGAAAATATCC,CGCGCATGCTTCG,true,3,2,8,23,0,0,0,0,0,0,0,0,0,0,0,0,0,1,1,4,0,0,0,0,17,17,15,13,11,11,10,7,6,5,5,4,2
TATCTTCCGGGAAAGAGATAC,ATAGTTTGCGTTC,true,3,1,4,12,0,0,0,0,0,1,0,0,0,0,0,0,1,0,0,1,0,0,0,0,12,10,9,5,5,5,5,2,2,2,2,2,1
CCAGCAATGTTTTACCGGTTC,CCGGAGACGACTA,true,3,3,2,16,0,0,0,0,0,0,0,0,0,0,0,0,0,0,2,0,0,0,0,0,16,14,14,11,11,11,4,4,3,3,3,3,3
CGACTCCCCCTGTCGGGAACC,AGCCAAGGTTCAC,true,2,7,13,24,0,0,0,0,0,1,0,0,0,0,0,0,0,1,2,1,2,2,0,0,24,22,20,17,16,14,14,13,12,12,11,9,7
TAATACGTCTAACAGCGGCAT,GGCGCTCTCTGTA,true,2,7,3,20,0,0,0,0,0,0,0,0,0,0,0,0,0,0,1,1,0,0,1,0,18,14,14,13,12,11,8,8,8,8,8,7,7
CAGGCGCAGTTGAATTGTTAA,AGAATAATGCAAT,true,3,9,14,34,0,1,0,0,0,0,0,0,0,0,0,0,2,1,0,2,4,0,2,1,30,29,26,22,19,18,16,15,11,11,10,9,9
AACCGGCAGAGAGTTTTCTCT,ACCGGTTTATCAT,true,3,5,12,27,0,0,0,0,0,0,0,0,0,0,1,0,1,0,0,2,0,4,3,1,25,24,19,19,12,11,10,10,9,7,5,5,5
TTCGCTTTGAGAGCGAACCGG,ATCAAGGATTTAC,true,3,9,8,28,0,0,0,0,0,0,0,0,0,0,0,0,3,0,0,2,1,0,0,1,28,24,21,20,18,16,13,13,12,12,11,10,9
CATTTTTTTTCGTATTGGCGC,TTTTCTGCTCATA,false,4,2,2,17,0,0,0,0,0,0,0,0,0,0,0,0,0,0,0,2,0,0,0,0,16,16,16,15,4,3,3,3,2,2,2,2,2
CTTTTTTATTGAATAATCAGC,TATCAAGCTAATA,true,2,4,3,11,0,0,0,0,0,0,0,0,0,0,0,0,0,2,0,1,0,0,0,0,10,10,9,8,8,6,5,5,4,4,4,4,4
TGAGCGCCATAAAACATTTAT,AAACAGCTGAAAC,true,3,3,6,11,0,0,0,0,0,0,0,0,0,0,0,0,0,1,0,2,1,0,0,0,11,11,9,9,8,8,6,6,5,5,5,3,3
TAAAATCGACGTTTTGAGGTG,CGAAAAATGACGA,true,5,8,13,27,0,0,0,0,1,0,0,0,0,1,0,0,5,2,1,0,2,0,0,0,25,24,24,23,22,22,20,12,11,10,9,9,8
GCTCAAACCGCTGATCAAGAA,GAACTAATCAAAC,true,3,5,10,23,0,0,0,1,0,0,0,0,0,0,0,0,0,0,1,2,0,1,0,1,20,19,16,13,13,13,12,11,10,10,9,7,5
CGAAAACACCCAAACGTTCAT,TTTTGCTATTCCG,true,5,7,15,37,0,0,0,0,0,0,0,0,0,0,0,0,1,0,1,4,0,0,0,8,36,35,33,22,12,10,9,9,9,8,8,7,7
GGCAATTCTCTGACTGAAAGA,GAAAAACAGCTGA,true,5,5,14,29,0,0,0,0,0,0,0,0,0,0,0,0,5,0,2,1,5,0,0,1,27,27,27,27,26,20,11,10,9,6,5,5,5
TAACTTTTTTATGCGACATAA,AATCATTACGTTA,true,4,4,7,32,0,0,0,0,0,0,0,0,0,0,0,0,2,0,0,0,1,0,0,0,27,19,15,14,13,11,9,8,8,8,8,8,4
CAACGGATGTCATGATCGCAG,TCGGTTCGGGCAC,true,3,4,15,29,0,0,0,0,0,0,0,0,0,0,0,0,1,0,4,3,0,1,4,1,24,23,22,20,19,16,12,12,11,7,5,4,4
GCTCTTGCAGCGCAAAAGGCA,GGGAAAGCTGCTC,true,3,9,8,26,0,0,0,0,0,0,0,0,0,0,0,0,1,1,1,1,4,0,0,0,25,25,23,20,20,12,10,10,10,9,9,9,9
GCTGTGATCGAAAACGGTATT,CCGCTAGTCGCTA,true,2,7,3,22,0,0,0,0,0,0,0,0,0,0,0,0,1,0,0,0,1,0,1,0,20,17,14,12,12,10,8,8,7,7,7,7,7
GACCAAGGCCAGTGGAGGGCG,AAGTCATCCTGAC,true,2,3,3,14,0,0,0,0,0,0,1,0,1,0,0,0,0,0,0,0,0,0,0,0,13,12,10,10,6,6,6,4,4,4,4,4,3
ATAAGGTTAAGGACACTGTGA,TCGCTCCCCCGAT,true,5,9,14,39,0,0,0,0,0,0,0,1,2,0,0,0,1,1,2,2,0,4,1,0,35,33,30,27,25,23,20,18,17,12,10,9,9
ATAGTGAACGGAATGGTAAGC,AGCCGGTCTTGCA,true,2,6,6,17,0,0,0,0,0,0,0,0,0,0,1,0,1,0,1,2,0,0,1,0,16,12,12,12,12,12,12,10,10,9,7,6,6
AATTTCAGGCGAATCAATTTA,TGTACCACTTCTG,true,2,9,13,33,0,0,0,0,0,0,1,0,0,0,0,0,1,1,1,4,1,2,1,1,28,24,23,19,19,15,14,12,12,11,9,9,9
ATCAAGCAGGCGGCCGCATAT,GGGCGAAAATGCA,true,4,4,11,21,0,0,0,0,0,0,0,0,0,0,0,0,3,0,2,3,0,0,3,0,17,15,11,11,10,9,9,9,9,7,5,4,4
TTAATGGCAACTGCAATATAA,TGACAGTTACAGC,true,2,7,7,28,0,0,0,0,0,0,0,0,0,0,0,0,0,0,1,1,1,3,0,0,22,21,18,16,15,14,14,14,11,9,9,8,7
AGTATCATTTATTAATTGTTA,TTGAGTGTCCGGC,true,2,8,12,30,0,0,0,0,0,1,0,0,0,0,0,1,0,0,0,3,0,1,1,0,29,27,24,23,22,22,19,16,15,13,13,11,8
GACCTGATTATTACGTATCAT,GCCAAAGACGCAG,true,3,8,7,23,0,0,0,0,0,0,0,0,0,0,0,0,0,0,1,1,1,2,1,0,19,18,14,14,14,13,11,10,10,10,9,9,8
AAAACTCCAGATGGACGGCAT,CAAGGCCGTGAAG,true,2,10,16,35,0,0,0,0,0,0,0,0,0,0,0,0,2,2,1,2,1,3,3,2,31,30,27,25,22,21,19,14,12,11,10,10,10
AATTTTAATAGCCTCTGAATT,TCTTCTAAAGACA,true,3,2,3,11,0,0,0,0,0,0,0,0,0,0,0,0,0,0,0,0,1,2,0,0,11,10,9,8,4,3,3,3,2,2,2,2,2
AAAAATCACAAGCCACCAGCT,GATCAGAACCTTC,true,2,11,12,42,0,0,0,0,0,1,0,0,0,0,0,0,3,0,0,3,3,0,0,1,39,33,29,26,20,18,18,15,12,12,12,12,11
GCTATCTTCTTTGTTGCTTCC,GCAAAAATGAATG,true,5,10,9,29,0,1,0,0,0,1,0,0,0,0,0,0,0,0,0,2,2,0,0,1,27,24,22,21,21,20,16,15,13,12,12,12,10
AGCTTTTTTGAAAATGAAAAA,GCTCTTGCTGCCT,true,5,5,4,17,0,0,0,0,0,0,0,0,0,0,0,0,0,0,1,0,0,1,1,0,12,11,9,9,9,8,8,7,7,7,6,6,5
TTGTCATTGAAAATAACTTTG,TAAGCCCAAGCTA,true,3,9,7,32,0,0,0,0,0,0,1,0,1,0,0,0,1,0,1,0,1,2,0,0,28,25,19,16,14,14,10,10,9,9,9,9,9
TGTTGCCAGTGCAAATACTGG,TGTACCTTGTTCG,true,2,10,12,35,0,0,0,0,0,0,0,0,0,0,0,0,2,0,2,0,1,1,2,4,27,24,22,21,18,15,15,14,13,12,10,10,10
AAGCTTGATGCAAACGTTCAT,ATATTGTTTTTCT,true,5,10,6,28,0,0,0,0,0,0,0,0,0,0,0,0,0,0,1,0,0,0,0,3,21,19,17,17,16,14,13,13,13,13,12,11,10
TCACAGCTGTCTGTCTAAATA,ATGCTTCTCTTGC,true,2,10,18,36,0,0,0,0,0,0,0,0,0,0,0,1,3,1,2,3,2,1,2,2,32,29,27,24,24,21,21,19,18,17,16,11,10
ACGTCCTTCAGCATACGACAT,CAGGCAACGCCGC,true,2,6,12,26,0,0,0,1,0,0,0,0,0,0,0,0,2,3,1,0,1,3,1,0,23,23,20,17,14,14,13,13,8,8,6,6,6
TTCCGTCAGCAAAAAAATTGG,CAACGCTGTGATG,true,2,7,10,30,0,0,0,0,0,0,0,0,0,0,0,0,2,1,0,2,1,0,4,0,28,27,22,19,17,17,17,12,10,7,7,7,7
TCGTTACCTTGATATCAAAGT,TGAAGCCAATGAT,true,2,5,2,11,0,0,0,0,0,0,0,0,0,0,0,0,0,0,0,0,0,0,1,1,10,9,9,9,9,8,7,7,6,6,5,5,5
CGCCCAATCATCAGACCAAGC,CATGAGCCATACA,true,2,6,7,20,0,0,0,0,0,0,0,0,0,0,0,0,2,1,0,0,0,1,1,2,18,15,14,12,11,9,9,7,7,6,6,6,6
AAAGAGCGCGTTTACGTTATA,CTGCCCTTTCAGT,true,3,3,5,11,0,0,0,0,0,0,0,0,0,0,0,0,1,1,0,1,0,2,0,0,11,8,8,8,7,5,5,5,5,4,4,3,3
AAAGTGAAAGTCAGATTGCGA,ATGTAATATAAAT,true,3,17,10,41,0,0,1,0,0,0,0,0,0,1,0,0,2,0,0,0,5,0,0,1,37,32,29,28,28,25,23,22,21,20,20,17,17
CGGAATCGGATTGCCAAAGCA,ATTTTATATCCGC,true,4,7,10,25,0,0,0,0,0,0,0,0,0,0,0,0,4,0,0,1,0,1,0,3,22,21,20,20,17,16,12,11,10,9,8,8,7
GTTTCCCCGTCTTCTTCCAAT,TGATGGATTAAAT,true,3,4,9,17,0,0,1,0,0,0,0,0,0,0,0,0,1,0,1,3,1,0,1,1,15,13,12,11,10,10,8,8,8,5,5,4,4
CGGTTTCCGGCGCTTATTTTA,ATTATACGCGCCA,true,2,7,9,29,0,0,0,0,0,0,0,0,0,0,0,0,1,0,0,2,2,0,0,3,24,20,16,15,15,14,14,12,10,9,8,7,7
CGTTTACGATAAAAGACACAA,AGACAGATATCGT,true,3,10,13,35,0,0,0,0,0,0,0,0,1,0,0,0,1,0,3,1,2,1,3,0,30,25,21,18,18,15,15,14,13,13,11,10,10
GGCAGCTCCACCAGGCGGACT,TGTTCAGCCGGCG,true,2,5,7,21,0,0,0,0,0,0,0,0,0,0,0,0,0,1,2,1,0,0,1,0,20,18,17,16,14,12,11,8,8,7,7,5,5
TTAGGGTTCAGGAAGTAAATG,ATTATGTATCAAT,true,2,4,13,23,1,0,0,0,1,0,0,0,0,0,0,0,2,1,1,1,0,0,0,5,22,20,14,14,13,11,9,9,8,7,6,5,4
AGACTTTGTTGACCGCATCTT,CTACAGCTTTCGC,true,3,9,8,25,0,0,0,0,0,0,1,0,0,0,0,0,0,0,1,1,0,0,1,2,23,20,19,18,18,14,13,13,12,11,11,11,9
GCAAGCCCGAACTGACAGCGG,GACCGCAAAGTTA,true,3,7,11,26,0,0,0,0,0,0,0,0,0,0,0,0,1,4,1,0,1,1,3,0,21,20,19,15,12,12,11,11,9,8,8,7,7
GCTCGTATTTTTGTTTCAGCT,CTTCATCATCGTC,true,2,11,12,30,0,0,0,0,0,0,0,0,0,0,0,0,1,1,1,3,1,2,0,2,27,27,25,21,19,18,16,14,13,13,13,12,11
CGAAAAGCTGCAAATCAATCC,CGAAAGCCCTGTC,true,3,7,14,32,0,0,0,0,0,0,0,0,0,0,0,0,0,2,1,1,0,7,2,0,23,19,18,18,17,16,13,13,11,11,8,8,7
CGAAGTAAATTATTGTTGTTT,TTCTTTTACCATC,true,5,7,12,34,0,0,0,0,0,0,0,0,0,0,1,0,0,1,1,2,0,4,0,3,33,29,21,20,18,17,12,12,12,8,7,7,7
TCGAAGAAGCGAAGAGCAGAA,AAAAGCAATATGA,true,6,7,21,44,0,0,0,0,0,0,0,0,0,0,0,0,4,1,0,4,7,2,0,1,43,43,41,33,22,20,20,17,14,13,12,7,7
CCGTTCTCCGGCCCTGCAGCC,GCAACGTGAAGCG,true,2,6,9,23,0,0,0,0,0,0,0,0,0,0,0,0,1,1,1,0,1,1,0,0,23,23,22,19,17,14,12,11,11,11,11,9,6
GGTATTTTGCGACCGTGCGTC,TGGAGATTTGGAT,true,3,5,10,22,0,0,0,0,0,0,0,0,0,0,0,1,1,0,3,1,0,0,1,3,19,19,18,14,12,11,10,10,6,5,5,5,5
CAAATCATCGGCGGAAAGAAC,TTTACGGATGATG,true,3,6,6,21,0,0,0,0,0,0,0,0,0,0,0,0,1,0,0,2,1,0,1,0,20,20,19,15,13,12,11,9,8,7,7,7,6
TTGACAAAAAATTTTTTATGT,GCTATAATTTACT,true,3,7,7,18,0,0,0,0,0,0,0,0,0,1,0,0,2,0,0,1,1,0,0,2,16,16,15,15,12,12,11,10,10,9,9,7,7
GTAGTGCTCCGCTTTTCTTTT,TCATCCTTCATCA,true,5,3,2,11,0,0,0,0,0,0,0,0,0,0,0,0,0,0,0,1,0,0,0,0,11,9,9,8,6,5,5,4,4,4,4,3,3
CACGGCAAATTCCTCACCGCC,AATCCGTGCGGCA,true,2,5,11,21,0,0,0,0,0,0,0,0,0,0,0,0,0,3,2,1,1,0,2,1,19,17,17,15,14,13,12,11,10,9,7,6,5
CTCTGTATAGAGTAATATCAA,TTTCACCTACTGT,true,3,9,12,32,0,0,0,0,0,0,0,0,0,0,0,0,4,1,0,1,0,2,0,2,27,26,23,23,20,17,16,14,13,11,11,10,9
TTATAAGGGAGAATTTGATTT,GAACTCAACTGCA,true,3,5,5,16,0,0,0,0,0,0,0,0,0,0,0,0,0,0,0,3,0,1,0,0,15,14,13,9,8,7,7,7,7,7,6,6,5
TTTGAAACTGTGAAAATTAAT,AAAGATATACGTA,true,3,5,11,35,0,0,0,0,0,0,0,0,0,0,0,0,0,0,2,3,2,0,0,0,32,32,29,22,21,16,12,11,10,10,10,9,5
TTCACAAAGCACTTTGCCTTC,ATGCATGACCGTG,true,2,12,5,24,0,0,0,0,0,0,0,0,0,0,0,0,1,0,0,1,2,0,0,0,22,20,16,15,15,15,14,14,13,13,13,13,12
ATAAAACATATGGCACGTTCC,CTTTTTTCACGGC,true,6,4,7,18,0,0,0,0,0,0,0,0,0,0,0,0,0,1,0,1,0,2,0,1,17,15,15,15,15,15,11,8,8,6,6,5,4
AAACCTTGAGCCTGTCCTGGC,CCGTGATACGGAT,true,3,11,7,29,0,0,0,0,0,0,0,0,0,0,0,0,0,1,2,2,0,1,0,0,28,22,18,18,16,14,14,14,12,12,12,12,11
CCGAACAGACTTTCTTATTAT,TATATATCATCGC,true,2,7,11,27,0,0,0,0,0,0,0,0,1,0,0,0,1,0,3,1,2,1,1,1,25,22,20,17,15,14,13,9,9,8,8,7,7
ATTTGGAAAATGTCAGGCGGA,AAAGCGCATGTGA,true,4,8,11,32,0,0,0,0,0,0,1,0,0,0,0,0,3,1,1,0,2,0,0,1,31,31,26,17,15,14,13,12,11,11,10,10,8
CGACAGGCGGACCAGGCGCTG,TATTTTGGATGTG,true,4,7,6,21,0,1,0,0,0,1,0,0,0,1,0,0,2,0,0,1,0,0,0,0,21,20,14,14,13,12,9,7,7,7,7,7,7
CCGTTGACTTCCAATGCGGCA,GGTAATGCAGATA,true,2,10,13,30,0,0,0,0,0,0,0,0,0,0,0,0,1,1,1,2,1,1,3,2,27,24,24,21,19,18,17,15,14,12,12,11,10
GCATCATCAACAGTTTTTCTG,TCATCAACTAATA,true,2,5,7,20,0,0,0,0,0,0,1,0,0,0,0,0,0,0,0,2,2,0,0,0,18,17,14,14,12,12,9,8,8,8,7,7,5
CTGCCCGAGCATTGATTTTTC,CATCAGCGCATTA,true,2,6,12,24,0,0,0,0,0,1,0,0,1,0,0,0,1,0,1,1,3,3,0,0,20,19,17,12,12,11,11,11,10,7,7,7,6
ATCATCGCGGTATTAATGGCT,TTTGTGCAAGAAC,true,4,3,10,18,0,0,0,0,0,0,0,0,0,0,0,0,1,0,1,3,0,0,0,1,18,16,14,10,10,9,8,8,8,7,7,5,3
TACCGTTACTAATCATTAATG,TTAACGGCTCGTA,true,2,9,7,22,0,0,0,0,0,0,0,0,0,0,0,0,0,0,2,2,0,1,0,2,20,16,14,14,13,13,13,11,11,10,9,9,9
GCCAAGACCTGGTCGCGCCTG,CATCCGGGAAAGT,true,3,4,8,24,0,0,0,0,0,0,0,0,0,0,0,0,0,2,0,0,0,2,1,1,24,21,17,16,11,10,10,6,6,6,6,6,4
TAGGAATTTAAAAAAGAGCGG,CATCCCTTCATAG,true,3,4,6,11,0,0,0,0,0,0,0,0,0,0,0,0,1,1,0,2,0,2,0,0,11,11,11,11,10,7,6,6,6,6,5,4,4
ATAGCAAGGAAAATTGTCCCT,GCTATCTTGATTC,true,2,6,9,22,0,0,0,0,0,0,0,0,0,0,0,1,1,1,1,0,0,0,1,3,19,17,14,13,13,11,11,9,8,8,7,7,6
TGTCCAGCCTGCGTTCGGAGA,ACCTCCGATTACG,true,2,7,11,24,0,0,0,0,0,0,1,0,0,0,0,0,1,1,0,2,2,2,0,2,24,20,18,18,16,14,13,13,13,11,9,7,7
AATCATGATGCAATTGGCAGA,ATCGCAAAATCAG,true,4,7,6,17,0,0,0,0,0,0,0,0,0,0,0,0,2,1,1,0,2,0,0,0,15,14,14,12,11,11,11,11,9,7,7,7,7
CGGGATATTACACCGATTGAA,GCAGGTATTGGCT,true,2,7,3,19,0,0,0,0,0,0,0,0,0,0,0,0,0,0,0,0,0,0,1,2,17,16,15,13,12,12,10,10,7,7,7,7,7
TGTTTTTTGGATCTCAAGCGC,CCATATGAAGCCA,true,3,8,12,34,0,0,0,0,0,0,0,0,0,0,0,0,1,0,3,0,4,1,1,0,33,26,25,23,21,19,19,18,13,11,10,9,8
TTCAGCCTCGCCATAGGCCCC,CATACTGCCAGAT,true,5,4,10,26,0,0,0,0,0,0,0,0,0,0,0,0,1,1,1,3,0,2,0,0,18,16,15,9,8,8,7,7,7,7,6,6,4
CATCAAAAGGCTTAACAGCAA,AATCCAGATGGCA,false,4,3,2,21,0,0,0,0,0,0,0,0,0,0,0,0,0,0,0,0,2,0,0,0,14,3,3,3,3,3,3,3,3,3,3,3,3
ACACCACACACCACCACCACA,CCACATGAAAAAC,true,5,1,0,12,0,0,0,0,0,0,0,0,0,0,0,0,0,0,0,0,0,0,0,0,9,5,4,3,2,1,1,1,1,1,1,1,1
ACCACCTGTCACTCGCCCCCG,AAGGGGACGTCCT,true,4,4,7,17,0,1,0,1,0,1,0,0,0,0,0,0,0,1,0,0,0,2,1,0,17,16,14,13,11,8,8,6,6,5,5,4,4
GGCAAACAGGAAAGGTTGTCG,GAAAGCCGCCGAT,true,3,10,14,32,0,0,0,0,0,0,0,0,0,0,0,0,3,2,0,0,2,3,2,0,28,28,27,24,20,20,18,16,16,13,13,12,10
TGAAGGAATGACAGACGATAT,ACGCGCGGGAAAT,true,3,3,10,23,0,0,0,1,0,0,0,0,0,0,0,0,0,0,1,4,0,0,1,0,18,16,11,11,10,9,9,8,6,6,6,5,3
TTCGCGATTTCCCGCAAGCCT,GTCATCAGTTTAT,true,3,11,8,23,0,0,0,0,0,0,0,0,0,0,0,0,1,0,1,2,0,0,1,0,21,20,19,19,17,15,14,14,14,14,13,12,11
GAAACAAAAAAGGATACGAGG,GCTGTACAAGGTG,true,3,7,8,22,0,0,0,0,0,0,0,0,0,0,0,0,1,0,1,0,3,1,1,1,15,14,14,14,13,10,9,9,8,7,7,7,7
AAATCTCTTGGCAACGGTGTC,GATCCAATGGATG,true,2,4,8,18,0,0,1,0,0,0,1,0,0,0,0,0,1,0,0,1,2,1,0,1,16,14,13,12,10,10,8,7,6,6,5,4,4
GGCGTTCATACCATTACAGTT,AAGGCACAGAATG,true,2,8,6,21,0,0,0,0,0,0,0,0,0,0,0,0,2,0,0,1,1,0,1,0,20,20,16,13,13,11,11,11,9,9,9,9,8
AAAAAAGAAAGCGCTTACTAT,TTTAAATGAACTC,true,4,12,19,45,0,0,0,0,0,0,0,0,0,1,0,0,6,1,1,1,1,2,0,4,44,43,32,28,28,27,24,23,21,20,14,13,12
GAAATTACAGTTGACGCTTCC,AGAGGCGCAGTCT,true,2,8,8,21,0,0,0,0,0,0,0,0,0,0,0,0,1,1,2,0,0,0,3,0,19,17,16,14,13,13,13,12,11,9,9,9,8
GTTTTTCACGAATGCCGGCTG,CAAAGCGCTGATA,false,3,3,4,22,0,0,0,0,0,0,0,0,0,0,0,0,0,0,0,0,4,0,0,0,21,21,17,5,4,3,3,3,3,3,3,3,3
AGCCGTGCCGATCAAGATTCT,GTGTTGTCATCAG,true,2,8,14,30,0,0,0,0,1,0,0,0,0,0,0,0,1,1,0,2,1,2,2,2,29,26,25,25,24,19,19,16,14,11,10,10,8
CAGCCGATTTTTTAAAAACGA,TCGTAAAGAAGCA,true,3,3,6,18,0,0,0,0,0,0,0,0,0,0,0,0,1,1,1,2,1,0,0,0,15,12,11,11,10,9,8,6,6,5,4,3,3
GCACGTTTCCGATCGCAAATG,TAACCGGGCCGAT,true,3,6,7,18,0,0,0,0,0,0,0,0,0,0,0,0,0,0,1,0,2,1,1,0,16,15,12,11,11,11,11,10,10,8,8,7,6
TTGCCGGACTAACGTTCATAA,ATTTTGTCCACAG,true,4,7,9,22,0,0,0,0,0,0,0,0,0,0,0,0,1,1,0,1,3,0,0,1,19,18,18,16,14,11,11,11,11,9,9,9,7
AAAAAATCGTTCAAACAGCAG,ATGATGATTAATC,true,2,5,2,12,0,0,0,1,0,0,0,0,0,0,0,0,0,0,0,1,0,0,0,0,11,11,10,9,8,6,6,6,6,5,5,5,5
AAAATAAACAGGGGAGCCCGC,AGCAATAATCCTG,true,2,8,4,19,0,0,0,0,0,0,0,0,0,0,0,0,0,2,0,0,0,0,0,0,15,13,13,13,12,10,10,10,10,10,10,9,8
TTGCGACACGTTCCAGCGTTT,CCCCGAAGGACAT,true,4,8,8,26,0,0,0,0,0,0,0,0,1,0,0,0,0,2,0,0,1,2,2,0,23,23,19,16,13,12,12,12,10,9,9,8,8
TGAACTACTGTGGAAGTTACT,GACGTAAGATTAC,true,2,9,12,31,0,0,0,0,0,0,0,0,0,0,0,0,1,1,2,2,2,0,2,1,30,28,26,21,20,17,15,14,12,11,10,10,9
CACTTGGAACTTCGGCTCCCG,TTTTTCTAAAAAG,true,5,8,12,27,0,0,1,0,0,0,0,0,0,0,0,0,0,1,1,1,1,0,0,0,27,26,26,25,22,18,17,17,17,17,16,13,8
CATTGCCAAAATACAGTGCAC,AGGTTGCGGAAGT,true,2,8,6,23,0,0,0,0,1,0,0,0,0,0,0,0,0,1,0,0,0,0,3,1,21,19,16,16,12,10,10,10,8,8,8,8,8
CGACAGCCGGAACGCCGATGT,ACACGTCATCTGC,true,1,9,10,31,1,0,0,0,0,0,0,0,0,0,0,0,2,0,1,3,0,1,1,1,27,23,20,16,14,14,13,13,11,9,9,9,9
CTGCCCAAGTGATTCAGACAG,GGCAACGAGTACA,true,3,2,5,15,0,0,0,0,0,0,0,1,0,0,0,0,0,0,2,0,0,0,0,0,14,11,9,9,9,8,8,8,8,8,7,4,2
GTAAAATCAACACTTGCAAGC,GTTCCTGACTGTC,true,2,6,6,22,0,0,0,0,0,0,0,0,0,0,0,0,0,0,0,1,0,2,1,1,19,19,17,12,11,10,10,10,9,9,8,7,6
GAAAAACTCAGCCTGGTTCTA,CGATAAAACCAAT,true,4,3,9,18,1,1,0,0,0,0,0,0,0,0,0,0,1,1,1,0,2,1,0,1,18,17,15,11,10,10,10,6,6,5,4,3,3
AGATCAATTCTGCCGCTGTTA,TCCCCGATATCCA,true,4,6,9,22,0,0,0,0,0,0,0,0,0,0,0,0,2,3,0,0,0,1,0,1,21,20,20,19,16,14,13,9,8,8,8,6,6
CAATGGGGAGTTGATCATGTT,TATGGCATCCCTG,true,3,8,14,36,0,0,0,0,0,0,0,0,0,0,0,0,1,2,2,1,1,4,2,0,28,24,21,18,16,13,13,13,13,12,9,9,8
TCAAGAAACAATAAAGGACTT,GCATGATCGTTAG,true,2,6,15,27,0,0,1,0,0,0,0,0,0,0,0,0,0,3,1,2,2,4,0,2,27,25,19,17,16,15,12,9,8,8,8,6,6
TGAACATGTAAACGGCAGAGT,TACTTTATTAGCT,true,3,4,7,17,0,0,0,0,0,0,0,0,0,1,0,0,1,0,0,2,1,0,0,2,14,14,12,12,12,12,8,7,5,4,4,4,4
TTTGTTTGCTTCGGGCACGCA,GGAACATCGTGAC,true,2,9,9,32,0,0,0,0,0,0,0,0,0,0,0,0,1,0,0,3,0,0,1,1,31,28,26,25,19,17,16,12,12,12,12,11,9
AAAAAAACCAACCAAAAAACA,AACCCAAAACACA,true,4,1,0,14,0,0,0,0,0,0,0,0,0,0,0,0,0,0,0,0,0,0,0,0,12,5,1,1,1,1,1,1,1,1,1,1,1
TGTTTCTGCCTGTTCCGGCTG,TTTATGCTTCACA,true,3,7,4,21,1,0,0,0,0,0,0,0,0,0,0,0,1,0,1,1,0,0,0,0,21,20,16,13,12,9,9,9,8,7,7,7,7
ATCATCATTTTCCTGTAGTTG,TTCATTCTCTTTG,true,3,8,13,25,0,0,0,0,0,0,0,0,1,0,0,0,1,2,2,3,0,1,0,2,24,24,19,17,17,14,13,13,12,11,10,9,8
TTTGGCTGGCTATTTTATCGG,TGAAGGCTTAAAG,true,3,9,11,26,0,0,0,0,0,0,0,0,0,0,0,0,2,0,1,3,1,1,0,0,24,23,23,22,17,17,16,16,16,14,13,12,9
AACATAGGCATTTTCGGTTCC,GTCCATACTCATA,true,2,7,14,28,0,0,1,0,0,0,1,1,0,0,0,0,2,2,0,4,0,0,0,0,26,26,24,20,20,19,17,15,14,11,10,9,7
GATATAACAATGTTTGATCTA,AAAGAGTTTGGGT,true,4,7,7,21,0,0,0,0,0,1,0,0,0,0,0,1,2,0,0,0,0,0,1,2,21,21,18,16,16,13,12,12,9,7,7,7,7
CAAAATATCCTTCGTCTTTTT,ATGGGTGATACTG,true,5,6,8,29,0,0,0,0,1,0,0,0,0,0,0,0,1,0,0,3,1,0,0,0,18,15,15,13,12,11,11,11,10,9,8,8,6
ACCAAAACGGAGTTCCATGAT,TTGTTTTTCTCTC,true,5,6,15,26,0,0,0,0,0,0,0,0,2,0,0,0,0,1,1,0,0,1,2,0,26,23,19,18,18,18,18,15,11,10,8,8,6
CGCAAACAGGACAATCGTAGC,AACCTTGCCTGAC,true,2,10,11,30,0,0,0,0,0,0,0,0,0,0,1,0,2,0,3,0,0,2,0,0,29,28,24,24,23,22,20,17,14,14,14,13,10
ACGCATTTTCCACTTTTATGT,TCCTTTCTGTCAC,true,3,4,10,26,0,0,0,0,0,0,0,0,1,0,0,1,0,0,0,5,0,0,0,3,22,19,18,17,16,12,9,9,8,7,4,4,4
TCGAGGAGGAGCATCCAGACC,TCAGAACGCCGGA,true,2,11,12,34,0,0,0,0,0,0,0,1,0,0,0,0,3,0,2,1,2,1,2,0,33,30,29,26,25,23,17,17,14,12,12,11,11
ACTAACGCTTTTAGCGTATAG,TCATACTAAGCTA,true,2,3,14,23,0,1,0,0,0,1,0,0,0,0,0,0,2,2,0,2,1,1,2,1,22,21,18,17,16,15,14,13,11,6,5,4,3
AATCGAATTTGTAATGAAAAT,TTCCTGTTCAAAG,true,3,10,18,49,0,0,0,0,0,0,1,0,0,0,0,0,0,0,1,4,1,3,1,4,47,39,28,24,21,17,16,16,15,15,14,12,10
GCTTGGGAGAGGATGCAGAAG,ATTTTCGTCCGGA,true,4,3,7,12,0,0,0,0,0,0,0,0,0,0,0,0,1,1,1,1,0,0,0,2,11,10,10,9,7,6,6,6,5,5,4,3,3
CAATCGCTCCCCCAGTCAGCG,CAATGGCAGCGAC,true,2,5,11,30,0,0,0,0,0,0,0,0,0,0,0,0,4,0,2,0,1,0,2,1,26,22,20,14,14,11,10,9,8,8,7,6,5
TGAGCACTTCGCCGTATTTCA,AGACATCTGCGAC,true,2,12,12,36,0,0,0,0,0,0,0,0,0,0,0,0,0,2,4,2,2,0,1,0,33,32,31,28,26,25,20,20,18,18,17,12,12
CCCCGGGGGCAGATGTTTTTT,AGGCGCGGAGCGC,true,6,2,9,23,0,0,0,0,0,0,0,0,0,0,0,0,2,0,0,2,0,3,2,0,14,11,10,8,7,6,6,4,4,4,2,2,2
CAGATGACAATCTCTGTGTAC,GTTCCTTGTTAGT,true,2,12,10,32,0,0,0,0,0,0,0,0,0,0,0,0,0,1,1,4,0,0,4,0,28,27,27,24,22,21,19,13,12,12,12,12,12
CGGTCATCGAAGAACGCCGCG,TCAATCCGGGATC,true,3,15,13,38,0,0,0,0,0,2,0,1,0,1,0,0,2,1,0,1,1,3,0,0,33,29,29,28,24,22,21,21,20,16,16,16,15
CGGAATGACAACTGTTGCTGC,AGAATGCCTGCCT,true,2,5,14,35,0,0,0,0,0,0,0,0,0,0,0,0,4,2,1,0,1,3,1,0,28,22,22,17,13,13,13,12,11,10,9,6,5
CCCTCCTTGATCGTCACCGAA,TCGAAAAATTGGC,true,5,8,19,37,0,0,0,1,0,1,0,0,0,0,0,0,3,2,3,3,1,0,2,0,33,27,25,23,22,22,21,19,17,17,16,10,8
ATTCAGCTGATCCTTGAGGAA,TTAAAAATGATTA,true,5,9,8,23,0,0,0,0,0,0,0,0,0,0,0,0,4,0,1,0,2,0,0,1,20,19,17,17,17,17,14,11,10,9,9,9,9
TGTTCAGCTGGTCAATTTCAG,CGGCAAGCTCTTC,true,2,7,7,21,0,0,0,0,0,0,0,0,0,0,0,0,1,2,0,0,0,2,2,0,19,19,16,15,13,12,11,11,10,8,8,7,7
TATTGTGCATATACAATCTCC,TTCATCTTCATCT,true,2,4,9,16,0,0,0,0,0,0,0,0,0,0,0,0,2,2,0,2,1,0,0,1,16,16,15,13,12,9,9,8,7,6,5,5,4
TCAAGGAATTCTTTTAGGTAA,GAGGGGTTGTCTG,true,4,6,8,28,0,0,0,1,1,0,0,0,0,0,0,0,0,1,0,1,0,0,1,3,23,19,17,16,15,11,11,10,9,7,7,6,6
TCAAGAAAAGCCGAGAATTCC,TCCGCAAAGACAG,true,3,6,13,28,0,0,0,0,0,0,0,0,0,0,0,0,2,1,2,1,3,3,0,0,23,21,16,16,16,16,16,11,10,9,8,7,6
GTTTGTGAAAAAAATAAACAT,TACGGCGTTGATC,true,2,5,12,24,0,0,0,0,0,0,0,0,0,0,0,0,3,0,1,4,1,0,0,2,22,18,16,16,15,13,12,11,11,8,8,6,5
CGCTTCATCCGCTTTTTCACC,AGGGAAATGGTCT,true,3,8,4,18,0,0,0,0,0,0,0,0,0,0,0,0,1,1,0,0,1,0,1,0,17,15,15,12,12,12,11,9,9,8,8,8,8
AGCCCGTACTCACGGACAAAA,GCGTCCGGCTGAT,true,4,7,12,34,0,0,0,0,0,0,0,0,0,0,0,0,1,1,3,1,0,3,1,1,32,28,23,19,18,13,13,12,10,10,9,8,7
CATCATGAAAAATGGTCATTT,TGTTGCAAAGAGA,true,4,6,12,32,0,0,0,0,0,0,1,0,0,0,0,1,0,1,0,4,1,0,0,2,26,22,22,18,13,11,10,9,8,7,7,7,6
AACAATCAGCACGACAGGAAT,CAGCGGCACCAAT,true,2,6,15,29,0,0,0,0,0,0,0,0,0,0,0,0,3,1,2,2,1,1,4,0,24,23,21,19,19,15,13,13,11,9,8,6,6
ACAGTTGAAAGCATCACAGAA,ATGAACCTGCTGT,true,3,10,12,39,0,0,0,0,0,0,0,1,0,0,0,0,1,0,1,2,3,1,1,0,32,29,26,22,21,18,15,13,13,13,13,10,10
CCGGACGAATATGTTCGTATC,GCGAAATAACCTA,true,3,9,8,22,0,0,0,0,0,0,0,0,0,0,0,0,3,0,1,1,1,1,0,0,21,20,19,19,19,18,14,13,12,12,11,10,9
TTGAATCTGGTGTGATATGGG,TTTTCTCTTATCT,false,4,2,7,25,0,0,0,0,0,0,0,0,0,0,1,1,0,0,0,0,0,1,0,4,24,23,17,4,4,3,2,2,2,2,2,2,2
AGAAGAAGTAAAAAACACTGG,TCCTTGCCGGAAG,false,2,1,1,12,0,0,0,0,0,0,0,0,1,0,0,0,0,0,0,0,0,0,0,0,11,7,1,1,1,1,1,1,1,1,1,1,1
CAAATGCAAAGCAATAAAGAC,TACAGAAAAAATA,true,6,11,11,29,0,0,0,0,0,0,0,0,0,0,1,0,0,0,0,1,1,1,1,0,27,24,23,22,19,19,19,19,19,19,18,12,11
AAAGCTATAATCATGTTTGTT,GCTTTCATGAGGT,true,3,7,5,18,0,0,0,0,0,0,0,0,0,0,0,0,0,1,0,3,0,1,0,0,13,10,10,10,10,9,8,8,7,7,7,7,7
ATGTACATGTTTTGAGAAGTC,GAATTATGACCTC,true,2,6,1,11,0,0,0,0,0,0,0,0,0,0,0,0,0,0,0,1,0,0,0,0,11,11,9,9,8,8,8,6,6,6,6,6,6
AAAAAATCATTTCTTCAAAAA,ACTTTATTCTCTC,true,6,7,25,65,0,0,0,0,0,0,0,0,0,0,0,0,5,2,0,2,6,0,0,1,46,31,28,28,27,25,22,16,12,10,9,9,7
TCTTCAAGTTCGCAAGACATA,ACAACTTGATGAG,true,2,6,10,27,0,0,0,0,0,0,0,0,0,0,1,0,2,0,0,0,5,0,0,2,26,23,23,15,12,11,8,7,7,6,6,6,6
CTTGCGTAAATGCCTGCGTGA,CACGGATGCCTTG,true,2,7,9,23,0,0,0,0,0,0,0,0,0,0,0,0,0,2,2,0,0,1,2,2,23,23,22,21,17,15,15,13,12,11,9,7,7
AATGCCAGTGTAATGCCGCCC,ATGACAGCAGCGC,true,3,3,9,14,0,0,0,0,0,0,0,0,0,0,0,0,1,1,0,1,0,0,3,1,13,12,10,10,10,9,7,7,7,5,5,4,3
GCCGGGATTGATCGCAGGCGG,TTCATTGCTTGTC,true,2,8,7,22,0,0,0,0,0,0,0,0,0,0,0,0,1,0,2,0,0,0,0,3,20,17,15,15,14,13,12,11,10,9,9,9,8
CAAGAAGCTTTGAAGCGAGCC,GATTCCCGTTTGA,true,3,3,16,29,0,0,0,0,0,0,0,0,1,1,0,0,2,1,0,2,0,3,3,2,27,27,24,21,14,14,10,7,7,6,5,4,3
CAGATCGTTCCGTGCGGGAAA,AAAATCGTATTTG,true,7,8,10,29,2,0,0,0,0,0,0,0,0,0,0,0,2,0,0,1,3,0,0,2,29,27,27,19,13,13,13,12,11,10,10,8,8
GAGAAGACGTTCTTGCGTTTA,TCGGGCCGTCTCT,true,3,10,9,30,0,0,0,0,0,0,0,0,0,0,0,0,1,1,1,0,0,1,2,2,26,26,26,25,19,17,15,15,14,13,11,10,10
TGATTGTCGGGATTTTTTGAA,AGCTGATAAACAG,true,3,6,4,12,0,0,0,0,0,0,0,0,0,0,0,0,2,0,0,1,1,0,0,0,12,11,11,11,11,11,9,8,8,7,6,6,6
CAATCTTCTTCTGAAGGAAAT,CCATCTGATCTCA,true,2,8,7,21,0,0,0,0,0,0,0,0,0,0,0,0,1,0,1,4,0,1,0,0,18,16,15,14,13,13,12,12,11,10,9,8,8
TTTCAACTGGTTATAAAATTG,CAGGTAGTAAGGA,true,2,9,6,27,0,0,0,0,0,1,0,0,0,0,0,0,0,1,1,0,0,0,3,0,25,24,21,18,13,11,11,10,10,10,9,9,9
ATCATAATTCTTCCTTTCTCT,ATTTTCTTCACTA,true,4,15,15,37,0,0,0,0,0,0,0,0,0,1,1,1,1,1,1,5,0,1,0,3,33,32,32,32,27,24,21,20,19,18,16,15,15
CCTAAATATGCAGAGTATGTA,GATTACATTGATC,true,2,8,18,40,0,0,0,0,0,0,0,0,0,0,0,0,4,0,2,3,2,0,1,5,34,32,29,25,24,21,20,17,13,11,11,9,8
TCCCTTGTTGTTCTGGAAGGC,CTTTTATCGGCTG,true,4,10,10,26,0,0,0,0,0,0,0,0,0,0,0,0,1,1,1,0,0,1,3,1,24,22,22,21,19,16,16,15,15,12,12,12,10
TTTTGGCGTGATCTCTTTTGT,TTATAATGAAACG,true,3,14,18,42,0,0,0,0,0,0,0,0,0,0,0,0,3,0,2,1,6,1,1,3,41,35,32,31,30,27,26,23,22,22,18,15,14
ATTTTTGCTTTTGCGAATACG,TTTAATTCCCGGC,false,3,1,0,11,0,0,0,0,0,0,0,0,0,0,0,0,0,0,0,0,0,0,0,0,11,2,1,1,1,1,1,1,1,1,1,1,1
GGATAGTTAAGCCCTCCAAGT,TCTTGAATGTCTA,true,2,8,8,22,0,0,0,0,0,0,0,0,0,0,0,0,1,1,1,0,0,0,0,2,22,20,19,17,16,16,14,12,12,12,12,8,8
GAAAAGCAGGGTGATGCGAAA,GAGACGGATCTTG,true,3,3,4,12,0,0,0,0,0,0,0,0,0,0,0,0,0,1,0,0,0,0,3,0,11,10,7,5,5,5,3,3,3,3,3,3,3
TAAAAATACCCAACTCAAAAA,AACAAGAAAGAGA,true,7,12,11,41,0,0,0,1,0,0,0,0,0,0,0,0,0,0,1,1,6,0,0,0,35,28,24,23,21,17,16,16,14,14,14,14,12
TTCCAGTTTAGCGAGTCTACA,ATCCAGCCGCCGA,true,2,15,14,39,0,0,0,0,0,0,0,0,0,0,0,0,5,3,2,1,1,0,0,0,37,34,31,29,29,25,25,25,20,18,18,17,15
GCGGACAACTTACATATGAAA,TTAATAAATCTCT,true,3,6,15,30,0,0,1,0,0,0,0,0,0,0,0,0,4,0,1,1,3,0,0,3,27,23,22,21,16,15,13,10,8,8,8,6,6
CGGCGGTGATTTCATCAAGTA,ATAGGCGCCGGCG,true,2,6,12,28,0,0,0,0,0,0,0,0,0,0,0,0,0,2,1,1,0,2,4,0,27,21,20,19,17,17,16,14,11,10,7,7,6
GATACAAATCTAAACACTTGG,AAGCCTTTTTCGA,true,5,8,8,28,0,0,1,0,0,0,0,0,0,0,1,0,1,0,1,0,2,0,0,0,26,17,16,15,13,12,11,11,11,11,10,10,8
ATAATCACTCATCCGTAAAAA,GAAGCATTCCGCT,true,5,2,4,11,0,0,0,0,0,0,0,0,0,0,0,0,1,1,0,1,1,0,0,0,10,9,9,7,7,6,5,5,4,3,2,2,2
CTTTTTCCGACGGCTCCTGTA,GCCACACCTGCGA,true,2,5,5,16,0,0,0,0,0,0,0,0,0,0,0,0,2,1,1,0,0,1,0,0,15,14,12,11,8,7,7,7,6,5,5,5,5
CGGCTGATTGAACAGCCAGTT,TGCGCACTTCCTC,true,3,7,8,27,0,0,0,0,0,0,0,0,0,0,0,0,1,0,2,2,0,0,1,2,24,18,16,14,13,13,11,10,8,7,7,7,7
TAGCGGAAACAGAAGCCCGAT,CGGAGAGAAAATA,true,4,8,10,27,0,0,0,0,0,1,0,0,0,0,0,0,3,1,1,0,1,0,1,0,25,25,22,20,17,14,11,11,11,10,9,8,8
TCCGGCTTCCCGGTAGCTCCT,GTCGCTCCGGCTG,true,2,10,14,68,0,0,0,0,0,0,0,0,0,0,0,0,0,4,0,1,0,6,1,1,64,59,45,40,31,29,27,23,17,13,12,11,10
TAAGGCGCTCAGAAATAAGAG,CGCAATATGGATG,false,2,2,3,17,0,0,0,0,0,0,0,0,0,0,0,1,0,2,0,0,0,0,0,0,17,15,15,5,4,3,3,2,2,2,2,2,2
AACAGTGAGGCCGTAGAATCC,CGCACGATTAATG,true,3,7,9,30,0,0,0,0,0,0,0,0,0,1,0,0,1,2,0,1,2,1,0,0,23,22,22,15,13,13,11,11,10,9,8,8,7
TCATGATTGGTCCTTCAAAGC,AAAATGTCCACGA,true,4,2,3,16,0,0,0,0,0,0,0,0,0,0,0,1,0,0,0,0,1,1,0,0,16,15,15,11,6,5,4,4,3,3,2,2,2
TTAAGATTCTCGGGTATGATG,ATGTTGAACTCGA,true,2,3,10,18,0,0,1,0,0,0,0,0,0,0,0,0,3,0,0,2,2,0,1,0,16,15,13,13,11,10,10,8,6,6,5,3,3
AGCGCGAAAACTGTATGATCA,CAACGCCTGAGTA,true,2,2,5,12,1,0,0,0,0,0,0,0,0,0,0,0,0,0,0,1,0,1,1,0,7,6,5,5,5,5,5,4,3,3,3,3,2
CGGCGCGGCCCATCTTCTATG,ATCGATCACTTCG,true,2,8,10,27,0,0,0,0,0,0,0,0,0,0,0,0,1,2,3,1,0,1,1,1,26,25,22,21,21,18,15,14,12,11,9,8,8
TGCCAAACCTGATATTGATAT,ATTCGAAACAGCA,true,3,4,8,22,0,0,0,0,0,0,0,0,0,0,0,0,4,0,1,1,2,0,0,0,19,17,12,11,11,11,11,8,5,5,5,4,4
TTGGCGTGAATGTTCCGAATG,CAACCATTATGGT,true,2,7,12,25,0,0,0,0,0,0,0,0,0,0,0,0,2,3,0,2,1,1,0,0,24,23,23,21,18,16,16,15,13,12,11,8,7
TCGCTAATATCCCGGTTAGGC,GTATACAAATTAG,true,3,7,16,26,0,1,0,0,0,0,0,0,0,0,0,0,3,3,0,0,3,2,0,2,24,22,22,20,19,17,16,16,12,11,9,9,7
TCAAGTGCTTTGCAATGTCCA,TCACATAATCCTC,true,2,5,6,20,0,0,0,0,0,0,0,0,0,0,0,0,1,1,1,0,0,1,0,1,20,15,13,11,11,10,9,8,7,7,6,6,5
TTAATCGCAAAAAACAGCAAA,ACGACGATAGGCA,true,4,7,10,33,0,0,0,0,0,0,0,0,0,1,0,0,0,0,0,0,3,1,3,0,27,21,18,16,15,13,13,11,11,11,9,9,7
GACGATTTCCGCTAATGGCAT,GTCATAAACAATG,true,3,6,8,23,0,0,0,0,0,0,0,0,0,0,0,0,5,0,0,2,1,0,0,0,19,19,16,16,12,11,11,9,7,7,7,6,6
GCACCCTCAGTCCGCCGTGAA,GAGATCAGCAGTC,true,2,10,17,37,0,0,0,0,0,1,0,0,0,0,0,0,5,3,3,0,0,0,3,1,28,26,24,23,21,20,20,20,18,16,12,11,10
CCATTATTAAAGTTTTTATAT,GATGATCTAATAG,true,2,8,11,28,0,0,0,0,0,0,1,0,0,0,0,1,3,1,0,2,0,0,0,1,25,22,20,18,18,15,12,11,11,11,10,10,8
ATTCTTTATTGACGAACACTA,CCAGGGAAAAGGT,true,4,3,5,13,0,0,0,0,0,0,0,0,0,0,0,0,0,0,1,0,2,1,0,0,12,10,8,8,8,8,8,8,7,4,4,3,3
CCTTTTAAAACAGCAAATTGC,GAAAGAAATAGGT,true,3,6,5,22,0,0,0,0,0,0,0,0,0,0,0,0,2,1,0,0,2,0,0,0,17,15,14,13,11,11,11,8,7,7,6,6,6
CCTTCCACTTTTCTGACACCG,GTTTAGCCGACCG,false,3,2,5,25,0,0,0,0,0,2,0,0,0,0,0,0,0,1,0,2,0,0,0,0,15,12,12,12,2,2,2,2,2,2,2,2,2
ACAAATGCTTGACAGCATGCA,GCGCAACCCGCGT,true,3,4,4,17,0,0,0,0,0,0,0,0,0,0,0,0,0,0,0,1,1,2,0,0,15,14,14,11,10,9,9,7,4,4,4,4,4
TCAGTAAGTCCGACATATTCA,AGGACCTCTGCCG,true,2,7,11,26,0,0,0,1,0,0,0,0,0,0,0,0,0,1,1,0,0,5,2,0,26,23,17,16,16,14,13,11,11,11,11,8,7
ATCAAAAACATGAAGAGTATG,AAGAGTGGCGCCA,true,2,8,8,24,0,0,0,0,0,0,0,0,0,0,0,0,1,4,0,1,0,1,1,0,22,21,18,16,15,13,13,11,11,9,9,8,8
CCACGGTTTTTCAGCAAACGC,CCCAATGAAGCTG,true,4,5,9,24,0,0,0,0,0,0,0,0,0,0,0,0,1,1,0,1,2,1,0,1,23,22,18,16,14,13,12,12,10,9,8,7,5
GTGTGTACTGAAAAATCAAAA,ACATGTGGTCTAC,true,5,1,0,11,0,0,0,0,0,0,0,0,0,0,0,0,0,0,0,0,0,0,0,0,8,7,7,7,7,2,1,1,1,1,1,1,1
TGAGGCCTGCCGGGAACATCC,GATTCAAACATTC,true,3,4,11,21,0,0,0,0,0,0,0,0,0,0,0,0,3,2,0,0,3,1,0,1,20,20,20,19,17,16,16,14,8,6,6,5,4
CTTTTTTGGAAAAGGAGAGCT,TTCCTATACATTG,true,3,7,17,31,0,0,0,0,0,0,0,0,1,0,0,0,4,3,0,2,3,0,0,3,31,30,25,23,17,15,15,14,14,12,9,8,7
TGCTGTCGCTGTCGTCATTCA,TCAAACCGTTTGT,true,3,9,13,38,0,0,0,0,0,0,0,0,0,0,0,0,2,0,0,1,0,4,1,2,35,31,29,28,24,21,14,13,13,13,12,9,9
TGGACATTTCATCAACCCCGA,ACGAGGAGAAAAT,true,4,9,7,23,0,0,0,0,0,0,0,0,0,0,0,0,0,0,1,1,2,0,1,0,20,17,17,17,16,15,14,13,12,12,12,11,9
ACGCTGATTCAGCACGATATC,AGGATCAAACGTC,true,3,6,14,29,1,0,0,0,1,0,0,0,0,0,0,0,2,3,1,2,0,1,0,0,28,26,24,19,19,18,17,16,15,11,9,8,6
TAATGTGTTCTTGTTGTTTTT,TTCTTTTTCTTGT,true,7,7,6,25,0,0,0,0,0,0,0,0,0,0,1,0,0,0,0,2,0,1,0,2,23,17,11,11,11,11,11,9,8,8,7,7,7
TATCTCGGAACGGGAATGAAA,AAAACCACCGAAG,false,7,6,8,33,0,0,0,0,0,0,0,0,0,0,0,0,1,0,1,0,5,0,0,0,33,29,24,11,9,8,8,7,7,7,7,7,6
CTTGCTGAAGCGCGGCTTTTC,GCCTGATTGAGCA,true,2,7,14,29,0,0,0,1,0,0,0,0,0,0,0,0,1,1,2,2,0,1,2,2,27,26,22,19,19,18,17,15,11,10,9,9,7
TAGTGAGGCGTTTGATTAAAA,GATCGACAAACTC,true,4,9,9,35,0,0,0,0,0,0,0,0,0,0,0,0,4,0,0,2,2,1,0,0,28,27,20,18,17,17,16,15,15,14,9,9,9
AGAAGCACCAAGATGCGTAAT,CCCTGTCATGACA,true,3,9,11,30,0,0,0,0,0,1,1,0,0,0,0,0,0,1,3,2,0,1,0,0,27,25,21,19,18,18,17,15,14,13,11,10,9
AAGCGTTGTAGACATGATATA,GATTTGCAGCGAC,true,3,11,6,27,0,0,0,0,0,0,0,0,0,0,0,0,1,1,0,1,0,1,0,0,25,24,24,24,20,17,17,17,15,13,13,13,11
CAGACAAAGCCAAAAGACAAC,TCAGGATCAAACA,true,3,5,8,20,1,0,0,0,0,0,0,0,0,0,0,0,0,1,1,0,2,1,2,0,19,17,15,13,10,9,9,7,6,6,5,5,5
AAGTCATGCCAGCAAACGAGG,CTTCAAAAAACGT,true,6,4,6,16,0,0,0,0,0,0,0,0,0,0,0,0,1,0,1,3,1,0,0,0,13,13,12,10,10,9,9,9,9,7,4,4,4
TCTAGGATACAATAAGGATTA,GAAATTATACAAT,true,3,12,12,37,0,0,0,0,0,0,0,0,0,0,0,0,2,2,1,2,2,1,0,0,36,34,32,28,23,21,20,18,18,15,14,12,12
TGACGTACTCATGATCATTTC,TCTTCTGCTGAGT,true,2,13,12,40,0,0,0,0,0,0,0,0,0,1,0,0,0,3,0,1,0,1,0,6,38,34,33,27,21,17,14,14,13,13,13,13,13
CTCTTAACTGTACGTGCGGTG,AATGGCACGACAT,true,2,9,19,38,0,1,0,0,0,0,0,0,0,0,0,0,2,0,4,1,2,0,7,0,33,32,27,27,18,17,16,14,14,12,11,9,9
GCCGTCAGAAATGTAACGTCT,GGTTACGATCAAT,true,2,9,13,29,0,0,0,0,0,0,0,0,0,0,0,0,0,0,1,1,0,0,6,2,29,21,20,16,13,13,13,13,12,12,12,12,9
CAAGCACTGCGGATACTGGAG,TTCCTATGAAGAG,true,2,1,2,11,0,0,0,0,0,0,0,0,1,0,0,0,0,0,0,0,0,1,0,0,11,8,5,1,1,1,1,1,1,1,1,1,1
CGATGGCTTATGTAGGCACCG,CAAAAAAAGAAAT,true,7,10,11,30,0,0,0,0,0,0,1,0,0,0,0,0,3,1,1,0,5,0,0,0,28,26,26,26,26,25,25,19,14,13,13,10,10
GCCATCAATAAACAAAAACGG,ATAGCGATGAGGC,true,2,11,5,29,0,0,0,0,0,0,0,0,0,0,0,0,1,0,1,1,0,0,2,0,26,24,22,21,19,18,18,15,13,13,13,11,11
TCTCATATAAGAACGCTTGCA,GCATCTCTTTTTG,true,5,7,11,30,0,0,0,0,0,0,1,0,0,0,0,0,2,1,1,1,0,3,0,1,25,23,23,23,16,14,10,10,10,10,10,8,7
CAAGATCATTCGGCAAAGCGC,GGCGAAACGTAAT,true,3,4,12,24,0,0,1,1,0,0,0,0,0,0,0,0,2,0,3,0,2,1,1,0,23,19,15,14,13,12,10,8,7,6,5,5,4
CGCTCACCTTTGAAGTGACAC,ATTATCCGCTGGA,true,2,10,12,29,0,0,0,0,0,0,1,0,0,0,0,0,1,1,1,3,0,1,0,2,29,27,24,21,19,17,13,13,12,12,12,11,10
ACTGTGAGGCTTGAAGACAAT,ACAGCACTGTCAC,true,1,7,14,32,0,0,0,0,0,0,0,0,0,0,0,0,0,3,0,2,1,2,2,0,27,22,21,17,15,13,13,12,11,11,11,8,7
AGTTGAAGGTGTGCTTGCCCA,CGAGGTCGCGCAT,true,2,11,6,26,0,0,0,0,0,1,0,0,0,0,0,0,1,0,1,1,0,1,0,0,22,20,17,15,14,13,12,12,12,12,12,12,11
GCTCGGTGTCTTTTTTTGATT,CAGTCAAGAAGAG,true,2,8,10,26,0,0,0,0,0,0,0,0,0,0,0,0,1,4,1,1,3,0,0,0,24,20,19,18,17,14,13,10,9,8,8,8,8
ATACGGGTGGAAGTCAGCTGA,TCTCTCTTGTTCA,true,2,8,13,28,0,0,0,0,0,0,0,0,0,0,0,0,3,1,2,4,0,1,0,1,21,19,19,17,15,15,13,11,10,10,10,9,8
GGAATGATAAAGAATGCTTGA,CGTAACGAAGGAC,true,2,7,7,18,0,0,0,0,0,0,0,0,0,0,0,0,4,1,1,0,1,0,0,0,14,13,13,13,13,11,10,10,9,8,8,7,7
TGAGCGAACGTTGTTGCCGGC,GCCGGGTCAGTGT,true,3,7,6,22,0,0,0,0,0,0,0,0,0,0,0,0,0,0,1,0,0,2,2,1,18,16,14,14,14,10,9,8,8,7,7,7,7
ATGTAACACCTTCTCACCACA,GCCCTTATGGAGT,true,3,6,12,22,0,1,1,0,0,0,0,0,0,0,0,0,2,2,1,1,1,1,0,2,21,20,20,16,13,11,8,8,8,7,6,6,6
ATTGCCACGGATATTGCTGCG,ATTGTCGCCGACA,true,2,4,12,25,0,0,0,0,0,0,0,0,0,0,0,0,2,1,2,4,1,1,0,0,21,19,15,13,13,9,9,8,7,5,5,4,4
ATACCGGAAATATATCTTAGC,ATTTTCCGCTCCT,true,4,7,16,28,0,0,0,0,0,0,1,0,1,0,0,0,1,2,0,3,0,2,0,1,26,25,25,25,23,15,13,12,12,12,12,11,7
ATTACAGGATTTTTGCTGTCT,GCTATTTTAGCAG,true,4,7,12,31,0,0,0,0,0,0,0,0,0,1,0,0,1,0,1,3,1,0,0,4,30,26,24,22,20,19,17,11,9,8,8,8,7
TGGCGCTGATCGGCTCAAACT,GGCTTGAAGCCGT,true,2,9,7,19,0,0,0,0,0,1,0,0,0,0,0,0,1,1,0,2,0,0,1,1,18,16,16,16,14,11,11,11,10,10,10,9,9
GGAGAATAGAAGATCCGAAGC,CTTTTGATGCAGA,true,4,14,12,32,0,0,0,0,0,0,0,0,1,0,0,0,0,0,1,5,0,1,2,1,29,29,29,27,23,18,17,17,15,15,15,15,14
TTTGTTATTTGCCTGAGCCAC,CTTTAAATTCCGA,false,3,3,7,32,0,0,0,0,0,0,0,0,0,2,0,0,3,0,0,0,0,0,0,2,25,24,23,19,16,16,15,5,3,3,3,3,3
TAAACATCTTCCAGCACGTTT,TTGAAGTTTGAAT,true,5,4,17,38,0,1,0,0,0,0,0,0,0,0,0,0,1,0,0,4,2,0,0,4,37,34,23,22,18,17,17,17,14,11,10,8,4
AGATAAGTAGAGCTGGACGCC,GAGTGATACTGCG,true,2,9,14,30,0,0,0,0,0,0,0,0,0,0,0,0,3,2,2,2,1,1,1,1,29,27,25,24,19,18,16,13,11,10,10,10,9
ACCAAAACAAGAAAAAAAACC,GCTGTTGTCACTG,true,2,3,6,14,0,0,0,0,0,0,0,0,0,0,0,0,1,1,0,0,0,0,2,1,12,11,11,9,9,7,4,4,4,4,4,4,3
ATGATCCCATGCTTTGCAGCA,GGAAGTGTTGAAC,true,2,3,11,24,0,0,0,0,0,1,0,0,0,0,0,0,2,0,1,1,2,0,3,0,23,17,15,11,8,7,7,7,7,5,5,4,3
ATTCTGTAACCATTCGTCTTG,CAATATTCGTCGC,true,2,9,8,23,0,0,0,1,0,0,0,0,0,0,0,0,1,0,0,2,0,1,0,2,21,21,19,19,16,16,15,15,13,12,10,10,9
AAACAGACGGCAAGGTCGTTC,GCATCCCTACCTG,true,3,12,6,30,0,0,0,0,0,0,0,0,0,0,0,0,0,0,1,1,0,4,0,0,27,26,22,21,20,20,15,14,14,14,12,12,12
TACAAACGGGCTTACGAGCGC,GGCGTGAAACTGA,true,3,7,16,33,0,0,0,0,0,0,0,0,0,0,1,0,5,1,2,4,0,0,1,2,32,28,25,23,20,20,19,18,18,13,11,7,7
GCGTCTCCATTCGACATGCTA,CAGCCGGCTCCGA,true,2,6,7,27,0,0,0,0,0,1,0,0,0,0,0,0,1,1,0,0,0,1,0,1,23,23,20,19,17,14,13,11,9,9,9,8,6
TCCTGCAAATAATGTCGATCC,TAAAACAACTGCT,true,4,14,13,31,0,0,0,0,0,0,0,0,0,0,0,0,3,0,0,4,1,3,1,0,30,28,28,28,26,22,21,21,19,19,16,15,14
CGTCGATGTCGTTGAAGATAT,CGCTCGTGACCGC,true,2,4,11,24,0,0,0,0,0,0,0,0,0,0,0,0,1,1,2,2,0,0,2,1,22,21,20,19,16,13,12,10,9,6,5,5,4
CCTCTGGCTGTCCGCCTTCAA,GCTGTGCGTTTAT,true,3,8,12,31,0,0,0,0,0,0,0,0,0,0,0,0,1,2,0,0,0,0,2,3,25,24,22,21,18,16,15,13,13,13,12,9,8
TGCAAAACAGGAAAATTCATA,AAACAGCTCCCTA,true,4,6,11,24,0,0,0,0,1,0,0,0,0,0,0,0,1,0,2,2,2,3,0,0,24,24,20,18,17,14,14,14,10,10,6,6,6
AATTCCAGCAGTTGCCGAAGC,TGCCGCCAAAGGC,true,3,5,10,25,0,0,0,0,0,0,1,1,0,0,0,0,1,0,2,0,2,2,0,0,22,19,18,14,12,12,11,11,11,7,6,6,5
AAATCAGGCTGAAACGATTTC,TGAGCAGAAGGCG,true,2,14,12,36,0,0,0,0,0,0,0,0,0,0,0,0,0,1,1,0,3,1,4,0,34,29,28,25,23,22,21,20,16,16,16,14,14
TTAATAAAATCCATGTTGGAG,CTCCTTTTTCTGA,true,5,9,13,32,0,0,0,0,0,0,0,0,0,0,0,0,0,3,1,0,0,2,0,5,27,24,22,20,20,20,19,18,14,13,11,10,9
AGGAATGTGGGTAAAAGCACG,GCGGAAGCATTCA,false,2,2,1,18,0,0,0,0,0,0,0,0,0,0,0,0,0,0,0,0,0,0,1,0,3,2,2,2,2,2,2,2,2,2,2,2,2
CCATAGAAAAAAAACACCTCC,AAGTCTTATTTCG,true,3,5,14,27,0,0,0,0,0,0,0,0,0,0,0,0,3,0,3,1,2,0,1,3,25,22,19,17,14,14,11,9,9,8,6,5,5
CGGCTTTTTTCACACGCTTTT,TCAAAATCGGTAT,false,5,3,5,24,0,0,0,0,0,0,0,0,0,0,0,0,1,0,0,0,0,0,0,3,6,6,6,6,6,6,5,4,4,4,4,4,3
CAGCAAACAGCAGCTGAAGAT,GACGAACAGGGAC,true,3,8,13,28,0,0,0,1,0,1,0,0,0,0,0,0,2,0,1,1,3,0,3,0,26,23,21,20,20,16,14,14,13,13,10,9,8
CCTGTCCACAGAAAAGAAAAA,ACAAGAAGCCTGC,false,6,4,9,44,0,0,0,0,0,0,0,0,0,0,0,0,3,1,1,0,2,2,0,0,39,9,8,7,7,7,7,7,7,5,4,4,4
TGACCTCGGTATCACCTGAGT,CAGCCTGAAAATC,true,4,6,8,21,0,0,0,0,0,0,0,0,0,0,0,0,1,0,2,0,2,1,0,1,19,19,18,17,16,14,13,13,12,11,8,7,6
GCTTTATATGAAAGAAAAAGC,AACTGCGGTAAGC,true,2,4,3,17,0,0,0,0,0,0,0,0,0,0,0,0,3,0,0,0,0,0,0,0,16,13,11,11,10,10,8,7,7,7,7,4,4
ATCATGCGGGTGTGGCTGACA,ATTGGATTGATCT,true,2,5,9,22,1,0,0,0,0,0,0,0,0,0,0,0,3,0,1,1,1,0,0,2,21,19,17,16,13,13,13,12,10,8,6,5,5
AGAACAAGTACCGTTCGATAG,GGCGGTACCTTGA,true,3,2,6,13,0,0,0,0,0,0,0,0,0,0,0,0,2,0,1,0,0,0,2,0,13,10,8,8,6,6,5,3,3,3,3,3,2
CTGATCAGGCAGGAGCTAAAC,TTTCAAGGGCGGT,true,3,5,12,24,0,1,0,0,0,0,0,0,0,0,0,0,0,0,1,2,3,0,2,1,24,23,19,17,17,13,12,11,9,8,7,5,5
ATAAAGCACTCACCATTGCCG,GCTCGGATTCCAG,true,2,5,7,22,0,0,0,0,0,0,0,0,0,0,0,0,0,0,0,1,0,4,2,0,16,13,12,10,9,8,8,8,8,7,5,5,5
CATATGTCTATAGCTATGATG,CTGATAAAAAGAC,true,5,13,14,42,0,0,0,0,0,0,0,0,0,0,0,0,3,0,0,3,6,1,0,1,40,39,34,31,27,24,24,22,21,17,14,13,13
GTTACAATCGTTGATCCAACA,TTCAATTTAGGCA,true,3,5,14,26,0,0,0,0,0,0,0,0,0,0,0,0,1,2,1,3,2,0,2,1,24,20,17,17,16,14,13,13,11,9,7,7,5
ACGGCGCTTGTTGACCGGTTA,GAAAAAGCGGGGT,true,5,4,3,14,0,0,0,0,0,0,0,0,0,0,0,0,1,0,0,1,0,0,1,0,13,12,12,11,9,8,5,5,5,5,5,4,4
CATCGCCCTGATCAGCATTGG,CTTCTTAATCTAC,true,2,9,16,44,0,0,1,0,0,0,0,1,0,0,0,0,1,1,0,4,2,1,0,3,40,37,32,24,24,22,20,15,13,12,11,11,9
ATTTTCTCCTTGCCGAGTTCG,CTTGCTACTATCG,true,2,8,7,20,0,0,0,0,0,0,1,0,0,0,0,0,0,1,0,3,0,1,0,1,20,16,15,12,11,11,10,10,10,10,9,8,8
CCATGCCGGCATTGCGGATGC,CCTGTTTGTTGAG,true,3,9,9,24,0,0,0,0,0,0,0,0,0,0,0,0,0,0,1,3,0,2,0,2,24,21,18,18,17,17,17,13,13,12,10,10,9
TTCAAACCGGATAACTCACTC,TTGTCCCCATAGA,true,4,4,13,34,0,0,0,0,0,0,0,0,0,0,0,0,2,2,0,2,0,3,0,2,33,30,26,22,22,21,19,15,12,9,5,4,4
CTAGTCATGTTTGTGTCTTTT,AAAAGACAACAGA,true,4,9,15,36,0,0,1,0,0,0,0,0,0,0,0,0,4,0,0,3,7,0,0,0,30,30,29,25,23,22,17,17,13,10,9,9,9
ACAGACCACCGCTGTACAAAA,ACGCCATATCGAT,true,5,3,2,13,0,0,0,0,0,0,0,0,0,0,0,0,0,0,2,0,0,0,0,0,11,8,8,8,8,8,8,3,3,3,3,3,3
TTCACTAACTTTGTCATGGTT,GTCACCTAATCTC,true,2,6,19,35,0,0,2,0,0,0,0,0,0,0,0,0,4,1,2,1,2,3,0,2,30,27,23,22,18,15,13,12,10,8,8,7,6
GCTTTGTTTATTTATATGCGG,GCGGTGAATCGTA,true,3,6,11,24,0,0,0,0,0,0,0,1,0,0,0,0,0,0,2,0,0,2,5,0,19,16,15,13,12,12,11,10,9,7,7,7,6
AGAAGGATTTTGACCAGCACG,ATCAAGATCAAGT,true,2,10,12,30,0,0,0,0,0,0,0,0,0,0,0,0,3,0,1,3,2,0,2,0,27,25,21,21,18,16,16,14,13,13,12,10,10
CGTTTTGCGAAAAACAAGATA,TGATTAAAATAAT,true,4,6,12,22,0,0,0,0,0,0,0,0,0,1,0,0,5,0,0,1,2,0,0,1,20,18,16,13,10,10,10,9,8,8,8,7,6
AATACGCGGTGAGTTTTGTCT,CGTCATAGAAGGC,true,2,10,13,32,0,0,0,0,0,0,0,0,0,0,0,1,1,0,1,2,0,3,4,1,29,26,23,20,19,16,14,13,13,12,12,10,10
TTCGCCAGTAAGAATTTTTCA,TTGTTCATGACCG,true,2,7,10,30,0,0,0,0,0,0,0,0,0,0,0,0,4,2,1,1,0,1,0,0,26,22,20,19,18,16,16,16,14,11,9,8,7
CACTTTATCACAGTCCGAAAC,GGGAACAGCCCGC,true,3,2,5,25,0,0,0,0,0,0,2,0,0,0,0,0,3,0,0,0,0,0,0,0,20,20,15,14,13,11,11,10,9,6,2,2,2
GAGTGAAAATGCCAAAAGGGA,TTCTTCGACTGCT,true,2,8,19,37,0,0,0,0,0,0,0,0,0,0,0,0,2,1,2,4,1,1,0,7,31,26,23,22,20,17,17,14,11,10,9,9,8
CGGTTGGCAAGGAGAAAAGAA,ACGACTGAAAATC,true,4,8,5,18,0,0,0,0,0,0,0,0,0,0,0,0,1,1,0,1,1,0,0,0,16,14,13,13,12,12,11,11,11,11,10,9,8
GAAAGCGCTTCTTTGTCCTCC,ATCGCCCCGTCCA,true,4,6,6,20,0,0,0,0,0,0,0,0,0,0,0,0,0,1,1,1,0,0,0,0,19,18,16,16,16,16,12,11,10,10,9,7,6
TGAAAAATCATTGAACACTGT,GCTTGCGCTTCCA,true,2,12,13,33,0,0,0,0,0,0,1,0,2,0,0,0,0,3,1,2,0,0,0,2,31,28,26,25,23,23,21,20,19,18,14,12,12
AATGGCCTCATGCCCCCATTT,TTTCGCCTGTTCG,true,6,7,14,34,0,0,0,0,0,0,0,0,0,0,0,0,2,0,1,2,0,2,1,5,34,33,26,20,18,16,15,12,10,10,9,7,7
GGAGAAAATGCCGACCAGCAC,AACGCCAAAGTCG,true,3,7,5,19,0,0,0,0,0,0,0,0,0,0,0,0,1,1,1,2,0,0,0,0,19,19,16,14,14,12,10,9,8,7,7,7,7
TTTAGCCGTGAGCTGCTGGCC,GGAGCCTTGAGGC,true,2,10,13,33,0,0,0,1,0,0,0,0,0,0,0,0,0,3,2,0,0,0,4,1,31,26,24,21,20,19,16,14,12,12,12,10,10
CAAGTCTGTAAAAGAAGCAGA,ACAAGTCGTACGC,true,2,7,11,33,0,0,0,0,0,0,0,0,0,0,0,0,5,0,0,1,0,1,1,1,31,23,21,18,14,13,12,10,10,10,9,8,7
GCTGATTTCCTTCATAATCGG,ATTATCATCTTCA,true,2,9,6,23,0,0,0,0,0,0,0,0,0,0,0,0,0,1,0,1,0,1,0,2,20,20,19,18,15,13,13,12,12,12,10,10,9
CACGGTTATTGTGAATCCCAA,TATCACGTTTGAT,true,3,8,14,34,0,0,0,0,0,1,1,0,0,0,0,0,2,2,0,2,1,1,1,2,29,28,24,22,21,19,18,18,16,14,9,9,8
CTGTTCCTGCGACCGCTGTTT,TAAAAGTGATGAT,true,4,9,9,32,0,0,0,0,0,0,0,0,0,1,0,0,1,0,0,2,1,0,0,3,27,25,25,24,21,14,12,12,11,11,10,10,9
TTTCCCTGCTTCAATGACGGC,GTTGATCTCTTTC,true,3,6,14,27,0,0,0,0,0,0,0,0,0,0,0,0,1,1,0,3,0,0,1,5,26,24,22,20,19,17,15,14,13,12,11,9,6
TCTCGGCGGGGTTCAGCTGTT,AAGTCTCGGAATC,true,2,4,10,24,0,0,0,1,0,0,0,0,0,0,0,0,0,0,1,3,2,0,1,0,17,16,14,14,13,13,12,10,8,8,6,6,4
AACAGGCGGGTTTCTTCGCTC,CTATTTTGGGATA,true,4,7,11,31,0,0,0,0,0,0,0,0,0,0,0,0,1,0,1,2,0,0,3,3,27,23,21,21,20,18,15,12,12,9,8,8,7
GTGAAACAGAAGGGTATGTTC,TTGGAAACATTGA,true,3,8,4,14,0,0,0,0,0,0,0,0,0,0,0,0,1,0,1,0,1,0,0,1,14,14,14,13,12,12,11,9,9,9,8,8,8
GCCGAGGGCCGAAAGGCGTAG,GCGATGGACAACA,true,2,3,4,13,0,0,0,0,1,0,0,0,0,0,0,0,0,0,0,0,1,0,0,0,13,11,9,8,8,7,6,5,5,5,5,4,3
AGGAGTACGCTCTCGCAAAAG,AGCAGAAACTCCT,true,3,9,14,32,0,0,1,0,0,0,0,0,0,0,0,0,3,1,1,0,2,2,4,0,31,29,26,24,19,18,18,15,10,10,10,9,9
GTTTGATACGATGAAACTTAC,AAAGCTGCTTACA,true,3,11,14,33,0,0,0,0,0,0,0,0,0,0,0,0,2,1,0,1,3,3,0,1,31,30,26,20,18,18,18,18,18,17,16,11,11
TCTTGCAGAAACTGAAGAAGA,AGCCATACGTCTG,true,2,7,16,30,0,0,0,0,0,0,0,1,0,0,0,0,1,1,1,1,4,3,3,0,27,19,18,16,13,13,11,9,9,8,8,7,7
TATTGGGCGCTTGGCCATATA,CATAAACGCCAGA,true,3,7,10,27,0,0,0,0,0,0,0,0,0,0,0,0,2,1,0,4,1,1,0,0,25,25,21,19,19,17,12,11,10,9,8,8,7
ATCGGGTATTTCCGGGGTCGA,TGAGGTGCGTAAG,true,2,2,5,12,0,0,0,0,0,0,0,0,0,0,0,0,0,2,2,0,0,0,0,1,11,8,7,7,7,6,6,6,4,3,2,2,2
GCTTATTGTATGAACCCGGCG,CAGATCCGAGCCG,true,2,8,12,27,0,0,0,0,0,0,0,0,0,0,0,0,2,2,2,0,0,3,1,0,23,22,18,17,16,15,13,11,11,11,11,9,8
TGCGGAACTCTGTTGCTGCAG,TTAGAGAGATGCT,true,2,6,8,22,0,0,0,0,0,0,0,0,0,0,0,0,5,0,0,0,2,0,1,0,21,19,17,14,13,10,8,7,7,7,7,6,6
TGGCGTTCTGACGTTGGCCGC,AATCACCAATCCG,true,2,10,7,34,0,0,0,0,0,0,0,0,0,0,0,0,1,0,0,3,0,2,0,0,33,31,27,27,23,20,16,15,13,13,11,11,10
TTGAACGCCGCAATCGAAGCA,GCGAGAGCAGGAG,true,2,8,17,33,0,0,0,0,0,1,0,0,0,0,0,0,4,1,2,1,2,1,1,0,29,29,28,26,25,21,17,15,14,14,11,8,8
TGTATGTGAGCCGGACGTCTA,TTACGAATCAAAG,true,3,8,5,26,1,0,0,0,0,0,0,0,0,0,0,0,0,0,0,0,0,0,0,3,23,20,19,17,15,14,14,10,10,10,10,9,8
TAAAGGCGAGGCTGACCACCA,AGTATCCGGCATG,true,2,2,11,15,0,0,1,0,0,0,0,0,0,0,0,0,2,0,1,1,3,1,2,0,12,11,9,8,8,6,5,5,3,3,2,2,2
TAAGGCCCCCATAGCCTGTGA,TCACAAGACCGAC,true,2,5,9,20,0,0,0,1,0,0,0,0,0,0,0,0,3,0,0,0,2,0,1,0,20,18,18,17,17,14,11,10,9,8,7,6,5
TATGGCTGGAAGCACCGGACA,AGTCCTCTCATGA,true,2,7,9,23,0,0,0,0,0,1,0,0,1,0,0,0,2,0,1,1,0,1,2,0,21,18,18,17,11,11,11,11,10,10,9,7,7
CCGGCTGGCTGCTGCGTATAA,TGCTGCTTTGCGA,true,3,10,8,26,0,0,0,0,0,0,0,0,0,1,0,0,2,1,2,0,0,0,0,2,20,20,20,17,16,16,15,15,13,13,10,10,10
AAAGGGGGAAGCGGCTTTGTC,CATATCCACACTG,true,2,7,10,27,0,0,0,0,0,0,0,0,0,0,0,0,2,1,1,0,1,3,0,1,23,18,18,18,15,14,13,12,12,11,9,8,7
CAGCGGAAAAAACAACGTTTA,TTGAGCGTATTCT,true,2,2,7,13,0,0,0,0,0,0,0,0,0,0,0,1,1,0,1,1,0,0,0,1,12,7,7,7,7,6,6,6,5,4,4,2,2
GGCAGCCAGGATTCAACTCAG,CAGCAAATCCAGA,true,3,3,7,11,0,0,0,0,0,0,0,0,0,0,0,0,4,0,0,1,1,0,0,0,11,11,9,9,9,9,6,4,4,4,4,4,3
ATAAAGGCGGTATTCAGTCCC,GGCTCCGTCTGGT,true,3,6,12,31,0,0,0,0,0,0,0,0,0,0,0,0,1,1,0,3,0,3,1,0,28,25,22,21,15,13,12,12,10,10,9,9,6
ATGGGGAGAACGCCGCGGCTT,TAAGGTGGAAACG,true,3,5,8,17,0,0,0,0,0,0,1,0,0,0,0,1,1,1,1,1,0,0,2,0,17,15,14,13,10,9,9,8,7,7,7,5,5
AAACGATTCAAAATCGTCTCT,TTGGGCGGCGGGT,true,3,9,11,24,0,0,0,0,1,0,0,0,0,0,0,0,2,2,1,1,0,1,1,1,22,21,20,19,17,15,14,13,10,10,10,9,9
GCTACTTCGTCTACAAGCTCT,CTAAAATCCTTCG,true,4,9,15,37,0,0,0,0,0,0,0,0,0,0,0,0,0,1,1,3,6,2,0,2,33,29,28,28,27,17,17,15,14,13,10,9,9
GGCGAACTTGAGAAAAACAGC,GGGATCAAAAACG,false,5,2,0,13,0,0,0,0,0,0,0,0,0,0,0,0,0,0,0,0,0,0,0,0,3,3,3,2,2,2,2,2,2,2,2,2,2
GCGCCAATTCCGGAAATGAGT,GTCGCTAAAATAC,true,4,7,13,27,1,0,0,0,0,0,0,0,0,0,0,0,1,3,2,1,1,1,2,1,25,24,22,20,19,15,15,15,12,9,7,7,7
CAATATTGAAAGCCTTCCGAA,AGAAAACATTGCA,true,4,6,7,24,0,0,0,0,0,1,0,0,0,0,0,0,2,1,1,0,1,0,0,1,21,19,17,17,17,13,11,10,9,7,6,6,6
AGACAATCATATTGCAGCATG,CGGCTCTATTTTA,true,4,10,11,28,0,0,0,0,0,0,0,0,0,0,0,0,0,0,0,2,0,2,2,1,27,26,22,18,17,15,15,14,14,14,14,12,10
TGCCTCAATCGCATGGAAGCT,GTGATGAACGCCT,true,2,7,17,40,0,0,0,0,0,0,1,1,0,0,0,0,3,1,1,2,0,2,1,1,35,31,29,25,19,18,18,18,14,14,14,11,7
CCATAGATTTTCTACTTTTCC,TCCGCTAAGCTGA,true,2,12,14,30,0,0,0,0,0,0,0,0,0,1,0,0,2,1,0,2,1,3,2,1,29,28,25,23,21,20,19,18,15,14,13,13,12
ATAGGCATGCGCTTCCTCAAT,AGAAGACAGTTCT,true,2,12,11,31,0,0,0,0,0,0,0,0,0,0,0,0,1,0,0,0,5,0,2,0,29,26,26,22,20,17,16,15,15,15,15,12,12
TCCCTTCTATATTAGGGTTAG,TTGCGAGAATCAC,true,2,5,3,11,0,0,0,0,0,0,0,1,0,0,0,0,1,0,1,0,0,0,0,0,10,9,7,7,7,7,7,7,7,6,5,5,5
CGTGTCAATTGTCTCTGAAGG,ATTTTCTGTGTCT,true,4,13,8,27,0,0,0,0,0,0,0,0,0,1,0,0,1,1,0,1,1,0,1,2,26,24,24,23,18,16,15,15,15,14,13,13,13
AAACAATGGCCGCGATCGTGC,TGACTGATGAAGA,true,2,12,10,35,0,0,0,0,0,0,0,0,0,0,0,0,0,3,0,2,0,0,1,0,33,32,28,25,24,23,20,20,18,18,18,13,12
CACCTGCACGCAAGTCAGTCG,CTGCAACTTCAGC,true,2,13,8,28,0,0,0,0,0,0,0,0,0,0,0,0,0,0,0,1,2,0,1,3,24,24,22,20,20,18,17,17,14,14,14,13,13
ACCGCCTTTGAGCCGTATCGG,GGAAATCGAGTAT,true,4,7,12,21,1,1,0,1,0,0,0,0,0,0,0,0,2,0,0,0,2,0,3,1,21,17,16,16,15,13,13,12,10,10,9,8,7
GATTCCTGGGCTTTACACACG,CGTCAGTCGTAAC,true,2,3,5,12,0,0,0,0,0,0,0,0,0,0,0,0,1,0,0,1,0,1,1,0,11,11,10,9,7,6,6,5,4,4,4,3,3
TTTTGTCTTCAACCTGCTGTC,TTTCTTTAGAGGT,true,3,10,9,32,0,0,0,0,0,0,0,0,0,0,0,0,2,0,0,1,0,1,1,2,28,27,25,20,20,20,16,16,14,13,12,12,10
TTTAGGGGGAAAGAAATTTGT,GAAAAATTTAAAG,true,5,5,12,26,0,0,0,0,0,0,0,0,0,0,0,0,3,0,1,3,1,0,0,3,25,24,23,23,23,21,12,12,8,6,6,6,5
TCCGGCTCGATCTTCCTCCTT,TACGCTGGTAGGC,false,3,3,4,19,0,0,0,0,0,1,0,0,0,0,0,0,1,0,0,2,0,0,0,0,18,4,4,4,4,4,4,3,3,3,3,3,3
TATATGTGCTGACAGCCATTT,TTATTCTCATAGT,true,5,3,11,28,0,1,0,0,0,0,0,0,0,0,0,0,1,1,1,2,0,0,0,2,24,18,14,14,14,13,12,11,10,8,6,6,3
AGATTTTAGATGAAGTTTGCG,GAGTTAAGCCGCG,true,2,13,12,33,0,0,1,0,0,0,0,0,0,0,0,0,1,0,3,1,2,1,1,1,32,30,26,25,22,18,17,17,16,15,13,13,13
AAGAACTTGATATGACGTTCA,GCTTCCATCATCT,true,2,13,8,35,1,0,0,0,0,0,0,0,0,0,0,0,0,0,0,0,0,1,0,3,34,29,28,26,22,21,21,19,17,16,16,14,13
CCGAGGTTCATCAGCCACACA,AGGCACTGCACTC,true,2,8,2,12,0,0,0,0,0,0,0,0,0,0,0,0,0,0,0,0,2,0,0,0,10,10,9,9,8,8,8,8,8,8,8,8,8
CTCAAATTGGCTTTCATATAA,GTCACTGTAAAAT,true,4,4,12,23,0,0,0,0,0,0,0,0,0,0,0,0,0,4,1,1,3,0,1,1,20,20,20,16,13,12,11,9,8,8,8,4,4
CGGCGCCGATTTCCGTCTGAA,CGGATTCGAGCGC,true,2,9,13,27,0,0,0,0,0,0,0,0,0,0,0,0,4,1,2,0,0,2,1,1,21,21,20,18,18,16,14,13,13,12,11,9,9
ATCTGGGATACCGTTATGGGT,TGGCTGCTCACGT,true,2,3,5,18,0,0,0,0,1,0,0,1,0,0,0,0,0,3,0,0,0,0,0,0,16,14,13,9,9,8,8,5,5,3,3,3,3
TCACGATATGGCCTCGATCCA,ATCCCCTGTTCAT,true,4,3,7,19,0,0,0,0,0,0,0,0,0,1,0,0,0,1,0,0,0,2,0,2,17,17,15,15,14,10,8,8,8,5,5,4,3
GCACCTTTTTAATTTCTTTTT,CAGCATATCCGAG,true,5,6,12,29,0,0,0,0,0,0,0,0,0,0,0,0,1,0,1,3,0,5,0,0,22,22,22,19,18,15,15,14,13,8,8,8,6
TTTCGCGGAGAAACAAACAGG,CCGCCGCATACTG,true,2,5,3,11,0,0,0,0,0,0,0,0,0,0,0,0,0,2,0,0,0,0,0,0,10,9,9,9,9,7,7,7,6,6,6,6,5
GCGGTATGTTGGGCCTTCGCC,GTACGCCATTGCG,true,2,13,5,24,0,0,0,0,0,0,0,0,1,0,0,1,0,2,0,0,1,0,0,0,22,22,20,17,15,15,14,14,14,13,13,13,13
AGCCGATTTCCATTACTGTTT,GATTTTCGACCTG,true,4,3,9,22,0,0,0,0,0,0,0,0,0,0,0,0,3,0,0,1,1,2,2,0,17,16,13,12,11,10,8,6,6,5,3,3,3
AGCTTATGTTGCGCTCGGCCA,TTTGCATCGTCCG,true,3,5,12,20,0,0,0,0,0,0,0,0,0,0,0,0,1,0,0,1,0,2,0,1,20,20,16,15,15,15,14,13,13,13,13,9,5
GACTTTGTCTGACCGTTCAAC,CTCGCCAGAAAGC,true,3,10,12,32,0,0,0,0,0,0,0,1,0,0,0,0,1,0,1,0,2,7,0,0,24,22,20,19,16,13,12,11,11,11,10,10,10
GCCTTTTGCTTCCGAAAGACG,CAAGAATGCGAGA,true,2,13,8,32,0,0,0,0,1,0,0,0,0,0,0,0,1,0,1,0,2,0,0,0,30,28,24,23,22,20,17,17,17,16,16,13,13
AGACCCAGCTTATCACAATGA,TAGAGTCCGTTTC,true,3,8,10,30,0,0,0,0,0,0,0,0,0,0,0,0,0,0,2,1,0,0,1,0,28,25,21,20,19,18,16,15,15,14,14,11,8
TGAAGATCCTAAAGAACATTT,CCAGACTATCTTC,true,3,11,8,28,0,0,0,0,0,0,0,0,0,0,0,0,0,1,0,1,0,1,1,4,25,24,22,20,20,19,16,14,14,13,13,11,11
TACTATGAGTTAAAAAAATCG,CAACAAAATGTAC,true,4,7,10,29,0,0,0,0,0,0,0,0,0,0,0,0,2,2,0,0,3,1,0,1,25,23,19,16,15,15,13,10,9,9,8,8,7
CCTTCAAGTACAGGAAAATTA,CGTTTCATTCATC,true,3,12,7,23,0,0,0,0,0,0,1,0,0,0,0,0,0,1,1,1,0,0,0,1,22,22,22,21,20,18,16,16,15,14,14,14,12
GAAATCTGGCCTGTCGCCATA,TCAGGAATCATCA,true,2,8,6,24,0,0,0,0,0,0,0,0,0,0,0,0,1,0,1,1,1,0,1,1,20,20,19,17,14,12,11,8,8,8,8,8,8
TTAAGAAGCAGCGCTTGTTCA,GTGAAACGGATAC,true,3,3,6,13,0,0,0,0,0,0,0,0,0,0,0,0,2,1,0,0,3,0,0,0,13,12,11,11,11,9,7,7,6,4,3,3,3
ATCAGGAAAATTGCTAAAGAG,CATGATGTCATGA,true,1,3,11,18,1,0,0,0,0,1,0,0,0,0,0,0,2,2,0,0,0,1,2,1,17,16,15,13,13,11,10,10,8,6,4,4,3
TGTTGATGATCTGTCTCTTGT,CGTAAGAGCATAT,true,2,9,13,29,0,0,0,0,0,0,0,0,0,0,0,0,0,0,0,2,4,2,1,0,25,23,21,20,16,14,14,14,13,13,11,10,9
GAAGAAGCTTTTTTTTCCGCC,TGTTGATTTTTGA,true,5,3,2,11,0,0,0,0,0,0,0,0,0,0,0,0,0,0,0,1,0,0,0,1,11,9,8,8,6,5,5,5,5,4,3,3,3
CCATCGACCATTTTATCGTCG,GGAAAACGGTCAG,true,4,5,7,22,0,0,0,0,0,0,0,0,0,0,0,0,2,1,1,1,1,0,1,0,22,18,16,16,15,11,8,7,7,6,5,5,5
ATAGGATCGTCTCACGCAATT,CGTAATTTTCGAG,true,4,6,15,31,0,0,0,0,0,0,0,1,0,0,0,0,0,3,0,4,2,0,1,1,27,23,20,19,17,17,17,17,16,13,9,6,6
AAGCGACCGGTTATCCGATTG,CGAAGATGGCTGC,true,2,7,9,25,0,0,0,0,0,0,0,0,0,0,0,0,0,1,1,1,1,1,3,0,22,20,18,16,15,14,14,13,11,10,9,8,7
GTTCAATTCATTTCGTTCATA,ATAGGAGTAATTG,true,2,7,13,29,0,0,0,0,0,0,0,0,0,0,0,0,1,0,0,3,2,0,1,2,28,24,22,20,18,16,14,14,14,13,13,9,7
ATGCAATAAAAACAGTTTAGA,TGGAGGGATTGCT,true,3,7,8,23,1,0,0,0,0,0,0,0,0,0,0,0,2,0,1,1,2,0,0,1,23,22,20,20,19,19,18,13,10,9,8,7,7
CGAACCCTTGTAAAATACCGT,TCTCTTAAGCTGT,true,2,4,16,31,0,0,1,0,0,0,0,0,0,0,0,0,2,1,1,2,1,1,1,4,30,24,22,18,17,15,13,12,8,8,6,4,4
TGTCGAGTTCTTTAATGGCTT,CCTCATAATGATC,true,2,4,11,24,0,0,0,0,0,0,0,0,0,0,0,0,2,1,2,0,1,4,1,0,23,14,14,12,12,11,10,9,6,5,4,4,4
TGTCAGCCGGGCAAAGCCCAA,ATATTGATTGGAG,true,3,7,10,23,0,0,0,0,0,1,0,0,0,0,1,0,1,0,0,0,0,0,0,3,20,17,16,16,15,15,15,15,12,11,11,11,7
TAGTGCTGGAGTTGCAAGCTT,ACTCGTCACCACA,true,2,8,13,25,0,0,0,0,0,0,0,0,0,0,0,0,2,0,0,3,1,4,0,1,22,21,19,17,16,16,16,14,13,10,10,9,8
GAGTCAAAATATATATGCTTC,TATCCAATGGATA,true,2,4,11,22,0,0,0,0,0,0,0,0,0,0,0,0,0,0,1,3,2,0,1,1,22,20,17,15,13,13,10,10,9,8,7,4,4
AAGGCTTTACGCATCCTGGCA,GCCCGAACGGCAC,true,3,3,13,29,0,0,0,0,0,0,0,0,0,0,0,0,3,2,4,1,1,2,0,0,22,22,20,14,13,11,10,7,7,5,4,3,3
CACTTGCCCAATGATACCGTT,CGCCATTCCGGTG,true,2,3,11,21,0,0,0,0,0,0,0,0,0,0,0,0,0,2,0,4,0,3,0,1,15,13,13,12,11,11,10,10,7,5,4,3,3
GAAATCGAAACGAGAAGTCAT,GAAAAAATGACGA,true,6,7,9,25,0,0,0,0,0,0,0,0,0,0,0,0,2,0,0,1,4,0,1,0,21,21,21,20,20,18,13,10,9,9,8,8,7
GCCAGGCTTTATTTTTGTTTA,GAAAATGAGAATG,true,4,9,8,24,0,0,0,0,0,0,0,0,0,0,0,0,0,1,2,0,4,0,0,0,22,20,18,18,13,12,12,11,11,10,10,10,9
GTTTTTTCGAAACAGGAGGAT,AGAATATGAAACT,true,3,2,4,13,0,0,0,0,0,0,0,0,0,0,0,0,0,0,1,2,0,0,1,0,10,9,7,6,5,5,4,2,2,2,2,2,2
CCGGAAATGCCGCTGGCTCAG,TCCAATCAGAAAG,true,3,11,10,32,0,1,0,0,0,0,0,0,0,0,0,0,3,0,1,0,1,3,0,0,30,29,24,23,19,18,16,16,14,12,12,11,11
TGGTAACTCCGCCTGATATTT,TTACACAGAGCCA,true,5,7,9,26,0,0,0,0,0,0,0,0,0,0,0,0,2,1,0,2,1,0,0,1,26,21,16,15,13,12,11,11,11,10,9,7,7
TGTTAAAAGCCGTTGAAAAAG,TTGCTTTGATAGA,true,3,6,7,18,0,0,0,0,0,1,0,0,0,0,0,0,0,0,2,1,0,0,1,2,17,15,11,11,11,11,9,7,6,6,6,6,6
GACAAAAAACATGAAAAGTAT,CCAATACCCGTAC,true,3,10,12,31,0,0,0,0,0,0,0,0,1,0,0,0,0,1,0,4,0,1,0,1,27,24,23,22,22,21,19,18,17,16,15,13,10
CCTGCATGGCCGCAATGACCG,GAATCTCGCAATC,true,2,8,13,30,0,0,0,0,0,0,0,0,0,0,0,0,1,1,3,0,1,1,3,0,25,25,23,20,16,14,14,14,13,12,12,9,8
GCACCTGGCCGAATTCCGCCA,TGCGAATCGGCAG,true,2,5,7,18,0,0,0,0,0,0,0,0,0,0,0,0,0,1,1,2,0,0,1,0,18,16,12,10,9,9,9,8,8,8,7,6,5
TTGGCCCCGGTCCATCATTAA,ATACATGGCCAAG,true,3,6,10,23,0,0,1,0,0,0,0,0,0,0,0,0,2,2,0,2,1,0,1,0,21,17,12,12,11,10,10,9,8,8,7,6,6
TTTCCTTCCTCGGAAACCCGT,TTCTTTCTGCGAT,true,3,14,4,28,0,0,0,0,0,0,0,0,0,0,0,0,0,0,0,0,0,1,1,1,27,20,18,18,18,16,16,16,16,16,15,15,14
TCATTTTGAAGATCTTTATTG,CCTTTTTGTATAC,true,5,7,5,21,0,0,0,0,0,0,0,0,0,0,0,0,0,0,1,1,1,0,0,1,19,18,18,17,16,16,13,13,12,9,8,8,7
TTTACGATCATCACTAGGCAT,GTCCATCAAAGGC,true,3,6,11,29,0,0,0,0,0,0,0,0,0,0,0,0,1,3,0,1,3,1,1,0,22,21,21,18,15,15,13,12,11,8,8,6,6
CTATTGTTTCGATATCGCAGC,TCTGGAGCTATAT,true,2,7,8,19,0,1,0,0,0,0,0,0,0,0,0,0,0,2,2,0,1,0,0,1,18,16,15,14,13,11,11,11,10,9,9,7,7
AGGATAAACAGGATTTTTTGT,TTCAAAGCATGAC,true,3,6,11,27,0,0,1,0,0,0,1,0,0,0,0,0,0,2,2,1,2,1,0,0,26,24,21,21,21,14,13,12,10,10,9,7,6
TCGTTGTACGGCCTACCCATT,TATCCATCTGTGC,true,3,8,4,19,0,0,0,0,0,0,0,0,0,0,0,0,0,0,0,0,1,0,1,0,18,17,15,15,15,12,12,12,12,11,11,10,8
AAAGTGAGAGACACTGATAAA,AACATGGATAATG,true,5,7,14,33,1,0,0,0,0,0,0,0,0,0,0,0,1,0,0,0,6,1,4,0,32,23,18,16,16,16,11,11,10,9,8,8,7
ATGGGCATTACCGATCTGCCG,GGAGGCTTCGTGC,true,3,8,7,24,0,0,0,0,0,0,0,0,0,0,0,0,1,2,2,0,0,0,2,0,24,23,20,19,14,10,10,9,9,9,8,8,8
GCCTCAGCAGCAGGGGCAAAA,ATCGCTAAGCACG,true,5,4,19,37,0,0,0,0,0,0,0,0,0,0,0,0,4,1,0,3,4,2,0,2,32,23,22,22,20,17,16,14,10,9,8,5,4
TGAACGATGTTTCAAGTTTGG,CAATTGTGCCTTC,true,2,5,6,24,0,0,0,0,0,0,0,0,1,0,0,0,0,2,0,1,0,1,0,0,24,19,14,14,12,10,10,10,10,7,6,6,5
AAATGCAAGGAATTCGACGTA,TGATGTTAATGTA,true,2,14,11,38,0,0,0,0,0,0,0,0,0,0,0,0,1,1,1,3,2,0,1,0,33,31,27,24,21,21,19,17,17,17,16,16,14
AGTATCGACGTGAGCGAGAAA,GCCGATAGTCGGC,true,3,11,14,41,0,0,0,0,0,1,0,0,0,0,0,0,7,0,0,2,0,1,0,2,34,33,30,29,27,24,23,20,16,13,12,11,11
GGAAGCACTTTCAGTTCTCTC,GATGATCAGCACG,true,1,15,12,40,0,0,0,0,0,1,0,0,0,0,0,0,5,2,1,0,1,1,0,1,39,38,35,31,26,24,22,21,19,19,18,15,15
ATGCAATTTTTAGATACAAGC,AACCATTTCATGC,true,3,3,3,11,0,0,0,0,0,0,0,0,0,0,0,0,0,0,0,0,1,1,0,1,11,8,8,7,5,5,5,4,3,3,3,3,3
GTGGACATTGAAGATGTAAAA,AAACGCCAAGATG,true,7,6,9,34,0,0,0,0,0,0,0,0,0,0,0,0,2,1,0,0,3,2,0,1,32,28,20,14,13,11,9,8,8,8,8,6,6
CTCTTTTGCTTTTTCACTCGA,TTATGGAGACGCA,true,2,8,10,24,0,0,0,0,0,0,0,0,0,0,1,0,0,0,0,1,2,1,4,1,23,20,18,18,17,15,13,11,10,9,9,8,8
CATCTTTGCTCTTCATTATAA,AAGCCCCTTCCTG,true,4,8,9,31,0,0,0,0,0,0,0,0,0,0,0,0,1,0,2,0,1,4,1,0,30,25,18,17,16,15,10,9,9,9,8,8,8
AAAGAAGCGCTTCCGCTTTTG,AAAAAGGTTCTTG,true,5,3,8,20,0,1,0,0,0,0,0,0,0,0,0,1,1,0,1,1,1,0,0,2,19,18,18,18,13,10,9,8,7,6,5,3,3
AAATATGCCATCTCACACTCA,GCTTCTTCCCAGA,true,3,8,15,32,0,0,0,0,0,0,0,0,0,0,1,0,0,2,0,1,1,5,1,3,31,28,27,24,20,20,17,16,16,12,10,8,8
GCAGTAAGTCGTATATATTTT,AGCCGATCCCCAG,true,4,8,13,29,0,0,0,0,0,0,0,1,0,0,0,0,0,1,1,2,0,6,0,0,24,24,23,20,20,20,19,18,17,17,11,10,8
AAAGAAACATTAGAAAAACTG,ACAGTTGAGCTCA,true,2,13,16,41,0,0,0,0,0,0,0,0,0,0,0,0,3,0,2,1,0,4,3,2,38,35,35,30,30,26,22,21,20,16,16,14,13
AGGCGCAGGCGATTGTATATA,TGTTTCAAGCGCA,true,3,9,7,24,0,0,0,0,0,1,0,0,0,0,0,0,1,0,0,0,0,1,2,1,24,22,21,21,19,16,15,15,13,12,10,10,9
GTAGATACTGCAAATTATTAT,CCTTTTAGAGACG,true,4,6,4,12,0,0,0,0,0,0,0,0,0,0,0,0,1,0,0,1,1,0,0,0,11,11,11,11,11,11,8,7,7,7,7,7,6
GTTCCTGCGCTCTCCATTACC,ATTGCAACCCGCT,true,3,5,9,22,0,0,0,0,0,0,0,0,0,0,0,0,3,2,1,0,1,1,0,1,18,15,14,14,12,12,11,8,8,7,5,5,5
CAATGCCGACAGGTGTTTTAA,CGTCAAAAGCGGC,true,4,3,9,25,0,0,0,0,0,0,0,0,0,0,0,0,3,1,1,1,1,0,0,0,17,17,16,13,11,9,9,7,6,5,5,5,3
TCTGCATAAGAGGCATGTTCC,TTTTATCCTGGCA,true,4,10,10,26,0,0,0,0,0,0,0,0,0,1,0,0,2,2,0,2,0,1,0,1,25,25,25,22,21,18,16,14,13,12,11,11,10
CAAAGTGACCAATAGTGTTAC,CGGGAAAATGACT,true,4,6,6,25,0,0,0,0,0,0,0,0,0,0,0,0,2,0,0,0,1,1,2,0,19,17,15,10,10,10,10,7,7,7,7,6,6
GAAAAAATTTGAAACAAAAGA,AGTGTTTGAAGCT,true,3,10,7,24,0,0,1,0,0,0,0,0,0,0,0,0,0,1,0,2,0,0,0,3,20,17,16,15,15,15,12,10,10,10,10,10,10
TGTATCACTCGTCTGCGCGTG,ACTGTAAACGATC,true,3,4,14,25,0,0,0,0,0,0,0,0,0,0,0,0,4,0,2,2,4,0,1,1,21,21,18,16,14,13,13,10,7,6,5,4,4
ACCTTACTGAATTGCAATCAA,AAATATAGTGACT,true,5,7,10,37,0,0,0,0,0,0,0,0,0,0,0,0,1,1,0,1,2,0,1,1,34,32,26,23,22,20,15,11,11,10,10,10,7
GAAATCGGGCCGACAGCGAGA,AATATTTCCGGAG,true,3,6,12,30,0,0,0,0,1,0,0,0,0,0,0,0,2,2,0,2,1,2,1,0,29,22,21,18,17,17,16,13,10,8,7,6,6
GCTTGTTTTAATTTACGCTAT,GCAGCTATTAATA,true,2,3,4,11,0,0,0,0,0,0,0,0,0,0,0,0,1,0,0,1,0,1,0,1,11,10,10,7,6,6,5,5,4,3,3,3,3
ATCGCCCTCCCACTTGGCTTG,CGGCGTATTCAAT,true,2,7,9,17,0,0,0,0,0,0,0,0,0,0,0,0,1,3,1,1,1,0,0,1,16,15,14,14,13,13,12,12,11,10,8,8,7
TGAAAGAAGTGGGGGAAGAGA,TTTAGCACATTTC,true,3,9,12,29,0,0,0,0,0,0,0,0,0,0,0,0,3,2,2,1,1,0,1,2,25,24,23,20,16,15,14,11,10,10,10,9,9
TTCCCCTTAGCGGAATCGCGC,TTTTTCCCTTATA,true,5,5,8,27,0,0,0,0,0,0,0,0,0,0,0,0,0,0,0,1,0,1,0,3,27,25,25,24,14,11,10,8,8,8,7,7,5
TTTGTAGACTGTGACATATTC,ACATGTGTGTTTG,true,3,14,5,31,0,0,0,0,0,1,0,0,0,0,0,0,0,1,0,0,1,0,1,0,30,27,26,22,20,19,17,16,15,15,15,15,14
GCTGTTCTTTATCAGGATTTT,CTGTCGTCACCAT,true,4,6,21,43,1,0,0,0,0,1,1,0,0,0,0,0,0,2,3,4,0,2,2,1,35,32,28,26,20,18,18,18,16,14,10,9,6
TCATCCACTATGACTGCGGCA,TTCCCCCGCTTGT,true,5,4,5,13,0,0,0,0,2,0,0,0,0,0,0,0,0,0,0,0,0,3,0,0,13,12,11,11,10,9,6,6,6,6,6,4,4
TGTATACACAACGATATAGGA,ATATATTAAAATC,true,4,13,10,30,0,0,0,0,0,0,0,0,0,0,0,0,2,0,1,1,2,0,0,1,27,26,26,23,19,18,18,18,18,18,17,15,13
CATTGGGCAGGAGGAGATTTC,GGCTATTTCCCAT,true,3,3,8,16,0,0,0,0,0,0,0,0,0,0,0,0,1,1,0,1,0,1,3,1,15,11,11,8,7,6,6,5,4,4,3,3,3
TCATCAATTCTTCAAAAAGCC,CAAGACAAAGATG,true,3,7,8,29,0,0,0,0,0,0,0,0,0,0,0,0,2,0,1,0,2,0,2,0,25,20,17,16,16,13,12,12,11,9,8,7,7
GCTGAAGGAGCTCTTCCCGCA,AGGCGGATTCGCG,true,2,13,14,37,0,0,0,0,1,0,0,0,0,0,0,0,2,2,1,1,0,1,2,1,33,31,28,27,26,24,22,21,18,16,15,14,13
TGAATGATGCACTGCCCCGGA,TGATCAAAAACGT,true,5,2,2,13,1,0,0,0,0,0,0,0,0,0,0,0,0,0,0,0,1,0,0,0,10,10,10,9,8,7,7,6,5,2,2,2,2
TGCTTCAATCGTTGCATTCTT,CACGTCCTTTATG,true,3,10,14,38,0,0,1,0,0,0,0,0,0,0,0,0,3,1,0,1,2,1,3,2,33,31,29,24,20,20,17,17,17,16,13,10,10
TCCGCCTCTGCCTCAGCATTC,GTCAGCACCTGCT,true,2,11,11,27,0,0,0,0,0,0,0,0,0,0,0,0,2,1,3,2,1,1,0,0,27,24,24,23,22,21,19,18,15,14,13,12,11
CATTATCTTCTCAAAATACGC,AGGTACTGAAGTG,true,2,6,5,22,0,0,0,0,0,0,0,0,0,0,0,0,0,0,0,0,2,0,3,0,20,17,9,9,8,8,8,8,8,7,6,6,6
TATTGTCTAGGTAAAGCTTAT,ATACGCGCTCCCG,true,3,8,7,25,0,0,0,0,0,0,0,0,1,0,0,0,0,1,1,0,0,3,0,0,21,21,19,17,15,15,15,15,15,14,12,9,8
TCGTTTATGTATAAAGATTTA,ACCGGAAAAACAG,true,5,5,8,26,0,0,0,0,0,0,0,0,0,0,0,0,2,0,0,0,4,2,0,0,22,20,16,16,14,12,12,12,12,8,5,5,5
AGCGCCAGCTGATCGTTTCCC,GCCGGATGGAACA,true,3,12,11,29,0,0,0,1,0,1,0,1,0,0,0,0,1,1,1,0,1,0,1,0,26,25,24,24,21,21,20,19,17,17,16,13,12
CATTCCCGTTATCAGTATGGT,AACTTGATATACT,true,2,4,9,20,0,0,0,0,0,0,1,0,0,0,0,0,0,0,0,2,3,1,0,1,20,18,13,12,12,10,9,8,7,7,5,5,4
GCGGTAGCAGTTGTCGTTTCT,TTTGTCGTTTTTA,true,5,3,5,23,0,0,0,0,0,0,0,0,0,1,0,0,1,0,0,0,0,0,0,1,21,20,14,13,12,10,8,8,8,8,6,3,3
GTTGCGTCTTTCCAAATGAAG,ACGTAAGGTTAGT,true,2,8,8,26,0,0,0,0,0,1,0,0,0,0,0,0,1,0,1,1,2,0,0,0,20,19,18,17,14,12,11,11,11,11,10,9,8
CCTTGTCATTTGATGCTGCAG,GCGTTTGGACCAG,true,3,4,9,25,0,0,0,0,0,1,0,0,0,0,0,0,1,0,2,2,0,1,1,0,21,21,19,18,18,15,11,9,7,6,5,5,4
ATCCATTAAATAACATCAGGC,GACAGTTCGCGCA,true,2,1,3,11,0,0,0,0,0,0,0,0,0,0,0,0,0,1,0,0,0,0,2,0,11,8,8,8,7,5,4,4,1,1,1,1,1
CAAAAAGAGGAACAGCGCCCG,GTACTGCTTAATC,true,2,2,7,16,1,0,0,0,0,0,0,0,0,0,0,0,0,1,0,2,0,0,1,0,13,13,10,9,8,7,6,5,5,5,4,3,2
GGTTTGTTTTGCTTGCTGAAA,ACAGACAGCTGCT,true,4,5,8,23,0,0,0,0,0,0,0,0,0,0,0,0,1,2,1,1,0,0,3,0,18,14,14,12,11,11,10,8,8,7,5,5,5
TAAATAATATAGGAATAAAAC,AAATAGCGTGATG,true,3,9,8,20,0,0,0,0,0,0,0,0,0,0,0,0,4,1,0,2,0,0,1,0,20,20,18,15,14,14,14,12,12,10,10,9,9
TGACCAGCCGAGCAGACGAGA,AATGGATATGCTG,true,3,10,7,20,2,0,0,0,0,1,0,0,0,0,0,0,0,1,0,1,1,0,0,1,18,17,14,13,12,12,12,12,12,11,11,10,10
GACGAAAATACCGTCTTCTTC,AGCGCCTTCGCGA,true,2,3,5,12,0,0,0,0,0,0,0,0,0,0,0,0,0,0,0,0,0,3,1,1,11,9,9,8,7,4,4,3,3,3,3,3,3
TGTTAAAGGATAATCGTCAAG,GCCGTATCCGTCT,true,2,8,5,24,0,0,0,0,0,0,0,0,0,0,0,0,1,1,0,0,0,1,0,0,19,18,16,15,14,13,13,13,12,11,11,9,8
GCATTTGCCCTTTTTCTAAAG,GCAAAAATGAAAG,true,5,10,16,40,0,1,0,0,0,0,0,0,0,0,0,0,0,2,3,0,3,1,4,0,31,26,25,25,25,25,16,15,15,13,13,12,10
TTCTATAAAGAGGTCTTTCGG,TATTACAGGATGA,true,2,8,7,22,0,0,0,0,0,0,0,0,0,0,0,1,2,0,0,1,1,1,0,1,21,20,18,16,15,13,12,11,9,9,9,8,8
GCCGAAAAAACAATTGAGCAT,CAAATTCTCCGGA,true,3,2,2,12,0,0,0,0,0,0,0,0,0,0,1,0,0,1,0,0,0,0,0,0,9,9,9,8,7,6,6,3,3,2,2,2,2
GGCATAAGCAAATAACTATAA,GAAAATAACAAAC,false,4,6,7,28,0,1,0,0,0,0,0,0,0,0,0,0,5,0,0,0,0,0,0,0,9,8,8,8,8,7,7,7,7,7,7,7,6
TAAAAAAGGACAGCCTCACAG,TAAGGCTGTCCTC,true,2,13,10,28,0,0,0,0,0,0,0,0,0,0,0,0,0,0,0,4,2,0,1,0,28,28,24,24,21,21,20,18,18,16,16,16,13
TTTCAGACAGCCGTCCGAGCA,GCGGATAAATGAG,true,3,7,17,37,0,0,2,0,0,0,0,0,0,1,0,0,1,1,2,3,2,0,3,2,33,31,31,26,23,17,15,15,9,9,7,7,7
GCCCCCGGCTTTAAGCCGTAA,GGAAAAAGTGCTG,true,5,6,10,29,1,0,0,1,0,0,0,0,0,0,0,0,4,1,0,0,3,0,0,0,26,23,21,20,20,18,14,8,7,7,7,6,6
TTCACAATCGTCTTTGCCAAG,TCTTTCTTTTACA,true,4,12,7,29,0,0,0,0,0,0,0,0,1,0,0,0,0,0,0,1,0,1,0,3,28,26,24,24,21,17,17,16,16,15,14,13,12
CTTTTGATCACCATTCACTAC,ACGAACCATGCCG,true,2,5,3,12,0,0,0,0,0,0,0,0,0,0,0,0,1,0,0,1,0,0,1,0,10,10,9,9,9,7,7,7,7,5,5,5,5
GATCACTAACGCTTCAAACGT,CGCTGATATGGTG,true,2,5,13,24,0,0,0,0,0,1,0,0,0,0,0,0,2,1,1,5,0,0,2,1,23,20,18,17,14,14,10,7,7,7,5,5,5
ATGGAGTGTTATCGGTGTCTC,TTGCTTCATTTTG,true,4,7,14,26,0,0,0,0,0,0,0,0,0,0,0,0,1,1,0,2,2,1,1,4,25,24,21,20,20,17,14,12,11,11,11,9,7
TGTTTCACGTTTTCTGCTGCT,GGATTTTCTTTTG,true,4,3,10,18,0,0,0,1,0,0,0,0,0,0,0,0,1,1,1,0,0,1,1,1,18,14,12,12,12,11,9,7,6,6,6,5,3
CAGACCCGGGGACTGAAACAT,CTAAGTACCGGAG,true,2,2,5,16,0,0,0,0,0,0,0,0,0,0,0,0,1,2,0,1,0,0,0,1,14,11,11,11,10,7,5,4,4,2,2,2,2
ACGTCCATAGAAAAAAAGAAT,ACCTCGCCAGCCG,true,2,6,7,23,0,0,0,0,0,0,0,0,0,0,0,0,0,1,1,1,0,3,0,0,20,18,15,14,11,11,10,9,9,9,8,7,6
AAACCGCCGATTGATAATAAG,ACAACCATCATGA,true,2,7,12,33,0,0,0,0,0,0,1,0,0,0,0,0,3,1,1,1,2,1,1,0,29,22,22,20,19,17,16,16,13,10,9,8,7
GCTGTGGCCGTCGACAATGAG,CTTTAATGCGTCT,true,3,8,13,32,0,0,0,0,0,0,0,0,0,0,0,0,5,2,1,1,0,0,0,3,28,25,25,22,20,19,11,11,11,10,9,9,8
TTCACCACATTCAGTTTTGTT,TCATACAATTGAT,true,3,7,13,35,0,0,0,0,0,0,0,0,0,1,1,1,2,1,0,2,0,0,0,4,27,21,21,19,18,16,15,14,13,8,8,8,7
GTTCAATCGATCCGAAAGAGC,TTCTTAAAGTGAC,true,3,9,13,35,1,0,0,0,0,0,0,0,0,0,0,0,0,0,0,3,3,0,0,3,34,32,28,25,22,21,21,18,17,15,13,12,9
CTTTAATTTCGACAAAGATGC,TGATATCAATAAG,true,2,13,15,34,0,0,0,0,0,0,0,0,0,0,0,0,1,1,3,5,1,0,0,3,32,31,28,27,25,21,20,19,18,17,15,14,13
TTATGGTGTTCTTCCTTGGAT,TGATCCCTGTAGC,true,3,6,13,29,0,0,0,0,0,0,0,1,0,0,0,0,1,0,3,1,0,5,0,2,25,21,19,17,16,14,7,6,6,6,6,6,6
TGGTCGTTAATCCCGCTCTAT,GTGCGCCAAGCGC,true,2,4,13,21,0,0,0,0,0,0,0,1,0,0,0,0,1,2,1,0,2,3,3,0,21,19,17,16,14,13,9,8,6,4,4,4,4
TGTAGTGCCTGTGTCTCCACA,ATCGCAAATGATG,true,3,6,10,23,0,0,0,1,0,0,0,0,0,0,0,0,1,1,2,0,4,1,0,0,23,18,15,14,13,13,13,8,8,7,6,6,6
TAAGCGATCACCATTCCAAAC,ATCGCCACCATTG,true,2,3,6,12,1,0,0,0,0,0,2,0,0,0,0,0,1,1,0,0,1,0,0,0,11,10,10,9,9,9,8,4,4,3,3,3,3
AGAGATTTTTTGACGTTGTTT,CTGACGCGAATAT,true,3,4,3,11,0,0,0,0,0,0,1,0,0,0,0,0,0,1,0,1,0,0,0,0,9,8,7,7,6,5,5,5,4,4,4,4,4
ATTTCCATTTAGCCATTCATC,GAATGTACCACCT,true,2,7,13,38,1,0,0,0,0,0,1,0,0,0,0,0,2,2,0,0,0,3,1,1,35,32,28,24,21,18,18,17,13,12,11,9,7
AATCACCTATTATTAAGAGAA,GGACTGATTGTAT,true,2,12,13,32,0,0,0,0,0,0,0,0,0,0,0,0,2,0,3,0,0,0,2,2,31,30,25,22,19,19,18,18,17,16,15,14,12
GGAAGCTGTCCTCCACGTCTT,TGCTCACAATCAG,true,3,4,6,14,0,0,0,0,0,0,0,0,0,0,0,0,0,1,0,2,2,0,0,1,11,10,10,9,9,8,8,8,7,7,6,4,4
TTGAGTTTCCGTTTGATCAGG,TTCCACGATATGC,true,2,8,11,27,0,0,0,0,0,0,0,0,0,0,0,0,3,1,2,2,1,0,0,1,25,22,22,22,21,17,16,14,12,12,11,8,8
ATTTCTCACGATGACGGCACA,ATTGACGCGCCGA,true,2,4,14,28,0,0,0,0,0,0,1,0,0,0,0,0,1,2,0,1,2,1,3,3,25,22,18,16,15,14,10,8,7,7,6,4,4
AGTGCAGGAGTGTCTGATCTC,TGTCATCCTCCTG,true,2,3,2,11,0,0,0,0,0,0,0,0,0,0,0,0,0,0,0,0,1,0,0,1,11,9,9,8,6,5,5,5,3,3,3,3,3
CGGATCATATTGCTCGCCTGA,ATTCGGGTAGACG,true,3,5,12,26,0,0,0,0,0,0,0,0,0,1,0,0,3,0,0,4,1,1,1,1,22,19,18,14,14,14,11,10,8,8,8,5,5
TCTTTCAGTCCTTTGAGCTCA,AAGGACTATTCAT,true,3,8,12,33,0,0,0,0,0,0,1,0,0,0,0,0,0,0,1,1,2,2,4,1,32,27,23,18,17,15,14,12,12,11,8,8,8
CAGTAGGTTTGTCGCCTTTTT,TCACGATAATGAT,true,6,8,11,33,0,0,0,0,0,0,0,0,0,0,1,0,1,0,1,1,1,1,1,3,23,16,15,14,14,13,11,11,10,10,9,9,8
GGGCGGATAATGTACATAACT,TCGTACTTTCTCA,true,3,12,8,33,0,0,0,0,0,0,0,0,0,0,1,0,0,0,0,2,0,2,0,2,31,25,25,22,21,18,17,17,17,14,13,13,12
CGGAATAAAAATCTTCCGAAA,AGGGCTGGGTCGC,true,4,9,8,33,0,0,0,1,0,0,0,0,0,0,0,0,1,1,0,1,3,0,0,1,25,18,16,14,14,13,13,12,10,9,9,9,9
TTGTTTCTGCCAAGGGCATCG,CTGGTAGCTATGT,false,2,4,8,36,0,0,0,0,0,0,0,0,0,0,0,2,0,1,3,1,0,0,0,1,32,30,29,27,6,6,5,5,4,4,4,4,4
TTGAAAAATGTGTGATTACTG,GGGCAACTGTGAC,true,4,4,4,16,0,0,0,0,0,0,0,0,0,0,0,0,1,0,2,0,0,0,0,1,16,15,12,9,9,9,8,6,6,6,6,4,4
CCTTGCAGGTGAGCCGCAATA,CAACTTTGATGGC,true,3,5,12,26,0,0,0,0,0,0,0,0,0,0,0,0,3,0,0,1,1,1,1,2,24,24,23,13,13,13,10,9,9,9,9,7,5
TGAGCCCGGCTTGAGCAAACC,GTTTTGTTCTGCT,true,4,7,4,14,0,0,0,0,0,0,0,0,0,0,0,0,0,1,1,0,0,0,1,1,12,12,12,12,10,8,8,8,7,7,7,7,7
ACTCGAACACTGACATCCATC,TTCGCCGCCAGTC,true,2,12,8,24,0,0,0,0,0,0,0,0,0,0,0,0,0,2,1,2,0,2,0,0,23,21,17,17,16,14,13,13,13,13,13,12,12
TCTGGACATATTTTTCATTCC,AATAAAACAGCCT,true,4,1,2,11,0,0,0,0,0,0,0,0,0,0,0,0,0,0,1,0,0,0,0,0,11,9,6,6,6,4,3,2,2,2,2,1,1
TCGGAAAGCGCGTGAACGGAG,TCTAATTTATCTC,true,3,2,17,28,0,0,0,0,0,0,0,0,1,0,0,0,3,1,0,2,1,2,0,3,27,24,20,20,16,14,14,11,10,9,6,4,2
AGCGCCTGTTTTCGGTTATTA,GGTGACATCGTGC,true,2,7,9,27,0,0,0,0,0,0,0,0,0,0,0,0,0,0,2,2,0,0,3,1,25,20,15,15,14,12,12,11,10,10,9,8,7
GCGGCAGCCAAACTTACGTCG,TGAAACAAGGTGA,true,3,15,9,34,0,0,0,1,1,0,0,0,0,0,0,0,2,0,0,0,1,0,2,1,31,28,28,27,25,21,21,21,18,18,17,16,15
CCAAATGAGCCATGTATCAAT,CGTTCCAAACAGC,true,3,7,10,26,0,0,0,0,0,0,2,0,0,0,0,0,0,1,1,1,1,3,0,0,22,22,22,21,19,15,14,12,11,8,8,8,7
AACCACACACACCACACACAC,CACACACACACAC,false,2,1,1,15,0,0,0,0,0,0,1,0,0,0,0,0,0,0,0,0,0,0,0,0,2,1,1,1,1,1,1,1,1,1,1,1,1
GTTTGTATTACCATTACGGTG,TGGAAAAAATTCA,true,6,9,11,29,0,1,0,0,0,0,0,0,0,0,0,0,0,3,1,1,4,0,0,1,29,29,25,20,19,17,16,16,12,10,9,9,9
CAGAGGAAGTAAAGTAAAATA,ACAAAAAGACAAG,true,5,5,14,30,1,0,0,0,0,0,0,0,0,0,0,0,3,2,0,0,3,1,0,0,26,22,20,20,19,18,14,11,11,10,9,7,5
ACGGGTCTGCTAAAAAAGATA,TTCGCTGGATGAC,true,2,5,10,20,0,0,0,0,0,0,0,0,0,0,0,0,1,2,1,3,0,1,1,1,19,15,14,13,12,11,10,8,7,6,5,5,5
TGCTTTAAGCCGTTCCATCAC,ATCTTGAAGGTCA,true,2,2,6,22,0,0,0,1,0,0,0,0,0,0,0,0,2,0,0,1,0,0,0,1,21,17,15,15,13,11,10,9,4,4,4,3,2
AGCCATGCTGAAGCTTGATAC,GCTGATCGCGTCT,true,1,4,2,11,0,0,0,0,0,0,0,0,0,0,0,0,0,0,0,0,0,0,1,0,11,9,9,8,8,6,6,6,6,5,5,4,4
TCCCTGTCCAGCCATCACATC,CGGATCATCGAAC,true,2,3,9,21,0,0,0,1,1,0,0,0,0,0,0,0,1,2,0,0,0,0,3,0,17,15,12,10,9,8,8,7,6,4,4,4,3
ATACCCGACAGCAGGATAAGG,TTCTTTATTATAT,true,3,5,7,18,0,0,0,0,0,0,0,0,0,0,0,0,0,0,0,2,0,0,0,3,18,18,15,15,15,11,10,9,8,8,6,6,5
AAAACGCTTGTATGCAACCAC,TTATAGAAGAGGT,true,2,15,13,38,0,1,0,0,0,1,0,0,0,0,0,0,1,0,0,3,1,0,2,0,38,37,34,33,30,26,26,25,21,19,19,15,15
AGGAAGAACAAGTCCTGAACC,GATACTGCTCAAC,true,2,3,6,14,0,0,0,0,1,0,0,0,0,0,0,0,0,0,0,1,0,3,0,1,13,13,13,10,9,9,7,5,3,3,3,3,3
CACAGTATGGAACTCATTCAG,CCGCGTTTTTGGC,true,5,6,11,29,0,0,0,0,0,0,0,0,0,0,0,0,0,1,1,4,0,1,1,2,24,20,19,18,17,16,16,15,14,12,8,7,6
AGGGCTGACGAGAGGTGCGTA,TGCCCAGCTTGTG,true,3,7,11,29,0,0,0,0,0,1,0,0,0,0,0,0,0,0,2,0,2,3,1,2,25,22,21,21,15,13,11,10,10,8,7,7,7
GTGTTATGGAGAGGAGAAAAA,GAACGATGAACGT,true,5,5,3,12,0,0,0,0,0,0,0,0,0,0,0,0,0,0,0,0,1,0,1,0,10,10,10,9,9,9,9,7,7,6,6,6,5
AGATCTTCCTTTAAAGCGCTT,ACATAACGATCGA,true,2,10,9,29,0,0,0,0,0,0,0,0,0,0,0,0,0,0,2,2,1,2,0,0,24,21,21,21,20,19,15,14,14,14,12,12,10
GCAATTTCTGCACTCGTAGGC,CAGATTTTTTTTC,true,8,10,20,49,0,0,0,0,0,0,0,0,0,0,1,0,4,1,2,1,2,3,1,0,42,38,30,28,24,22,22,22,21,21,15,13,10
TAGAAAAGGCCATTAACGGAG,AATTCAGTGCGAT,true,2,8,10,29,0,0,0,0,0,0,0,0,0,0,0,0,2,1,1,2,0,1,0,2,27,25,24,19,18,16,13,13,11,9,9,9,8
TTTTTTGTGTATGCGGTTTCA,AAGCTGTATGATC,true,3,4,6,12,0,0,0,0,0,0,0,0,0,0,0,0,3,0,0,0,0,2,0,0,12,12,11,9,9,9,9,9,7,6,6,5,4
GGACGAGTAAAGAGAAGATAC,GCGACATCTTCAG,true,2,4,5,13,1,0,0,0,0,0,0,0,0,0,0,0,2,1,0,0,0,0,0,1,13,11,10,8,7,7,5,5,5,5,5,4,4
CAATCACAACTTCATGCCAGC,TTCCTGAGAAATA,true,3,8,10,22,0,0,0,0,0,0,0,0,0,0,0,0,0,1,1,1,2,1,1,0,22,22,17,15,15,15,15,14,13,13,11,11,8
TGGACTTATCCTTGGGAGTCA,GACTGCGAGTGAT,true,1,2,12,20,0,0,0,0,0,0,0,0,1,0,0,0,1,0,1,1,2,1,3,1,20,16,13,11,10,10,9,6,4,4,3,3,2
GGAAACGAGGGAACTGTCCGA,AATCAGGTTTGCG,true,3,6,9,27,0,0,0,0,0,0,0,0,0,0,0,0,0,0,0,2,1,3,0,1,27,22,21,19,17,16,15,14,14,13,11,6,6
ATAATATCCACTTCAGGAAAT,CGGTTTCGTATCT,true,3,6,10,27,0,0,0,0,0,0,0,0,0,1,0,2,2,0,0,1,0,1,0,1,24,23,22,20,20,18,15,15,13,11,8,7,6
GAGGATATATAAGCGCTGTTT,TTCATCATCTAAG,false,5,5,10,31,0,0,0,0,0,0,0,0,0,0,1,0,1,0,0,5,0,0,0,2,29,25,12,12,10,8,8,7,6,6,6,6,5
AAGCTGTTTGCCGAGCGTTTC,CAGCTGCTTAATA,true,2,8,10,28,0,0,0,0,0,0,0,0,0,1,0,1,0,1,0,1,0,3,0,0,25,23,20,20,20,18,15,13,12,12,11,11,8
GGTGATCACCGTACAATCATC,CGCATTCAAATGC,true,3,10,6,24,0,0,0,0,0,0,0,0,0,0,0,0,1,1,0,1,2,0,1,0,20,18,17,15,13,13,12,12,11,10,10,10,10
GAAAGAGATGAAAGAAACGGC,AGCGGCGCTATGC,true,2,6,10,24,1,0,0,0,0,0,0,0,0,0,0,0,0,2,4,0,0,0,2,0,20,18,18,16,14,12,12,11,10,7,7,7,6
CTCGGGAAGCTTTAGCATCTC,GGCCGCCGATACA,true,2,12,15,36,0,0,0,0,0,0,0,1,0,0,0,0,1,2,3,2,1,2,0,0,36,33,32,28,23,21,20,20,19,18,15,13,12
TTTTCTTTTTTTTTTAAAAAA,AGATATTTAGATG,false,7,1,0,24,0,0,0,0,0,0,0,0,0,0,0,0,0,0,0,0,0,0,0,0,17,1,1,1,1,1,1,1,1,1,1,1,1
TTTTGAAGTGGCCAAAGCCTT,GGAGCAGCGAGGA,true,2,9,7,26,0,0,0,0,0,0,0,0,0,0,0,0,1,1,0,1,1,0,3,0,24,19,19,19,18,17,15,14,13,13,12,9,9
GATATCCTTACTTTTGCAGTT,TGGGCATATAAGC,true,3,8,14,33,0,0,0,0,0,0,0,0,0,0,0,0,1,1,2,3,1,1,3,2,28,25,23,19,14,13,10,10,10,9,8,8,8
AGTCATTTTTGCGCTGGGATC,TTCAGCATGAAGT,true,2,2,6,11,0,0,0,0,0,0,0,0,0,0,0,0,2,0,1,0,1,0,0,1,11,10,9,8,7,6,5,4,4,4,4,2,2
CACCGCCTGCAATAGCCGCCC,AAAACGGCTTCTC,true,4,7,11,26,1,0,0,0,0,1,0,0,0,0,0,0,0,1,0,0,0,2,1,2,22,22,19,19,18,17,14,13,13,12,10,9,7
AGTTTCGGAATGAGGCAATGC,TTCACCTCTTCGT,true,2,5,8,17,0,0,0,0,0,0,0,0,0,0,0,0,0,1,0,3,0,1,0,2,13,13,10,10,10,9,8,7,7,6,6,5,5
AGGCGCCTTTTAGTATTTTCA,ATTTGCATCGCTC,true,3,5,12,23,0,0,0,0,0,0,1,0,0,0,0,0,2,0,1,3,2,0,0,2,20,17,17,15,13,10,9,8,8,7,7,5,5
CAGGTTCGGTTTTTTTGGAGG,TATTTCAAATTAT,true,3,7,15,26,0,0,0,0,0,0,0,0,1,0,0,0,4,0,0,3,4,0,0,0,26,25,22,21,21,18,18,17,12,10,10,9,7
ATCTTTCAGCTGCATATACAG,CTTTTTATTAAGC,true,5,6,10,28,0,0,0,0,0,0,0,0,0,0,0,0,2,0,0,4,0,0,1,3,27,26,26,26,24,19,14,12,8,7,7,6,6
GATTCCGGCTGATATGTCCAG,CCTGACGCGGGCA,true,3,6,13,27,0,0,0,0,2,0,1,0,0,0,0,0,0,1,2,0,0,2,2,1,25,20,16,15,15,13,13,13,12,10,8,8,6
GTCAGTTAAATCAACGTTAGA,CATTTCGAGAAAT,true,3,6,12,25,0,1,0,0,0,0,0,0,1,0,0,0,3,0,0,2,2,0,1,1,22,21,21,21,18,13,13,13,10,10,9,7,6
AAGGTCGTTGATTATGTGTTA,GGCTCCTTTAACA,true,3,11,11,28,0,0,1,0,0,0,0,0,0,0,0,0,0,0,2,1,0,0,1,2,28,24,22,20,18,18,18,18,16,15,15,11,11
GCCAGCAGCAGTATAGAAACC,ATTTGCATATCCG,true,3,5,7,22,0,0,0,0,0,0,0,0,0,0,0,0,0,0,0,3,0,2,0,1,21,21,21,19,13,10,9,9,9,9,7,6,5
CCCTGCCCTCTTTTCGGAATA,CTTCCGGCGCCAT,true,2,7,5,18,0,0,0,0,0,0,0,0,0,0,0,0,0,1,0,0,0,1,1,1,17,16,14,14,12,11,11,9,8,8,8,8,7
TCAGCCAATTTCGCCATCTGG,TGGGACGGCGACT,true,3,12,10,33,0,0,0,0,2,0,0,0,0,0,0,0,0,0,4,0,1,0,3,0,30,30,30,23,21,19,18,17,14,14,12,12,12
CATCCGCTTGAGTCCTTTTTC,AATTCTGGATGCA,true,2,4,8,20,0,0,0,1,0,0,0,0,0,0,0,0,1,0,2,3,1,0,0,0,20,18,17,15,13,12,12,9,8,8,5,4,4
CTGCTTTGATGTCTGTTTGTT,CCGCGGGATCTTC,true,3,4,12,31,0,0,0,0,1,0,0,0,0,0,0,0,0,1,1,3,0,4,1,1,26,21,19,18,17,14,9,8,7,5,5,4,4
TTTTTTACGCCGGCTAAGAAG,TCATAAACTCTTA,true,3,8,11,31,0,0,0,0,0,0,0,0,0,0,0,0,1,1,1,2,0,0,0,2,30,25,24,23,20,20,18,14,13,13,13,10,8
AATTGGGGTACCATAAAGCTA,TTAATGATCCGGC,true,2,1,2,11,0,0,0,0,0,0,0,0,0,0,0,0,1,0,0,0,0,0,0,0,10,8,7,6,5,4,4,3,3,2,2,1,1
TTTTCAATAACAGCTGCCCTG,AGAAAAATGCATA,true,5,4,5,12,0,0,0,0,0,0,0,0,0,0,0,1,1,0,1,0,0,0,1,0,11,10,10,10,10,10,10,9,7,7,6,4,4
TTTTAGAACAGAGAGCCCGCA,GCATGTCAGCATG,true,1,8,21,42,0,0,0,0,0,0,0,0,0,0,0,0,7,4,1,2,1,2,2,0,37,33,30,26,22,22,19,17,14,13,11,10,8
TGGTCGAATTGCTGGTTTAAC,ATTTTTAGGAGGA,true,5,8,14,32,0,0,0,1,0,0,0,0,0,0,0,1,1,0,1,5,0,0,0,3,30,28,28,28,26,20,14,13,11,10,10,9,8
TTTATCATAGGAAGAACGGTT,GTTGTTTTTCCCT,true,5,8,9,39,0,0,0,0,0,0,0,0,0,0,0,0,0,0,1,2,0,1,1,1,31,29,24,19,19,19,19,18,18,12,12,8,8
AAGGCGACGAGCATCGTAAGA,ACCGCTGTCCCGA,true,3,9,5,28,0,0,0,0,0,0,0,0,0,0,0,1,1,0,1,1,0,0,0,0,23,18,17,16,14,13,12,12,11,10,10,10,9
AAAATGGAAACGAAACGTCAC,GAGCCCCAATCTG,true,4,13,16,41,0,0,0,0,0,0,0,1,0,0,0,0,1,4,1,1,2,3,1,2,37,35,29,28,28,27,23,20,16,15,14,13,13
CAAAAACAGATGAAACAAAAG,GCTACGATATTGC,true,2,7,12,28,0,0,0,0,0,0,0,0,0,0,0,0,0,2,0,4,1,1,1,2,27,26,22,21,19,16,12,12,12,11,9,8,7
AGCCGTTTAGGAAATGTGCTT,GAATCTGTTACGC,true,2,10,11,36,0,0,1,0,0,0,0,0,0,0,0,0,1,0,1,2,0,0,3,2,32,31,29,23,21,20,16,16,15,13,12,11,10
ACAAACCCTCGCATTCGTGTC,AGGCCTGCGCTCG,true,2,1,1,11,0,0,0,0,0,0,0,0,0,0,0,0,0,0,0,1,0,0,0,0,10,8,6,6,3,3,2,2,2,2,2,1,1
GAAAAAGCAGAACAAACAAAA,ACACAAACCGATA,true,5,2,4,14,0,0,0,0,0,1,0,0,0,0,0,0,1,0,0,0,1,1,0,0,11,10,9,7,7,7,6,6,3,2,2,2,2
ATTTTCGGCGCAGAGTCCACT,CGACCAGTGAGCT,true,2,7,4,22,0,0,0,0,0,0,0,0,0,0,0,0,0,0,0,1,0,2,0,1,19,17,17,15,13,13,12,11,10,9,8,7,7
CATTGCCGATGAACCGACGAC,AGCGCTGGATGTG,true,2,5,7,19,0,0,0,0,0,0,0,0,0,0,0,0,3,0,0,1,1,1,0,1,17,14,14,13,11,10,9,9,8,5,5,5,5
CTATAGTTTGTTCATATAATT,TAGCATTACGTTC,true,3,9,17,36,0,0,0,0,0,0,0,1,0,0,0,1,2,2,1,3,1,0,2,3,31,23,21,20,19,17,15,14,12,11,11,10,9
AACGGCAATCTTTCTGCCATT,TTGAGCCGCTGCA,true,4,7,7,23,0,0,0,0,0,0,0,0,0,0,0,0,0,2,0,2,1,0,0,2,20,13,10,9,9,9,9,7,7,7,7,7,7
TTATCGCCCGTCTTGGTGGTG,ATGAATTTATTAT,true,3,11,13,31,0,0,0,0,0,0,0,0,0,1,0,0,1,1,1,1,3,0,0,3,27,25,24,23,21,21,21,18,15,14,13,13,11
AACAACATTGTATATGATTTT,AATGGCAGCTTAT,true,4,4,11,23,1,0,0,0,0,0,0,0,0,0,0,0,1,2,0,3,0,1,1,0,18,18,17,16,13,11,9,7,7,6,5,4,4
GCCTATTTTTAAGCTTTTCAA,CACAGACCCTGCT,true,3,7,9,36,0,0,0,0,0,0,0,1,1,0,0,1,0,2,0,1,0,1,0,1,31,26,22,20,18,16,14,14,12,9,9,8,7
ACAACATCCCGGGGATGCTGC,GGCAAGACTAAAC,true,3,3,5,13,0,0,0,0,0,0,0,0,0,0,0,0,0,0,0,0,2,0,1,0,12,9,9,9,6,6,6,5,5,5,5,4,3
AGAATTGAGGGGAAGCATAGC,AGACGTGTTATTC,true,2,3,5,22,0,0,0,0,0,0,1,0,0,0,0,0,0,1,0,0,1,1,1,0,20,16,15,9,6,5,5,5,5,4,4,3,3
CGTTCGTTCGCATCGTAAATG,AGGAAACAAATGA,true,3,11,20,49,0,0,0,0,0,1,0,0,0,0,0,0,4,2,4,0,5,1,2,1,46,36,32,28,28,26,21,19,18,14,12,11,11
CTGAGGACAGCGAAAATTGGG,AACAGGATTCAGA,true,3,8,11,28,0,0,0,0,0,0,0,0,0,0,0,0,1,1,0,2,4,0,1,2,27,21,20,19,18,16,15,14,12,10,9,8,8
GTCACGAAGCTCCTTTGCCCG,TTCAAATTCAAGA,true,3,7,7,29,0,0,0,0,0,0,0,0,0,0,0,0,0,1,0,2,2,0,1,1,27,23,20,19,18,14,11,9,8,8,8,7,7
CAAGAGGAGGTTCTTGTGTTG,AAAAAGAAGGGGA,true,5,8,12,28,0,0,0,1,0,0,0,0,0,0,0,0,1,0,0,1,5,0,0,0,28,28,27,26,19,16,16,15,14,12,12,10,8
TTTGCCTGTCGGTACTCATCC,ATCGTTTTATGAT,true,4,5,10,26,0,0,0,0,0,0,0,0,0,0,0,0,2,1,1,1,1,1,0,1,23,21,18,18,17,17,16,13,9,8,8,6,5
GTATACGTTAAAGTGGAAAAG,GATGTGGAGTTGC,true,2,3,6,14,0,0,0,0,0,0,0,0,0,0,0,0,0,0,1,1,1,0,1,1,13,12,11,10,9,9,8,6,6,5,4,3,3
GCAGGCAGATAAAAAGAATAT,TTATGAAAATGCG,true,4,9,10,30,0,1,0,0,0,0,0,0,0,0,0,0,2,0,1,2,2,1,0,1,30,26,21,21,17,13,13,13,12,10,10,9,9
ATTTTTGCCTGAAATCTTTTT,CTCAATAATGCGA,false,5,1,0,11,0,0,0,0,0,0,0,0,0,0,0,0,0,0,0,0,0,0,0,0,3,2,1,1,1,1,1,1,1,1,1,1,1
CAAAGAGGAAGGAGTGAGCCG,TATGAAAGTAAGC,true,3,10,8,26,0,0,0,0,0,0,0,0,0,0,0,0,1,1,2,1,1,0,0,1,24,22,20,16,16,16,15,15,13,13,12,10,10
TTTCCAGAGGGTTTGCCGATG,ATGATCGAAAAAC,true,5,4,5,11,0,0,0,0,0,0,0,0,0,0,0,0,0,1,0,2,0,0,0,0,11,10,9,9,8,7,6,6,6,6,6,6,4
CACATAACATAATAGAAAATG,AAATCGATTGGAG,true,3,6,4,16,0,0,0,0,1,0,0,0,0,0,0,0,1,0,0,1,0,0,1,0,16,15,14,14,13,11,11,9,9,8,6,6,6
TTCATCAGTTTGCTTCATGGT,CACTACGTTCCAC,true,2,5,5,18,0,0,0,0,0,0,0,0,0,0,1,0,1,0,0,0,1,0,0,2,18,16,14,12,10,8,8,8,6,6,5,5,5
AACGTGTTGAATCAATGGGGA,TGCAGGATAAAAT,true,4,9,12,29,0,0,0,0,0,0,0,0,0,0,0,0,2,0,1,1,1,0,1,0,23,23,22,22,20,18,17,17,17,15,15,11,9
TAATAGAGAAATCCATTGAAT,TTTAAAAGGATTA,true,4,4,3,11,0,0,0,0,1,0,0,0,0,0,0,0,0,0,0,0,1,0,0,1,11,10,8,8,8,8,6,4,4,4,4,4,4
TTTTATCACCGAAGCTCCTGC,AAAGATACCGTCT,true,3,8,10,27,0,1,0,0,0,0,0,0,0,0,0,0,1,0,1,3,0,2,0,1,25,23,19,15,15,14,13,13,11,10,9,9,8
TGTAAAAGCAAAAACACGCAG,CAAGAAAAACAAT,true,5,4,10,27,2,0,1,0,0,0,0,0,0,0,0,0,1,0,0,0,5,0,0,0,25,25,22,21,19,18,16,13,7,6,6,5,4
CTCCTTCATTTTTAGAAAATC,GAGTTTTGTTTTC,true,4,5,5,18,0,0,0,0,0,0,0,0,0,0,0,1,1,0,1,0,0,0,1,1,17,17,16,13,13,11,8,6,6,6,6,5,5
TCCTTTCTCCTACAATTATAT,AGAACGGTCTAAT,true,2,10,7,23,0,0,0,0,0,0,0,0,0,0,0,0,1,0,0,0,1,0,3,1,23,21,20,20,19,19,16,14,14,13,12,11,10
CATGCACGAAGCTTTTGAAGA,ATCGCTGCAGCTC,true,2,7,9,28,0,0,0,0,0,0,0,0,0,0,0,0,1,2,1,1,0,1,0,0,26,24,20,18,17,14,14,12,11,10,10,10,7
TGCTTTTACAATTGGCGTAAG,CAGGACACAGACT,true,2,3,2,11,0,0,0,0,0,0,0,0,0,0,0,0,1,0,0,0,0,0,1,0,11,11,11,9,7,7,7,7,5,4,4,3,3
ACTTGAAGAGGCCAAACAGCA,AGGCAAGTCAACA,true,2,4,11,24,0,0,0,0,0,0,0,0,0,0,0,0,2,0,0,0,3,1,3,0,22,19,16,16,15,14,9,8,7,7,5,4,4
AATGATCGATACACCTTATAC,ACATGGCGCAGGC,true,2,8,14,37,0,0,0,0,0,0,0,0,0,0,0,0,1,1,2,4,0,0,4,1,34,30,29,26,24,18,16,16,13,11,11,9,8
AATTTCGAAGCGCGAGCTCTG,GGAAGAAATGAGA,true,3,11,13,32,0,0,0,0,0,0,0,0,0,0,0,0,3,0,1,0,2,0,4,0,32,24,23,23,19,17,17,15,14,14,13,11,11
GTCTTCTACTTCCCATGCGAA,ATTAGAATCTTTC,true,3,9,9,32,0,0,0,0,0,0,0,0,1,0,0,0,3,0,0,0,0,0,0,3,27,22,19,18,15,15,15,15,14,14,13,11,9
GAGGAGGAGGAAGAGAAGAGA,TCAGCTGTCCGGC,false,2,1,0,14,0,0,0,0,0,0,0,0,0,0,0,0,0,0,0,0,0,0,0,0,12,1,1,1,1,1,1,1,1,1,1,1,1
ATATTTTAATAGCGATGCTGA,TTGCAGGGGCTAT,true,4,7,9,30,0,0,0,0,0,0,0,0,0,0,0,0,0,0,3,1,1,0,2,2,26,23,20,14,13,13,13,11,10,8,7,7,7
TGTTTTTCGAAAAGAGCTGCA,AAGGTTGCTTCAG,true,3,12,11,32,0,0,0,0,0,1,0,0,0,0,0,0,0,1,1,1,1,4,0,1,31,27,26,24,23,23,20,16,16,15,13,12,12
ATCATCACTACGTAAAAAATT,ATTACGTTACGGA,true,2,2,1,11,0,0,0,0,0,0,0,0,0,0,0,0,0,0,0,0,0,0,0,1,11,10,10,10,7,4,4,2,2,2,2,2,2
AGAATCAGCCCAATTAATGGG,GAGAACATTGTAC,true,4,4,2,11,0,0,0,0,0,0,0,0,0,0,0,0,0,0,0,0,0,0,2,0,5,5,4,4,4,4,4,4,4,4,4,4,4
TATCGGTGTTCGTTCCCGTCC,TTCATCGGCTCCT,true,2,4,5,24,0,0,0,0,0,0,0,0,1,0,0,0,0,0,1,1,0,0,0,0,23,21,18,17,14,13,13,10,8,7,7,6,4
GCTTCATCTGCCTGCTTTTCA,TGAATATGAGAAT,true,2,10,10,29,0,1,0,0,0,1,0,0,0,0,0,0,1,0,0,1,2,0,1,1,27,23,23,22,19,17,17,15,15,15,14,12,10
AAGCCAAGTGACATCCCCCTC,TCTACTTTTGAAG,true,4,8,12,24,0,0,0,0,0,0,0,0,0,0,0,0,0,2,0,3,0,1,0,3,23,20,18,17,17,17,16,16,14,12,11,11,8
GCGAAACGCAGAATTAAACGG,TATCACAAACGCA,true,3,6,12,32,1,0,0,0,0,0,0,0,0,1,0,0,4,0,3,0,0,1,0,0,29,27,20,18,16,14,14,12,12,10,10,8,6
CAGTTTTTCACCAGTCTTCGT,ATCGTAAATGACA,true,3,9,11,29,0,0,0,0,0,1,0,0,0,0,0,0,2,0,1,0,2,0,0,2,28,24,21,20,16,16,16,14,14,13,12,10,9
GGAAAGAAACCGTTCAGCATA,CAGAGCACAAGGA,true,2,10,5,19,0,0,0,0,0,0,0,0,0,0,0,0,2,2,0,0,0,0,1,0,17,17,17,16,15,15,14,13,12,12,10,10,10
AGAAGCAATCGATCATCCGGA,AATCCGCCGTGTC,true,3,10,15,42,0,0,0,0,0,0,0,0,0,0,0,0,2,2,0,4,3,1,0,3,42,33,29,25,23,18,17,15,14,12,11,10,10
GATTTTTCAAAATCAGCAAAA,CAACGATAACGCT,true,4,7,2,12,1,0,0,0,0,0,0,0,0,0,0,0,1,0,0,0,0,0,0,0,9,8,8,7,7,7,7,7,7,7,7,7,7
GCCAGAAGCTTCGGAAGCCTT,ACCGCGGCGGTTG,true,2,8,10,28,0,0,0,0,0,0,0,1,0,0,0,0,2,0,2,2,0,2,1,0,25,23,18,16,13,13,11,11,10,9,8,8,8
GAATTCATCGCGGCAGTCAGG,GTAACCGCTGAAG,true,3,12,12,43,0,0,0,0,0,0,1,1,0,0,0,0,1,1,3,1,1,0,1,0,36,32,32,28,24,21,20,18,16,14,14,14,12
ACCTGCTTGAGATGGATAAGC,CCCAGACTGCAGC,true,4,7,9,26,0,0,0,0,0,0,0,0,0,0,0,0,3,1,0,0,1,2,2,0,26,23,19,16,15,15,12,11,10,10,10,7,7
TATTGAGATTACAGATACATT,GAGCAGGGTATGC,true,3,7,9,29,0,0,0,0,0,0,0,0,0,0,0,0,3,0,1,3,1,0,1,0,27,22,17,16,15,14,13,12,11,10,9,7,7
AAGGAACCATATAAGTAGCAT,TATAAGTTAAGGA,true,2,7,7,18,0,0,1,0,0,0,0,0,0,0,0,0,1,1,0,1,1,0,1,0,18,18,17,17,14,14,14,13,12,11,9,7,7
TGGCTCAGCGTCTTGAAGTGG,CGCGCATGCTTCG,true,2,5,10,26,0,0,0,0,0,0,0,0,0,0,0,0,2,2,3,2,0,1,0,0,22,18,17,14,13,11,8,7,7,6,6,5,5
GCAGCCTCCATAGCCCCCGTA,CCTGAAGATAACA,true,2,7,12,25,0,0,0,0,0,0,0,0,0,0,0,0,2,0,0,3,4,1,1,0,24,20,20,18,18,13,12,11,11,10,8,7,7
TGCTTTCCTCCGCAAAAGCGC,AGAAGATGTCATC,true,2,4,1,11,0,0,0,0,0,0,0,0,0,0,0,0,1,0,0,0,0,0,0,0,10,10,10,9,9,7,4,4,4,4,4,4,4
TAACATCGCGATCACAAAGTT,CAACCTCGTGATA,true,2,3,6,18,0,0,0,0,0,0,1,0,0,0,0,0,0,0,1,0,1,0,0,2,16,15,11,11,9,9,7,7,5,5,4,3,3
TGATCATAAAGGATGGATGCG,TCACCTCAATGAG,true,2,5,8,23,0,0,0,0,0,0,0,0,0,0,0,0,3,1,0,2,1,0,0,0,21,16,14,14,13,11,9,9,8,6,6,6,5
TTTTCTTTTCAGAAGCAAGTA,ATGAAGCAGCAGA,true,2,6,6,14,0,0,0,0,0,0,0,0,0,0,0,0,1,1,2,0,1,0,0,0,14,13,13,11,9,8,8,7,7,7,7,6,6
TTCATCTTACCTCGTTCTTTT,GTAACTCCGTACA,true,4,4,7,13,0,0,1,0,0,1,0,0,0,0,0,0,2,0,0,1,0,1,1,0,12,11,10,9,6,6,5,5,4,4,4,4,4
AGTATTGAAGACGCTCCGGTT,TTCCCGGGAGCAG,true,4,3,9,34,0,0,0,0,0,0,0,0,1,0,0,0,0,2,2,1,0,0,2,0,33,25,17,17,14,12,12,9,7,7,5,4,3
CTCTTTAATGGGAGAAAACAT,TCAGTATCAAGGA,true,2,5,14,31,0,0,0,0,0,0,0,0,0,0,0,0,5,0,1,3,2,0,1,2,28,26,21,21,20,19,15,12,11,10,6,5,5
GTGAACATCATGGAAATCAAT,AAAAGGTCACTTG,true,4,4,6,22,0,1,1,0,0,0,0,0,0,0,0,0,1,0,0,1,2,0,0,0,18,18,16,9,7,6,5,5,4,4,4,4,4
TGCAGTCGTGCAAGTAAAACG,ATAAAGCGCTTTG,true,3,3,5,11,0,0,0,0,0,0,0,0,0,0,0,0,2,0,1,0,0,0,0,0,11,11,10,10,9,6,5,5,5,5,5,3,3
AGTCCGTTCCGAGAAAAGCTG,CAGAAGGACAAGA,true,2,5,6,20,0,0,0,0,0,0,0,0,0,0,0,0,1,1,1,1,0,0,1,0,19,17,14,13,9,9,8,8,7,7,6,5,5
AAGCATCATCACTTGCCTCTA,ATGTTTTAGGGTC,true,4,7,10,30,0,0,0,0,0,0,0,0,0,0,0,1,0,0,1,3,1,0,1,3,28,25,20,18,17,17,14,9,9,9,8,7,7
CTGTGATAAACGGTAAAGAAA,TTTGCGTAGAAGA,true,3,8,13,25,0,0,0,0,0,0,0,0,0,0,0,0,0,0,1,2,2,0,3,2,24,24,20,17,17,16,16,16,16,15,13,9,8
TTCGCTTTCTTCATGTCCGCA,CTCTTCGCAAAAT,true,4,2,3,21,0,0,1,0,0,0,0,0,0,0,0,0,0,0,0,0,0,0,0,0,20,20,16,14,13,9,6,6,6,5,4,2,2
GGCCAATACCAGCAGCATTTA,GAAAAGGTTAGAC,true,4,8,12,27,0,0,0,0,0,1,0,0,0,0,0,0,1,0,0,4,2,0,0,4,26,26,25,24,20,17,17,17,13,10,8,8,8
ATCGAAGAGAATGTTCTTCCC,TATGCAAAAGACA,true,4,7,6,22,0,0,0,0,0,0,0,0,0,0,0,0,1,3,0,0,1,1,0,0,18,17,15,14,12,12,12,12,10,7,7,7,7
TCATCAATCAAAACACCAATG,TAGGCGTCAGAAC,true,2,10,7,25,0,0,0,0,0,0,0,0,0,0,0,0,2,1,1,1,0,0,0,2,23,21,19,18,18,15,12,12,10,10,10,10,10
TTAGAGCTATTTGAATTATGC,AATGGTAAACAAG,true,3,5,10,25,0,0,0,0,0,0,0,0,0,0,0,0,1,0,0,2,3,2,1,1,23,17,15,13,11,8,7,7,7,5,5,5,5
ATGAGGAATACAATGCTTGCA,ATTCCGAGCAGGA,true,2,5,9,26,0,0,0,0,0,0,0,0,0,0,0,0,2,3,1,0,0,2,0,0,23,20,20,19,16,11,10,9,8,7,6,6,5
TTACATAATTCATGTATATCA,ATATGAAACGTCG,true,3,4,5,18,0,0,0,0,0,0,0,0,0,0,0,0,2,0,0,1,1,0,1,0,15,14,13,13,11,11,11,9,7,5,5,4,4
AAACTGATAAAACTGGCGGTA,GCGGCCCGTCTGC,true,3,6,10,26,0,0,0,0,1,0,0,0,0,0,0,0,0,1,1,1,0,3,1,0,20,18,18,16,16,15,12,11,11,10,8,8,6
TTTGGCTCACGCTTTGGAACA,CTTTGATTATGTG,true,3,6,5,18,0,0,0,0,0,0,0,0,0,0,0,0,0,1,0,1,1,0,1,0,17,16,16,16,13,11,10,10,8,8,6,6,6
GTTCTTTAAAAAGAACGATTG,TCATATCAAGTGA,true,2,5,9,24,0,0,0,0,0,0,0,0,0,0,0,0,2,0,1,1,3,1,0,1,24,20,17,16,14,12,9,9,7,5,5,5,5
CCCCCCCCCCCCCCCGCTCTC,TCACCGACCCGGC,true,3,1,0,11,0,0,0,0,0,0,0,0,0,0,0,0,0,0,0,0,0,0,0,0,4,3,1,1,1,1,1,1,1,1,1,1,1
TTCTAAGTCCTCCAGCATTTC,CATCATGGTGTTG,true,2,8,9,26,0,0,0,0,0,0,0,0,0,0,0,0,0,0,1,0,0,0,5,1,24,22,21,20,18,18,18,14,11,10,10,10,8
CTACAGCTAAAACGGATTACT,GATAAGCAGCTCA,true,2,6,10,19,0,0,0,0,0,0,0,0,0,0,0,0,3,2,0,1,2,1,1,0,16,15,14,14,13,11,10,8,8,8,7,6,6
GATATACGGATAGTGGCTCTC,GCCGAATTCAATC,true,2,4,6,20,1,0,0,0,0,0,0,0,0,0,0,0,0,0,0,0,3,1,0,0,18,16,14,14,13,10,9,8,8,8,6,5,4
TGGCTTAGAGCAGCCACCATT,TAAAGAGTGCGTA,true,3,3,8,21,0,0,0,0,0,0,0,0,0,0,0,0,1,0,1,2,1,1,0,2,16,12,11,9,7,5,4,4,4,3,3,3,3
AGCATTAGAAGGTGGGGACAG,AATGCAGCGCTAG,true,2,5,9,37,0,1,0,0,1,0,0,0,0,0,0,0,1,4,0,0,1,0,0,0,31,28,23,21,19,19,15,13,6,6,6,6,5
ATCCAAACAGAGACTCAACTT,CTCAGATTGCTTG,true,2,5,7,20,0,0,0,0,0,0,1,0,0,0,1,0,1,0,1,2,0,0,0,0,14,14,13,13,12,12,11,11,9,7,6,5,5
CAAGCGCTTTTTGCTGTCTGT,CATGCGGCTTCGA,true,2,3,3,12,0,0,0,0,0,0,0,0,0,0,0,0,0,0,3,0,0,0,0,0,11,8,8,8,3,3,3,3,3,3,3,3,3
CCTGGAATGGGCTGAAGGGAA,AGCAAATCAGCCT,true,3,3,9,19,1,0,0,1,0,0,0,0,0,0,0,0,2,2,0,0,3,0,0,0,16,14,14,11,11,9,8,6,5,3,3,3,3
CGCGAATCACCATAAGATCAA,AATCATTTGGATG,true,4,6,11,34,0,0,0,0,0,0,0,0,0,0,0,0,1,0,1,1,4,0,0,2,33,23,20,18,16,14,14,10,9,9,9,8,6
ATCTGTATATTTATACAACAA,ACATTCGATGCCT,true,3,8,9,22,0,0,0,0,0,0,0,0,0,0,0,0,1,0,1,1,3,3,0,0,18,15,14,13,13,12,12,12,12,10,10,8,8
GCCAAAAAAGTGTATCTCGCA,AGCCGACCCCGAT,false,4,6,8,35,0,0,0,0,0,0,0,0,0,0,0,0,0,1,0,0,6,1,0,0,9,9,9,9,8,8,8,8,8,7,6,6,6
CAAATCAAACATCGGAAGCTT,CTCAACACTCAAT,true,2,5,12,25,0,0,0,0,0,0,0,0,0,0,0,0,0,2,0,5,4,0,0,0,20,18,15,15,11,10,10,10,8,7,6,5,5
GGAAGACTGTCCGGTCTTTCG,AAGAAAAATGCCA,true,5,6,4,26,0,0,0,1,0,0,0,0,0,0,0,0,2,0,0,1,0,0,0,0,24,22,19,19,18,18,18,16,7,6,6,6,6
GCTGTTTCGCAAAAAAAGATG,AGCAAGTGCTCAT,true,2,3,13,22,0,0,0,0,0,0,0,0,0,0,0,0,2,2,1,1,1,2,3,1,21,19,18,15,14,10,9,7,5,4,4,3,3
AGGAAAATGTCAGGAGAAGTT,CTCTCCCAAAATG,true,4,9,14,32,0,1,0,0,0,0,1,0,0,0,0,0,4,1,0,0,1,4,0,2,31,28,28,23,22,21,15,15,15,15,13,9,9
TCAAGCTAGAGCTCCTCTCTT,CGAAGAGCGAGGC,true,2,8,19,39,0,0,0,1,0,0,0,0,0,0,0,0,4,1,2,5,1,3,1,0,31,30,29,27,21,17,17,14,14,13,10,8,8
GATATCCTCCTTTAAATAGGG,TCCATATACAATA,true,3,2,3,12,0,0,0,0,0,0,0,0,0,0,0,0,1,0,0,0,1,0,0,0,12,10,7,7,5,4,4,3,3,3,3,2,2
TCAACCTGAAATGCTGATAAT,GTTATATTCCAAG,true,2,3,7,19,0,0,0,1,0,0,0,0,0,0,0,0,0,1,1,1,1,0,1,0,16,15,14,11,9,9,7,6,5,5,5,4,3
GGCACTGCTGTATGGACTGAT,CGGGTATAAGCTG,true,3,5,11,28,0,0,0,0,0,0,0,0,0,0,0,0,0,2,1,2,1,1,3,0,24,22,22,15,14,10,9,8,7,6,6,5,5
GCACATAGATGTCTATAATGC,GCTTATTCATTCT,true,2,6,12,29,0,0,0,0,0,0,0,0,0,0,0,0,1,1,1,3,0,0,0,2,28,27,24,22,19,19,16,14,12,10,10,8,6
ATCGGCTGTTTCATCTTTTTC,AGATAGACCAGCT,true,2,8,9,30,1,0,1,0,0,0,0,0,0,0,0,0,2,0,2,0,1,1,0,0,27,22,20,17,15,14,14,13,10,10,9,9,8
TTTGATTTTTTTCTGACCCTC,TTGGCTGTACACT,true,2,2,4,13,0,0,0,0,0,0,0,0,0,0,0,0,2,0,0,0,0,1,0,1,12,12,12,11,11,11,10,7,7,6,4,2,2
TCATTATTTAGAATTAACGAA,AGATCAAGACTGT,true,3,6,15,26,0,0,0,0,0,0,0,0,0,0,0,0,3,2,0,0,5,3,0,1,23,21,19,18,15,15,13,12,10,9,7,6,6
TTTTTCTCGCGATTATTGTCA,ATCAGAAAGACAT,true,3,6,11,24,0,0,0,0,0,0,0,0,0,0,0,0,3,0,0,0,4,0,2,0,20,19,14,14,13,13,13,12,10,9,8,7,6
TCTGATTCGTAACGCTTTGTT,GTGTTGATTGTAG,true,2,6,11,29,0,0,0,0,0,0,0,0,0,0,0,0,3,0,1,3,0,0,3,0,24,22,19,17,15,13,13,10,9,8,8,7,6
AACATCGCTAGCACCACGCTG,GAAGCTACTCGGA,true,2,11,10,36,1,0,0,0,0,0,0,0,1,0,0,0,4,1,0,1,1,0,1,0,33,32,26,22,21,20,16,14,14,14,12,11,11
TTATCTCAGCCCGTTTCATCA,GGCGTGCGAGCGA,true,2,11,7,30,0,0,0,0,1,0,0,0,0,0,0,0,0,0,1,1,1,0,3,0,28,23,21,20,20,18,14,14,11,11,11,11,11
GCCTGTTCATGTATCTTTTTC,AAATCTTCCTCTG,true,3,6,7,25,0,0,0,0,0,0,0,0,0,0,0,1,1,0,0,1,1,0,0,2,25,23,19,14,13,13,9,9,7,7,7,7,6
TACTTTGTTTTGCTGTTTGAG,ATGATCAAGAAGC,true,2,6,11,28,0,0,0,0,0,0,0,0,0,0,0,0,1,0,0,1,4,0,4,0,24,23,21,21,18,17,16,14,11,10,9,7,6
CAAAGATTGAAAGTTAGCGCT,CAAACTGCCAGCA,true,3,7,16,29,0,0,0,0,0,0,0,0,0,0,0,0,3,3,0,1,3,3,1,0,29,27,27,23,18,16,15,15,13,12,9,8,7
CTCAGAAAGGATGGTAAAAAG,AGCGAACTCTTTC,true,3,5,12,21,1,0,0,0,0,0,1,0,0,0,0,0,2,2,1,1,1,1,0,0,19,17,16,16,16,15,13,11,9,7,7,6,5
CTGCCCGGCTTTTTCCCAAAA,TCGGCTTTTAAAC,true,4,3,9,18,0,0,0,0,0,0,0,0,0,0,0,0,3,0,0,1,2,0,0,1,15,15,15,11,10,10,10,10,8,7,7,5,3
CTTGAGAAAATCGCGCCGACT,GTCGCGGTAAAAT,true,4,4,12,22,0,1,0,0,0,0,0,0,0,0,0,0,0,0,2,2,0,0,1,0,20,19,17,17,17,16,15,14,11,11,11,6,4
TTGCGAATGTTTACTGAAATA,GAAGATACGAGAG,true,2,9,19,37,0,0,0,0,0,0,0,0,0,0,0,0,4,1,1,0,8,1,2,0,33,32,25,23,20,16,15,13,11,11,10,10,9
GAGGGCGCTAATGAAGATGTT,TCATGAGTTTTAT,true,4,5,8,22,0,0,0,0,0,0,0,0,0,0,0,0,1,0,0,4,0,0,0,1,20,13,11,11,10,10,9,8,8,8,7,5,5
TAGTCGGTCCCAAGGTTGGGC,TGTTCGCCCATTA,true,3,5,11,33,0,0,0,0,0,0,0,0,0,0,0,1,0,1,1,3,0,2,0,1,28,23,21,19,15,13,12,11,7,7,7,6,5
TTGTTTTGCCATTATTTTCCC,TCCTTTTCGCCTA,true,4,7,18,42,0,0,0,0,0,0,0,0,0,0,0,0,0,4,0,2,0,2,0,7,40,36,34,32,31,29,20,16,14,14,13,10,7
ACGACAAGACCTGTTTTATCT,TCTTTGTATCTCA,true,3,8,8,26,0,0,0,0,0,0,0,0,0,0,0,1,1,0,1,1,1,1,0,1,26,24,24,24,20,19,18,14,12,10,10,9,8
TGTGCAGTGGTATATCAACTC,AATGAAGATCAGC,true,2,4,6,11,0,0,0,0,0,0,0,0,0,0,0,0,2,1,0,0,1,1,0,1,11,11,10,10,10,9,6,6,5,4,4,4,4
TCAGTTTTTTGCTGCATGCCT,TTTGAAAAGGTGC,true,4,2,2,13,0,0,0,0,0,0,0,0,0,0,0,0,1,0,0,0,0,0,0,0,13,13,10,6,6,6,6,6,3,3,3,3,2
CGCAAACGGTGAATGTCACGA,TAAAAGGCTCGAC,true,4,6,15,27,0,1,0,0,0,0,0,0,1,0,0,0,2,1,3,0,3,1,2,0,24,23,23,23,19,17,14,11,10,9,9,7,6
CGTTACGGAACACTTGACGGC,TATGCCCAAGATG,true,3,8,8,25,0,0,0,1,0,0,0,0,0,0,0,0,1,0,1,0,2,0,2,0,22,22,21,19,16,15,12,12,10,9,9,9,8
CAATGATAAAAAAGACTCGCC,GAGTTTCCGGCCA,true,3,7,5,24,0,0,0,0,0,0,0,0,0,0,0,0,1,0,0,0,1,1,1,1,21,19,16,14,13,10,8,8,8,8,8,7,7
ATAAAAATAAAACAAGTCATA,TAAAAGGAGCCAT,true,4,6,10,29,0,0,1,1,0,0,0,0,0,0,0,0,1,0,0,3,1,1,1,0,26,23,22,22,15,12,12,11,9,9,7,7,6
GTTGCTCCGGTTGCGCCAGTT,TCCCCGGTTGCAC,true,4,5,12,34,0,0,0,0,0,2,0,0,0,0,0,0,0,3,1,2,0,2,0,2,30,27,26,26,19,14,12,11,7,6,5,5,5
TGAATTTTTCCCGCCGATGAC,GACAACATCTTTA,true,3,9,9,33,0,0,0,0,0,0,0,0,0,0,0,0,2,0,2,2,0,0,0,1,30,28,25,24,24,17,16,15,12,12,12,10,9
TCATCATTGGCCTTTATGCAT,TTTTGATCGGACA,true,5,7,10,30,0,0,0,0,0,0,0,0,0,0,0,0,0,0,0,3,0,0,3,3,30,29,27,21,11,10,10,10,10,8,8,8,7
GTCTTTTCCTTACAGAGCAAC,TGTTCAACTGTCA,true,2,5,11,26,0,0,0,0,0,0,0,0,0,0,2,0,2,2,0,2,2,0,0,1,24,21,21,17,15,15,13,9,8,7,7,5,5
TGTTAATCAGAGACCGGTATT,TGATCACATAGGC,true,3,17,7,37,0,0,0,0,0,0,0,0,0,0,0,0,4,0,1,2,0,0,0,0,35,31,31,29,26,24,20,20,18,17,17,17,17
CTGACCGCTATCAGCCTCTTT,TTTCTTATTTAGA,true,6,9,9,39,0,0,0,0,0,0,0,0,0,0,1,0,0,0,2,1,0,0,0,3,36,35,27,17,17,15,15,15,15,13,11,11,9
GTGTAATTCCGTAATGATTTG,GTGAGTTGGGTAT,true,3,4,5,18,0,1,0,0,0,0,0,0,0,0,0,0,0,1,2,0,0,0,1,0,14,13,12,11,10,9,9,7,7,7,5,4,4
AATTTTATATACCGCGTCTGA,TCCGACGAAAACA,true,4,7,9,22,0,0,1,1,0,0,0,0,0,0,0,0,1,1,1,1,0,1,0,0,22,22,19,18,16,12,11,11,11,10,9,7,7
TACGATGGGGCCTGAAGACGC,CAAGCTTGCCGCT,true,2,7,10,22,0,0,0,0,0,0,0,0,0,0,0,0,1,0,1,0,1,2,2,2,20,19,16,15,13,13,11,10,10,10,9,8,7
GTTCTTTCCGAAACCCGTAGT,GAAACAGCAATTC,true,3,6,9,19,0,0,0,0,0,0,0,0,0,0,0,0,3,2,0,0,2,1,0,0,16,15,15,14,12,9,9,8,8,8,7,6,6
TCTCGACACTTTTTTCCCTCC,CTACAGGAGCTGC,true,3,9,8,19,0,0,1,0,0,0,1,0,0,0,0,0,1,3,0,0,0,0,1,1,18,16,16,14,14,13,12,11,11,11,10,9,9
GTAAGATTGTAAACAAAATAT,ATCCCCTCCCCTC,true,4,7,7,20,0,0,0,0,0,0,0,0,0,0,0,0,0,1,0,2,0,3,0,0,20,20,19,19,16,11,10,9,9,9,8,8,7
ACATGATGGATTTCGATTTTT,TATGGGCATTTGC,true,6,11,14,43,0,0,0,0,0,0,0,0,0,0,0,0,1,2,0,2,1,1,2,4,29,24,24,23,23,19,17,16,14,14,12,12,11
AGGTACATCACGATAAAGTGA,TGTACCTTTTTTG,true,6,4,10,25,0,0,0,0,0,0,0,0,0,0,0,0,3,1,1,1,0,1,0,1,21,19,17,15,12,9,9,9,8,8,7,6,4
CGGGATGTTTTTCCCGATATA,ATCCGCTCGTATC,true,2,6,6,22,0,0,0,0,0,0,0,0,0,0,0,0,1,2,0,0,1,1,0,0,19,17,16,12,10,10,9,9,9,8,7,7,6
GCAACTGGGGACGATGTGGTC,GAACTCCAGGCGC,true,2,6,8,25,0,0,0,0,0,0,0,0,0,0,0,0,0,0,0,2,1,3,0,0,21,21,18,15,15,13,9,9,8,8,8,6,6
CGCATGTCATCAATCAGATAG,ACTTGCTAATAAC,true,2,7,13,31,0,0,0,0,0,0,0,0,0,0,0,0,4,0,0,4,1,0,0,2,26,23,20,17,15,13,13,11,11,10,10,9,7
GTATTCACATTCTGCACCCTT,CAGCAACTTGTAT,true,2,7,0,11,0,0,0,0,0,0,0,0,0,0,0,0,0,0,0,0,0,0,0,0,11,10,9,8,8,7,7,7,7,7,7,7,7
AAAATACAAAACAGACGGTGT,TAGAAAGCAGTGA,true,3,3,6,17,0,0,0,0,0,0,0,0,0,0,0,0,0,0,0,1,1,0,0,4,12,10,9,8,7,4,4,4,4,4,3,3,3
CAATGCCCTTCCATCCTTCAG,CATAGTTGCTGAG,true,2,9,18,35,0,0,0,0,0,0,0,0,0,0,0,0,1,3,1,2,1,0,2,3,35,30,26,23,21,21,17,16,15,15,14,11,9
ATGACCGATAACGCGCGATCG,GGTCATTCAGCAT,true,3,2,6,11,0,0,0,0,0,0,1,0,0,0,0,0,2,0,0,0,0,1,0,1,11,11,11,6,6,5,4,4,4,3,3,2,2
GAAGCCTTTTGTTGGTTATCC,GGGTGAGATTGCA,true,3,4,6,17,0,0,0,0,0,0,0,0,0,0,0,0,1,1,1,0,0,0,1,1,16,16,10,8,8,7,7,7,7,5,5,5,4
AGCTCTTCTTTGTTTTGAAAA,AAGTATAAATGGT,true,6,2,3,11,1,0,0,0,0,0,0,0,0,0,0,0,0,0,0,0,1,0,0,0,11,8,4,4,4,4,3,3,3,3,3,3,2
TTTTGATGCGTTCAGCTAAAG,AAGCAGGGCAAAT,true,3,14,22,54,0,1,0,0,0,0,0,0,0,0,0,0,2,4,6,0,2,0,5,0,54,48,41,31,29,28,27,23,21,18,18,15,14
AAGGAGGACTACAGATGAAAC,TGACACCGGTTGA,true,2,4,12,27,0,0,0,0,0,0,0,0,0,0,0,0,2,1,0,2,0,2,2,2,25,23,22,20,17,17,12,10,8,8,6,5,4
TTAAAGTTAATGCTGAAAACG,GAAGCATTTGCAG,true,3,7,13,33,0,0,0,0,0,0,0,0,0,0,0,0,2,2,1,2,2,0,3,0,29,26,24,18,17,14,13,13,12,10,9,7,7
TGGATGTATTGAAATCAGAGC,GCTGGAATTACAT,true,2,11,11,35,0,0,0,0,0,0,0,0,0,0,0,0,2,0,1,1,1,1,3,0,34,31,27,24,19,19,17,16,16,16,13,13,11
CTACTTCGGCGTATTGGCGGG,TGTATTGGTCGCT,true,3,8,6,23,0,0,0,0,0,0,0,0,0,0,0,0,0,2,0,0,0,1,1,1,19,17,16,16,16,16,15,13,12,12,10,9,8
TTTTAGTTAATAATGTTATAT,TAGAATTCTTTTC,true,4,9,14,33,0,0,0,0,0,0,0,0,0,0,0,1,2,0,0,2,0,1,0,6,30,25,22,22,21,19,15,13,11,11,11,11,9
GTCAAAGTAACGGTTTTTGCC,TTTAAAGAAAAAT,true,5,8,7,21,0,0,0,0,0,0,0,0,0,0,0,0,1,0,0,1,4,0,0,0,19,18,17,16,16,14,12,12,12,12,12,9,8
TGGCAAACACATCATAATCCA,CTTTGTTTTTGCT,true,5,7,9,27,0,0,0,0,0,0,0,0,0,0,0,0,0,0,1,1,0,2,0,4,20,20,20,17,15,15,15,15,15,11,9,7,7
CAAATCGGCGTTGATTCCTGC,CCTGTGGAAGGCT,true,3,7,12,26,0,0,0,0,0,0,1,0,0,0,0,0,1,1,0,0,2,2,4,0,26,22,18,18,17,16,14,14,12,11,9,7,7
TTCCGAAAGTACCCGCAAGAC,TTCCTGAAGTTAT,true,2,6,12,26,0,0,0,0,1,0,0,0,0,0,0,0,1,1,2,0,2,1,1,1,26,22,20,18,18,16,16,11,9,9,9,6,6
TTGCTGCTACTGTTGTATAGC,CGCCGCGCGCCGC,true,2,10,14,36,0,0,0,0,0,0,0,0,1,0,0,0,0,3,2,1,0,4,2,0,32,29,27,21,21,20,17,15,13,12,11,10,10
CCGGATGTCAAAACAGATATG,CTCAGAAGGTTTG,true,3,7,6,25,0,0,0,0,0,0,0,0,0,0,0,0,0,0,1,0,2,0,2,0,20,17,16,14,14,14,11,11,8,8,8,8,7
GCTCCCTTGATCAAAGACAAA,CCGAAGGGCATTC,true,3,6,11,24,0,0,1,0,0,0,0,0,0,0,0,0,4,0,0,0,0,2,1,0,20,17,17,17,17,16,14,12,12,10,9,8,6
CAGCTCAAGGTGGTCAATCGT,ATGGCTTTCAATG,true,3,8,16,31,1,0,0,0,0,0,0,0,0,0,1,0,4,1,2,2,1,0,2,1,28,24,23,20,18,18,18,14,14,12,10,9,8
CGCGCGGGATGAGGCGCTGCG,GTTTTTTCTGATG,true,6,7,9,33,0,0,0,0,0,1,0,0,0,0,0,0,0,0,1,1,1,0,2,3,25,24,23,23,23,21,20,13,12,11,10,7,7
TGTTATATCGGTCATCCCGGC,TGTTTTTTTTAAG,true,8,4,10,18,0,0,1,0,0,0,0,0,0,0,0,0,1,0,1,2,0,0,0,4,12,12,11,11,11,11,11,11,11,8,5,5,4
CATTATCAAAAGCGGCAGTAA,TAAACTCGTTGGA,true,3,9,6,25,0,0,0,0,0,1,0,0,0,0,0,0,2,0,0,0,1,0,1,1,23,23,23,20,14,14,14,14,13,11,10,9,9
CTGCTTTACTGGCATGAACTG,ATTTTGATGAGGT,true,4,7,13,27,0,0,0,0,0,0,0,0,0,0,0,1,0,2,1,3,0,0,0,4,26,24,23,22,17,14,12,11,10,9,9,8,7
AATGGAATAAATATTAAAGAA,CTGGATATGGACA,true,2,9,8,19,0,0,0,0,0,0,0,0,0,0,0,0,1,0,4,0,0,0,1,1,17,16,16,16,15,15,14,14,14,13,10,10,9
GCAGGGCAAAGAAAAAAGTGG,TTCGCTGATTACT,true,2,15,8,28,0,0,0,0,0,0,0,0,0,0,0,0,1,0,0,4,0,1,0,2,28,27,22,21,20,20,18,18,18,17,16,15,15
AAATTGATCAGGGTCATGCTC,TGATGTCATCATC,true,1,7,16,29,0,0,0,0,0,0,0,0,0,1,0,0,4,1,1,1,2,1,1,1,29,27,25,23,21,21,20,17,15,14,12,10,7
AGCCGAAAACGGTCATTACCT,CTCCGGCATTTAC,true,3,9,10,29,1,0,0,0,1,0,0,0,0,0,0,0,2,0,0,2,0,0,2,0,23,22,22,21,21,15,14,13,12,12,12,11,9
CGAACTTTTTCAGCTTCAGCA,AATTATTTCGCGT,true,3,3,13,20,0,0,0,0,0,0,0,0,0,0,0,0,3,1,0,4,2,1,0,1,19,14,12,11,10,8,8,8,6,6,5,3,3
TGATTCCGCCAAGTTGTTTAC,GTAATTGAATATG,true,2,10,13,30,0,1,0,0,0,0,0,0,0,0,1,0,2,0,0,3,1,0,1,2,28,27,25,22,20,19,15,15,14,12,12,11,10
CGCCCTCTAATGAGTGGATTT,TTCCTTCTATGCT,true,5,9,18,46,0,0,0,0,0,0,0,0,1,1,0,0,0,1,1,8,1,0,1,4,46,37,24,18,16,14,13,13,12,12,9,9,9
AAGGCCCCAGCCTGCTGTTAA,AAACAATTGATTC,true,5,6,10,22,0,0,0,0,0,0,0,0,0,0,0,1,5,1,0,0,0,1,0,1,22,21,19,13,13,13,11,9,8,8,7,7,6
TGCCGGAATATTGATCGCCTG,CTTTGTTCCCCAT,true,4,6,18,32,0,0,0,0,0,0,1,0,0,0,0,2,0,2,1,3,0,3,1,5,31,28,28,22,18,15,13,11,10,10,7,6,6
CTCCTGTTGCCCCAGTTGCTC,CCGTTGGCCCGGT,true,3,2,1,11,0,0,0,0,0,0,0,0,0,0,0,0,0,0,0,0,0,1,0,0,10,6,5,4,3,3,3,3,2,2,2,2,2
TCATTGGAAGCGAAATACTTT,GTAAACTGCCGGA,true,3,4,7,22,0,0,0,0,0,0,1,0,0,0,0,0,1,1,0,1,0,1,1,0,17,16,15,14,13,8,8,8,7,6,5,5,4
TGTCCCCTGAGGCATTTACGT,ATGAAGAAACACG,true,3,9,12,29,0,0,0,0,0,0,1,0,0,0,0,0,3,3,0,0,2,0,2,0,26,23,21,21,20,17,17,17,14,13,12,10,9
GGCTTTGGCAGCGTCGAATAC,ATGATCAATCGAT,true,2,12,9,26,0,1,0,0,0,0,0,0,0,0,0,1,2,1,0,2,1,1,0,0,26,24,22,22,20,19,19,17,15,13,13,12,12
AGATATGGTGGAAGACATTTC,ACCGGCGATTGTC,true,2,11,13,32,0,0,0,0,1,0,0,0,0,0,0,0,1,2,2,2,0,3,1,1,30,30,25,23,20,18,18,18,17,15,13,11,11
ATAAATAGAAAGATTATAAAA,GGTGAAGAGTTCA,true,4,4,9,15,0,0,0,0,0,0,0,0,0,0,0,0,2,1,1,2,0,0,1,1,13,12,11,11,11,11,11,10,9,8,7,5,4
TTTGGCCGCAAATCAACCTCA,TGCCGTTTGATTA,true,3,2,3,11,0,0,0,0,0,0,0,0,0,0,0,0,1,0,0,1,0,0,1,0,9,8,6,6,6,6,5,4,3,3,2,2,2
TGGCAAGAGATGCTCGGAATA,CATCGTGTGGGGA,true,4,7,5,15,0,0,0,0,0,0,0,0,0,0,0,0,0,1,0,1,0,1,1,0,15,15,13,12,11,10,10,10,9,9,9,8,7
AAAACATCTGATGACGGCAAA,TTAAAAATCACGC,true,5,5,7,26,0,0,1,0,0,0,0,0,0,0,0,0,3,0,0,0,0,0,0,1,22,18,17,17,16,14,12,8,8,8,8,6,5
AAACATTTTATGAGAAGGCAC,CTGCAGTATCTGA,true,2,2,5,13,0,0,0,0,0,0,0,0,0,0,0,0,0,1,0,0,1,1,1,1,9,8,8,7,5,4,4,4,4,4,3,2,2
AGGGATTTTTGTGCTGACGGG,AACAGGTGCAGTC,true,3,2,6,14,0,0,0,0,0,0,0,0,0,0,0,0,3,0,0,0,0,1,2,0,11,11,7,6,5,4,4,4,4,4,2,2,2
GGGGCCAATGAAGAGCTGGAA,GAGACGATTTTGC,true,4,4,6,19,0,1,0,0,0,0,0,0,0,0,0,0,1,0,0,2,0,0,0,1,16,15,12,11,11,9,9,8,8,8,7,4,4
ACGATTGCCCGTACATTTGCC,GCGCTTGGGGCGA,true,4,4,8,16,0,0,0,0,0,0,0,0,0,0,0,0,1,0,2,0,0,0,3,2,15,15,15,14,13,11,11,11,11,8,5,4,4
ATTAAGGGAATCATCTGTCAT,TTCTCCGACGATC,true,3,8,12,29,0,0,0,0,0,0,0,0,0,0,0,0,1,2,2,0,1,5,1,0,28,26,23,20,19,14,13,11,9,9,9,8,8
TATCAGTAAAAAGGGGGAATT,GGAATGAGCGGCT,true,2,4,12,24,0,0,0,0,0,0,0,0,0,0,0,0,3,0,2,3,1,0,2,0,23,23,21,18,15,11,11,10,10,10,7,4,4
AGCTTTTTCCATACTGAATTC,CGGCGACAGGGTA,true,3,3,3,11,0,0,0,0,0,0,0,0,0,0,0,0,1,0,1,0,0,1,0,0,10,10,9,7,7,6,4,4,4,3,3,3,3
GAAAGCGCCTGCTCCCGTTTT,TACGTCGAGCACG,true,5,4,11,29,0,0,0,0,0,0,1,0,0,0,0,1,1,2,0,3,1,1,0,0,25,17,13,12,11,9,8,7,7,6,6,5,4
ATTAATGCTTTTTTTCTTTTC,AGGAACAGGATCG,true,2,5,4,17,0,0,0,0,0,0,0,0,0,0,0,0,0,1,0,1,1,1,0,0,15,14,12,12,10,8,8,8,7,7,7,5,5
AATGAATCTTCTTGAAGGTAT,CATAATTTCATAG,true,3,5,8,22,0,0,0,0,0,0,0,0,0,0,0,0,0,0,0,3,1,1,0,2,16,14,12,11,11,11,11,8,6,6,6,5,5
AAGCTGAAGCAGGAAAAGGAA,GAAAAAGCGGAAG,true,5,9,9,28,0,0,0,1,0,0,0,0,0,0,0,0,2,1,0,0,3,0,1,0,24,23,23,23,23,19,13,12,12,10,10,9,9
GCGATCTCGTAAACACGCACT,TTAAATATAACTG,false,3,4,7,26,0,0,0,0,0,0,0,0,0,2,0,0,0,0,0,0,0,0,0,5,24,4,4,4,4,4,4,4,4,4,4,4,4
TATACGCTGACGAAATCCCAA,GCAGGCGCATCGC,true,2,7,16,29,0,0,0,0,0,0,0,0,0,0,0,0,4,1,1,2,1,2,3,0,27,26,24,24,22,18,14,14,14,12,9,7,7
ATAACAAAACAGTAAGTATTC,CCAACTCGTTTCT,true,3,8,17,35,0,0,0,0,0,0,1,0,0,0,0,0,2,1,0,1,0,5,0,1,33,26,23,22,19,18,15,15,15,15,10,8,8
CCTTTGTGTTTAGAAAAAATG,TTAAAGACCTAGT,true,3,8,14,34,0,0,0,0,0,0,0,0,0,1,0,0,4,1,2,1,2,0,0,1,33,30,27,27,22,20,16,14,13,11,10,10,8
AAAGCCGTATTTTTTTGATTT,AGACGATACACTA,true,3,4,6,15,0,0,0,0,0,0,0,0,0,0,0,0,2,0,0,2,0,0,0,1,14,14,14,13,13,13,9,7,6,6,5,5,4
CCTGTGAGTTTTCTGTCACAG,ACCTGTTTGAGTA,true,3,5,10,26,0,0,0,0,0,0,0,0,0,0,0,0,2,0,3,3,0,1,0,1,23,21,17,14,14,14,14,13,9,7,6,5,5
TTCCGATGCCGATTGTTGAAA,ATGTTGTAGAAGC,true,4,12,11,39,0,0,0,0,0,0,0,0,0,0,0,0,3,0,1,1,2,0,2,1,32,27,23,21,19,18,16,15,14,14,14,13,12
CTGACAACGGAAAATGGACGA,GAAAGCTGTGATA,true,3,7,16,32,0,0,0,0,0,0,0,0,0,0,0,0,3,1,2,4,2,1,2,1,30,27,27,24,17,16,13,11,11,8,7,7,7
AGTTCTTCCTCAGAATGGGAA,CCGTCATGTTCTG,true,2,7,7,28,0,0,0,0,0,0,0,0,0,0,0,0,0,0,1,3,0,2,1,0,23,17,14,13,10,10,10,10,10,10,7,7,7
CGCTGGTATTATCCAGATCGG,GTCATAAAGGGAT,false,3,2,5,29,0,1,0,0,0,0,0,0,0,0,0,0,0,0,1,0,3,0,0,0,23,22,18,16,14,12,12,4,4,4,4,2,2
GCCGAGGGGGAAATGTTGTGA,AAAATAAATGCTG,true,5,3,5,20,0,0,0,0,0,0,0,0,0,0,0,0,0,1,3,0,0,0,0,1,20,19,19,16,13,11,11,9,7,7,3,3,3
TTTGAAAAAAGCGGGCCTTCC,GAAGGGGTATTCA,true,4,3,4,14,0,0,0,2,0,0,0,0,0,0,0,0,1,0,0,0,0,0,1,0,13,13,13,5,5,4,3,3,3,3,3,3,3
TTGAAGCTTGCCTGCAAACCA,ATAATGAAAACCA,true,4,9,16,34,0,0,0,0,0,0,1,0,0,0,0,0,9,0,0,0,4,0,0,0,34,28,27,25,22,22,22,22,20,16,11,11,9
GAATTGATTGCTGCACATTGA,GGTTAGTTACCCT,true,3,9,8,24,0,0,0,0,0,0,1,0,0,0,0,0,0,1,0,1,0,2,0,2,24,19,18,16,15,15,15,15,13,13,13,10,9
TCTGGTCAAGACTGTAATACT,CAGCCGTTCCAAG,true,2,6,11,26,0,0,0,0,0,0,0,0,1,0,0,0,1,1,1,3,0,3,0,0,23,23,20,18,17,15,15,15,11,7,7,7,6
TTGAAACTTGCTGAACAATAC,GGTGTTGATGGGA,true,3,5,5,19,0,0,0,0,0,0,0,0,0,0,0,0,0,0,0,0,0,0,4,0,19,15,14,12,11,10,9,9,9,8,8,6,5
GTTGTGCTTTCCGGAGATACG,AGAGTAAGTGACA,true,2,6,8,21,0,0,0,0,0,0,0,0,0,0,0,1,0,3,1,0,1,0,0,0,20,19,15,15,14,13,12,10,8,8,7,7,6
CGCCGCTCCTCAGACAAAGCA,AATCTATGAAGAT,true,3,8,14,37,0,0,0,0,0,0,0,0,0,0,0,0,5,0,0,4,4,0,0,0,35,29,24,23,23,17,11,11,11,10,9,9,8
CCTGGTGTCGATATTGTAGTC,GGAACGCAGGATC,true,2,12,11,30,0,0,0,0,1,1,0,0,0,0,0,0,3,0,2,1,1,0,2,0,29,25,25,24,23,23,21,19,17,16,14,12,12
TCCGGATTGATTCTTGCAGAT,TCCGGCGAACGGT,true,2,8,13,35,0,0,0,0,0,0,0,0,0,0,0,0,1,3,1,2,0,3,0,0,31,26,23,22,18,16,16,16,15,13,11,10,8
TGAAGGTGTCTCTACACGCCA,TAACCCTGAATTC,true,3,4,7,18,0,0,0,0,0,0,1,0,0,0,0,0,1,0,0,1,1,1,0,1,15,15,11,9,9,7,7,6,6,6,6,5,4
CATGCAGCTGAGAATTAAACG,GAAGCTTCATGAG,true,2,5,13,24,0,0,0,0,0,0,1,0,1,0,0,0,4,0,0,1,3,0,1,1,21,20,16,10,9,9,8,6,6,6,6,5,5
GACATATAATGTCCAGCAAAA,AAGGAAGGAACGT,false,6,11,15,52,0,0,0,0,0,0,0,0,0,0,0,0,12,0,0,1,1,0,1,0,50,47,22,19,18,17,14,12,12,12,11,11,11
TAACTGATAAAAAAAGCGATT,CATATCCAAGCAC,true,2,3,4,11,0,0,0,0,0,0,0,0,0,0,0,0,0,1,1,0,2,0,0,0,10,10,9,9,6,6,6,6,4,4,4,3,3
AAATCCAAATAAAAAGGAAAA,CAATAAAATACAT,true,4,5,6,23,0,0,0,0,0,0,0,0,0,0,0,0,1,0,0,1,3,0,0,1,16,16,12,12,11,10,10,8,5,5,5,5,5
CGTTTCACCGCCGTATTTATA,CTGATATCCAAGC,true,2,6,11,23,0,0,0,0,0,1,2,0,1,0,0,0,1,1,1,1,0,1,0,1,21,20,17,16,14,13,10,10,7,7,7,7,6
CGGCAATAATGAAAATCCCGT,TAAAAATATCAAG,true,5,8,9,23,0,1,0,0,0,0,0,0,0,1,0,0,1,2,0,3,0,1,0,0,20,20,19,19,18,16,14,12,12,10,9,8,8
TTTGTTAATGAACGGTATCTC,ATCAGCAGCGACA,true,1,7,8,25,0,0,0,0,0,0,0,0,0,0,0,0,2,0,1,1,1,1,1,0,23,20,18,17,16,14,11,10,9,8,8,7,7
TCATAATCATTTCAACCCCTT,TTATCTAAGGTTA,true,4,3,10,24,0,0,0,0,0,0,0,0,0,0,1,0,3,0,1,0,1,0,1,3,24,17,12,10,10,9,8,7,6,5,4,3,3
CGCCCACTGTTATTTGGAAAG,TTCGCCGGAAGCG,true,2,10,9,24,0,0,0,0,0,0,0,0,0,0,0,0,1,0,2,0,0,1,4,0,22,22,20,20,19,18,17,13,12,12,11,11,10
TTTTTGATTGGGAGGATCCCT,TTTTGAAATGCGC,true,5,7,14,34,0,0,0,0,0,0,0,0,0,0,0,1,1,1,0,1,3,0,0,4,32,31,29,21,17,16,16,12,10,10,10,10,7
AATCTCCTGACGAGTAGCTAA,CACATGATGTTTG,true,3,8,7,29,0,0,0,0,0,0,0,0,0,0,0,0,1,0,1,1,1,0,0,0,24,22,22,20,18,16,14,12,11,11,11,10,8
GATAAAATCATCCGTCATCGG,GTATAAAGAGAAC,true,3,7,10,37,0,0,1,0,0,0,0,0,0,0,0,1,1,1,0,2,1,0,1,0,30,23,21,20,18,17,13,11,11,9,9,7,7
TTCGGTAGATCTCCGGCATGA,TGCCCCATCGGAT,true,4,5,6,15,1,0,0,0,0,0,0,0,0,0,0,0,0,2,0,1,0,1,1,0,14,12,12,11,11,9,8,8,8,8,7,5,5
GTCATTTGGAGAACTGGAAAG,GCTGAGCAGGGGA,true,4,8,12,33,0,0,0,0,0,0,0,0,0,0,0,0,1,1,1,0,0,0,8,0,27,25,21,21,20,16,15,15,14,14,14,9,8
TAGCCGGACTGATTTACGCCG,CGGCTTTCAGCGT,true,3,8,4,24,0,0,0,0,0,0,0,0,0,0,0,0,0,0,0,1,0,0,2,1,24,21,15,11,11,11,10,8,8,8,8,8,8
GCAGCATTTCACGCGGCGTCC,CGCGACCTGTAGT,true,3,5,8,25,0,0,0,0,0,0,0,1,0,0,0,0,0,0,0,0,1,2,3,1,19,17,16,13,12,11,10,8,7,6,5,5,5
GAGGCAAATAAACCTGATCAT,TGATCGTTGTGTA,true,2,2,5,11,0,0,0,0,0,0,0,0,0,0,0,0,0,1,1,1,0,0,1,1,10,9,9,8,8,8,8,7,5,5,4,2,2
ACATAGCAAAAACGCCATAAA,AATTCTTTATGGC,true,5,2,11,24,0,0,0,0,0,0,0,0,0,0,0,0,3,1,0,1,3,0,0,2,23,18,14,11,11,11,11,10,7,3,3,2,2
AGGGGACGAAGATTTTTCAGT,AATATCGCCCGTC,true,3,3,10,22,0,0,0,0,0,0,0,1,0,0,0,0,0,1,0,1,2,1,1,2,20,17,14,14,11,10,8,7,7,6,5,3,3
CCTTCAGTTCCTCGTCCATTT,CTTCTAGCAATTG,true,3,9,14,31,0,0,0,0,0,0,0,0,0,1,0,0,0,0,2,7,2,1,1,0,21,20,19,16,16,12,11,10,10,10,9,9,9
TCATATCGCCCAAGAAGTGCT,TGGAACAACTACG,true,2,8,13,27,1,0,0,0,0,0,0,0,0,0,0,0,5,1,0,1,2,0,2,1,25,24,21,20,19,14,12,11,10,10,9,8,8
TAACTCTTCTTGTATTTAAAT,GATGCAAAAATAG,true,5,11,12,34,1,0,0,0,0,0,0,0,0,0,0,0,3,2,0,5,1,0,0,0,30,29,26,21,19,18,17,17,15,14,11,11,11
GGGAGTGGAAAGAGATCCTGA,AACGTGTGCCTAC,false,3,2,4,18,1,0,0,0,0,0,0,0,0,0,0,0,0,2,1,0,0,0,0,0,17,13,11,3,2,2,2,2,2,2,2,2,2
CCGATTATCAAATTCGAAAAT,TTTATTCACATAT,true,4,8,14,32,0,0,0,0,0,0,0,0,0,1,0,0,2,0,2,5,1,1,0,2,31,30,24,18,17,16,13,12,10,9,8,8,8
GATAAAATCAGACAAAGGTGA,TGGCTATGAGGCA,true,2,5,11,28,0,0,0,0,0,0,0,0,0,0,0,0,3,0,0,2,1,0,4,1,27,24,16,15,14,11,10,9,8,6,5,5,5
GGTGTGGGGAAAGTATCCGGG,GACTGGAAAAGGA,true,4,5,3,11,0,0,0,0,0,0,0,0,0,0,0,0,1,0,0,0,0,0,2,0,7,7,5,5,5,5,5,5,5,5,5,5,5
GAATAATTCACCGCAACAATT,GCTCCGCGTTTTG,true,4,7,13,32,0,0,0,0,0,0,0,0,0,0,0,0,2,3,2,0,0,0,0,3,31,30,27,23,20,18,16,15,15,13,13,9,7
TCGTCGACGATTCCTGTCTTT,ACGGGCAATATGT,true,3,8,13,30,0,0,1,0,0,0,1,0,0,0,0,0,2,1,1,1,1,0,2,1,26,24,23,22,19,18,16,15,14,13,10,8,8
ATACTTCCTCAAAATCTTTCT,CTACTTTGTTATG,true,3,2,3,12,0,0,0,0,0,0,0,0,0,0,0,0,0,0,0,0,0,1,0,2,9,8,7,7,7,7,6,4,4,3,2,2,2
TAAGGAGGACATTCGACATGC,CTTTAGTTTCTAT,true,3,8,14,32,0,1,0,0,0,0,0,0,1,0,0,0,0,0,1,3,0,1,1,3,26,26,24,23,21,18,17,16,12,11,11,10,8
TAAGAAAGTGCTGTCGCACAG,TGACAACAAATTA,true,3,10,14,33,1,0,0,0,0,0,1,0,0,0,0,0,2,0,1,1,3,0,0,0,32,30,27,23,22,20,18,18,18,17,15,12,10
GCCGCCAGTTTAACTTGAGAA,CAGCGCGCCGGAC,true,2,11,9,34,0,0,0,0,0,0,1,0,0,0,0,0,2,1,2,0,0,2,1,0,28,26,26,24,22,20,18,18,16,15,14,11,11
AAGCTGCGGAGCTGTTCTGCT,GTGCGCCGGCATC,true,2,7,12,26,0,0,0,1,0,1,1,0,0,0,0,0,4,0,3,0,0,1,0,0,25,23,23,19,16,16,14,12,12,12,12,8,7
CCGATTATCCGCTTTTAAGCG,AGGCAGGTCTTCA,true,2,8,4,20,0,0,0,0,0,0,0,0,0,0,0,0,1,1,0,0,0,0,1,0,18,17,13,13,12,12,10,9,9,9,9,9,8
CCACCAATCAGCCAGTACGTC,GTAAGCTGCTGCG,true,2,9,15,29,0,0,0,0,0,0,0,0,0,0,0,0,1,3,1,2,4,0,2,1,26,24,22,16,13,13,13,12,11,10,10,9,9
ACGGAGTGATAACCGTTAAGC,TGCCGTTGAAGCT,true,2,3,13,26,0,0,0,0,0,0,0,0,0,0,0,0,0,0,5,2,1,1,3,0,21,17,15,13,13,12,12,10,8,7,6,4,3
TCTCCGTATTCCATCGCGATG,AAAAAGAGGATTG,true,5,7,8,21,0,0,1,0,0,0,0,0,0,0,0,0,0,0,2,0,1,0,2,1,19,19,19,18,16,13,13,12,9,9,9,8,7
GCAGACAGTGCAAGCAGCACG,TACAGCACGGCCT,true,2,12,15,43,0,0,0,0,0,0,1,0,0,0,0,0,1,2,4,1,1,4,1,0,37,33,31,30,29,25,24,20,20,16,15,12,12
GCAGCGATGATTTAACAAGCG,TCGAGAATTATAC,true,2,11,12,35,0,0,0,0,0,0,1,0,0,0,1,0,0,0,2,2,2,0,0,2,33,31,26,25,23,22,21,20,18,17,15,13,11
TCCCTTGTTCATTTTGGTACA,AGTAGTAAGCTCT,true,2,4,8,19,0,0,0,1,0,0,0,0,0,0,0,0,1,0,0,1,2,1,0,2,18,15,15,13,12,10,9,8,6,5,4,4,4
TGAGATTGAGTATTGGTTAAA,GATTTCTGTATTA,true,3,14,11,31,0,0,0,0,0,0,0,0,0,0,0,0,1,2,0,0,2,1,1,2,25,22,22,22,20,18,17,17,17,16,16,15,14
TACCGATCTATATGTCAATAA,AGAGGATGCCGGA,true,3,5,8,25,0,0,0,0,0,0,0,0,0,0,0,0,0,1,2,0,4,0,1,0,22,20,17,17,15,11,9,9,9,7,6,5,5
TTTGAATGGATGCAAGCAGAT,GCTCACAGCCCGA,true,3,9,17,35,0,0,0,0,0,0,1,0,0,0,0,0,0,3,0,2,2,5,2,0,33,32,31,27,24,22,20,18,17,16,13,10,9
ATTGTCCAGAGGATGTCAAGA,CCTGGTAAGGTTC,true,2,5,6,16,0,0,0,0,0,0,0,0,0,0,0,0,3,0,1,0,0,0,1,0,14,13,12,11,10,10,10,10,8,8,6,5,5
CACCATTTCGATATCCGCATC,GTATACTGGGCCG,true,3,14,14,40,0,0,0,0,0,1,0,0,0,0,0,0,1,1,3,0,1,1,4,1,38,32,31,29,27,26,25,25,25,18,16,15,14
TCTAGTCATGGCCTGCATCAG,CGCTCCTGCTACG,true,2,10,15,32,0,0,0,0,0,0,0,0,1,0,0,0,1,2,2,1,1,3,0,4,29,27,25,24,20,19,17,16,16,13,12,10,10
TCCCGAGTACTGCTGTAAAAA,TCCTGGCTGTGTC,true,5,8,14,35,0,0,0,0,0,0,0,1,0,0,0,0,3,1,1,2,0,2,3,0,27,24,20,19,17,12,12,11,11,11,10,9,8
TTTGGTCCATAAATGCCATCA,GCTTTTAGTCCAT,true,4,12,11,38,0,0,0,0,0,0,1,0,0,0,0,0,1,1,2,2,0,2,0,1,35,30,29,29,28,25,20,18,17,17,14,13,12
GCGGATCCGGCAGCCTGTATC,ATTCTGAATATCA,true,2,7,6,21,0,0,0,0,0,0,0,0,0,0,0,0,0,3,1,1,0,1,0,0,21,21,20,16,13,12,10,9,8,7,7,7,7
AGCTTTTTATGCCTTCTCGTA,TGTTGAATTCAGA,true,2,6,5,14,0,0,0,0,0,1,0,0,0,0,0,1,0,0,0,2,0,0,0,1,13,12,12,11,10,10,9,9,8,7,7,6,6
ATTAACAGGGAAACAGATCCG,AGTGGTGCCGATG,true,2,4,7,17,0,0,0,0,0,0,0,0,0,0,0,0,0,0,1,0,3,2,1,0,16,14,14,13,11,11,10,10,6,6,4,4,4
GCGAAGCACCTGCAAGCCTTC,TTGGGAATCAAGT,true,3,8,9,24,0,0,0,0,0,0,0,0,0,0,0,0,2,1,0,0,1,1,3,1,24,22,21,20,15,14,14,14,12,12,10,8,8
TGTGACACTGACCTCATGGAA,GTCAATCGGCAAG,true,2,7,15,35,0,0,0,0,0,0,0,0,0,0,0,0,0,3,4,2,4,0,1,1,28,27,25,20,16,15,12,12,10,8,7,7,7
CCTTAAATCCTCTGTTAGTCA,CATAACCATTCCT,true,2,6,9,22,0,0,0,0,0,0,1,0,1,0,0,0,0,2,0,0,0,2,0,1,22,18,15,15,13,11,11,11,11,11,10,7,6
CCGCTCCCCCTCTCATCAGTG,CAAAAGGTGTTTC,true,4,7,13,27,1,0,0,1,0,0,0,0,0,0,0,0,3,0,0,0,1,1,2,2,25,23,23,23,20,16,13,13,12,11,11,9,7
AAAAGGGAGCTCCAAAAAGCC,TTCAATAGCTTCA,true,2,9,10,32,0,0,0,0,0,0,0,0,0,1,0,0,1,1,0,1,1,1,1,2,31,26,26,23,19,14,14,13,12,12,11,9,9
TTTGTTCATTACATTCATTGC,CGCCACTCCTTGC,true,2,4,8,21,0,0,0,0,0,0,0,1,0,0,0,0,1,0,0,3,0,2,0,0,18,17,15,14,13,11,10,8,7,7,6,5,4
CGCTTTTGATACAGATCCCAT,TCCTCGAATGAAG,true,2,7,1,12,0,0,0,0,0,0,0,0,0,0,0,0,0,0,0,0,0,1,0,0,11,10,8,7,7,7,7,7,7,7,7,7,7
CAGAAAGAGCGGATTCACATG,GCCATTCTCGTAG,true,2,8,12,28,0,0,0,0,0,0,0,0,0,0,0,0,2,2,3,0,0,1,2,2,24,22,20,19,19,16,14,13,11,11,8,8,8
AATGTATTTTTAGGACAGTTA,ATATATCCGAGAG,true,2,7,11,26,0,1,0,0,0,0,0,0,0,0,0,0,1,0,1,1,0,5,0,0,25,21,20,18,18,17,16,9,9,9,9,7,7
CAATGACGGAATGTCATACGG,CCTTTTTACCAGT,true,5,2,6,18,0,0,0,0,0,0,0,0,0,0,0,0,1,0,1,0,0,3,0,0,16,13,12,12,11,9,8,8,7,3,3,3,2
ATACAGCCGTTTTCCTCTAAA,ACATGCTTCAATC,true,4,5,21,34,1,1,0,0,0,0,0,0,1,0,0,0,4,2,1,3,3,2,1,1,29,25,23,22,19,18,18,17,12,8,6,6,5
TCATAAACGACGGAAGTGTTG,ATGACACGCTTCA,true,2,4,10,23,0,0,0,0,0,0,0,0,0,0,0,1,3,2,0,1,0,0,2,1,23,22,16,16,15,14,10,9,9,7,5,4,4
CGCCACTAAGTTGGCCGCTCC,CGGTCCGACGGAT,true,3,6,11,30,0,0,0,0,0,0,0,0,0,0,0,0,0,2,1,0,0,3,4,0,22,20,13,10,9,9,8,7,7,7,7,7,6
GCCTGTATTTATTATTGCCGA,GGCAGGAATTAAT,true,2,9,14,31,0,0,0,0,0,0,0,0,0,0,0,0,2,0,2,1,2,0,5,1,29,22,22,20,18,16,16,14,13,12,11,10,9
TAATGGGCCTTGATACGTTAG,GGCTGAATGACGT,true,3,6,10,24,0,0,0,0,0,0,0,0,0,0,0,0,1,0,2,1,2,0,3,0,23,16,15,14,12,12,10,10,9,8,7,6,6
AAAAGGAATTCAAAAAGGCGA,CCGTATTGCATTG,true,2,4,15,28,1,0,0,0,0,0,0,0,0,1,0,0,2,1,4,1,0,1,1,3,24,20,17,15,13,11,10,8,6,6,6,4,4
ATTACATCTCAACGGATTTGC,TCCCTAACCGTCG,true,3,8,8,24,0,0,0,0,0,0,0,0,0,0,0,0,0,2,2,1,0,2,1,0,23,22,20,15,13,12,12,12,9,8,8,8,8
ATCAAAATCAATCCGGCGAAA,AAGCATGGCGAAG,true,5,6,12,32,0,0,0,0,0,0,0,0,0,0,0,0,3,1,0,2,2,1,2,0,31,24,18,15,13,13,10,7,7,7,7,6,6
TGTTCATGCTACTTCGGTAGA,CTGGAAATGGGTA,true,3,11,12,32,0,0,0,0,0,0,0,0,1,0,0,0,3,1,2,3,0,0,2,0,27,27,25,23,22,22,19,16,15,15,12,11,11
AAAATCCTGGCGGTGACTGCA,TGTCCGACAGGTA,true,2,7,10,25,0,0,0,0,0,0,0,0,0,0,0,0,2,2,2,1,0,1,1,1,21,20,20,18,16,15,14,11,10,10,7,7,7
GCCTGTTTTCTGGGCAAATCC,GGGCATGAAAGAG,true,3,11,5,25,0,0,0,0,0,0,0,0,0,0,0,0,0,1,0,1,2,0,1,0,25,24,19,19,17,15,13,13,12,11,11,11,11
AGCATCAGTCCATTCATAGCT,GTGCTGCTTTTCT,true,4,12,10,38,0,0,0,0,0,0,0,0,0,0,0,1,1,0,0,2,0,1,0,1,34,32,28,26,22,21,19,17,17,16,16,13,12
TCAATTTTCTTGAAAAGATAG,GAGGACATTATGA,true,2,4,4,14,0,0,0,1,0,0,0,0,0,0,0,0,0,1,0,0,0,0,1,0,11,9,9,8,8,7,7,7,6,5,5,5,4
TGAATATGAAACATCAGGCCT,TCCTAAAGGGCCG,true,3,5,3,11,0,0,0,0,0,0,0,0,0,0,0,0,0,1,0,0,0,0,1,1,11,11,11,9,7,7,7,7,7,5,5,5,5
TTTTCTGTTTTTTCTTGTCCA,AACTCCAAAACTC,true,4,4,5,16,0,0,0,0,0,0,0,0,0,0,0,0,2,2,0,0,0,0,0,0,16,14,12,10,10,10,8,8,8,7,5,4,4
TTTACCTTCGATAACGCCAGC,TTTGATTTCAAGA,true,3,9,18,38,0,0,0,0,0,1,0,0,0,0,3,0,0,1,1,4,0,0,0,5,33,33,26,24,20,19,19,17,14,13,12,10,9
GAGGGAAAATATGAAACAAGG,ACTGATAGCAGCA,true,2,4,13,21,0,0,0,0,0,0,0,0,1,1,0,0,0,2,2,1,1,2,0,0,20,15,15,14,14,12,11,11,10,8,8,6,4
ACCGTCAGCAAGCGCAACTTC,TTTTTTATCAACA,true,6,8,12,32,0,0,0,0,0,0,0,3,0,0,0,0,0,0,1,5,1,0,0,1,31,31,30,29,26,22,16,15,13,13,12,8,8
TTCTTTTATATAAACGGCAGA,GCCTACCGGAAAT,true,3,11,12,35,0,0,0,0,0,0,0,0,0,0,0,0,0,1,1,1,1,2,4,0,32,30,24,23,21,20,19,17,14,13,13,12,11
GATCGCCTCGGCTTTTTGATG,ATCCGCCCGCTAC,true,3,3,4,13,0,0,0,0,0,0,1,0,0,0,0,0,0,0,0,0,0,1,0,2,12,11,11,10,9,8,8,4,4,4,3,3,3
TGACGAATCGGTGTTGGGAAA,AACGTATATCATA,true,5,5,9,25,0,0,0,0,0,0,0,0,0,0,0,0,2,0,0,0,2,2,2,1,23,14,13,10,9,8,8,8,8,5,5,5,5
TCTTTCTTTTTTTCCTCGTCA,TCACTCGTTAATC,true,2,7,11,32,0,0,0,0,0,0,1,0,0,0,0,0,2,1,0,1,3,0,0,0,30,26,24,20,20,18,17,16,15,15,11,10,7
TTAACGGCTTTGCAAAAAAAG,TTCAAACGTAATA,true,3,3,1,11,0,0,0,0,0,0,0,0,0,0,0,0,0,0,0,0,0,0,0,0,11,11,10,8,8,6,6,4,4,4,3,3,3
ATTGTTTTTATCGCGGATACT,TTGCACAGTGACT,true,3,7,4,17,0,0,0,1,0,0,0,0,0,0,0,0,1,0,2,0,0,0,0,0,16,14,12,11,11,10,10,9,8,8,7,7,7
CAATGATAAAGTTACATGTAA,GATGGAAAGCTGA,true,3,2,5,21,0,0,0,1,0,0,0,0,0,0,0,0,3,0,0,0,0,0,0,0,20,20,14,12,9,6,6,6,3,3,3,3,2
TACGCCCAATATTCCGGACAA,CGCTTGCCACCTA,true,2,8,9,24,0,0,0,0,0,0,0,0,0,0,0,0,1,0,4,2,0,0,1,1,20,19,18,17,16,12,10,10,10,8,8,8,8
GGCCCTTAGAAACCTCAGCAA,CCGGCTTGTTTTG,true,4,9,11,23,0,0,0,0,0,0,0,0,0,0,0,1,1,1,1,0,0,0,3,1,22,22,22,19,17,17,15,15,15,14,14,12,9
CACCGCGTTTTCTGATTCCCG,TTCTGGAACCCGC,true,3,11,8,30,0,0,0,0,0,0,0,0,0,0,0,0,2,0,1,3,1,1,0,0,27,27,23,21,19,19,17,15,13,12,11,11,11
AGATGCGGCGGGCAATCGCCG,CATTTTCGGTTTG,true,4,8,12,33,0,0,0,0,0,1,0,0,0,0,0,0,2,1,1,2,0,1,2,1,30,26,25,25,24,20,16,16,10,10,9,8,8
TCTCAGCTGATCAAAAAACGT,CTCAAACTGAAGA,true,3,9,18,37,0,0,0,0,0,0,1,0,0,0,0,0,3,1,0,1,4,4,0,1,32,31,26,25,24,20,16,14,14,14,12,10,9
TCATTAACGACTTATGAAGTG,TCCGGCGCTGAGA,true,2,12,16,40,0,0,0,0,0,1,0,0,0,0,0,0,0,3,2,0,0,3,6,0,37,33,28,27,23,21,18,17,16,13,13,12,12
ATAAACATTTCGAGCGAATCT,GGCTGCCTTCCTC,true,2,2,4,11,0,0,0,0,0,0,0,0,0,0,0,0,0,0,1,0,0,1,1,1,11,10,10,10,8,7,3,3,2,2,2,2,2
TTAACGGAACGTTGGAGCCCC,ATGTGATGATATA,true,4,3,5,20,0,0,0,0,0,0,0,0,0,0,0,0,0,0,0,0,1,0,2,1,18,16,14,14,11,10,7,5,5,5,3,3,3
CAGCGGCAATTGATGAACGGT,TTAAAGCATACGC,true,3,10,9,26,0,1,0,0,0,0,1,0,0,0,0,0,1,0,0,4,0,1,0,0,26,26,20,19,17,17,15,15,14,13,11,10,10
AAATCATTTGTTTTGATCATG,TTGATACACTCCT,true,2,9,9,36,0,0,0,0,0,0,0,0,0,0,0,0,3,1,0,0,2,0,0,0,32,27,26,20,17,16,15,13,12,12,12,11,9
GCTCCGTTTTCTGATACATCA,TCAAACAACGGCT,true,3,4,15,24,0,0,0,0,0,0,1,0,0,0,0,0,2,0,1,0,2,3,0,1,22,19,19,19,16,15,15,14,10,10,10,9,4
GATACATCTGGCGCAATCGTT,TTTGCGAAGCATC,true,5,6,12,30,0,1,0,0,0,1,0,0,0,0,0,2,0,0,1,1,1,0,1,3,30,29,21,17,15,13,13,12,8,8,7,7,6
TATTTTCTATATTGAGTTTGC,CATCTTCAATGAC,true,2,9,11,30,0,0,0,0,0,0,0,0,0,0,0,1,1,2,1,2,0,1,0,1,27,26,23,20,20,18,17,15,15,13,12,11,9
TCTCTTTTTAATGAAAGGGCT,AAAGCCAATCATC,true,3,4,5,11,0,0,0,0,0,0,0,0,0,0,0,0,1,0,1,1,2,0,0,0,10,9,7,7,7,7,7,5,4,4,4,4,4
CCCGTCGCTGCGGATTTCCGG,CGCTTCCCCGTTC,true,4,10,5,21,0,0,0,0,0,0,0,0,1,0,0,0,0,2,0,0,0,0,0,1,20,20,20,20,19,15,14,14,14,11,11,11,10
CGGCTTTTTCCGATTCCGCAG,CTTTTTCTAATGA,true,5,5,6,18,0,0,0,0,0,0,0,0,0,0,0,0,0,1,1,1,1,0,0,2,18,16,14,12,12,9,7,7,7,6,5,5,5
GACGTATGTGTCAGGATCAAA,GGGTTCTCGACGA,true,3,5,9,26,0,0,0,0,1,0,0,0,0,0,0,0,1,1,0,1,0,1,4,0,21,20,11,11,11,8,6,6,6,6,5,5,5
GTGCGATAAACGCCAGTATCA,CAGCCATCGCTGT,true,2,12,8,27,0,0,0,0,0,0,0,0,0,0,0,0,1,1,2,1,0,3,0,0,25,23,21,20,19,17,17,15,15,12,12,12,12
CAATGATAACCAATGCAGTTT,TTTGAAAATCAAT,true,6,8,6,23,0,0,0,0,0,0,0,0,0,0,0,0,1,0,1,2,1,0,0,0,22,21,20,12,11,11,11,10,9,9,9,8,8
AAAACGTGCTCTGTTCTGATT,GTCGAGCACGATA,true,2,17,11,45,0,0,0,0,0,0,0,0,0,0,0,0,0,1,2,5,1,0,0,0,39,38,34,28,25,24,21,21,19,19,18,17,17
AATGAGACACATTTCCATACA,CAACACAGCCTTC,true,2,8,12,33,1,0,0,0,0,0,0,0,0,0,0,0,6,1,0,0,1,2,0,0,31,30,28,23,22,18,15,12,11,9,9,8,8
TTAATTTCGTCAGGAACTTCA,TCCCAAGAACGCT,true,3,6,11,31,0,0,0,0,0,0,0,0,0,0,0,0,2,1,0,1,3,4,0,0,25,23,22,16,15,12,12,12,10,6,6,6,6
CCGTATGATAACGGCTCTTTA,CTCTTATTTTTCA,true,5,7,8,26,0,0,0,0,0,0,0,0,0,0,0,0,0,0,1,5,0,0,0,2,21,19,18,18,18,17,17,16,16,15,12,7,7
GCTTGGAACAGTCACTGAACT,AATGGATGAAACA,true,3,3,9,19,0,0,0,1,0,0,0,0,0,0,0,0,0,0,0,2,3,0,0,0,18,16,14,13,11,9,9,8,8,8,6,5,3
TGATTGTCGGAAAAGCAATGG,GCCTGACTGTCGA,true,3,3,8,23,0,0,0,0,0,0,0,0,0,0,0,0,1,3,1,1,1,0,0,1,17,16,15,11,11,10,7,6,6,5,4,3,3
CTGAATGACAAAGTCTCCAGA,CAGAGCGAAACCG,true,3,9,12,30,1,1,0,0,0,0,1,0,0,0,0,0,1,1,2,0,2,2,0,0,26,24,23,21,20,18,18,18,16,14,11,10,9
TTTTTTCTATGATTTCTTTTT,CCATATAGAAGGC,true,5,6,25,53,0,1,0,0,0,1,0,0,0,0,0,0,5,0,0,6,2,1,0,2,44,37,35,32,28,24,21,19,17,15,13,8,6
TTCCCTTTGATCTTCAAAAGA,CTTGCCCTCACGA,true,3,4,3,13,0,0,0,0,0,0,0,0,0,0,0,0,0,0,1,1,0,0,0,0,12,11,9,8,7,7,7,7,5,5,5,5,4
TTCATGCTGCTCTGTCGCTTT,TGTCGCAAGCACT,true,4,5,15,32,0,0,0,0,0,0,0,0,0,0,0,0,0,1,2,6,0,1,1,3,23,16,15,11,10,9,9,8,8,6,6,6,5
CGCTCTTCATACTGATCCCGC,CGTTCTGACCGCG,true,2,5,4,13,0,0,0,0,0,0,0,0,0,0,0,0,1,1,0,0,0,2,0,0,11,10,10,10,8,7,7,7,5,5,5,5,5
CACAATGCTCGGCAAACAAGT,GGACGGCATCGTG,true,2,7,5,23,0,0,0,0,0,0,0,0,0,0,0,0,0,1,0,2,1,0,1,0,20,19,18,17,16,11,11,9,8,7,7,7,7
CAGCTGGTCAAAATCCCTCAT,GGTGCCGAAATCG,true,3,9,13,29,0,0,0,0,0,0,0,0,0,0,0,0,2,2,1,1,4,1,1,1,28,26,25,23,22,20,18,16,16,12,9,9,9
TTATTTTCTCCTAACTTCTTA,TTTAACAGCTATG,true,3,5,8,23,0,0,0,0,0,0,0,0,0,0,1,0,1,0,0,0,1,0,0,4,21,21,17,16,15,13,12,10,10,6,6,6,5
TATGCTATAATAAGCCCATGT,GGTTAAATCGATA,true,3,5,11,22,0,0,0,0,0,0,0,0,0,0,0,0,0,0,1,2,2,0,2,4,21,17,16,14,11,10,8,7,7,7,6,5,5
ACACCGCTAAAAAATCCGCAA,TAGTTATTTTCCT,true,4,7,3,16,0,0,0,0,0,0,1,0,0,0,0,0,1,0,0,1,0,0,0,0,13,13,13,13,12,10,9,8,8,8,7,7,7
TGTGCTCGTGAATCCTGACAA,TACCATTCTTGCG,true,2,7,11,28,0,1,0,0,0,0,0,0,0,0,0,0,1,1,0,3,0,3,0,1,25,24,23,19,16,15,13,10,10,10,7,7,7
TTCTGACAATGTCGTATGATT,TGTATAAGAGATC,true,3,8,11,28,0,0,0,0,0,0,0,0,0,0,0,0,1,1,0,4,2,0,0,2,25,23,22,18,18,17,13,12,11,11,10,9,8
CGGCCTCAGTCTTGGCTGGAA,GCGGAATTGTGAT,true,2,6,7,19,0,0,0,0,0,0,0,0,0,0,0,0,1,0,2,0,0,0,1,1,18,18,18,17,15,13,12,11,10,9,8,7,6
ACCTGATGTCTCCGGAATGGA,GTACAAAAAGGCG,true,5,5,11,22,0,0,0,0,0,0,0,0,0,0,0,0,4,1,1,1,3,0,1,0,22,21,21,20,18,18,18,17,12,7,6,5,5
CACGCACAATGATACCATCTT,CGATTGCAATGAC,true,2,12,9,36,0,0,0,0,0,0,0,0,0,0,0,0,0,1,1,2,0,1,1,3,27,24,22,22,18,17,17,16,16,13,12,12,12
ACATAATAAAAGCCTGGATTT,ATTGTATAACCAT,true,3,7,13,29,0,0,1,0,0,0,0,0,0,0,0,0,4,0,0,4,0,0,0,2,25,24,22,19,18,14,12,12,12,9,9,9,7
CCAGGTACGTTACCTTTGATC,AAAAGAAGATTGC,true,4,9,18,35,0,0,0,0,0,0,0,0,0,0,0,2,5,2,1,4,2,0,1,0,34,34,34,29,23,22,21,17,17,17,14,9,9
TCAAACTTACTTCCAGAACAG,CGTATGCAAGAAC,true,2,5,9,27,1,0,0,0,0,0,0,0,0,0,0,0,2,0,1,1,2,1,0,0,25,24,20,17,15,14,14,11,8,7,7,6,5
AATATGTACAACGCGGTCAAA,TTTAAATTAACAC,true,3,2,6,18,0,0,0,0,0,0,0,0,0,1,0,0,2,0,0,1,2,0,0,0,12,12,10,9,9,7,6,5,5,3,3,2,2
GTCTTTTACCATATTCAAAAG,CATTTCTTTTTCT,true,5,12,9,27,0,0,0,0,0,0,1,0,0,0,0,0,0,1,0,1,0,0,0,3,25,24,22,22,18,17,17,17,17,16,14,12,12
GCTTGGCGATAAACTTGAAGT,GCAAACCCGCCAT,true,3,8,11,29,0,0,0,0,0,0,0,0,0,0,0,0,1,1,4,0,1,4,0,0,24,23,23,23,21,20,16,12,10,10,9,8,8
AGAACCCCGTTCGCTGACTGA,ATTCGCGGCTGCT,true,2,9,9,30,0,0,0,0,0,0,1,0,0,0,0,0,0,1,0,1,1,3,1,1,26,21,20,19,19,18,15,13,10,9,9,9,9
AAAGATGTATTGGGAGATGCT,GCAACCCCTGACA,true,4,4,12,24,0,0,0,0,0,0,0,0,0,0,0,0,1,1,0,0,2,6,0,0,24,20,19,16,15,14,12,8,8,8,8,5,4
TCAAAACAGGAAGTGAAAATA,AAAGACAAAAAAG,true,6,1,2,12,0,0,0,0,0,0,0,0,0,0,0,0,0,0,0,0,1,0,0,0,12,11,8,7,6,2,2,2,2,2,2,1,1
CTACTCCAATTTCATGAAGAA,TCTTCCTCATCAT,true,2,6,9,20,0,0,0,0,0,0,1,0,1,0,0,0,2,0,0,0,1,0,0,3,17,15,15,14,14,12,10,10,9,7,7,7,6
CTCTATCTGCGCGAAGCCATC,TCAATGGTATACA,true,2,9,10,27,0,0,0,0,0,0,0,0,0,0,0,0,0,3,1,1,2,0,2,1,26,23,22,20,19,18,13,13,12,11,10,9,9
CGAGGTGGTATGGATTGATCT,CGCGTTTCCTCAT,true,3,5,7,21,0,0,0,0,0,0,1,0,0,0,0,0,0,0,1,2,0,2,0,1,17,14,12,11,11,11,9,8,5,5,5,5,5
AAAGAGATCATGGAGTGGAGC,AAAACAAATGTCA,true,4,4,13,27,1,0,0,0,0,0,0,0,0,0,0,0,1,1,2,4,1,2,0,0,27,27,24,24,20,18,17,13,11,9,7,5,4
CCTGCTGCTTGGAGAAGAGCC,GCTTCCGAAGAAG,true,2,8,6,19,0,0,0,0,0,0,0,0,1,0,0,0,0,0,0,1,1,1,0,0,18,17,17,15,15,14,14,14,11,10,10,10,8
ATGAAGCTTACGGTGATGCTG,TAAAAGCACAAAT,true,4,5,10,24,1,0,0,0,0,0,0,0,0,0,0,0,2,1,0,1,2,0,0,1,22,19,18,17,12,10,8,8,7,7,7,6,5
TCTATGCTTTTTTGTTGAAGC,CCTTTTTATGTCG,true,5,2,4,16,0,0,0,0,0,0,0,0,0,0,0,0,0,0,1,2,0,0,0,1,14,11,11,10,10,8,6,3,3,3,2,2,2
CGTTGCTGGACTGGGATTCAT,ATTATTGTTAAGT,true,2,14,13,38,0,0,0,0,0,0,0,0,0,0,0,0,3,1,0,2,1,0,0,4,37,35,33,29,27,26,24,23,20,19,17,15,14
GGTGCGAAAAAAGTGGATATT,GTCGCTCACAGCA,true,2,6,9,29,0,0,0,0,0,0,0,0,0,0,0,0,2,2,2,0,0,1,0,2,27,22,21,18,15,13,12,10,8,7,7,6,6
CCATAGGAGCTTCGGACGGAC,CAAAGACGGATCG,true,3,7,10,24,0,0,0,0,0,1,0,0,0,0,0,0,3,0,1,0,0,2,0,1,19,19,19,19,17,16,15,14,12,12,10,9,7
CCAAATAATCGGCGAATGTTC,CTTCCCATTTCAG,true,3,7,8,21,0,0,0,0,0,0,0,0,0,0,0,0,1,1,0,3,0,2,0,0,16,15,15,14,14,11,10,9,9,9,8,8,7
AGATATGAGATGGATATTACG,CCGTTTCTTAATA,true,3,7,11,27,0,0,0,0,0,0,0,0,0,0,0,1,0,1,0,2,0,3,0,2,24,18,16,16,15,14,12,11,9,9,9,9,7
TATATGTGTGAAAATTTCCTT,TTTTTCAGCTCCA,false,7,4,7,21,0,0,0,0,0,0,0,0,0,0,0,0,0,0,1,4,0,1,0,1,20,20,20,20,19,7,7,7,7,6,5,4,4
GATGCGGCATTTTGTGCAGCT,GATCGATGCGATC,true,1,8,5,17,0,0,0,0,0,0,0,0,0,0,0,0,1,0,0,2,1,0,1,0,15,14,13,12,12,12,12,10,10,9,8,8,8
AAAGAACATCAAACAGACGGA,TGTGTTATTGACG,true,2,4,17,36,0,0,0,0,0,0,0,0,0,0,0,0,3,3,2,4,1,0,2,2,30,26,22,22,21,17,11,8,7,5,4,4,4
CACCTGCTGCATGCAGCGGCT,CACATAATCCTGA,true,2,11,10,29,0,0,0,0,0,0,0,0,0,0,0,0,1,1,1,2,1,2,0,0,28,27,25,22,22,22,21,20,16,13,13,13,11
GCTGTCCGCGAATTTTCACCT,GATGGTCGATCCG,true,2,7,8,28,0,0,0,0,0,1,1,0,0,0,0,0,2,1,0,0,1,2,0,0,27,26,23,22,18,16,13,12,11,9,9,7,7
TCGCAATCGGAACACCAAAAC,CGGCCGCGCCTTC,true,2,6,9,25,0,0,0,0,0,0,0,0,0,0,0,0,0,1,2,0,0,4,1,0,20,19,16,14,13,12,12,10,10,9,7,6,6
TATCTTTTCGTATATCGATAG,CGCTTTTTCGCTG,true,5,8,12,27,0,0,0,0,0,0,0,0,0,0,0,0,2,2,0,1,0,0,0,7,26,25,25,24,24,23,21,13,10,9,9,8,8
TTGCCGAATGAATCACGCATT,TCTGTGTCAGCAT,true,3,6,10,32,0,0,0,0,0,0,0,0,0,0,0,0,1,0,0,1,1,0,1,5,24,19,16,16,14,13,12,11,9,7,7,7,6
CTGTTCGGATTGAGGCATATC,GTCTCACCTTCCT,true,2,12,8,31,0,0,0,0,0,0,0,0,0,0,0,0,2,1,1,0,0,1,1,2,29,23,23,22,21,21,19,16,15,12,12,12,12
CTTAGAAACGGGTTCAATGGC,TTCATTTGAGCCG,true,3,5,9,28,0,0,0,0,0,0,0,0,0,0,0,1,2,2,0,1,1,0,1,0,25,24,22,20,19,19,15,11,10,6,6,6,5
CACAAAGTCTGCATCTTTCAG,CGCTTCCCTCCTG,true,3,6,14,25,0,0,0,0,0,0,0,0,0,0,0,0,1,1,2,3,0,4,0,1,22,20,18,18,17,16,16,10,10,9,8,7,6
ATAAAGCAATCATTCCGGCAA,TCCCGAGAAACGA,true,3,10,14,35,0,1,0,0,0,0,0,0,1,0,0,0,1,1,1,1,3,4,0,0,34,32,30,22,21,20,20,18,18,13,12,11,10
CCTTTTCGCTTTGCTTAAGAA,CGTATCACATGTA,true,2,5,6,21,0,0,0,0,0,0,0,0,0,0,0,0,2,0,0,0,0,2,1,0,16,15,14,13,9,7,7,7,7,7,6,6,5
GCCAAATATCTGCCATCTGGG,TGGGCGGCGGAAC,true,3,4,10,25,0,0,0,0,0,0,0,0,0,0,0,0,1,1,2,2,0,0,3,0,24,22,22,16,13,12,9,7,7,6,5,4,4
CGGGGGATGTATGAATTTGAT,CAAAAGCAATATG,true,4,8,10,20,0,0,0,0,0,0,0,0,0,1,0,0,1,1,0,1,3,1,0,0,18,17,17,17,15,14,12,12,12,11,10,10,8
CCGGATTTTTGAAGCATTCTC,TGCCGGTATGAAC,true,2,4,3,12,0,0,0,0,0,0,0,0,0,0,0,0,1,0,0,2,0,0,0,0,11,10,9,8,7,5,5,4,4,4,4,4,4
AGTCTGCGCCAATCAAACGGA,TGATTCAGGATGC,true,2,7,11,29,0,0,0,0,0,0,0,0,0,0,0,0,1,2,1,3,0,0,2,1,25,23,20,19,18,14,14,13,12,11,9,8,7
TTAGAGTACGATTCATGTTAA,CCCCCGGTCATTC,true,5,6,12,27,0,0,0,0,0,0,0,1,0,0,0,0,2,0,0,1,1,4,3,0,27,25,23,21,13,13,9,9,7,6,6,6,6
ATAGATGCTGTGATAAACCAA,GGAATGCCTTTTG,true,4,3,13,27,0,0,0,0,0,0,0,0,1,0,0,0,1,0,0,3,1,1,2,0,23,18,17,15,12,10,10,7,7,7,7,5,3
GAGGACAATACAGTTGAGAAG,CTGACGCTTGGAG,true,2,10,13,34,0,0,0,0,0,1,1,0,0,0,0,0,1,1,2,1,0,0,2,2,32,30,28,26,22,20,20,19,17,14,12,12,10
CTACAGACCAGCCATCACAGA,TTTTTAATGGCTG,true,5,5,12,27,0,0,0,0,0,1,0,0,0,0,0,0,2,0,1,2,1,0,2,2,22,21,19,18,14,12,11,11,10,7,6,6,5
TTTTCTTGATCACGGCTTTCT,TTTATATGTCCAC,true,4,8,13,33,0,0,0,0,0,0,0,0,0,0,1,0,2,2,0,1,0,0,1,2,33,30,26,25,21,21,21,18,14,14,9,9,8
TGATTTTTAAGCTTTCCTTTT,ATCCTTTACTGCG,true,4,7,9,28,0,0,0,0,0,0,0,0,1,1,0,0,0,0,0,3,0,2,0,1,23,22,21,16,14,14,13,12,12,11,9,7,7
CAATCGGTCACACCGACGGTA,TGGGCAATTTCCG,true,3,2,7,23,0,0,0,0,0,1,0,0,1,0,0,0,0,1,0,1,1,0,1,0,20,19,18,14,13,8,7,5,5,5,3,2,2
CATGTATTTGGCTTCTTTTTC,AATGTGTTCCTCT,true,2,5,13,25,0,0,0,0,0,0,0,0,0,0,0,0,3,0,0,4,0,2,0,3,24,21,18,17,17,14,14,12,10,8,7,6,5
TCTCCGCTTGAGGCAGAACAG,ATGGAGCCTCAGC,true,2,5,5,19,0,0,0,0,0,0,0,0,0,0,0,0,1,0,0,0,1,1,1,0,17,17,16,12,10,9,9,7,7,7,7,6,5
TACGATAGAAGAAGTTGCAGG,TCTGCTGAAGGTA,true,2,8,12,28,0,0,0,0,0,0,0,0,0,1,0,0,1,0,1,2,1,2,1,0,27,22,21,19,17,17,14,14,13,11,11,9,8
GTCTTCCCCTATTAAAATTAG,AGTTTCATCAAAT,true,3,9,11,30,0,1,0,0,0,0,0,0,1,0,0,0,0,2,1,1,1,1,0,2,28,23,23,23,19,16,14,13,12,11,11,10,9
TAGCCGTAATCAACATTCGGA,GAAGGATAGATTG,true,2,16,13,32,0,1,0,0,0,1,0,0,0,0,0,0,3,0,3,3,0,0,2,0,31,30,30,29,26,24,21,18,18,16,16,16,16
TGCCTGATAATTCCGTTATGC,TCCTGCTGAACAC,true,2,7,10,22,0,0,0,0,0,0,0,0,0,0,0,0,0,0,0,2,1,2,0,1,20,20,20,20,19,16,15,14,14,12,9,8,7
TATGTGGTCGCTTCTGGCCAT,GCTTTTGATGACT,true,4,4,6,20,0,0,0,0,0,0,0,0,0,0,0,0,3,0,1,1,0,0,0,1,16,15,15,14,14,11,7,7,5,5,4,4,4
CTTATACGCAAGAGGCATATA,GCTGTATACCCCG,true,4,4,11,25,0,0,0,0,0,0,2,0,0,0,0,0,3,0,0,2,0,1,0,0,22,20,17,16,14,14,14,13,9,9,8,4,4
GCAGGGGAACCCTAAGATCTC,CAGGCCCTCCTGC,true,3,4,5,15,0,0,0,0,0,0,0,0,0,0,0,0,1,0,0,1,0,1,1,0,14,12,10,7,7,7,6,6,6,6,6,5,4
AGACCAATTCGAAGATATCGA,ATATACAAGCCCG,true,3,8,13,36,0,0,0,0,0,0,0,1,0,0,0,0,4,0,0,0,6,0,1,0,32,25,23,21,19,17,16,13,11,10,9,9,8
CGAACCCACGCCACGTTGAAA,AGTGCGGGGATGA,true,4,3,7,13,0,0,0,0,0,0,0,0,0,0,0,0,0,1,2,0,0,1,3,0,13,10,10,10,9,8,8,8,5,3,3,3,3
GGATGCGAGTCCCGAGAAAAC,CAAATCATTTGGA,true,3,10,8,24,1,0,0,0,0,0,0,0,0,0,0,0,0,1,1,0,2,1,0,1,23,21,20,17,15,13,13,13,12,11,11,10,10
AGGATCATCAAAGAACTTAGA,CCCACTTGGGTTG,true,3,3,10,21,0,0,0,0,0,0,2,0,0,0,0,0,1,0,1,0,0,0,2,0,21,19,15,14,11,11,11,11,9,7,7,6,3
GTAAGCAAGGAAGCATTCATG,AACAAAGGAGACG,true,3,5,4,20,1,0,0,0,0,0,0,0,0,0,0,0,2,1,0,0,0,0,0,0,20,19,15,14,12,10,6,6,5,5,5,5,5
TATCAGCATCTGTTTTTTAAA,ACCCCTTTTGAAC,true,4,3,4,12,0,0,0,0,0,0,0,0,0,0,0,0,1,0,1,0,1,1,0,0,10,9,8,7,6,6,6,5,5,4,3,3,3
GTGGAGCGTTAGAAGTGAGAA,TGCCGGTATGAGT,true,2,3,8,17,0,0,0,0,0,0,0,0,0,0,0,0,1,2,0,1,2,0,2,0,15,14,14,12,9,7,7,4,4,4,4,3,3
TTTCGCCATCTTTTCAAGCTG,TTTTCGTCTGACT,true,4,11,14,40,0,0,0,0,0,0,0,0,0,0,0,0,1,3,1,5,0,1,0,2,39,39,37,29,18,17,17,17,16,15,13,12,11
CTACGAGGGACGTAAGATAAC,TCTGTCAGATTTC,true,3,5,11,27,0,0,0,0,0,0,0,0,0,0,1,0,2,2,0,1,0,2,1,0,22,20,19,17,17,13,12,9,9,8,7,5,5
CGCAGCAACAAGAAGTACATC,ATCCTGAAGGACA,true,2,10,13,31,0,0,0,0,0,1,0,0,0,0,0,0,1,0,1,1,2,1,2,2,31,28,27,23,21,21,19,17,15,12,12,10,10
CGTATAGTTCATCCAAATAAG,AACGCAACTCTGC,true,2,9,10,24,0,0,0,0,0,0,0,0,0,0,0,0,3,0,2,1,2,1,0,1,23,20,17,17,16,16,15,14,13,13,10,9,9
TATTTATCATTTCCTGTTCGA,GCGCGTTTAAATA,true,3,6,10,23,0,0,0,0,0,0,0,0,0,0,0,0,1,0,0,2,1,0,1,1,22,21,18,16,15,15,15,13,11,11,10,7,6
ACGCCAAGGCGCCAAAACACT,TGTCTTAACCATC,true,2,10,10,26,0,0,0,0,0,0,0,0,1,0,0,0,1,1,1,3,0,1,0,0,23,22,22,18,17,17,15,14,14,13,13,12,10
AGAAAGCAATTCGGAAATCGA,TCGCCGAGCAGCA,true,2,5,4,12,0,0,0,0,0,0,0,0,0,0,0,0,0,0,2,1,0,0,0,1,10,7,7,6,6,6,6,6,5,5,5,5,5
TGTCCGCGCGCAATATACAGG,ATTTCAGCTTCCA,true,3,5,7,22,0,0,0,0,0,0,0,0,0,0,0,0,0,1,2,2,0,2,0,0,21,20,17,13,11,11,10,8,8,7,6,5,5
TTGTCACCCTTGTGAAGCGTA,AAAAAGCTCGTAT,true,6,10,16,33,0,0,0,0,0,0,0,0,0,0,0,0,4,0,1,1,4,2,0,0,33,33,32,31,26,18,17,17,14,14,12,11,10
ATTCTTTCTCAAGCTTCTCAA,GCTATGCTTGCTC,true,2,11,8,28,0,0,0,0,0,0,0,0,0,0,0,0,2,0,2,2,0,0,0,2,25,23,22,20,18,15,15,14,13,12,12,11,11
GTGCTGACACGGGAACAGATT,CTAAACTTCTGTA,false,3,4,6,29,0,0,0,0,0,0,0,0,0,0,0,0,0,0,0,0,0,0,0,6,25,21,20,20,19,18,18,5,4,4,4,4,4
CTGATCGCCCTCTTGAAAACT,AGTAACGGACATC,true,2,14,23,61,0,0,1,0,0,0,0,0,0,0,0,0,7,1,4,1,2,1,1,1,53,49,47,45,44,37,36,35,28,25,23,18,14
AGCCTTTCGGAAATATTGTTT,ATATCCTCCTCTA,true,3,7,13,32,0,0,0,0,0,0,2,0,0,0,0,0,0,5,0,2,0,1,0,2,27,26,22,21,20,18,15,14,12,8,8,8,7
CCTGAGCTGACTATCGCCATC,ATGGTGACACTGC,true,2,7,13,32,0,0,0,0,0,0,0,0,0,0,0,0,1,3,1,0,0,2,3,2,29,26,23,17,15,14,13,12,11,10,8,7,7
GACATCCTCTGAACAATCCTA,GAGATAGGACGTC,true,2,3,5,15,0,0,0,0,0,0,0,0,0,0,0,0,0,0,0,0,0,0,3,0,13,13,12,12,11,11,11,8,6,5,5,5,3
CCTTTTTCTCAATTGATGTAA,AAGGAAGAAAATC,true,4,4,5,24,0,1,0,0,0,0,0,0,0,0,0,0,0,0,0,0,4,0,0,0,24,18,17,15,15,14,14,13,13,10,4,4,4
ATGTTTCGGAAATTATCAGAG,CCGGAATCAACGC,true,2,6,5,15,0,0,0,0,0,0,0,0,0,0,0,0,1,0,1,1,1,1,0,0,13,11,10,9,8,6,6,6,6,6,6,6,6
CCCTGATGATACAGCGCTTCT,GATGTTTACGTCT,true,3,12,14,35,0,0,0,0,0,0,0,0,0,1,0,0,1,1,0,2,2,2,0,4,31,31,26,25,25,25,23,18,18,17,15,13,12
GCAAGTCTGTACGGGATGCGG,CAGTCTTTCATTC,true,3,8,12,28,0,0,0,0,0,0,0,0,0,0,0,0,1,2,2,2,1,1,0,3,24,22,21,19,15,14,14,11,10,9,8,8,8
TACGTCTTTTGTGCTAGAATG,AGAAGAATTATAG,true,2,9,18,37,0,0,0,0,0,1,0,0,0,0,0,0,7,0,3,2,5,0,0,0,36,30,29,26,19,17,14,13,12,11,10,9,9
TTCGGCTGACCGTCAACAAGC,GCAAGCAGGTTGA,true,2,6,13,26,0,0,0,0,0,0,0,0,0,0,0,0,5,1,0,4,0,0,1,2,26,25,25,23,16,15,15,14,12,12,10,6,6
ACTTATAAGGCATTCCAATTC,TCAGCACTCCTCT,true,2,9,12,33,0,0,0,0,0,0,1,0,0,0,0,0,0,1,3,2,1,3,1,0,30,27,25,23,22,21,18,17,11,9,9,9,9
TTCGAAAATGCACGCCATTTT,TGAAGATGCCCGT,true,5,9,18,42,0,0,0,0,0,0,0,0,0,0,0,1,2,0,0,3,0,5,0,6,28,21,21,21,17,17,16,16,16,16,11,10,9
GCCGATGGCGATGATTGTCAT,CGGTGACTTGTTC,true,2,5,17,32,0,0,0,0,0,0,0,0,0,0,0,0,2,1,2,2,0,4,1,2,31,29,25,23,19,18,13,13,11,10,9,8,5
TCTGTCTCTTTTGCAATTAAA,TGATCACGTAATG,true,3,9,6,24,1,0,0,0,0,0,0,0,0,0,0,0,2,1,1,0,0,0,1,0,19,16,15,14,13,13,11,10,10,9,9,9,9
CGGGGCAAAAAGTGGAAGAAT,CGGACTGGAATGA,true,2,6,6,20,0,0,0,0,0,0,0,0,0,0,0,0,1,0,1,0,0,0,2,2,19,19,16,14,12,11,11,9,9,9,6,6,6
CTGGCAGAAAACCGCTTAAAG,GATATTCAGCCTC,true,2,4,8,18,0,0,0,0,0,0,0,0,0,0,0,0,2,1,0,2,0,2,0,0,14,14,12,10,10,9,9,8,8,7,5,5,4
TGAGCCATTGGAACAATACGT,AACCGTTGAACCT,true,2,3,8,15,0,0,0,0,0,0,1,0,0,0,0,0,5,0,0,1,0,0,1,0,15,15,12,11,9,9,8,7,7,7,5,3,3
ATCTTTAGGCTGTGCAGCAGT,TTTTTGCACCGCT,true,6,7,12,38,0,0,0,0,0,0,1,0,0,0,0,0,0,0,2,3,1,2,1,2,38,38,38,37,29,17,16,13,11,9,8,7,7
CATCCCCGTATAGCCCAGATG,AATAAGCTGTTTA,true,3,6,9,17,0,0,0,0,0,0,0,0,0,0,0,0,5,0,1,0,0,1,0,1,16,15,11,11,11,9,8,8,8,7,7,7,6
CGCTTCTTCGATTAAAGATTT,AGATTCAAATACT,true,3,17,13,39,0,0,0,0,0,0,0,0,0,0,0,0,3,2,3,1,1,1,1,1,34,31,27,27,24,22,21,21,19,17,17,17,17
CCTCCGTGTGCGCCTGCTCCG,CCGAATCCGCCGA,true,2,6,10,29,0,0,0,0,0,0,0,0,0,0,0,0,1,0,1,3,2,2,0,1,27,25,24,22,17,11,10,8,8,7,6,6,6
CACTCATTAGGTTCTTCCTGA,CTCCCAGCTTGGT,true,3,9,8,27,0,0,0,0,0,0,0,0,0,0,0,0,0,0,1,1,1,5,0,0,25,24,22,22,15,12,11,10,9,9,9,9,9
TTTCATATATTCGTTGTCCAT,TGATTCAAACATA,true,3,3,16,34,0,0,0,0,0,0,0,0,0,0,0,0,3,0,1,3,2,1,0,3,27,24,24,21,20,16,15,15,10,6,6,5,3
TGCGCCACCTCGCCTTCACGG,TCGGCACTTGGAT,false,2,3,4,30,0,0,0,0,0,0,1,0,0,0,0,0,3,0,0,0,0,0,0,0,28,25,23,19,17,16,3,3,3,3,3,3,3
AGTAAAGTAAGATTGCTCTCA,TTCCATAGTAAGA,true,2,10,7,25,0,0,0,0,0,0,0,0,0,0,0,0,2,0,0,0,2,0,0,2,21,19,18,16,15,14,12,12,11,11,10,10,10
AATTTCCAAACCTCAGGCTGT,TTGAGGTAAGGGC,true,3,8,13,38,0,0,0,0,0,1,0,0,0,0,0,1,3,0,2,2,1,0,1,1,35,28,27,24,22,16,15,12,11,9,9,8,8
GCAAGATCCTCTTTCACCTGT,TTTGCAAGATCAT,true,4,7,11,28,0,0,0,0,0,0,0,0,0,0,0,0,1,1,1,1,2,1,0,3,28,28,21,18,15,14,11,10,9,9,8,7,7
CAGTGAAAAACAAGCCCGGCA,AAAGTCCTGACAC,false,4,5,4,19,0,0,0,0,0,0,0,0,0,0,0,0,4,0,0,0,0,0,0,0,18,17,16,6,5,5,5,5,5,5,5,5,5
TACTTGTTCGTTCGCCATGGA,ATCACCTTTTTTA,true,6,7,11,25,0,0,0,0,0,0,0,0,0,0,0,0,1,0,0,1,0,3,0,3,22,21,17,16,16,14,14,14,14,14,13,9,7
TCCAGATCAAAGCCAATTGGG,TGGAAAAGTTCAT,true,4,8,11,30,0,0,0,2,0,1,0,0,0,0,0,1,0,1,0,2,2,1,0,1,29,25,21,20,20,20,18,15,13,12,9,8,8
GCGAGAATCCGTTAATTGATA,GTCAAATGCGTCA,true,3,3,14,24,0,0,1,0,0,1,0,0,0,0,0,0,2,1,1,2,1,0,2,2,22,18,16,13,13,10,8,6,6,6,4,3,3
GGAAGGTCGCCCGGGAGCATA,ATTTCTTGAAAGA,true,3,2,6,14,0,0,0,0,0,0,0,0,0,0,0,0,0,0,0,0,1,0,2,2,14,13,13,10,8,7,6,4,4,4,3,2,2
CCGTTTCCGATGGCCTGGCGA,TTTGAATCAGCCA,true,3,5,12,21,0,0,0,0,0,0,0,0,1,0,0,0,3,1,0,3,1,0,0,1,18,18,17,16,16,14,13,11,10,9,7,5,5
ATGAATATATTACTCGTTTGT,GCAGCAGGCATGT,true,2,7,9,26,0,0,0,0,0,0,0,0,0,0,0,0,1,0,2,2,2,1,1,0,21,19,18,17,15,15,13,11,9,7,7,7,7
ATTTTCTTAATCTCCTCTTCA,TTCTCCGAATAAT,true,2,6,8,26,0,0,0,0,0,0,0,0,0,0,0,0,1,1,0,0,0,1,1,1,25,22,21,19,17,13,11,11,11,9,9,8,6
GCCGGTCCATACGGATGAACT,GATTATAGAAATG,true,3,7,6,19,0,0,0,0,0,0,0,0,0,0,0,0,1,0,0,1,1,0,0,2,18,17,16,15,14,13,12,10,10,9,8,7,7
CCTCACGCATTTCGTCAAGGG,TCATCTCATCCCT,true,3,5,7,18,0,0,0,0,0,0,1,0,0,1,0,0,0,0,1,0,1,1,0,1,16,15,14,13,11,10,8,7,6,6,6,5,5
CAATTCCTTATCCATTTTCAA,ATAACGCCGCACT,true,3,7,10,23,0,0,0,0,0,0,0,0,0,0,0,0,3,4,0,0,1,2,0,0,20,17,17,17,14,13,13,12,11,10,7,7,7
TGGACGTGCCGGTAAAAGATC,TGCCGAAGCATCA,true,2,8,7,19,0,0,0,0,0,0,0,0,0,0,0,0,1,0,1,1,0,1,0,1,18,18,18,16,14,13,12,12,12,12,11,10,8
AATGAATGAGGCGATGGCCGA,TCTTTATATATTG,true,3,11,11,30,0,0,1,0,0,0,0,0,0,1,0,0,2,2,0,2,0,1,0,2,28,24,23,23,18,18,17,15,14,13,11,11,11
TTGTTTCGCAAGCCCGTTCTT,CTGATATACGTCT,true,2,5,11,25,0,0,1,0,1,0,0,0,0,0,0,0,2,0,0,2,1,2,0,0,18,18,17,17,15,14,12,11,11,9,6,5,5
GCTGCATCCCCCAAGGACGAA,AACCACAGTTAAC,true,4,4,5,17,0,0,0,0,0,0,0,0,0,0,0,0,2,1,0,0,0,1,0,0,15,14,10,9,9,7,5,5,5,5,5,5,4
GCACAGTGACAGCGGCTTAAA,AGAAGCAGGAACA,true,4,7,15,39,0,0,0,1,0,0,0,0,0,0,0,0,4,0,0,1,2,0,4,0,32,20,20,17,16,16,14,14,10,10,10,9,7
GACTGGATCTCTCCCCTCCTT,TTTTTGCTCCTCA,true,7,5,7,23,0,0,0,0,0,0,1,0,0,0,0,0,0,0,0,1,0,1,0,3,22,21,21,18,12,10,8,8,7,6,6,6,5
AAAGCAGTTTCTCTGACTTCG,TAAAAAAGGATAT,true,6,7,20,42,0,2,0,1,0,2,0,0,0,1,0,0,2,1,3,2,3,0,0,1,37,32,30,29,29,25,19,12,11,10,10,7,7
AATCGGCTGTGTAATCAGTGC,GTGCAGATCATAT,true,1,8,10,23,0,0,0,0,0,0,0,0,0,0,0,1,3,0,1,3,0,1,0,0,23,22,20,18,18,17,16,13,10,9,9,8,8
CACGCAATCAGCAGGAGGGGG,ATCAAATCTTTGA,true,5,6,10,25,0,0,0,0,0,0,0,0,0,0,0,0,2,1,1,1,3,1,0,1,20,19,16,16,16,12,8,7,6,6,6,6,6
GTAAAATAAAGAGATTCCTTT,GAAATCCCTTCAT,true,3,8,11,29,0,0,0,0,0,0,0,0,0,0,0,0,0,1,0,6,1,0,1,1,23,23,22,21,19,16,15,13,12,11,10,8,8
CTTCGGCGCGATGTTCTTTTT,CAGCTTCGGCCTC,true,5,7,11,32,0,0,0,0,1,0,0,0,0,0,0,0,0,0,0,4,0,3,2,1,24,23,18,16,16,15,14,13,10,10,8,7,7
GTGAGTCCCGACAGAACAAAG,ACGCATATAACTG,true,2,9,13,28,0,0,0,0,0,0,0,0,0,1,0,1,2,0,4,1,2,0,0,0,25,23,23,21,21,18,18,15,14,12,11,9,9
GGCGCCGATATCCCGGTTGCC,AGCATCTTTTAAG,true,4,4,3,19,0,0,0,0,0,0,0,0,0,0,0,0,0,0,0,3,0,0,0,0,19,16,15,14,13,12,12,12,12,11,4,4,4
TATATTAAACGACTCTAAAAC,AGAAATTGTCTTA,true,3,2,8,18,0,0,0,0,0,0,0,0,0,0,0,1,2,1,0,1,0,0,0,0,18,16,16,16,15,14,12,10,7,7,6,5,2
AAAAATGCTGGAGGGCAGCTT,AATGCTCACTTTC,true,3,3,6,15,0,0,0,0,0,0,0,0,0,0,0,1,0,1,1,2,0,0,0,1,13,12,10,9,8,5,5,5,5,5,4,3,3
CATCACATTCCTCTATTGAAA,CAATAGAATTTGT,true,3,3,6,26,0,0,0,0,0,0,0,0,0,2,0,0,3,0,0,0,1,0,0,0,19,18,15,12,12,10,10,9,3,3,3,3,3
CTCTTATTAAAAGACGGCACT,GAGGTAAGCCAAG,true,2,9,9,26,0,0,0,0,0,0,0,0,0,0,0,0,1,0,0,1,0,1,2,0,25,24,22,19,19,16,16,15,14,13,13,12,9
GTTTCTTTTTGTATTACCTGA,AAAAAACTCGACT,true,7,3,4,15,1,0,0,0,0,0,0,0,0,0,0,0,1,0,0,0,1,1,0,0,14,14,14,14,8,5,4,4,4,4,4,3,3
GACAAACAGCTCTGACGCGGA,CAGCTTGGAAGCG,false,2,3,2,28,0,0,0,0,0,0,0,0,0,0,0,0,2,0,0,0,0,0,0,0,26,24,5,4,4,4,4,4,4,4,3,3,3
CATTCATATCCTGTACTTCGG,CGTGTTTACATGC,true,3,8,5,16,0,0,0,0,0,0,0,0,0,0,0,0,1,1,2,1,0,0,0,0,14,12,12,10,10,10,10,9,9,9,8,8,8
ACAGCTTGGACAGCTTCGTCG,TTTTTAGATTGCT,true,5,7,15,31,0,0,0,0,0,0,0,0,0,0,1,0,6,0,1,3,0,0,1,2,31,31,30,30,22,16,12,12,8,8,8,8,7
AAGGCAGAGGCTGAAAAAGTC,AGAATTGACGGGC,true,3,8,12,36,0,0,0,0,0,0,0,0,0,0,0,0,2,0,0,3,1,1,4,0,32,32,32,26,24,22,19,18,15,15,13,9,8
GTTGAATCTTATGCATGCCAG,TATACCGACTTGA,true,2,1,0,11,0,0,0,0,0,0,0,0,0,0,0,0,0,0,0,0,0,0,0,0,8,6,2,2,1,1,1,1,1,1,1,1,1
CAGCAAACAGCTGCTGAAGTG,AAGGAAGTTCCTC,true,2,7,8,26,0,0,0,0,0,0,0,0,0,0,0,0,2,0,1,0,2,1,2,0,26,23,21,19,18,17,11,11,10,9,7,7,7
AAGATTGCTTTTCGTTTTATC,TTCCGGCTGGAAT,true,2,7,5,20,0,0,0,0,0,0,0,0,0,0,0,0,0,0,0,1,1,1,2,0,19,17,13,12,12,11,10,10,10,9,8,7,7
TTATACAATTCTTTTATCCAA,ATACAGCGGACAG,true,3,6,7,20,0,0,0,1,0,0,0,0,0,0,0,0,1,1,0,1,0,1,2,0,18,15,14,13,12,12,11,11,7,6,6,6,6
CCTAAGCCTCTAAGTGCATAG,CTGCCTAAGAGTG,true,2,7,12,26,0,0,0,0,0,0,0,0,1,0,0,0,1,0,1,2,2,2,0,3,22,19,17,17,14,13,12,10,10,8,8,7,7
ATTGGATAGCTTTAATTTGTT,GAGAAACAACAGC,true,3,10,9,29,0,0,0,0,0,0,0,0,0,0,0,0,2,1,1,1,3,0,0,0,27,26,24,23,23,20,17,17,14,11,11,10,10
CGTCTTCTCCTACAATTTCAC,ATTGAATGTCATA,true,2,12,14,39,1,0,0,0,0,0,0,0,0,0,0,0,2,1,2,2,2,0,0,4,38,34,29,29,26,24,18,17,17,15,12,12,12
TTTTTTATTCTTTTTCTTTTT,TTGTCTTTTTCTG,false,7,1,0,22,0,0,0,0,0,0,0,0,0,0,0,0,0,0,0,0,0,0,0,0,19,14,2,1,1,1,1,1,1,1,1,1,1
TGCATGGACATATCCGGTAGG,AAACATCAGCGAT,true,3,5,13,25,0,0,0,0,0,0,2,0,0,0,0,0,1,0,2,2,3,2,1,0,23,23,21,17,14,14,11,9,7,7,7,5,5
CATCGATAAATGCCTTTGCTT,TCCCTGTCAGGAT,true,3,7,14,29,0,0,0,1,0,0,0,0,0,0,0,0,0,2,0,2,1,3,1,3,25,22,21,18,15,14,13,12,10,9,8,8,7
GCAAGCGCCATTTGCTCTTTT,TTTGTGTTCTATA,true,7,7,16,47,0,0,1,0,0,0,0,0,0,1,0,0,0,0,0,3,0,1,1,5,44,38,29,19,19,17,17,15,14,11,9,8,7
ATTTGACGCCTCAATTTTTTC,GAGTAACTCGTCA,true,2,10,11,30,0,0,0,0,1,0,0,0,0,0,0,0,1,1,1,3,0,2,1,0,27,27,21,21,21,20,18,18,16,14,13,11,10
GCTGAACGGTTTCAAAAAGGA,TTCGGCGGAGCCG,true,2,10,11,30,0,0,0,0,0,0,0,0,0,0,0,0,2,0,3,0,0,0,4,2,29,25,25,24,19,16,16,14,12,10,10,10,10
GCCCCCGTTCTACATTCGTAA,TAGCAAGGATATC,true,2,8,5,19,1,0,0,0,0,0,0,0,0,0,0,0,1,0,1,0,0,0,0,0,19,17,17,16,16,15,12,11,10,10,10,10,8
TATCAAGTATATTTTTGGAAG,GTTAGAACGAAAT,true,3,6,6,19,0,0,0,0,0,0,0,0,0,0,0,0,1,0,0,1,0,0,3,1,12,12,9,8,7,7,7,6,6,6,6,6,6
TATCACTTCATCTTTTGATAA,TGATGGCCCGTAT,true,3,3,2,11,0,0,0,0,0,0,0,0,0,0,0,0,0,0,2,0,0,0,0,0,10,10,9,8,7,6,6,6,6,5,3,3,3
TTTTCCAGCAAGCCTTACCTG,TGCCACTTCGTAT,true,2,12,8,29,0,0,0,0,0,0,0,0,0,0,0,0,1,1,3,2,0,0,0,1,28,26,22,21,19,18,18,15,12,12,12,12,12
GTTCGGGAATTTTCATTTTTC,GTCTATGCAAGAG,true,2,9,7,22,0,0,0,1,0,0,0,0,0,0,0,0,0,1,2,0,0,0,0,0,21,20,19,16,16,15,14,14,14,14,13,11,9
GCTAAGCTGGCTGTTTTCATT,TTTGTATATCCTG,true,5,7,16,43,0,1,0,0,0,0,0,0,1,0,0,1,0,1,1,5,1,1,0,4,42,39,30,25,24,20,18,14,10,9,8,7,7
ATCGGCCAAAAAATACGGTTT,AGATGTGCTATGC,true,3,7,4,13,0,0,0,0,0,0,0,0,0,0,0,0,1,0,1,2,0,0,0,0,11,9,9,9,9,8,7,7,7,7,7,7,7
CGGCATTTTTTCTTAAGTGTG,TAATCATTTCTTG,true,3,8,13,25,0,0,0,0,0,0,0,0,0,1,0,0,3,4,2,2,0,0,0,1,19,18,18,15,14,13,12,11,9,8,8,8,8
AATCAGAAATTGAAATCGCAG,CAAATGTCCAGCA,true,3,10,10,31,0,0,0,0,0,1,0,0,1,0,0,0,0,0,2,2,1,0,3,0,30,28,28,23,22,19,17,15,13,13,11,10,10
CAACTATAACCTGACTGTACA,GCAAATCCGAAAC,true,3,4,12,24,0,0,0,0,0,0,0,0,0,0,0,0,3,0,1,0,2,2,0,0,24,22,21,20,15,13,12,9,8,8,8,6,4
TTCAGGGTCTGTCGTATATTG,ATTAGATTCTATA,true,2,6,9,24,0,0,0,0,0,0,0,0,0,1,0,2,0,0,2,1,0,0,0,2,24,23,20,17,15,15,13,11,9,8,7,6,6
TCCGTTCAGCATAATGTCCAT,CTTGACAAGTTTA,true,3,6,12,30,0,0,0,0,0,0,0,0,0,0,0,0,4,0,1,1,2,0,0,0,27,25,23,23,19,18,17,15,10,10,10,10,6
TAAAAAAAACTTAATTATTAC,GCCTTCAGAAGCT,true,2,8,6,19,0,0,0,0,0,0,0,0,0,0,0,0,0,1,0,1,1,1,0,1,17,17,13,12,11,10,9,9,9,9,9,9,8
CACCTTCATAAAATGCATCAC,CCCTTGGGTAATG,true,4,4,11,27,1,0,0,0,0,0,0,0,0,0,0,0,1,0,0,2,0,3,2,1,27,23,16,14,12,12,10,7,7,7,6,5,4
AAAAGAAAAAAGCTCTCGTTA,AAAATAGAGAGCA,true,5,10,22,41,0,0,0,0,0,0,0,0,0,1,0,0,4,0,2,3,7,0,3,1,41,41,39,30,27,25,21,19,17,14,12,11,10
GATACGTGACAAAGACCGTCT,GGCTAGAATTGCG,true,2,6,11,25,0,0,0,0,0,0,0,1,0,0,0,0,3,0,0,1,2,1,1,0,24,21,17,16,13,12,12,11,10,10,9,6,6
GACGAAGAAGACCTAAAGCAA,TATAAAACGAATA,true,4,9,9,28,2,0,0,0,0,0,0,0,0,0,0,0,0,0,1,1,1,0,0,3,23,21,18,13,11,11,10,10,10,10,10,9,9
TTTTGTATGGTAAAGCGGCCG,CTTTATTTTTTGA,true,6,2,4,14,0,0,0,0,0,0,0,0,0,0,0,0,1,0,0,0,1,0,0,2,12,12,12,9,7,5,4,4,4,3,2,2,2
CCATAAACAGAAGCTGCAAAG,CCGATCCTTGATC,true,2,5,6,12,0,0,0,0,0,0,0,0,0,0,0,0,2,0,1,0,0,2,0,0,12,10,10,10,9,9,8,7,7,7,6,6,5
GCTGGAAATAGGCAAATCCGT,TTCCCATAAGGCT,true,3,6,23,59,0,6,0,0,0,0,0,0,0,0,0,0,1,2,1,3,1,3,2,4,56,47,40,40,28,17,14,13,11,9,6,6,6
ATTCAATATCTGTATGAATAA,TATTATCCCGCTC,true,3,10,9,33,0,0,0,0,0,0,0,0,0,0,1,0,1,0,0,4,0,2,0,1,31,28,25,21,17,15,14,13,10,10,10,10,10
GTGGTTACCTGTCTCTACCCA,AAAAGGAGGATGA,true,5,8,6,21,0,0,0,1,0,0,0,0,0,0,0,0,1,0,0,1,0,0,2,0,21,21,20,17,14,13,13,12,9,9,9,9,8
AAATAAGGACAATTGTACGAC,ATTTTCTTCTTAT,true,4,6,7,23,0,0,0,0,0,0,0,0,1,0,0,0,2,0,1,1,0,0,0,2,21,19,19,18,14,10,9,7,7,7,6,6,6
CAGCTAAAAAGCAGGCTGCGT,TTGCGGCCGCCGT,true,3,8,12,26,0,0,0,0,0,0,2,0,0,0,0,0,1,0,3,0,0,3,2,1,26,24,22,19,19,16,15,12,12,12,8,8,8
TCGAATACAACGCCGCCGGCA,TCCTTTATAATAG,true,3,8,7,21,0,0,0,0,0,0,0,0,0,0,0,0,0,3,0,1,2,0,0,1,21,21,19,18,17,16,15,14,14,11,10,8,8
GCAATACGCGCAAGCTTCATC,TGGAAAAGAGCAT,true,4,10,17,36,0,0,0,0,0,0,0,0,0,0,0,0,0,3,2,3,5,1,0,2,31,30,26,26,25,23,19,17,15,15,12,11,10
AATTTGCTCTTGCATTAAGAG,GACAGGGTGAAAG,true,3,7,10,26,0,0,0,0,0,0,0,0,0,0,0,0,0,1,2,2,0,2,2,0,22,20,16,16,15,15,11,10,9,8,8,8,7
GTGAAAACGAAAATTTACTAG,TTGTTAAATTAGA,true,3,5,11,26,0,0,0,0,0,0,0,0,0,0,0,0,3,0,0,3,2,0,0,1,26,24,19,19,18,17,16,13,10,9,7,5,5
GAATCGGCAAATTCCACTTTT,GTATTTCTTGGTA,true,4,7,15,31,0,0,1,0,0,2,0,0,0,1,0,0,0,1,2,0,1,0,1,6,28,25,23,22,22,16,16,14,10,9,7,7,7
TATCTCTTTATATTTGATTTC,AGGAATATACTTG,true,2,13,12,37,1,0,0,0,0,0,0,1,0,0,0,0,2,0,1,2,2,0,1,2,36,36,34,31,26,22,21,20,16,13,13,13,13
CGGGTCTGATGAACAGCATTT,CGCGCCGAACTAT,true,3,8,10,28,0,0,0,0,0,0,1,0,0,0,0,0,1,1,3,1,1,2,0,0,23,22,19,16,15,11,11,11,10,9,9,8,8
TTGCTGTCTATCATACAATGA,GACAAGTAGTCTA,true,2,18,12,43,0,0,0,3,0,1,0,0,0,0,0,0,1,0,1,1,2,0,1,1,37,34,32,32,29,25,24,22,19,19,19,19,18
ACACAATAACACTTTTTGAAC,ACTAGCTACTCCG,true,2,6,10,18,0,0,0,0,0,0,0,0,0,0,0,0,3,0,0,1,1,0,0,1,17,15,14,14,13,13,13,12,12,12,10,6,6
TTCCTGCACGGCTGTCCTTGA,TCTTTGCAATTCG,true,3,10,15,34,0,0,0,0,0,0,0,0,0,0,0,0,1,2,4,3,1,0,0,4,32,29,28,27,22,19,16,15,13,13,11,10,10
ATCAATGATCTCAGGCTCCTT,GGCAGCGTTTTCG,true,4,6,8,26,0,0,0,0,0,1,0,0,0,0,0,0,0,1,0,2,0,0,3,1,22,18,17,16,12,12,11,9,8,8,7,6,6
CGCGATCGTCGGTAATGAAGG,CTGCCACTTTAGA,true,3,9,10,25,0,0,0,0,0,0,0,0,0,0,0,0,0,0,2,3,0,1,0,1,21,19,18,17,16,15,15,15,15,14,12,11,9
TCACACCGGCTTTTTCATTCA,CCTGCACCTGAAG,true,2,5,6,16,0,0,0,0,0,0,0,0,0,0,0,0,1,0,0,1,1,2,0,0,15,13,11,11,11,10,9,8,7,7,6,5,5
ATAAAGGTTCATGACGCCTGT,TTTAAGGAAAACT,true,4,6,6,24,0,0,0,0,0,0,0,0,0,0,0,0,1,0,2,1,1,0,0,1,24,23,20,12,11,11,11,10,10,9,7,6,6
CTGTGAACGTAACGAGTGAGT,TAATGTCCTTTTC,true,4,6,10,21,0,0,0,0,0,0,0,0,0,0,0,0,2,0,1,3,0,1,0,1,20,16,15,13,13,12,10,9,8,8,8,7,6
TGTCGCCTTCATTAAAAGATA,AAAGCTGACTATG,true,4,8,16,30,0,0,0,0,0,0,0,0,0,0,0,0,2,1,2,2,4,1,3,1,30,29,24,19,17,17,15,13,11,10,9,8,8
AAGTGGAAAAAGAAAACGGAA,CTGCACATTTATG,true,3,8,13,29,0,0,0,0,0,0,0,0,0,0,0,0,5,2,1,0,1,2,0,1,25,23,22,20,17,14,13,12,12,10,10,9,8
GATAAAATAATGTATGACACG,AAACGGCCAAGCA,true,3,5,7,20,1,0,0,0,0,0,0,0,0,0,0,0,2,0,0,2,1,0,0,0,19,19,17,13,12,11,11,10,9,7,6,6,5
ACAAGAGAAGAAACACAGCAA,TTATTAAAACAAG,true,4,6,6,24,0,0,0,0,0,0,0,0,0,0,0,0,3,0,0,0,0,0,0,1,23,21,20,14,14,13,13,13,12,8,8,8,6
TCCGCAGGCCCAGCATCCTTA,TTCATTTGAATTG,true,3,4,5,20,0,0,0,0,0,0,0,0,0,0,0,0,1,1,0,0,0,1,0,1,18,15,12,8,7,7,5,5,5,5,5,5,4
TTGGTTGTTGTTGAACTGTTT,CTTGTTTAGGTTG,true,3,6,9,30,0,0,0,0,0,0,0,0,0,0,1,0,1,2,1,1,0,0,1,0,22,20,19,15,15,14,14,12,11,10,8,8,6
AGGACAGCGGAACGCTTGAGG,AGCTCATTGAAGA,true,2,6,7,20,0,0,0,0,0,0,0,0,0,0,0,0,0,1,3,1,1,0,0,1,18,17,16,16,14,14,13,11,9,8,6,6,6
GAAGGATCATCGGACGGCGTT,TCGTTTTTTCATA,true,6,6,9,25,0,0,0,0,0,1,0,0,0,0,0,0,1,0,0,3,0,0,0,2,21,16,15,15,15,15,13,12,10,8,8,7,6
GTGACGGAAGGGGAGTAGCCG,AGCTGATGGAAGC,true,2,10,16,30,0,0,0,0,0,2,0,0,0,0,0,0,4,1,2,2,2,0,2,1,30,29,28,26,24,22,20,19,17,15,14,10,10
TTATATGATATGAGTCATCCA,AAATGAATAAGTA,true,4,9,9,28,1,0,1,0,0,0,0,0,0,0,0,0,2,0,0,1,2,0,2,0,28,27,20,19,17,15,14,13,13,12,9,9,9
GATTGTAATCTCGATCAAATT,TCCTTCATCATCT,true,3,9,16,36,0,0,0,0,0,0,0,0,0,0,0,0,2,1,1,3,1,4,0,4,28,24,21,21,18,18,16,15,12,10,9,9,9
CAAAAACTCAAAATTAACTAT,ATTATTATTGCCA,true,2,3,2,12,0,0,0,0,0,0,0,0,0,0,0,0,0,0,1,0,0,0,0,1,11,9,7,7,6,3,3,3,3,3,3,3,3
TATAGCGTGTAATGGCCAGCT,AATGTAAACATCG,true,3,11,13,34,0,0,0,0,0,0,0,0,0,0,0,0,3,0,1,3,3,1,0,0,31,29,25,25,24,21,20,18,15,14,14,12,11
TTTGAGCTGCAGTGAGCTTTC,CAGATTTTTAATC,true,5,8,7,26,0,0,0,0,0,0,0,0,0,0,0,0,1,1,0,0,0,2,0,3,21,19,18,16,15,14,13,11,8,8,8,8,8
TAAAGGCTGTCCGCCATTTTC,TACATCAATAATG,true,2,7,10,23,0,0,1,0,0,0,0,0,0,0,0,0,5,1,0,0,1,1,0,1,21,20,17,16,14,13,12,11,9,9,8,7,7
TCACCGCATGAACCGCATAGT,CCTTTTCAACATA,true,4,9,8,24,1,0,0,0,0,0,0,0,0,0,0,0,1,1,0,1,1,0,0,1,23,19,19,19,18,17,17,15,12,11,11,10,9
GATTGAGCTGACGGCAGCGAT,TATTATGCTTGTA,true,2,10,6,26,0,0,1,0,0,0,0,0,0,0,0,0,0,0,0,3,0,0,0,2,24,21,21,21,17,15,13,12,12,11,10,10,10
GCGCTCTGCCTGCACCTTGCC,GCTGATGCTCTTC,true,2,8,8,24,0,0,0,0,0,0,0,0,0,0,0,0,1,1,1,2,1,2,0,0,22,22,21,17,16,14,13,9,8,8,8,8,8
TCGCAATTCTTAGACTTTTTA,TTTCGTTGGGTGT,true,3,11,17,35,0,0,0,0,0,0,0,1,0,0,0,1,0,2,0,3,0,0,7,2,33,32,29,25,24,23,21,21,19,13,13,12,11
AAGGCTGAGAGGCGCACGTAT,TTATTTAGATGTC,true,3,12,17,42,0,0,0,0,0,0,0,0,0,1,0,0,1,2,3,0,1,0,1,7,42,32,31,31,30,24,23,23,22,19,16,13,12
CATGTGTTACATAATTTTCGT,CATCGTGAATTGA,true,2,5,6,16,0,0,0,0,0,0,0,0,0,0,0,0,2,0,1,1,0,1,1,0,12,11,11,10,9,9,9,8,8,7,7,5,5
GTTCCGGACGTCAGGGAGACC,CGGGGATCACCCA,true,4,9,8,30,0,0,0,0,0,0,0,0,0,0,0,0,0,0,1,0,0,3,3,0,22,18,18,18,12,11,11,11,11,11,11,10,9
GCGCAGGTGGTACGGGTTTTG,GCATTATGGCGAT,true,2,4,8,24,0,0,0,0,0,0,0,0,0,0,0,0,0,1,2,1,0,1,2,0,15,12,9,8,7,6,6,6,6,5,5,5,4
CCAGTTCTACAAATACACAGC,ACTACGCAGCTCA,true,1,15,9,36,0,0,0,0,0,0,0,0,0,0,0,0,0,0,3,2,0,3,0,1,36,32,31,29,26,24,21,20,19,16,16,15,15
TAAAAAAATGCCGCCCGCTCC,GGTAGCCTGAGAC,false,2,1,0,14,0,0,0,0,0,0,0,0,0,0,0,0,0,0,0,0,0,0,0,0,14,11,10,1,1,1,1,1,1,1,1,1,1
GAAGCGTTGCGTAGCGGTTGT,CCGTTCTTTTGTG,true,4,4,9,27,0,0,0,0,0,0,0,0,0,0,1,3,0,0,0,0,0,1,0,0,23,23,21,20,17,13,12,12,10,4,4,4,4
CGAGAATGCAGGTTCCGTGTT,CTAAAAGAGCTGC,true,4,8,10,26,0,1,0,0,0,0,0,0,0,0,0,0,2,0,0,2,4,0,0,0,20,20,20,18,17,12,12,11,9,9,9,9,8
TGACGTATGTGTATCAAGTTT,TGATCGGGCTCTC,true,4,8,12,32,0,0,0,0,0,0,0,0,0,0,0,0,0,0,1,5,0,0,4,2,25,15,14,13,13,13,13,10,8,8,8,8,8
AAAGCATTCAATCAGATGTTC,AATGTCAAATTTA,true,3,9,13,34,1,0,0,0,0,1,0,0,0,0,0,0,3,2,0,1,3,0,0,0,31,30,26,22,21,19,17,16,13,12,11,11,9
AGAAATCGCCGCCGCGGCAAA,AGGCTGTGACGCT,true,4,7,9,27,0,0,0,0,1,0,0,0,0,0,0,0,1,0,1,2,1,1,1,1,21,19,15,14,12,11,11,10,10,8,7,7,7
TGAAAAAAGACCACTGACATT,ATTCAGTGGCCTA,true,2,6,11,22,0,0,0,0,0,0,0,0,0,1,0,0,3,0,0,1,0,1,2,1,21,20,17,15,15,11,10,10,9,9,8,8,6
ATTTGAATAAAAGGCGCCGAC,CCGATGCCGAATG,true,3,4,9,28,0,0,0,0,0,0,0,0,0,0,0,0,0,3,0,2,1,3,0,0,25,20,16,14,13,11,10,6,5,5,4,4,4
GTTTCATTTTTTTTTGGTCAA,AAATGAATGACTA,true,5,2,1,11,0,0,0,0,0,0,0,0,0,0,0,0,1,0,0,0,0,0,0,0,10,10,9,3,3,3,3,2,2,2,2,2,2
GTCGTTTTAGGATATCGCGAC,ACGTTTGGCTGGA,true,3,6,9,24,0,0,0,0,0,1,0,0,0,0,0,0,0,1,0,3,0,0,2,1,22,17,17,16,15,13,11,9,9,9,7,6,6
GATAATTGGCTGTACGCCGTT,CTTGATCCCATCT,true,3,6,5,22,0,0,0,0,0,0,0,0,0,0,0,0,0,0,0,1,0,2,1,1,19,17,15,13,12,10,9,9,7,7,7,6,6
TGTCATTTATACATCAGGCTC,AACGGGTGTTCCT,true,3,4,14,24,0,0,0,0,0,0,0,0,1,0,0,0,3,0,0,1,2,2,4,0,23,21,17,17,17,13,13,11,10,9,7,5,4
CCTTTCGTTTTCTTAAATAAA,AAGGTGCCGATGC,true,5,9,11,29,0,0,0,0,0,0,1,0,0,0,0,0,3,0,2,2,1,1,0,1,26,25,20,17,16,16,14,12,12,12,11,9,9
GCAAACTCCTTGTGGCCGTTG,AGACAGATGCAGA,true,1,11,7,27,0,0,0,0,0,0,0,0,0,0,0,0,1,2,1,0,1,1,1,0,27,24,20,16,14,14,14,14,13,12,12,11,11
CCTGAATCATGATAATGCTCA,CTATAATAGCAGT,true,2,7,7,22,0,0,0,0,0,0,0,0,0,1,0,0,4,0,0,1,1,0,0,0,20,20,19,17,15,15,14,13,9,9,8,7,7
TGATTTTTCCTTCCGGCACAC,GGAAACGAATACT,true,3,6,15,29,0,0,1,0,0,0,0,0,0,0,0,0,6,1,2,0,1,0,3,0,26,22,20,19,15,11,11,11,10,8,8,7,6
CGGTCCATGTTGCGCTTCATG,TTTTCCGGGAAGA,true,4,8,11,27,0,0,0,0,0,0,1,0,0,0,0,0,1,0,0,2,1,1,2,2,27,26,26,21,17,14,14,13,11,11,10,8,8
TGACGCAACTGTCAGACAGAC,TTCCTTGAAAAAC,true,5,8,10,29,0,1,0,0,0,0,0,0,0,0,0,0,0,0,3,1,0,1,0,0,26,24,23,19,19,19,19,15,15,14,12,10,8
GAGTCAGACTGCGGAGTGATA,AGATCCGTAGTCG,true,2,3,8,12,0,0,0,0,0,0,1,0,0,0,0,0,0,0,1,3,0,1,2,0,12,12,12,11,10,9,9,9,8,6,5,3,3
ATGTTGAGAAAACTAGACAAT,GTACATGCCGACA,true,2,3,5,16,0,0,0,0,1,0,0,0,0,0,0,0,0,0,1,0,0,0,0,1,14,13,12,10,9,7,6,6,5,5,5,4,3
GTGCATTCCCCTGACAATTTG,GCCGAATGCCACT,true,2,4,3,17,0,0,0,0,0,0,0,0,0,0,0,0,1,0,1,0,0,0,1,0,12,11,8,7,7,7,7,6,4,4,4,4,4
TTACCGGACAAGCATCTGCAT,CGACAAAAATCGT,true,5,6,13,29,0,0,0,0,0,0,1,0,0,0,0,0,5,3,1,0,2,0,0,0,28,23,21,17,15,15,15,14,11,8,8,7,6
GCTAACGTGTGTGCAAGCCGG,GGAATTTCTTCGT,true,4,10,7,27,0,0,0,0,0,0,0,0,0,0,0,0,0,0,0,3,2,1,1,0,26,19,18,16,15,15,14,10,10,10,10,10,10
ACAGATAAAGAGCAGCCATAA,TGACATAGACCAC,true,2,17,5,30,0,0,0,0,0,0,0,0,0,0,0,0,2,0,0,0,0,1,0,0,27,27,26,23,23,23,20,19,19,19,19,19,17
AGACGGCAGGATTAATATCCC,GCAGCCTAAAACG,true,4,5,8,18,0,0,0,0,0,0,0,0,1,0,0,0,3,0,0,1,0,1,1,0,17,17,17,13,13,11,10,10,9,9,8,5,5
TTATGGCTTGATTTTGTCCTT,TCAAACGAAGAGA,true,3,3,3,11,0,0,0,0,0,0,0,0,0,0,0,0,0,1,0,1,0,0,0,0,9,7,6,5,4,4,4,4,3,3,3,3,3
GGATACACTTTCGAAAAAGGG,GAAGTTACATGGA,true,4,8,4,22,0,0,0,0,0,0,0,0,0,0,0,0,2,1,0,0,0,0,1,0,14,14,12,11,11,11,9,8,8,8,8,8,8
CATACCCATTATCATGCTGCG,GAGAATCATAAAT,true,3,7,9,24,0,0,0,0,0,0,0,0,0,0,0,0,1,0,1,4,2,0,1,0,22,19,17,16,13,12,12,11,10,9,8,7,7
GTTTGGTCATAAGTTGCTGCC,CAATCTTCAAAGA,true,3,3,16,30,0,1,0,0,0,1,0,0,0,0,0,0,0,0,2,4,2,2,0,1,25,23,19,18,16,15,14,9,8,7,5,3,3
AATAAAAAGATTTGATTCGAA,GGGTCCACCATGA,true,3,6,15,31,0,0,0,0,1,0,0,0,0,0,1,0,3,1,1,2,2,2,0,0,28,27,24,22,19,18,15,15,12,11,8,8,6
TCGATATTGATACGCTAACCT,GGCTTGAACATTA,true,2,8,13,33,0,0,0,0,0,0,0,0,0,0,0,0,2,1,2,1,2,2,1,1,31,29,26,26,22,19,19,17,11,10,10,9,8
CCGCATGGCTCGGACCGGAAA,GAACAACAATATC,true,3,6,9,22,0,1,1,0,0,0,0,0,0,0,0,0,2,0,0,0,3,0,0,1,21,20,15,13,13,12,11,11,9,7,7,6,6
TAATTTCTCGATTTTTGTCAT,CAAGTGTCCATCG,true,2,7,15,41,0,0,0,0,0,0,1,0,0,0,0,0,3,2,1,1,2,3,1,1,37,34,29,19,19,18,16,15,12,11,9,7,7
GAACTCTACCGTACCCGCGTT,TATATAGTTTACA,true,3,7,10,22,0,0,0,0,0,0,0,0,0,0,0,0,1,0,1,4,0,0,0,3,18,16,16,15,13,12,12,11,10,10,8,8,7
TCGAAAGCGATGCAGGCTTTA,CAGCCGGAAATGC,true,3,8,13,30,0,0,1,0,0,0,0,0,0,0,0,0,1,0,1,2,5,0,1,0,25,24,21,20,20,20,17,15,15,11,11,10,8
TCCTCAATACGCCCCAGATGG,CAGCCGTGCCGCA,true,2,10,7,25,0,0,0,0,0,0,0,0,0,0,0,0,0,2,3,0,0,2,0,0,22,19,18,15,14,11,11,11,11,10,10,10,10
GAAGAGCCATGCCATTCACTT,TTTACAATTTACG,true,5,9,10,29,0,0,0,0,0,0,0,0,0,1,0,0,1,0,0,2,2,0,0,2,27,26,20,17,16,16,15,13,13,12,11,10,9
GCTGCTTTTACTTTGCTGATT,AGGTTGCTTGCGT,true,2,10,16,35,0,0,0,0,0,1,0,0,0,0,0,0,0,3,3,3,1,0,4,1,32,31,26,24,23,17,17,16,13,12,10,10,10
TTGAGGCGTTCTTCAATGATA,AAGCAGTTTGGCG,true,3,8,11,28,0,0,0,0,1,0,0,0,0,0,0,1,0,0,0,1,3,0,2,0,28,24,23,23,20,17,16,15,14,12,9,8,8
ATACGAGCCATGCTCTGTTTT,GATGAATCCGACA,true,4,10,15,42,0,0,0,0,0,0,0,0,0,0,0,0,4,0,0,3,1,3,0,1,34,31,27,24,24,22,16,16,13,13,13,12,10
TGAATTTCCTCACTTTGACCT,GCTGGGAGAGACA,true,3,9,8,28,0,0,0,0,0,1,0,0,0,0,0,0,1,3,0,1,0,0,1,0,27,25,22,20,19,17,13,12,11,10,10,10,9
TCAGGGAGGGAGACGTTTGCG,GGATGGCATAGGA,true,3,4,4,18,0,0,0,0,0,0,0,0,0,0,0,0,1,1,0,1,0,1,0,0,17,14,13,11,11,8,7,6,5,5,4,4,4
ATGTTAATCATTCAGCAACCT,CCTTTGCAAGTTA,true,3,5,8,19,0,0,0,0,0,0,0,0,0,0,0,1,0,0,1,0,2,2,0,0,19,17,17,15,12,11,10,10,7,7,7,7,5
TTCACACTTTGGCCGAAGGAA,GATTTAAATATGA,true,3,5,3,11,0,0,0,0,0,0,0,0,0,0,0,1,1,0,0,0,1,0,0,0,10,10,10,9,8,8,8,7,6,6,5,5,5
CTGGCTTTTCTAATCAAACCC,GGTCACCTCTTCA,true,3,3,7,19,0,0,0,0,0,1,0,0,0,0,0,0,0,3,0,0,1,0,0,2,16,13,11,11,8,6,5,3,3,3,3,3,3
CCCAGGTTTTATTGATTGTGA,TTTCATTTAAATC,true,3,8,4,19,0,0,0,0,0,0,0,0,0,0,0,0,2,0,0,1,0,0,0,0,19,18,17,13,13,11,11,11,9,9,9,9,8
GAAAAAGGCGATATCGTAAAA,AGCATAGATAATC,true,5,10,14,35,0,0,0,0,0,0,0,0,0,0,0,0,5,2,0,2,3,1,0,1,28,20,19,17,15,14,14,14,13,11,10,10,10
GGAATTGCCAATTATAAGCTG,CTGGCTCAGCTTG,true,2,7,12,21,0,0,0,0,0,0,0,1,1,0,0,0,1,2,0,1,0,1,5,0,19,18,17,13,12,12,10,10,7,7,7,7,7
GCCAGCGTGGAAGAAGGAATC,GTTTTACGAAAAG,true,4,6,6,15,0,0,0,0,0,0,0,0,0,0,0,0,1,0,3,1,0,0,0,0,15,15,14,14,13,10,9,9,7,7,7,7,6
AAAGGCGAAAAAGCTCACAGA,ACCGGTCTCCAGA,true,2,2,5,11,0,0,0,0,0,0,1,0,0,0,0,0,1,1,0,1,0,1,0,0,9,5,4,4,4,4,3,3,3,3,2,2,2
TCCTTACGCCTCCAAAGTGCC,CGGTGTCATGCAC,true,3,7,10,34,0,0,0,0,0,0,0,0,0,0,0,0,1,0,1,1,0,1,3,1,25,22,19,19,15,13,12,12,11,10,9,8,7
GGTATGAAATCAAAGCTGTTA,GCTGCACAAACTG,true,3,5,12,21,0,0,0,0,0,0,0,0,0,0,0,0,4,1,0,0,5,1,0,0,21,21,19,19,19,18,16,15,14,10,6,6,5
AACGGCTCTCCCCTAAAATCC,ATATCAAGGCCCG,true,3,10,20,38,0,0,0,1,1,0,0,0,0,0,0,0,3,3,0,5,2,1,1,1,36,36,31,30,24,22,19,15,12,12,12,10,10
CTTCTCCGATCATTTCTGACA,GCAGCATTTTCGC,true,4,10,12,35,0,0,0,0,0,0,0,0,0,0,0,0,0,0,2,2,0,0,1,4,33,28,25,22,19,19,19,19,19,15,14,12,10
TCTGTTGAGATCTTTAAAGTG,CTGCTTAATCGTA,true,2,10,7,24,0,0,1,0,0,0,0,0,0,0,0,0,0,0,2,0,0,1,2,1,22,20,18,16,16,14,13,13,13,12,11,10,10
TCACTTTTATATAACCAGGCA,ATATTTTTTCACA,true,6,6,8,19,0,0,0,0,0,0,0,0,0,0,1,0,1,0,0,2,3,0,0,0,17,15,13,13,13,13,13,13,11,7,7,7,6
GTCATATCTTTTAATGAAGCC,AGCATTGGAATAT,true,2,7,18,34,0,0,0,0,0,2,0,0,0,0,0,1,1,3,0,1,2,1,4,1,30,28,26,24,23,21,17,12,12,10,9,7,7
GAAATGGCGACCTTGCACCAA,ACGGAGACCTATG,true,3,4,16,33,0,0,0,0,0,0,0,0,1,0,0,1,2,0,1,0,2,3,2,3,28,23,23,21,17,15,15,15,11,7,6,5,4
TGAACCGTCCTCACGCATCAT,TTCATAATCGTCG,true,3,8,5,19,0,0,0,0,0,0,0,0,0,1,0,0,0,0,0,0,1,0,0,3,17,11,11,8,8,8,8,8,8,8,8,8,8
GAGCTGATTGTTGAACATAAA,GAAGAACTTGCAG,true,3,12,8,30,0,0,0,0,0,0,0,0,0,0,0,0,3,0,2,0,0,1,0,1,25,24,23,22,22,21,18,18,17,16,13,12,12
GAAACGCGGAGACTTAGTTTT,CTTTGACACATAT,true,4,7,8,26,0,0,0,0,0,0,0,0,0,0,0,0,1,2,1,1,1,0,0,0,19,18,18,15,14,14,14,12,10,8,7,7,7
CCGGGACGCGGCAAGGCTGTG,GTCTAAGCTGGGA,true,3,9,12,31,0,0,0,0,0,0,0,0,0,0,0,0,0,2,0,4,0,1,1,3,28,24,20,17,15,14,13,12,12,11,10,9,9
TCTATTGAAAAAGCAACGCCT,TTATTCAAAGTAG,true,3,6,20,34,0,0,0,0,0,1,0,0,0,1,0,0,2,0,2,3,3,0,3,3,34,33,28,24,20,19,19,18,15,9,8,8,6
GGCATTAAGCATTTCTATATG,AGGCCGGATTTGC,true,3,6,15,30,0,0,0,0,0,0,0,0,0,0,0,1,1,2,0,3,1,2,4,0,28,25,19,18,15,15,11,10,10,10,9,7,6
ATGAACATCAATCACGACAAT,TTTGGCACCTTGT,true,4,9,12,28,0,0,0,0,0,0,0,0,0,2,0,0,0,1,0,4,0,1,0,4,27,27,22,16,15,13,13,12,12,11,9,9,9
AACACGAGAAATGTGCCGATC,AATGCGCAGCTTA,true,2,8,7,21,0,0,0,0,0,0,0,0,0,0,0,0,3,2,0,0,0,0,1,0,19,17,14,12,12,11,10,10,9,9,9,9,8
AGGGATCCGGCTTTATAAAGG,CGGCGAAGAATTC,true,2,6,9,25,0,0,0,1,0,0,0,0,0,0,0,0,3,0,1,0,2,0,0,1,23,21,21,21,19,19,16,12,11,10,8,6,6
GAAGCTGGACAAGTTGCGGTT,ATTGGCATGAGCA,true,2,8,11,24,0,0,0,0,1,0,0,0,0,0,0,0,4,0,1,1,0,0,4,0,23,21,21,21,15,13,13,12,10,10,9,8,8
TAATGTCGATCGGTTTGAGTT,CTTTCGGACCGAT,true,3,10,18,38,0,0,0,0,0,1,0,1,0,0,0,0,5,0,0,4,1,3,1,1,34,32,32,27,23,22,21,21,18,13,12,11,10
GTAAACAAAAACGTGTACCCA,GCAGGGTACACGT,true,3,7,3,18,0,0,0,0,0,0,0,0,0,0,0,0,1,0,0,0,0,2,0,0,16,14,14,14,13,11,11,10,8,8,8,7,7
TCGCCCGGCTCGAGTACATCG,TCTCCTCCGGACT,true,2,4,10,21,0,0,0,0,0,0,0,0,1,0,0,0,1,1,2,2,0,0,2,0,21,21,18,16,15,14,10,9,9,7,6,5,4
GCGAAGCGATATTCCGCTGAT,CAGTATGGTGACA,true,2,4,8,20,0,0,0,0,0,0,0,0,0,0,0,0,3,0,0,2,1,0,1,0,19,17,14,13,12,8,8,8,8,6,6,5,4
TCCATCAAGAATCGTCGGGCT,AATAAAAAACCAC,true,6,8,6,26,0,0,0,0,0,0,0,0,0,0,0,0,3,0,0,1,1,1,0,0,23,21,17,16,16,16,16,15,13,10,8,8,8
TCTTTCTCTTTTTTTTTTCTT,CTTTTTTGGGTTC,false,6,1,0,15,0,0,0,0,0,0,0,0,0,0,0,0,0,0,0,0,0,0,0,0,5,4,3,2,2,2,2,1,1,1,1,1,1
AGATTCACTTTATATTGAAGG,CGTATCTGAGCGT,true,2,7,9,27,0,0,0,1,0,0,0,0,0,0,0,0,3,0,0,2,1,0,0,0,22,22,22,20,16,15,15,13,12,10,10,7,7
AAAAGCTCCCGGGCCGATTTC,CGCAATGCCCCCT,true,5,9,8,23,0,0,0,0,0,0,0,0,0,0,0,0,2,0,0,1,0,4,0,0,23,23,23,22,21,19,16,16,15,15,14,10,9
TGACCAAATGATGGGCCACAA,TCAGCAAATGATC,true,3,2,7,19,0,0,0,0,1,0,0,0,0,0,0,0,4,0,0,0,1,0,0,0,17,17,16,12,12,11,10,8,5,4,4,2,2
ACTAAATGGATCTGTTGTTAC,AGGAACATCATGA,true,2,9,6,29,0,0,0,0,0,0,0,0,0,0,0,0,1,0,1,0,2,0,0,1,29,27,23,20,18,16,15,12,11,10,10,10,9
GCCGCAGCCTGCGAATTCAAG,CATTTCCAAATCG,true,3,7,11,24,0,0,0,0,0,0,0,0,0,1,0,0,2,1,1,2,1,2,0,1,19,18,18,16,13,12,11,11,10,9,8,7,7
ATGATCTCGTCCAATGACGAC,TGGCGCTTTTAGC,true,4,9,14,34,0,0,0,0,0,0,0,0,0,0,0,0,1,1,2,2,1,2,4,1,32,30,26,25,18,13,12,12,12,11,10,9,9
CAGCACAAGCGCGCTCGACCT,GCAAACGGAGGCG,true,3,8,7,25,0,0,0,0,0,0,1,0,0,0,0,0,0,0,0,2,1,0,1,0,24,22,21,21,18,12,12,12,11,11,10,8,8
TATACAGCAGGCTGCATCAAG,CGCAATTCGGGCA,true,3,6,14,33,0,0,0,0,0,0,0,0,0,0,0,1,0,3,2,2,1,1,1,3,30,27,26,22,18,17,14,11,10,10,9,6,6
TCGATTTGCATTCTAAAAATG,AACAGCAAAAAAC,true,6,6,12,26,0,0,0,0,0,0,0,0,0,0,0,0,2,1,1,0,2,0,0,0,25,22,18,17,17,14,14,14,13,12,12,11,6
AACGGGATATAGTCTATGACG,GGAACACCAAGTG,true,3,3,13,24,0,0,0,0,0,0,0,0,0,0,0,0,1,2,1,1,2,3,3,0,23,19,19,17,12,10,9,5,5,3,3,3,3
CAAGCTTTTCCCGGAGGCTTT,GAATGGCTAACGC,true,3,6,6,16,0,0,0,0,0,0,0,0,0,0,0,0,0,0,2,1,0,0,1,1,15,13,11,9,9,8,8,8,8,7,7,7,6
TGCCGGCGGAAGGCTCAATTA,ATCGGTTAATCAT,true,2,8,11,25,0,0,1,0,0,2,0,0,0,0,0,0,1,0,0,0,1,1,1,3,25,22,20,20,16,14,11,10,9,9,9,9,8
CACAATTGAGCTCAGTGATCT,TCCGAAGATGTCG,true,2,10,8,26,0,0,0,1,0,0,1,0,1,0,0,0,0,0,0,1,1,2,0,1,24,20,14,12,12,11,11,11,11,11,11,10,10
GCGCCGTATCCCTCAGCGACT,TTCGCGTAATCGA,true,3,16,8,40,0,0,0,0,0,0,0,0,0,0,0,0,1,0,2,0,2,0,1,1,40,35,30,30,26,22,20,20,17,17,17,17,16
ATGCGGTAGTCCAAGAGCTCC,ACGTCTTTATCGA,true,3,8,13,31,1,0,0,0,0,0,0,0,0,0,0,0,2,1,0,3,1,2,1,2,31,28,26,26,25,24,22,18,14,12,8,8,8
TATGTTCCATTAAAGGCACAT,GCTTATGGGCAGC,true,3,11,8,28,0,0,0,0,0,0,0,0,0,0,0,0,1,1,0,3,0,0,1,1,27,24,24,21,16,15,15,15,13,13,12,11,11
TTTTGCTGCCGGTAACGGATG,GGCCTCAAAATGA,true,4,2,1,17,0,0,0,0,0,0,0,0,0,0,0,0,0,0,1,0,0,0,0,0,15,15,15,10,3,3,3,3,3,3,2,2,2
TTTTTCGCGTTTTGTCTTTGC,GGGTCGGCTGAAG,true,3,3,5,12,0,0,0,0,0,0,0,0,0,0,0,0,0,0,0,1,0,2,1,0,12,12,10,8,7,7,6,4,4,4,4,4,3
GTACGCTTGAATTATTAACTG,AATTAAAAGTCGT,true,4,8,11,28,0,0,0,0,0,0,0,0,0,0,0,0,4,0,1,0,3,0,0,2,27,25,22,19,17,17,17,14,12,11,10,8,8
TTCAGGGCTTCGCATATCAGA,TATTCTGCAGCTG,true,2,9,11,31,0,0,1,0,0,0,0,0,0,0,0,0,1,0,1,3,1,1,0,2,26,22,21,18,16,16,13,12,12,11,11,10,9
TGATTCCTGCTCAACTAGTGA,ATTTGTCATTTGC,true,3,2,6,12,0,0,0,0,0,0,0,0,0,0,0,0,1,0,0,2,0,0,1,1,11,10,9,9,6,5,4,4,4,4,4,3,2
GTTTTCTCCAGTCTGACATCG,GCGTGCCTTCTTC,true,2,11,12,36,0,0,0,0,0,0,0,0,0,0,0,0,0,1,2,2,0,5,1,0,31,25,24,22,20,17,14,14,14,12,12,12,11
TCAAGCCTGCTGCTTACTAAA,CCAATCAGGATTC,true,3,8,9,30,0,0,0,0,0,0,0,0,0,0,0,0,3,0,0,2,2,1,0,0,25,20,19,17,15,14,14,12,11,11,9,9,8
GATACCTGTCCGTCCGGCTCA,ACCATCATCGTGC,true,2,6,6,19,0,0,0,0,0,0,0,0,0,0,0,0,0,1,1,2,0,1,0,0,17,15,13,11,11,9,9,9,8,8,8,7,6
TTGGTTCCGGCCCCTGTATAT,TCTGCAGGTCATC,true,2,5,12,24,0,0,0,0,0,1,0,0,0,0,0,0,1,0,1,2,0,0,3,4,20,18,18,17,16,15,14,8,7,6,6,5,5
ACACGCTGGCACGTTTTGACC,AGTTCATGCAAAT,true,3,8,8,26,0,0,0,0,1,0,1,0,0,0,0,0,1,1,0,1,0,0,1,1,22,19,19,18,15,15,13,10,9,9,9,9,8
AATCCACCCCTCTTCATCAAG,CATCAAGCCTTTC,true,3,3,9,21,0,0,0,0,0,0,0,0,0,0,0,0,0,3,1,0,1,1,0,1,20,15,14,12,11,9,9,9,8,6,5,5,3
GCGAAGACACTGTTACAATAT,AATTTGTAAAATA,true,4,3,6,13,0,0,0,0,0,0,0,0,0,0,0,1,1,0,1,2,1,0,0,0,12,11,8,8,8,8,7,6,4,4,3,3,3
AAAAAATACCGTATCAAACTG,AGAGCCAGAGAGA,true,2,5,10,23,0,0,0,1,0,0,0,0,0,0,0,0,0,1,0,1,0,1,1,0,23,20,20,19,19,18,15,11,11,8,8,6,5
TGATTGGCTGTCTTAAGAGGG,TTTTCACTTTACA,true,4,2,4,21,0,0,0,0,0,0,0,0,1,0,1,0,0,2,0,0,0,0,0,0,20,19,19,18,11,9,8,2,2,2,2,2,2
GATAAGGAAGGCTTCCTGCGT,TCGGAGCGTTCGC,true,2,5,10,20,0,0,0,0,0,0,1,0,0,0,0,0,1,2,1,2,0,1,0,0,20,15,13,13,10,9,9,8,8,8,7,6,5
TTAGAGCGGACAGTAGCTTGG,ATCAGCGGAGCGC,true,2,9,10,26,0,0,0,0,0,0,0,0,0,0,0,0,2,2,1,1,0,0,2,0,22,21,19,17,16,16,15,12,12,11,10,9,9
CAATGGAATCTTTGTTGCGTT,TCACTTGTCCTCG,true,3,10,10,29,0,0,0,0,0,0,0,0,0,0,0,0,1,0,0,5,0,1,0,2,24,17,15,15,15,13,13,13,13,12,12,11,10
TACTTTTTTCAGATTTTCAAT,AAGCTCGTCATAT,true,2,3,5,12,0,0,0,0,0,0,0,0,0,0,0,0,1,0,0,0,1,0,1,2,11,10,8,8,7,6,5,4,4,3,3,3,3
AATTCAGCAAACATCGTTTGT,CTAAAGACCGTTC,true,3,7,11,27,1,0,0,0,0,0,0,0,0,0,0,0,1,1,0,0,2,2,3,0,24,22,20,20,17,13,11,10,9,8,8,7,7
CAGAAGCCCTTCCCTATATTT,CTCAAGCTGAGAT,true,3,7,4,18,0,0,0,0,1,0,0,0,0,0,0,0,0,1,1,0,1,0,0,0,17,17,15,14,13,10,10,10,10,10,8,7,7
CACCTTAGATTATTAAAGTCA,ACATATAATATCA,true,2,7,7,25,0,0,0,0,0,0,0,0,0,0,0,0,1,1,0,4,0,0,0,1,23,20,20,18,15,11,10,9,9,9,9,7,7
CTCTATTCATAATTTACTTTC,GGGTTTGCTGAAC,true,3,5,15,27,0,0,0,0,1,0,0,0,0,0,0,0,1,1,2,4,0,0,2,2,25,24,21,20,20,16,12,10,9,7,7,5,5
CTTTAATGTCTCAAGCCACTT,GGTATCTCCGGTG,true,2,9,15,33,0,0,0,0,0,1,0,0,0,0,0,0,3,2,2,2,0,0,3,1,31,29,25,21,19,18,15,15,13,13,11,10,9
AAAAAAAAAAAAAAAATCGAC,AACAAACCAAAAC,true,4,1,0,18,0,0,0,0,0,0,0,0,0,0,0,0,0,0,0,0,0,0,0,0,16,8,2,1,1,1,1,1,1,1,1,1,1
ATATGTATAAAGTGAATTATT,TTGGTTGCACCCT,true,4,5,15,29,0,0,0,0,0,0,0,0,0,0,0,0,1,1,0,3,2,0,2,3,28,23,18,15,15,14,12,12,10,8,8,5,5
GGGTTTTTTATTTTGCAATCA,TTCATCACCCGCT,true,3,5,10,25,0,0,0,0,0,0,0,0,0,0,0,0,3,1,0,0,0,4,0,1,22,17,16,16,15,13,12,10,10,8,6,5,5
TTTTTTTAATCGTCGCTTTTT,CCACTAAATCTGA,true,5,3,1,11,0,0,0,0,0,0,0,0,0,0,0,0,1,0,0,0,0,0,0,0,5,5,5,4,4,4,4,4,3,3,3,3,3
TTATATCCGTTCCAGCTCTCC,GGCGGACAGCAGC,true,2,11,9,28,0,0,0,0,0,0,0,0,0,0,0,0,0,2,2,1,1,1,2,0,28,24,22,21,18,14,13,12,12,11,11,11,11
GAGCTTGTCCGTTCACTTATC,AATCAGGAAAAAC,true,5,7,14,35,0,0,0,1,0,0,0,0,0,0,0,0,0,0,0,2,5,0,0,0,34,27,24,22,20,19,17,17,17,17,16,12,7
TCCAGAACGAAGACCGCCGAC,TAGCTGATAAACT,true,3,10,16,38,0,0,0,0,0,0,0,0,0,0,0,0,6,0,1,1,3,0,0,4,35,34,32,27,24,23,21,17,17,17,14,11,10
GGCGGAATTGAAGCTGAAGCG,GGAATGCTTGGAC,true,3,4,9,24,0,0,0,1,0,0,0,0,0,0,0,0,1,0,1,2,0,0,0,1,24,16,14,13,11,9,9,8,7,7,7,7,4
TCCGTGCTCAATACGATTTTC,TTTGATTGACCGC,false,3,2,1,11,0,0,0,0,0,0,0,0,0,0,0,0,0,0,0,1,0,0,0,0,10,10,9,2,2,2,2,2,2,2,2,2,2
ACGTCTGGGGGTTATTGTATG,CATAAAAAAGACA,true,6,9,10,27,0,0,0,0,0,0,0,0,0,0,0,0,4,1,1,2,1,0,0,0,23,21,20,18,17,16,15,15,14,10,10,10,9
TATGAAACGGCTTAATAAAAA,CAAACAGAGTCCT,true,5,8,6,24,0,0,0,0,0,0,0,0,0,0,0,0,3,1,0,0,1,1,0,0,20,20,20,19,13,11,11,11,10,9,8,8,8
AACGCCCAGTGAACACAAAAA,TATTGTGCGGCTA,true,5,6,20,41,0,0,0,0,0,0,0,0,0,0,0,0,5,3,2,2,0,2,2,3,32,31,30,26,23,20,16,14,13,12,9,6,6
CAAGCTGCAAGAATCCTGCTT,TTACTTTTTCCGT,true,5,6,11,29,0,1,0,0,0,0,0,0,0,0,0,0,0,1,0,2,1,1,0,4,29,24,20,16,16,16,16,15,11,8,8,7,6
CTTTTCCGGTTGTGTAAATGT,CAGGATCAGGAGA,true,2,4,6,16,0,0,0,0,0,0,0,0,0,0,0,0,2,0,1,1,1,0,0,0,12,11,10,10,10,8,7,7,6,6,5,5,4
TTTTACACCTCTTTTTCTAAT,GCGAGTGTATGGT,true,2,12,10,35,0,0,0,0,0,0,0,0,0,0,0,0,1,0,3,1,0,1,3,0,29,27,25,23,19,18,16,15,14,13,13,13,12
TGACGGGCTGGCGATCTTTAA,AAAGGACAGATTG,true,5,13,17,46,2,0,0,0,0,0,1,0,0,0,0,0,1,3,0,0,5,3,1,0,43,40,28,25,24,22,17,15,15,15,14,14,13
ATCACCTACGGACAGGCAAAA,GGCTTCAGCAAAT,true,4,10,14,38,0,1,0,0,0,0,0,0,0,0,0,0,1,2,1,0,1,1,1,1,33,32,30,26,24,21,19,16,16,15,15,13,10
GAAATATGGAGAACTTGCTTG,AGCTCGGTGCCAT,true,2,12,5,23,0,0,0,0,0,0,0,0,0,0,0,0,0,1,0,1,0,2,1,0,21,20,19,18,16,14,13,13,13,13,12,12,12
ATGATGTATCTGCCGCGTATT,TGTGAGCACTGCA,true,3,8,9,22,0,1,0,0,0,0,0,0,0,0,0,0,1,2,2,0,0,0,0,3,18,18,17,17,15,14,13,12,12,10,10,8,8
GGGGGGGGGGGGGCGGGCCCC,AAGGGGCAGGAAT,false,4,1,0,11,0,0,0,0,0,0,0,0,0,0,0,0,0,0,0,0,0,0,0,0,2,1,1,1,1,1,1,1,1,1,1,1,1
ACCAGTTCATAAATCTTGCTT,AATCCAAGATCAT,true,2,6,14,28,0,0,0,0,0,0,0,1,0,0,0,0,1,0,0,5,0,3,1,1,25,23,20,17,13,12,12,10,10,10,8,7,6
GGCAGCCGTTCTTTGGGATCG,GTCAGAACCAAAT,true,3,8,8,25,0,0,0,0,0,0,0,0,0,0,0,0,1,0,0,1,2,0,3,0,20,19,17,16,14,14,12,10,10,10,10,9,8
TTTTAAGGGAAATTGCCTTTT,TTTATTTTCACAG,true,7,10,14,40,0,0,0,0,0,0,0,0,0,1,0,0,2,1,0,4,0,0,0,6,39,36,25,21,18,18,18,16,13,13,11,10,10
CTCAGTTCTCTTCTCTCTCTC,GGAAAGCTCGTCG,true,3,6,7,18,0,0,0,0,0,0,0,0,0,0,0,0,0,1,1,0,2,0,1,0,18,17,17,16,12,12,10,9,9,9,8,7,6
ACTTTGTTGGAATAGGGGTCT,TCATAGCACAGGT,true,2,9,8,22,0,0,0,0,0,0,0,0,0,0,0,0,2,2,1,0,0,0,0,2,21,20,20,16,15,13,13,11,10,10,10,10,9
TCAATGGCATTCGTCTGGTTC,CGTCTTCCAAAAT,true,4,5,12,26,0,0,0,0,0,0,0,0,0,0,0,0,2,2,1,0,0,2,0,0,24,21,16,14,13,13,12,12,11,11,10,10,5
AGGATAAAACGCGATTGTGTG,TTACGCATTATTC,true,2,9,7,25,0,0,0,0,0,0,0,0,0,0,0,0,0,1,0,2,2,1,0,1,24,22,19,17,16,15,15,14,12,9,9,9,9
TCCTGTTTTCGGAATTTTCGC,AATTGGTTATATC,true,2,3,7,15,0,0,0,0,0,0,0,0,0,0,0,0,1,1,0,1,2,0,0,2,15,13,9,9,9,7,7,7,5,4,4,3,3
AGTTTCTCTTTCGCTGTTGTC,TTTTCTTTTATGT,true,4,6,4,16,0,0,0,0,0,0,0,0,0,1,0,0,0,0,0,1,0,1,1,0,16,16,16,14,9,9,8,8,7,7,7,6,6
ATAGCCCGCTTTATAAATTTC,AAAAAGCTTTTCA,true,5,10,12,30,1,0,0,0,0,0,0,0,0,0,0,0,3,1,0,1,3,0,0,2,28,28,27,26,21,16,16,14,14,14,12,11,10
AAATGGCAGGCAATCGGCTTC,AGCCGGCTGAGGA,true,2,5,12,29,0,0,0,0,0,0,1,0,0,0,0,0,1,2,1,2,0,1,3,0,29,23,22,16,15,11,10,9,7,6,6,5,5
AATGCTGCTGAAGACTGCCAA,AGCAGTCTTTCAG,true,3,4,7,12,0,0,0,0,0,0,0,0,0,0,0,0,0,2,0,0,2,0,3,0,10,7,7,6,5,5,5,4,4,4,4,4,4
TAGAGTCGTCCATCCCGAAGC,GGTCAAGCATTGC,true,2,6,11,32,0,1,0,0,0,0,0,0,0,0,0,0,1,0,0,2,0,2,4,1,31,24,22,18,18,16,14,11,10,8,7,6,6
ATTCCTGACGATCTTTCCGAT,TGAAAAGCGCGGC,true,4,10,10,31,0,0,0,0,0,0,0,0,0,0,0,0,3,1,0,1,1,1,0,0,28,24,24,22,21,18,14,13,13,13,13,13,10
ACGGTTTCTTTCAGGAACTTC,TGCACAAGCACCG,true,2,13,19,39,1,0,0,0,0,0,0,0,0,0,0,0,2,4,2,1,3,3,0,1,36,34,33,27,26,24,21,19,19,18,17,15,13
TCATCTTCAAGCTGGTGTTGG,ATTGGATTGTTTC,true,3,6,15,36,0,1,0,0,0,0,0,0,0,1,0,0,1,2,1,0,1,0,1,3,34,30,28,27,22,17,13,12,12,11,11,10,6
GATAGTCACCGTTTCTCCAAT,CGCGAAGCATCTG,true,2,4,7,17,0,0,0,0,0,0,0,0,0,0,0,0,2,0,2,1,0,0,1,0,14,12,11,10,8,8,6,6,5,5,5,5,4
TGCTCTCGGCCCAAGCCCATC,ATCGACCGCCTGC,true,2,7,10,20,0,0,1,0,0,0,0,0,0,0,0,0,0,2,2,3,0,1,0,1,18,17,14,14,13,13,13,11,11,9,8,7,7
TGATCTCTCCCTCTTTGTTTA,TGTCTTTCGGATC,true,3,7,18,35,0,0,0,0,1,0,0,0,0,0,0,0,4,0,3,3,2,3,1,0,31,29,27,25,24,24,23,16,15,14,11,8,7
GAAAACTCTCTCATCCAAGTG,AAAGACATTTTGA,true,4,6,11,25,0,0,0,0,0,0,0,0,0,0,0,0,3,0,2,1,1,0,0,4,24,24,20,16,15,11,11,11,11,11,7,6,6
TCGTATTTTCCTCCTCAGTTA,ACCATCTCTTTGT,true,3,8,13,30,0,0,0,0,0,0,0,0,0,0,0,1,1,2,1,3,1,2,0,2,27,24,19,18,15,13,12,11,11,10,8,8,8
AAAACAAAAAAAAAACCAACA,AACCCCACACAAC,false,4,1,0,19,0,0,0,0,0,0,0,0,0,0,0,0,0,0,0,0,0,0,0,0,13,9,2,1,1,1,1,1,1,1,1,1,1
CTGCCGCTTGTACAAATTCGT,CATATGTATTCGC,true,2,3,9,19,0,0,0,0,0,0,0,0,0,0,0,0,2,0,1,1,2,0,1,2,17,15,12,12,9,8,6,5,4,3,3,3,3
GCTGGAAGAAATGAAAGAAAA,ACTAAAGGATTAT,true,5,5,14,43,0,0,0,0,0,0,0,0,0,0,0,0,5,0,0,0,7,0,1,0,31,23,20,18,17,11,9,7,7,6,6,6,5
CCCCAAAGCGTTCAACAGGAA,GCAGTTCTCTCCT,false,2,4,7,33,0,0,0,0,0,1,0,0,0,0,0,0,0,0,1,3,0,0,0,1,31,30,29,25,24,23,7,7,6,5,5,4,4
CCAATCTCGCCCAGGCATTAA,ACTATCATCAATA,true,3,8,9,30,1,0,0,0,0,0,0,0,0,0,0,0,1,0,1,1,0,1,0,1,29,21,20,17,17,14,14,14,12,11,10,8,8
CAAACAGTCCTTGTTTTTTGC,TCCTATTGTTTGA,true,3,5,3,11,0,0,0,0,0,0,0,0,0,0,0,1,0,0,1,0,0,0,1,0,9,9,8,8,8,8,8,8,6,6,6,5,5
CGTGATATGGTTTACGGACGT,CTTTGCGAATCGC,true,3,8,8,21,0,0,0,0,0,0,0,0,0,0,0,0,0,1,1,2,1,0,1,2,17,16,16,14,12,11,10,10,8,8,8,8,8
ATTGGCAGCGCTTGATGGTTC,GCACCGACACGGT,true,2,4,9,21,0,0,0,1,0,0,0,0,0,0,0,0,2,1,1,0,1,3,0,0,19,15,14,13,10,10,9,8,8,6,5,4,4
TACTTTCTGATTTTTCGCTAA,AGAACATCGGTGT,false,3,2,0,11,0,0,0,0,0,0,0,0,0,0,0,0,0,0,0,0,0,0,0,0,3,2,2,2,2,2,2,2,2,2,2,2,2
TTTCCCTTTGATCTTTGCATA,AGATAAATGTATA,true,3,8,11,32,0,0,0,0,1,0,0,0,0,0,0,0,1,1,2,1,1,0,1,1,30,25,24,21,19,17,16,15,14,12,10,9,8
AAGTCAATCACTTCACGGTCA,TGCGTTTGCAATA,true,3,12,16,44,0,0,0,0,0,1,0,0,0,0,0,0,3,4,1,2,1,0,2,2,42,35,31,25,24,23,17,13,13,13,12,12,12
ATACCGATTTCAGCTCGTTTA,CCACATGCCGATG,true,2,6,8,25,0,0,0,0,0,0,1,0,0,0,0,0,2,1,0,0,0,2,2,0,21,16,14,12,11,10,9,9,7,6,6,6,6
CCGAATCAGTCCGACTCCTGA,CGGATAAATCGCA,true,3,6,12,24,0,0,1,0,0,0,0,0,0,0,0,0,0,0,1,3,1,0,3,0,21,21,19,18,18,15,13,11,11,11,10,9,6
ACTGTCAATGATTATTGCGCT,GGATACTTATCTC,true,2,4,10,34,0,0,0,0,0,0,0,0,0,0,0,0,2,1,1,1,0,1,0,0,28,25,23,21,18,15,14,14,12,9,6,6,4
AGAGAAAAATTAACTGTAAAA,GCCAATAAATTCT,true,4,3,6,13,0,0,1,0,0,0,0,0,0,1,0,0,1,0,0,0,2,1,0,0,11,11,8,8,5,5,4,4,4,3,3,3,3
CAATTTGTTTCAGCAGAAGAA,ACACTCAATCAAT,true,3,12,10,36,0,0,1,0,0,0,0,0,0,0,0,0,3,1,1,0,1,2,0,0,35,28,26,23,20,19,19,18,18,16,13,12,12
AGTCCCCTATATTCTCCCCAT,TTTAAAGCAAAAC,true,4,6,14,28,0,0,0,0,0,0,0,0,0,0,0,0,2,0,2,1,0,1,0,2,26,26,20,18,18,18,15,12,12,12,12,11,6
GCTGTCTCAGCCGGCTCGTAC,ACATTATAATTCT,true,2,4,6,15,0,0,0,0,0,0,0,0,0,0,0,0,1,0,1,1,1,0,0,1,12,12,11,11,11,11,10,9,7,6,5,4,4
TTTACGGCGACAGCGCTTGCG,TCTGCAGCAGGCT,true,2,9,11,29,0,0,0,0,0,1,0,0,0,0,0,0,1,3,2,0,1,1,0,1,27,24,19,19,19,19,16,15,13,12,12,10,9
TGATGGAAACCGATATTGCCT,GTTAGCCATTGCA,true,2,10,9,28,0,0,0,0,0,0,0,0,0,0,0,0,0,2,0,2,0,2,0,1,28,26,24,23,21,20,20,17,16,15,14,12,10
TATGAACAACGTTGCCGCCGG,CGAAATCGAGCGC,true,3,6,9,26,2,0,0,0,0,0,0,0,0,0,0,0,1,0,0,1,2,0,0,1,22,21,19,19,15,11,9,9,8,7,7,7,6
TCGGAATGGCAGAGGGTCTCG,TCAATTATACAAG,true,2,7,10,23,0,0,0,0,0,0,0,0,0,0,0,0,0,2,1,1,1,0,0,1,22,19,19,16,15,13,13,13,11,11,11,10,7
GCGCTTTGCGGTCTACTTTGC,CGTTTGCGGTAAC,true,3,7,18,35,0,0,0,0,1,0,0,0,0,0,0,1,0,0,1,3,1,2,3,5,31,29,28,28,20,17,16,14,12,10,9,8,7
AATAATCGGCGAATGTTCCTT,CCCATTTCAGCCG,true,3,7,10,23,0,0,0,0,0,0,0,0,0,0,0,0,2,1,0,3,1,2,0,0,20,20,16,13,12,12,12,11,11,9,8,8,7
ATTGAAAAAACCGTTTGCGGC,CGCTTTGATTGGC,true,3,7,15,31,0,0,0,0,0,0,0,0,0,0,0,0,0,1,1,2,1,0,1,7,31,26,26,24,24,18,16,13,13,9,9,8,7
CGAGCTGGGTAAGGGATGAAG,TCATCGGAACGGT,true,2,6,10,24,0,0,0,2,0,0,0,0,0,0,0,0,2,0,0,2,1,1,1,0,22,21,19,18,13,13,9,9,8,7,7,7,6
TTTTGCGCACTTGCGTACTTT,AAAAGAAAGGAGA,true,4,7,11,27,0,0,0,1,0,1,0,0,0,0,0,0,2,0,1,3,1,0,2,0,23,23,21,16,13,12,12,11,9,7,7,7,7
CAAAGTAAAGATTCCTTCCTC,TTCAAACGCATCA,true,3,5,10,24,1,0,0,0,0,0,0,0,0,0,0,0,1,0,0,3,2,2,0,1,20,17,14,13,13,10,8,8,6,6,6,5,5
CCGGGACAATGTCCGGCTCAA,GTGTTTAATGATG,true,3,7,13,28,0,0,1,0,0,0,0,0,0,1,0,1,2,0,0,2,0,0,1,4,26,25,24,23,21,15,12,12,10,9,9,7,7
GCACGACGTAAGCTGTCGCAA,ACACCGTTCCCTC,true,3,9,11,37,0,0,0,0,0,0,0,0,0,0,0,0,3,0,0,0,3,4,1,0,32,25,21,19,17,15,14,12,12,12,9,9,9
AGGGGAGGAGCCGGAGTACAC,GGCACTTCGGGAG,true,3,7,4,21,0,0,0,0,0,0,0,0,0,0,0,0,0,1,0,0,2,0,0,0,21,17,15,11,10,10,10,9,9,9,9,7,7
AACAGCAGGAAGGAGACGCCT,CCCATGACCGCTG,true,3,8,14,34,0,0,0,0,0,0,1,0,0,0,0,0,3,1,2,0,0,6,1,0,31,31,22,21,21,20,19,14,11,9,8,8,8
CATATTTTTATGGATGATGCC,CAAGCCGCCCTGT,true,3,12,9,30,0,0,0,0,0,0,0,0,0,0,0,0,1,2,0,0,1,2,2,0,23,22,18,15,15,14,13,13,13,13,13,13,12
GACGAAGTGGAGAAGGTCGTC,GACCATGTGATTA,true,2,6,16,32,0,0,0,0,0,0,0,0,0,0,0,0,7,0,0,3,0,2,2,2,30,28,25,23,21,15,12,11,8,8,7,6,6
ACTGTAATCATTAAGCCCAAA,AAGATGGAACCAT,true,5,7,8,27,0,0,0,0,0,0,1,0,0,0,0,0,3,0,0,0,2,1,1,0,26,23,17,17,14,13,10,10,10,8,7,7,7
CCTAACCAGAAAGCCCACGGC,TAACTACGTGCCA,true,2,2,6,12,0,0,0,0,0,0,0,0,0,0,0,0,2,1,0,0,1,1,1,0,9,9,8,7,6,6,4,3,2,2,2,2,2
TGATTTTATTCACATTGATTG,GCGGTCTCACAAT,true,2,2,4,27,1,0,0,0,0,0,0,0,0,0,0,0,0,0,0,0,0,0,0,0,23,21,18,13,13,12,9,9,8,7,5,2,2
CAAGCCTTTATTGGGAGTCTT,CTAAAGGTAAAGC,true,3,5,10,36,0,0,0,0,0,0,0,0,0,0,0,0,2,0,0,2,5,0,1,0,32,29,28,25,20,18,16,15,14,12,8,5,5
GGAAACAGACACAAGAGAAAT,TCTCGAAGAAAAC,true,4,4,12,26,0,0,0,1,0,0,0,0,0,0,0,0,4,1,0,3,0,0,0,0,22,21,18,16,13,12,12,8,8,7,7,5,4
GCAAACGGAATCGCCGTTTCT,GGTTATCACCTGC,true,2,9,11,37,0,0,0,0,0,0,0,0,0,1,0,0,1,0,1,3,1,1,1,1,35,30,30,27,20,16,12,11,11,10,10,10,9
GAGCCCGGGCGATAGCTGACC,GTCCAGTCCATCG,true,2,5,10,22,0,1,0,0,0,0,0,0,0,0,0,0,1,1,0,2,0,4,0,1,22,18,15,13,10,8,8,8,5,5,5,5,5
ACTCAAAGGAATGACGGGGGC,CCGCACAAGCGGT,true,3,5,13,24,1,0,0,0,0,0,0,0,0,0,0,0,1,3,0,0,3,1,2,0,23,22,20,18,16,16,14,10,8,7,7,5,5
TATATGCAAAAAAACCGATTT,CAATTTGAAATCG,true,3,9,6,19,0,0,0,0,0,0,0,0,0,0,0,1,3,1,0,0,0,1,0,0,17,17,17,15,14,12,11,11,11,11,9,9,9
TTGGTTTTTATCCGCAGTCAT,CCTTCGGTCAAGA,true,2,2,1,11,0,0,0,0,0,0,0,0,0,0,0,0,0,0,0,0,1,0,0,0,10,9,8,7,7,7,5,5,4,3,2,2,2
GGCAATCACTAATAAAAACCA,TGCCATTATATGT,true,2,9,9,28,0,0,0,0,0,0,0,0,0,0,0,0,1,2,1,1,0,1,1,1,25,20,18,14,14,13,13,13,12,12,11,9,9
TTCACACATGCTTCAAACCCT,GTCTCAATTGTCG,true,2,6,5,23,0,0,0,0,0,0,0,0,0,0,0,0,0,2,0,1,1,0,0,1,20,19,14,12,9,8,7,7,6,6,6,6,6
TAGCAGACCTGAATAATTGTG,CAATCAATAGAGC,true,2,11,12,31,0,0,0,0,0,0,0,0,0,0,0,0,0,1,2,2,4,0,0,2,26,24,23,23,20,20,20,16,15,15,12,12,11
GTTTCAGGCGCGGTCATGCAA,GCCATTAATATCG,true,2,6,3,18,0,0,0,0,0,0,0,0,0,0,0,0,0,0,0,1,1,0,0,1,16,15,14,12,12,11,10,8,7,6,6,6,6
AATATCGACATACAGCCCGGT,ATCTCTTTCTCTG,true,3,5,5,18,0,0,0,0,0,0,0,0,0,0,1,0,1,1,0,1,1,0,0,0,16,14,13,12,11,11,11,9,7,5,5,5,5
GGCAATGGGATTAAAAAAGGA,GTGAAATGACGTG,true,3,8,5,21,0,0,0,0,0,0,0,0,0,0,0,0,1,0,0,1,3,0,0,0,18,17,16,16,16,12,10,9,8,8,8,8,8
ATGCGATGTTTATTATCGCTT,TTCAAATGTCAGC,true,4,9,6,30,0,0,0,0,0,0,0,0,0,0,0,0,1,0,0,3,0,0,1,1,30,23,19,18,17,14,13,12,11,9,9,9,9
TCTCCGATTGTTCCGGATCAT,CAGTTTCCTGACA,true,3,2,4,14,0,0,0,0,0,0,0,0,0,0,1,0,0,0,0,0,0,0,0,2,14,13,12,12,10,3,3,3,3,3,3,3,2
ATTGACAAACATCAATAATCC,AAACATCCCAATG,true,3,6,4,20,0,0,0,0,0,0,0,0,0,0,0,0,0,0,1,1,0,2,0,0,19,19,16,13,13,12,10,9,6,6,6,6,6
TACACCTTATACACTGGATGA,CACGGTCGCGGAT,true,2,10,8,24,0,0,0,0,0,0,0,0,0,0,0,0,0,4,1,0,0,1,2,0,23,23,22,19,16,16,14,11,11,10,10,10,10
CTTGTATGACATAAAAGGATA,AAAATCGAATTTC,true,5,16,11,33,0,0,0,0,0,0,0,0,0,0,0,0,2,0,0,0,4,0,0,4,33,32,32,29,25,25,25,25,23,20,20,17,16
TACACCGTGAAGCTTTTCGAC,GCCTTCAATTTTG,true,4,5,13,29,1,0,0,0,0,0,0,0,0,0,0,0,1,2,2,1,1,1,0,2,27,24,19,18,16,15,13,11,9,9,9,7,5
AAAGTGCGTCACTTCACCGGT,GAATAAGGTATCA,true,2,8,11,31,0,0,0,1,0,0,0,0,0,0,0,0,1,2,1,1,2,0,0,2,30,30,28,24,22,18,16,15,13,13,9,9,8
TCCCCTTCCGCCGGTTTTTCG,CCTTCACGCAGAT,true,2,11,4,27,0,0,0,0,0,0,0,0,1,0,0,0,0,1,0,2,0,0,0,0,25,19,17,14,13,11,11,11,11,11,11,11,11
AGTGAAAGATGAACTTGCACA,ATTGATTCATTGT,true,2,1,0,12,0,0,0,0,0,0,0,0,0,0,0,0,0,0,0,0,0,0,0,0,11,9,9,9,7,6,1,1,1,1,1,1,1
AATGAAACAAAAAGAATGAAG,TTTTGTTAGCAGT,false,4,3,4,15,0,0,0,0,0,0,0,0,0,0,0,0,1,0,0,3,0,0,0,0,15,14,13,13,4,4,4,4,3,3,3,3,3
TGCAGCGCTGGTTTCCGGACA,GCAGCGTATGGAT,true,2,5,12,23,0,0,0,0,0,0,0,0,0,0,1,0,1,3,1,0,2,3,0,0,23,21,19,17,14,13,11,10,8,8,8,6,5
CAATTCGGACGCATTATCACG,TACGGATTCCAAG,true,2,9,9,28,0,0,0,0,0,0,0,0,2,0,0,0,0,0,0,2,0,2,0,1,28,26,24,23,20,19,19,17,13,12,11,9,9
TCACTTTTACAGCTTATAAGG,GAGAAAAGTATAC,true,4,3,15,35,0,0,0,2,0,0,0,0,0,0,0,0,3,1,1,0,3,0,3,0,23,22,18,17,17,16,14,6,6,6,6,5,3
GAGAAGGGTTGGAAACACCAA,AGTGAGAAAGATG,true,3,3,13,25,0,0,0,3,0,0,0,0,0,0,0,0,2,0,0,2,1,0,1,1,23,17,15,13,11,11,11,11,11,6,6,5,3
AATAATGAACATTCCATGAGT,ATGGGGCTTTCTG,true,4,8,10,30,0,0,0,0,0,0,0,0,0,0,0,0,1,0,0,2,0,1,3,0,28,23,18,18,17,12,12,12,12,12,11,10,8
AAATGAAGAAGATAAACAGGC,GATTGTCACACTG,true,2,3,4,14,0,0,0,0,0,0,0,0,0,0,0,0,0,0,1,0,0,1,0,1,13,12,10,9,7,7,5,5,4,4,4,3,3
TTCCGCAAACTGTGCGAAGAG,TACGCTTGGAAGC,true,2,5,5,22,0,0,0,0,0,0,0,0,0,0,0,0,1,0,0,2,0,0,0,2,22,21,17,14,13,13,10,8,6,6,6,5,5
CCTAAATCAAAGAAACGGTCA,TCAATGCCGACAC,true,2,5,11,20,0,0,0,0,0,0,0,0,0,0,0,0,1,0,0,1,1,2,2,0,18,16,15,15,14,12,12,12,11,11,9,6,5
ATTCACGCGGGCGAGGGTTCA,TTCCACTGAGAGC,true,2,4,5,11,0,0,0,0,0,0,0,0,0,0,0,0,0,0,1,1,0,1,1,1,11,11,10,10,8,6,5,4,4,4,4,4,4
AATATGCAGGCCAAATCCTTT,GTTTGGCCAGGTA,false,3,2,2,14,0,0,0,0,0,0,0,0,0,0,0,0,0,0,0,2,0,0,0,0,4,4,4,3,3,3,3,3,3,3,2,2,2
TAGGGCCCCTAGTCCAATCAG,TGCTCTACCTCCA,true,2,22,28,73,0,0,0,0,0,0,0,1,1,0,0,1,1,1,1,8,1,2,5,6,68,59,54,47,44,40,32,28,24,23,22,22,22
TTTAATGCAAAAGGACTTAAA,AGAGGCATATTCA,true,4,8,9,31,0,0,0,0,0,0,0,0,0,0,0,0,2,0,2,0,3,0,0,0,27,19,18,14,12,11,11,11,10,10,10,10,8
GGGAAGCAAAGGTACTGGAGC,ATACGTACGAGCA,true,1,3,6,18,0,0,0,0,0,0,0,0,0,0,0,0,1,0,1,2,0,1,1,0,16,14,12,10,9,9,8,6,5,5,4,3,3
GTGTGTATTTGAATGTGAATG,AAAAGCTATTGAC,true,4,9,16,30,0,0,0,0,0,0,0,0,0,0,0,0,1,2,1,1,8,1,0,0,30,30,30,24,21,19,17,15,15,15,15,11,9
GCGGGTTTCGAGTTGTTTTAC,TGCTTTTGGGGTA,true,4,7,7,19,0,0,0,0,0,0,0,0,0,0,0,0,0,1,1,1,0,0,3,1,18,17,16,16,16,15,14,13,13,12,7,7,7
CAGCTGATCTAGTCATTTGGC,AAGCCTCGAACTA,true,2,5,14,26,1,0,0,0,0,0,1,0,0,0,0,0,3,0,0,0,1,5,0,0,26,25,22,21,14,13,13,12,11,10,8,8,5
AGCATGCGCTTCGTTTCCTCA,CTGATAAGCGAGA,true,2,11,15,42,0,0,0,0,0,0,0,1,0,0,0,0,2,0,2,1,0,2,2,0,35,33,31,30,29,27,27,22,18,18,17,11,11
CAATCCTTTGAGGAATTCAAT,CAGGGAATGTTAT,true,3,3,9,21,0,0,0,0,1,0,0,0,0,0,0,1,0,1,1,0,2,0,1,1,18,17,16,14,10,9,9,9,9,8,6,4,3
CGAAAGGGCTTTATAAAAAAG,CAAGAAACGGGGA,true,4,5,5,14,0,0,0,0,0,0,0,0,0,0,0,0,1,1,0,0,1,0,0,0,14,13,10,10,10,10,9,8,8,7,7,6,5
GGGCAGCATGTTTGGTGTTGG,GAGCCGCATGAAG,true,3,4,8,21,0,0,0,1,0,0,0,0,0,0,0,0,1,1,0,0,1,2,1,0,19,17,16,15,14,12,10,9,7,7,6,5,4
ATATCTTGCCCAGCATACGGG,CTTGGATTCTAAG,true,3,4,7,15,0,0,0,0,0,0,0,0,0,0,0,0,0,0,0,1,1,2,1,1,12,12,11,11,9,7,7,7,5,5,5,5,4
ATCCTTTGAGCGATGTCGTCC,GGTCAAGTCTTTC,true,3,4,8,23,0,0,0,0,0,0,0,0,0,0,0,0,1,1,0,0,0,0,0,4,22,20,18,15,12,12,10,10,9,9,9,6,4
TTCAAAAGTCCGCTCCTGTAA,GATGAACATAGTA,true,2,7,10,28,0,0,1,0,0,0,0,0,0,0,0,0,3,1,2,0,2,0,0,1,24,22,20,19,17,15,12,9,8,7,7,7,7
CGAGGATATTATCGAGGAAAT,CGTCGGGGAAATC,true,4,9,12,31,0,0,0,1,0,1,0,0,0,0,0,0,1,2,0,1,0,0,4,1,28,24,23,21,20,18,17,10,10,10,10,10,9
TGGGCGCTGTCCGGAGAATAG,CCCGCTTTGATTG,true,3,5,15,25,0,0,0,0,0,0,1,0,1,0,0,0,0,1,1,1,2,2,1,2,24,20,18,16,15,14,14,13,12,9,9,8,5
CTTAAAAGTTTAAACGCTTGA,TAAAGAGCAAAGT,true,3,6,9,19,0,0,0,0,0,0,0,0,0,0,0,0,2,1,1,1,3,0,0,0,17,15,15,14,14,13,13,12,12,12,8,7,6
TCGACCCAACCTTTGATTTGA,TCAGAGGTCCCCT,true,4,6,7,23,0,0,0,0,0,0,0,0,0,0,0,0,1,0,0,0,0,0,3,0,22,19,18,15,15,15,10,10,10,10,9,7,6
TGCCAAACAACGAGCGGAAAA,TTGTCATCATAGT,true,4,8,7,28,0,0,0,0,0,0,0,0,0,0,0,0,2,0,1,2,1,0,0,1,22,19,16,15,13,12,12,10,9,8,8,8,8
AAACAGTATCCCTGCAAAAAA,TCGCGCTGCAGGA,true,6,8,12,32,0,0,0,1,0,0,0,0,0,0,0,0,1,2,2,1,0,1,0,0,28,24,23,23,18,17,17,16,13,12,12,9,8
AAGGAGGATCTTTCTTAATGG,ATAAGAGATTGCA,true,2,5,4,14,0,0,0,0,0,0,0,0,0,0,0,0,2,0,1,1,0,0,0,0,14,13,12,11,10,10,7,7,7,6,6,5,5
ACTAGCAACTGTGCTCGGCGT,TAACGCGCTGACT,true,2,5,11,23,0,0,0,0,0,0,0,0,0,0,0,0,2,1,1,3,1,1,0,2,20,16,14,11,10,10,10,9,7,6,5,5,5
GTGAACAATTTCATTTTATCT,TTTCTTGTTTTCG,true,4,13,8,29,0,0,0,0,0,0,0,0,0,0,0,0,0,1,0,3,0,0,0,4,28,28,26,24,23,21,19,19,19,19,14,13,13
AAAAAAAATGTCTAAAAAACA,CAAAAGTCGAATC,true,4,1,1,11,0,0,0,0,0,0,0,0,0,0,0,0,0,0,0,0,1,0,0,0,9,7,7,7,2,2,2,2,2,2,1,1,1
AAGTTGTTTAGCATTTTACCA,AGCATTGGCCCTC,true,3,6,10,26,0,0,0,1,0,0,0,0,0,0,0,0,0,0,1,0,1,0,2,0,22,18,16,16,16,15,14,11,11,11,10,8,6
CTTATAAGTCAGGCCATCTGC,TACGATCCACCGT,true,2,8,8,22,0,0,0,0,0,0,0,0,0,0,0,0,1,3,0,2,0,2,0,0,22,19,17,14,14,14,14,14,12,12,10,8,8
CTTCCCGTGTCCCGGCGCTGT,ATGAAGACAGCCT,false,2,1,0,11,0,0,0,0,0,0,0,0,0,0,0,0,0,0,0,0,0,0,0,0,10,9,9,9,7,1,1,1,1,1,1,1,1
TCTTACCTGAGGCTAGCCCTA,AAGCTATTTCGGA,true,3,7,10,30,0,0,0,0,0,0,0,0,0,1,0,0,2,0,0,1,2,1,0,2,30,23,20,18,15,14,14,11,8,8,8,8,7
CGGCACAAGCTGGAGAATGCG,TCTGAGTTGTATG,true,2,5,2,12,0,0,0,0,0,0,0,0,0,0,0,0,1,0,0,0,0,0,0,1,11,9,7,7,7,7,7,6,6,5,5,5,5
TACGGGAAAAGCACGCAATGG,CGCAAAATTTGGA,true,4,6,8,21,0,0,0,0,0,0,1,0,0,0,1,0,4,0,0,1,0,1,0,0,17,15,15,14,14,14,14,7,7,7,6,6,6
GCCTGTGTCAAAATAATGATT,CTTTTGATCTATA,true,4,7,8,24,0,0,0,0,0,0,0,0,1,0,0,0,1,1,0,3,0,1,0,0,22,19,19,17,13,9,9,9,8,8,8,7,7
CCGGAAGAGGACCAGCATTTT,GAACTGATCCGCT,true,4,6,8,20,0,0,0,0,0,0,0,0,0,0,0,0,3,1,0,2,0,1,0,0,17,16,16,13,13,13,13,11,10,9,7,7,6
ATGACATTCATCCTTTCCAGC,CAGCATAAAAGCG,true,4,13,7,28,1,0,0,0,0,0,0,0,0,0,0,0,2,0,0,0,2,0,1,0,26,23,20,19,19,18,18,18,18,16,13,13,13
GCCGATTGCTTGTAATGAAAA,TTGGCGAAAATAT,true,4,8,10,28,0,1,0,0,0,0,0,0,0,0,0,0,0,0,0,0,3,1,1,2,25,22,20,17,16,15,15,15,15,12,11,9,8
TTTTGCAGGACCATCCCCGAC,AAAGACTGCCTTA,true,3,8,12,31,0,0,0,1,0,0,0,0,0,0,0,0,2,2,1,0,2,1,1,1,27,27,23,17,15,14,13,12,11,10,10,9,8
GATGAGGACGGAGCATTGACA,TTGGCGTGCAGCT,true,2,9,9,29,0,0,0,0,0,0,0,0,0,0,0,1,1,1,0,2,0,0,0,0,26,23,20,18,17,17,15,13,13,13,13,11,9
ATCCTGATGAATTGTACGGCT,TTGAAGCGGAAAT,true,3,9,12,29,0,1,0,0,0,0,0,0,0,0,0,0,2,1,1,1,2,0,4,0,28,26,20,19,18,16,16,16,12,10,10,9,9
GTATTGAATTCCGGGATGTGT,CCTTCGGTTACGA,true,2,8,11,24,0,0,0,0,0,0,0,0,0,0,0,1,2,3,0,1,0,0,0,3,22,21,19,19,19,19,15,14,11,10,9,9,8
CTTGTAACAGCCTGCGATAAG,CAGACGGTGGATG,true,2,3,7,18,0,0,0,0,0,0,0,0,0,0,0,0,0,1,3,0,0,2,0,1,14,14,13,12,11,9,7,5,5,5,4,3,3
AATGCTTTCGGGCAAGGCCAT,CAAACATGTTTCA,true,3,7,9,22,2,0,0,0,0,0,0,0,0,0,0,0,1,1,0,1,1,0,1,2,20,19,17,12,11,10,9,8,8,8,7,7,7
TAGGTCCTTTGTTTCTCCTGC,TAAAGCCGCTGCT,true,3,8,13,27,0,0,0,0,0,0,0,0,0,0,0,0,6,0,1,2,1,1,0,2,26,26,24,23,16,15,14,14,13,11,10,8,8
CACCGACTTGGACTTTTAAGG,TCGGCATGCTATG,true,2,9,6,31,0,0,0,0,1,0,0,0,0,0,0,0,0,3,1,0,0,1,0,0,28,24,21,19,15,15,12,10,10,9,9,9,9
GATTTTCAATTATCTGATTCA,TTCGCTTGATTCG,true,2,5,8,24,0,0,0,0,0,0,0,0,0,0,0,0,1,2,0,2,0,0,1,2,23,21,19,17,15,15,11,7,7,7,5,5,5
GTTCAGTGAGTGCATCAGTCT,TGGAAGAAACAGA,true,3,8,17,36,0,0,0,0,0,0,0,0,0,0,0,0,5,1,0,2,4,2,2,0,34,28,24,22,20,18,18,18,15,10,10,9,8
ACGACGATTCAGTGGCTGACA,ACAGGTTACATGC,true,2,3,14,31,0,0,0,0,0,0,0,0,0,1,0,0,2,0,0,3,4,1,0,2,29,24,22,19,18,17,14,11,8,5,5,4,3
TGCATGGACGGCGTTAGGCAG,TGCTGTGTTTATG,true,3,3,11,23,0,0,0,0,0,0,0,0,0,0,0,0,0,1,0,0,0,1,1,5,19,18,15,14,11,9,8,8,8,6,6,4,3
CGTCACTGTATTTGAACGTGC,AGACAGAGCGGGC,true,3,4,12,22,1,0,0,0,1,0,0,0,0,0,0,0,0,1,1,0,0,0,2,0,21,20,18,16,16,14,14,13,11,10,10,6,4
ACGGCGTATACACCTTATCAG,CCGAAATTTCACA,false,3,3,5,20,0,1,0,0,0,0,0,0,0,0,0,0,0,1,3,0,0,0,0,0,20,18,15,3,3,3,3,3,3,3,3,3,3
GGGTGAAAGCCTTCATTTGCT,TACGAGCCGAAGC,true,2,5,5,14,0,0,0,0,0,0,0,0,0,0,0,0,0,1,0,1,1,1,1,0,14,10,9,9,8,7,7,6,5,5,5,5,5
CATTTACATCACTGCCATGCA,AAGTCAGGACATA,true,3,9,13,31,0,0,0,0,0,0,0,0,0,0,0,0,2,1,1,2,1,0,1,0,31,27,24,22,20,18,18,17,16,14,14,13,9
GGCTTGTTATAGGCATTTGAA,CATTTTATGACAC,true,4,5,9,23,0,0,0,0,0,0,0,0,0,1,0,0,0,0,1,1,0,0,1,2,20,20,19,18,18,13,12,11,10,9,7,6,5
AAAAACAGCGCATATTCCAAG,AGAAAATGGCAGT,true,4,12,9,36,0,0,0,0,0,0,0,0,0,0,0,0,3,0,0,0,2,0,3,1,34,30,28,26,24,20,16,15,12,12,12,12,12
CGTTTGGTGACGGGTCCGCCG,GCGTCATTATTGT,true,2,10,11,29,0,0,0,0,1,0,0,0,0,0,0,0,1,0,0,0,1,0,3,0,24,24,21,20,17,16,16,16,16,15,13,13,10
TACGGGCCTGGAGCCGGGAGC,ATGCCTACTGCGA,true,2,9,10,23,0,0,0,0,0,0,0,0,0,0,0,0,1,3,1,3,0,0,1,1,22,21,19,18,18,15,13,13,11,10,10,9,9
TGAGCCTGAAGGTGTACAAAC,GACGACGTTCGGT,true,2,6,7,21,0,0,0,0,0,0,0,0,1,0,0,0,0,0,1,0,1,1,0,1,19,18,17,14,12,10,10,10,9,8,8,8,6
CTGGATTCAAAAAGGTATGGC,GTAACACCCGGCT,true,3,6,9,18,0,0,0,0,1,0,0,0,0,0,0,0,2,2,1,0,0,0,2,0,17,17,16,14,11,11,10,10,10,9,7,7,6
ACAAGAATGGTTTTGTTTTTT,ATATTCCGAAATC,true,6,3,4,12,0,0,0,0,0,0,0,0,0,0,0,0,0,0,0,1,0,1,1,1,8,8,8,8,8,7,5,4,4,4,4,3,3
GCGTCTTTCTTGTACTCTTCC,CGTTCTAAGCGGT,true,3,8,10,31,0,0,0,0,0,1,0,0,0,0,0,0,2,1,0,0,0,2,1,0,24,23,22,21,20,19,18,17,13,12,11,10,8
CGCCTCGCGTCAAAAGCGACT,CGATTGATTACAG,true,2,13,8,33,0,0,0,0,0,0,0,0,0,0,0,0,0,1,0,3,0,1,1,2,29,26,26,22,20,18,16,15,14,14,14,13,13
AGGCTGACGACAAAGTCCTTT,TTGATTTCCCGGC,true,5,14,9,43,0,0,0,0,0,0,0,0,0,0,0,0,0,1,1,5,0,1,1,0,41,32,26,26,25,24,22,19,19,16,15,14,14
TGACAACTCCGATGGTCGAGT,GTTCTTGAATGAC,true,2,5,8,17,0,0,0,0,0,0,0,0,0,0,0,0,0,0,1,3,1,1,0,2,17,17,16,12,11,9,8,8,7,6,6,5,5
TGGATGATATTGTGGCAGCCC,TTGCGGCAGCAGC,true,3,5,7,19,0,0,0,0,0,1,0,0,0,0,0,0,1,1,1,0,0,0,3,0,19,19,16,16,15,11,9,7,5,5,5,5,5
GACGTTCCGTTTGGAGTCGGG,AAAGACGGGAGAC,true,3,8,12,28,0,0,0,0,0,0,0,0,0,0,0,0,3,1,1,0,5,0,0,0,26,25,21,16,16,16,16,15,15,13,12,10,8
GGAACAAAACACGTATCTCAA,CTTTATTAACGGA,true,3,8,7,24,0,0,0,0,0,0,1,0,0,2,0,0,2,0,0,1,1,0,0,0,21,21,21,19,17,15,14,13,11,8,8,8,8
ATCCTATAATGTGCAAACAGC,TGTCAGCAGCTGC,true,1,11,8,30,0,0,0,0,0,0,0,0,0,0,0,0,0,2,2,1,0,0,2,1,28,22,21,19,18,18,17,17,15,14,12,11,11
CTTTACGATAACTTAGTTTAC,ACGGTTTTATCGA,true,4,4,3,16,0,0,0,0,0,0,0,0,0,0,0,0,0,1,0,1,0,0,0,1,15,13,12,9,8,8,8,7,4,4,4,4,4
ATGAATATTTATTTTCCGTTA,AAAACTGTGGCCA,false,5,3,5,23,0,0,0,0,0,0,0,0,0,0,0,0,0,0,0,1,1,1,0,0,23,22,20,7,7,7,7,7,6,6,6,5,3
CGTACCAAACGCTTTTTCCTT,TTTCTTTTGCCGC,true,5,10,13,38,0,0,0,0,0,0,0,0,0,0,0,0,1,0,1,1,0,3,0,4,38,35,27,25,25,24,23,19,17,16,13,12,10
CGCAAAAAGCGCTCTTTATAT,GTTTACAATAATA,true,3,3,3,14,0,0,1,0,0,0,0,0,0,0,0,0,1,0,0,0,0,0,1,0,9,9,9,6,6,4,4,4,4,4,3,3,3
TCTTGTCGACTCAATTGTACG,ATCAATATTTGCA,true,3,5,11,27,0,0,0,0,0,0,0,0,0,0,1,0,1,1,0,3,2,0,0,2,26,25,22,21,19,16,13,12,11,9,6,6,5
TATCCGCACATGATGTCACAC,CTGATGATATCGA,true,2,6,15,28,0,0,0,0,0,0,0,0,0,0,0,0,6,1,0,2,1,2,2,1,25,25,20,19,13,11,10,8,6,6,6,6,6
AGGCAAATCCGTACCATTTCC,AATGCGCCGATTA,true,2,6,13,23,0,0,0,0,0,0,0,0,0,0,0,0,0,1,1,1,6,1,2,0,20,16,16,13,13,12,11,10,9,7,7,7,6
CACTTCAACTGTACGCGCACC,GCGGTTCAGTTTC,true,3,8,6,26,0,0,0,0,0,0,0,1,0,0,0,1,1,1,0,0,0,0,0,1,21,18,17,15,12,10,9,9,9,9,9,9,8
CAGCCAGGGTAGTATCCCACG,ATGCCTCCACCGA,true,2,6,13,37,0,0,0,0,0,0,0,0,0,0,0,0,2,2,2,2,0,4,1,0,30,27,22,19,14,13,13,11,10,9,7,6,6
ATGGAATCACCAGCATCGCCA,CAATGAGGACAAC,true,2,9,10,25,0,0,0,0,0,0,0,0,0,0,0,0,0,1,4,0,2,0,2,0,25,24,19,19,18,18,18,16,11,10,10,10,9
AGTAATAGAGAAAACAAAAAT,GTATGCACTTACA,true,2,11,15,33,0,0,0,0,0,0,0,0,0,0,0,0,2,1,2,3,0,1,1,0,31,29,28,22,20,19,18,18,18,18,17,14,11
CATATACACATTTGGTATGTA,TTTCTTTAAAAAG,true,5,4,10,20,0,0,0,0,0,0,0,0,0,1,0,0,1,0,1,4,0,0,0,2,17,16,14,9,9,9,6,5,5,5,5,5,4
CTGCTGGTCATGTACCTCAAA,AGGTCTTCAACGA,true,4,7,12,25,0,0,0,0,0,0,0,0,0,0,1,0,2,1,1,2,1,0,1,1,22,21,19,17,17,15,14,11,11,11,9,9,7
CAGCTCGGATAAAATTTGCCC,AGCTTGCACAGGA,true,3,8,11,30,1,0,0,0,0,0,1,0,0,0,0,0,1,1,0,1,0,0,2,2,29,27,24,24,20,17,16,15,14,12,12,10,8
ACCGCTCTTTTTTGCCGAGCT,CCTGCAGCACCTC,true,2,4,5,18,0,0,0,0,0,0,1,0,0,0,0,0,1,0,0,0,0,2,0,1,15,14,13,13,12,12,9,7,7,7,4,4,4
GGATGAAACAACTGACCAAGT,GCTGTCCGGACTA,true,2,7,8,20,0,0,0,0,1,0,0,0,0,0,0,0,2,0,1,1,0,0,0,2,20,19,18,17,15,14,12,11,11,11,9,8,7
ATGCTGAAAGTGAAAAATCAT,ATTCAGCTCATGC,true,2,14,11,34,0,0,0,0,0,0,0,0,0,0,0,0,2,3,1,1,0,1,1,1,34,32,32,28,28,25,23,20,16,15,15,15,14
TATCAGCAAGCAGTGATATGA,CAGCGTCCTTCAC,true,2,9,13,29,0,1,0,0,0,0,1,0,1,0,1,0,1,0,0,1,0,0,0,3,27,26,24,22,22,20,19,17,16,15,14,11,9
TACACCATTCTATCCATGACG,GCCCATGCGGTAT,true,3,4,18,29,0,0,0,0,1,1,1,1,0,0,0,0,0,4,1,1,0,0,4,0,26,24,24,22,21,20,19,18,14,9,9,8,4
ATGCGGGTTTTGTAAATGAGG,ATAGAAGAGGGCA,true,3,8,13,26,0,0,0,0,0,0,0,0,0,0,0,0,1,0,1,1,7,0,2,1,22,20,18,17,17,13,13,11,11,11,9,8,8
CGATCGCGACCCCCACGGCGA,AAATCAGCGGCAG,true,4,18,10,39,0,0,0,0,0,0,0,0,0,0,0,0,1,0,1,1,1,0,5,0,39,39,36,32,29,29,25,24,24,19,19,19,18
TTGATTCTGATATGAAGATTG,TGCCTGTTGATAC,true,2,6,7,24,0,0,0,0,0,0,0,0,0,0,0,0,0,1,1,4,0,1,0,0,23,20,19,18,17,12,11,9,8,7,6,6,6
ATGCAGAAAATTGAATATTAA,GAATAAGACACAG,true,2,7,13,30,0,0,0,0,0,0,0,0,0,0,0,0,2,1,2,4,0,2,2,0,25,24,23,18,15,15,12,11,9,8,7,7,7
CATTCTTACGAGTTTGGCAAG,CTCAATAATGTCG,true,2,10,7,23,0,0,0,0,0,0,0,0,0,0,0,0,1,1,0,3,1,0,0,0,22,21,19,17,15,15,13,12,11,11,11,11,10
CTTGCTTTTAAAATTTCCCCG,ATAACTGGCAGAT,true,2,3,7,13,0,0,0,0,0,0,0,0,0,0,0,0,2,0,0,1,0,2,1,1,12,11,10,10,5,5,5,4,4,4,3,3,3
CCTTCACGCGGAAAAGCGTTT,AGAAAATACCGCT,true,4,2,3,12,0,0,0,0,0,0,0,0,0,0,0,0,2,0,0,1,0,0,0,0,10,9,7,7,5,5,4,4,2,2,2,2,2
AGCGAAAAATGCGGTGGCCAT,TTACGCACAGCCA,true,3,7,9,23,0,0,0,0,1,0,1,0,0,0,0,0,0,2,1,2,1,1,0,0,22,21,18,15,12,11,9,8,7,7,7,7,7
TTCTGATTATATGACTGATAT,AGGGTATGGAACA,true,3,5,5,13,0,0,0,0,0,0,0,1,0,0,0,1,0,0,0,2,0,0,1,0,12,10,10,8,8,8,7,7,7,7,6,5,5
CTTCCTTCAGATCTTTAGGGA,CTGAACGGATCGC,true,2,5,10,28,0,0,0,0,0,0,0,0,0,0,0,0,1,0,3,1,0,1,1,2,25,21,20,18,14,13,13,11,10,8,7,6,5
GACAAATATCTCACCATCATA,TACATCAAAATCT,true,4,7,6,24,0,0,0,0,0,0,0,0,0,0,1,0,0,1,1,0,2,1,0,0,21,21,17,16,14,13,11,11,10,7,7,7,7
ATATACGGCCAGCTTTCTGAT,GAACAGAAACAGC,true,3,9,8,31,0,0,0,0,0,0,0,0,0,0,0,0,0,1,1,1,4,0,0,0,29,29,23,21,19,17,16,16,14,12,11,10,9
CAGATCGTGCCTTAAAGAAAA,TATTTATGGCTCA,true,4,11,12,34,0,0,0,0,0,0,0,0,0,0,0,0,7,0,0,3,0,1,0,0,27,24,22,22,18,16,16,16,16,15,15,12,11
AAAAATGGCGAAGATCATTCC,AAGAGAACCTTCG,true,2,8,15,32,0,0,0,0,0,0,0,0,0,0,0,0,2,1,2,1,4,3,0,0,30,26,22,20,17,16,15,14,11,11,11,10,8
CCTCCAGGCATTTGCACGATA,GAAAGAAGTGAAT,true,3,10,10,28,0,0,0,0,0,0,0,0,0,0,0,0,2,0,0,1,3,0,2,0,23,22,22,19,18,18,18,16,16,14,13,12,10
TCGTGATATCAATCTCGATTA,TTTGAAAATCCCT,true,4,7,19,37,0,0,0,0,0,0,0,0,0,1,1,0,5,0,1,4,4,1,0,2,33,33,30,24,22,22,21,16,10,9,8,7,7
TTCCATTCATGTGAAAGTCAA,CGATCATATCTAC,true,2,10,9,30,0,0,0,0,0,0,0,0,0,0,0,0,0,0,0,2,2,0,1,2,29,24,23,23,21,19,17,14,14,14,12,11,10
AACAATTGGGCAGCTGATCGG,ACCGCCGAAGGCT,true,2,7,12,26,1,0,0,0,1,0,0,0,0,0,0,0,2,0,2,0,1,2,1,0,25,22,21,20,17,15,13,11,9,9,9,9,7
CTTGAAAAGAAACACAGTAAA,AAATAAAAAAACA,true,7,8,9,30,0,0,0,0,0,0,0,0,0,0,0,0,1,0,1,0,3,0,0,0,30,29,24,19,19,18,18,18,16,16,13,9,8
CAGAAGTGCTCGTCCAATCCC,TTTTCTGAAACCG,true,4,8,6,28,0,0,0,0,0,0,0,0,0,0,0,0,1,0,1,1,0,0,0,3,26,25,23,18,15,12,12,12,11,11,9,8,8
AGTGATCGCTATCGCAGACAC,CGGCATTACCGCA,true,2,7,9,32,0,0,0,0,0,0,0,1,0,0,0,0,1,0,2,0,0,5,0,0,25,24,22,19,17,16,14,14,14,8,8,7,7
TGCATTGATTTTAAAACCTAA,TATGTTTATGAAT,true,3,6,7,19,0,0,0,0,0,0,0,0,0,0,0,0,1,1,0,2,0,0,0,2,16,14,12,12,12,12,11,9,8,7,7,7,6
TGCCTTAATATCATCAAGGCG,GCTATCACACTTA,true,2,5,13,30,0,0,0,0,0,0,0,0,1,0,1,0,3,2,0,3,0,1,1,0,22,21,21,17,16,12,11,11,10,7,6,5,5
GGAGCTGAAACCATATGTTGA,AGGAAAACCAATG,true,4,6,17,33,0,0,0,3,0,0,0,0,0,0,0,0,6,0,1,0,5,0,0,0,28,27,23,21,21,21,18,11,9,8,8,7,6
CTTTATGGCTGAGCCGATTTT,ACATATTGAAGGC,true,4,10,11,34,0,0,0,0,0,0,0,0,0,0,0,0,1,1,1,5,0,0,0,2,27,22,22,17,16,15,13,12,11,11,11,10,10
AAATGGGGAAAGCCAGATTTT,TATGGCCACTCAC,true,5,3,13,32,0,0,0,0,0,0,0,0,1,0,0,0,0,1,3,2,0,4,0,0,24,18,17,16,14,12,10,10,10,8,5,3,3
CGATTGCTCTGTTCAGAGGCG,GCATCAAAAGGTC,true,4,7,5,21,0,0,0,0,0,0,0,0,0,0,0,0,1,0,1,0,1,0,1,0,14,14,13,10,9,9,9,9,8,8,8,8,7
AGAGAGGCTGGGCAGCGGCGA,TCTGTTATATTTG,true,3,9,7,25,0,0,0,0,0,0,0,0,0,0,0,0,3,1,1,2,0,0,0,0,23,16,16,15,15,14,12,12,12,10,10,9,9
ATAGATGCGGTGGAGCTTGGA,TTAAGCTGTGATA,true,2,8,4,25,0,0,0,0,0,0,0,0,0,0,0,0,1,1,0,0,0,1,0,1,25,21,17,16,14,12,11,10,9,9,9,8,8
CATCAAAAGTCATTGGCGCAT,TGCTGTTTTGGGT,true,4,2,4,11,0,0,0,0,0,0,0,0,0,0,0,0,0,0,0,1,0,0,2,1,11,10,10,9,8,8,8,8,7,4,3,2,2
TGTCAAACTTGTCCCCAGCCA,TTTTAATAGAAGA,true,4,7,10,28,0,0,0,0,0,0,0,0,0,0,0,0,1,0,0,3,3,0,0,1,25,25,23,19,16,14,13,11,10,9,9,7,7
GGAACCTGGCATCCTCCCTCC,ATCGCGTTTAAAT,true,3,6,8,21,0,0,0,0,0,0,0,0,0,0,0,0,0,1,0,4,0,0,0,1,20,19,18,15,15,15,15,14,11,8,8,7,6
TCTGATTGGCTCTGCTGCTGC,AGAGGCCTGTAGA,true,2,11,13,36,0,1,0,0,0,0,0,0,0,0,0,1,0,2,1,1,1,4,0,0,32,31,31,31,30,29,23,20,20,16,14,12,11
GGCATCTGTCATCCATGGAAG,AGGCTCTATGCCG,true,2,4,12,25,1,0,0,0,0,0,0,0,0,0,0,0,1,2,1,1,1,3,1,0,23,21,20,18,16,15,14,12,11,10,8,5,4
TAAATTTCAAAAGCTGGTGGA,TGATGGGATATCG,true,3,3,6,22,0,0,0,0,0,0,0,0,0,0,0,0,1,0,2,1,0,0,1,0,20,19,17,16,16,16,14,6,6,5,5,4,3
CACCTCCGTCTGCGGAGGGTG,AATATGAAGGTAT,true,2,6,5,18,0,0,0,0,0,0,0,0,0,0,0,0,3,0,0,0,0,0,2,0,17,16,14,10,9,8,8,8,7,6,6,6,6
ATACAGCCGAAATAAAGGAAC,TAAGGGGAACACA,true,4,10,10,27,0,0,0,1,0,0,0,0,0,0,0,0,0,0,0,1,2,0,4,1,23,22,20,19,16,16,12,12,11,10,10,10,10
TATACTCTTCTTCATGAAAAA,TAAAAACGAAACG,true,5,3,12,32,0,0,0,0,0,0,0,0,0,0,0,0,4,0,0,2,3,0,0,1,24,22,22,20,20,14,8,8,8,8,7,5,3
ATGGGTGGCAACGCCCATATG,GTTGTAATGCAGA,true,2,7,9,21,0,0,0,0,0,0,0,0,0,0,0,1,0,1,0,4,0,0,0,2,18,18,15,11,11,9,9,8,8,8,8,8,7
TGCGATTTCTGTTAAAAGGAG,TGAGAACTTATCT,true,2,8,4,15,0,0,0,0,0,0,0,0,0,0,0,0,2,0,0,0,1,0,0,0,15,15,15,14,13,12,11,11,11,10,9,9,8
GGCTGCTGTTTTATGAAAAGC,GGCAGACGCCCCT,true,4,4,8,17,0,0,0,0,0,0,0,0,0,0,0,0,0,0,2,0,2,0,2,0,16,15,14,11,10,8,7,7,7,7,6,4,4
TATTAAAGCGCATGAGAATGA,AGAGAATCTCGTC,true,2,6,8,19,0,0,0,0,0,0,0,0,0,0,0,0,4,0,0,0,1,1,0,0,18,17,14,13,13,13,10,9,8,8,8,8,6
GGCACTGGCTTGTTTATTCGC,CGCCCTGTCTTAC,true,3,4,9,17,0,0,0,0,0,0,0,0,0,0,0,0,0,0,2,5,0,1,0,1,16,15,14,13,12,11,9,8,7,7,6,4,4
TACGTCTTTTTTATGCTTGAT,ATGTTATGGTCGC,true,2,8,4,22,0,0,0,0,0,0,0,0,0,0,0,0,2,0,0,0,1,0,0,1,18,15,14,14,12,10,8,8,8,8,8,8,8
GTGGCCGGAGAATGTGACGTG,GTCAATCCAGTAG,true,2,8,8,19,0,0,0,0,0,0,0,0,0,0,0,0,2,0,1,1,3,0,0,0,19,18,17,17,14,11,11,11,11,11,11,9,8
AAAGTGATAAAATTGTATGAA,GTCCTACACCAGC,true,2,8,5,26,0,0,0,0,0,0,0,0,0,0,0,0,0,2,1,0,0,0,1,0,21,20,19,16,12,12,11,9,9,9,9,9,8
CCGCCGAAAAAAACGAACGGG,CGCTAGTGAATGA,true,3,2,7,13,0,0,0,0,0,0,0,0,0,0,0,0,1,1,0,0,1,1,1,1,12,10,9,8,8,7,7,7,7,5,3,3,2
TTTCATATGTATGTATCTGCA,TATCCATTCCCTC,true,3,10,13,34,0,0,2,0,0,0,0,0,0,0,0,0,0,0,1,2,0,3,0,1,32,28,28,26,24,20,20,19,18,17,14,12,10
GACGCTCCTCTTCTTCTCCAG,GACGGTAAAAATC,true,5,7,7,34,0,0,0,0,0,1,0,0,0,0,0,0,1,0,0,1,1,0,2,0,31,28,26,22,16,15,13,13,13,13,10,8,7
ACCAGAAGAAGCAGATTTTTC,AGCGTATTGGCTG,true,2,7,8,22,0,0,0,0,0,0,0,0,0,0,0,0,1,1,2,0,0,1,1,2,20,18,14,13,12,12,12,10,10,8,8,7,7
GCGCCATCTGTAGATCGACTG,ATCAGAGTCACCG,true,2,9,14,33,1,0,0,0,0,0,0,0,0,0,0,0,2,0,1,3,2,1,2,0,26,24,21,21,19,16,16,13,13,12,12,10,9
CAAAAAATCCGAGAACTTTCC,CATTTCCACCTAG,true,3,4,5,18,0,0,0,0,0,0,0,0,0,0,0,0,1,1,0,0,1,1,0,1,15,12,9,9,7,7,6,5,4,4,4,4,4
ACCCCGAATTGCAGCATTATG,ATCTGTCATCCAT,true,2,4,8,17,0,1,0,0,0,0,0,0,0,0,0,0,0,0,2,2,0,2,1,0,17,16,13,13,11,9,7,7,7,7,5,4,4
AAGGAGACGGGGTTATGGTAC,CAGATCGTTGATA,true,2,8,7,18,0,0,0,0,0,0,0,0,0,0,0,0,1,2,0,1,0,2,0,1,16,14,13,13,10,10,10,10,9,9,9,8,8
GCGAATTTGGGAAAGAGGTGC,AAAACGGTGAGCT,true,4,6,10,27,0,0,0,0,0,0,1,0,0,0,0,0,4,0,0,2,3,0,0,0,25,25,25,21,16,14,11,11,10,10,7,6,6
TCAGCACATGGTAAAATATAT,GCTGAGCCAAGAG,true,2,8,11,24,0,0,0,0,0,0,1,0,0,0,0,0,0,1,1,1,1,2,0,0,22,22,21,21,20,18,17,14,13,12,12,9,8
ATGCAATGAAAAAAGCCGGAG,TATGAGAAAAGAC,true,4,2,6,12,0,0,0,0,0,0,0,0,0,0,0,0,4,1,0,0,1,0,0,0,11,11,7,7,6,6,5,5,5,4,2,2,2
CCCAATGATTTTCACCGGTAC,AAGCTCTTCCGGC,true,2,4,6,18,0,0,0,0,0,0,0,0,0,0,0,0,0,0,0,1,0,2,1,0,16,15,12,10,10,7,7,7,7,7,7,4,4
CAGTGTTACCTGAACTTCAAC,CCTGGACATGGTA,true,3,4,4,21,0,0,0,0,0,0,0,0,0,0,0,0,2,0,2,0,0,0,0,0,16,13,11,10,10,10,8,7,7,7,7,4,4
CTAAAAGATTCAAGCCGCAAC,CCTTTATTCGATA,true,3,7,10,23,0,0,0,0,0,0,1,0,1,1,0,0,0,0,0,3,0,1,0,2,21,17,16,16,15,14,13,13,10,9,9,8,7
GATTTAAAAATTTTAGGGAGA,GAGCTGTCATGAT,true,1,7,6,23,0,0,0,0,0,0,0,0,0,0,0,0,1,0,1,1,0,1,0,1,20,16,16,15,14,12,12,10,10,8,8,7,7
AAAACACGTTTATTTATTCAA,ACTGAAATCCGTC,true,3,9,14,36,0,0,0,0,0,1,0,0,0,0,0,0,2,0,0,2,2,2,0,1,30,24,23,22,21,21,17,15,15,14,13,12,9
ACCGGTTGAGCCTCCAGGCAA,TTCAAACAAATGC,true,3,3,6,19,0,0,0,0,0,0,0,0,0,0,0,0,0,0,0,0,5,0,0,1,17,14,14,14,14,6,4,4,4,3,3,3,3
GAATGAGTGGGGGGTATTTAA,ACACAAACAAGTG,true,3,11,8,27,1,0,0,0,0,0,0,0,0,0,0,0,1,1,0,0,4,0,0,0,23,23,22,20,20,18,14,14,13,13,12,11,11
AATAAAGCCGTTTTTGCCTTG,CTGATTTCCATTA,true,3,7,9,21,0,0,0,0,0,0,1,0,0,0,1,0,2,0,2,0,0,1,0,0,17,17,16,15,13,13,12,11,10,10,9,9,7
ATCATGGAAGAAGCAAGAAAG,CAAATGGGGATTG,true,4,14,23,44,0,0,0,1,0,1,0,0,0,1,0,0,1,1,1,2,5,1,4,0,42,40,38,35,31,29,29,29,23,20,19,15,14
GAATTGACAAAGACAAACAGT,GGTTGCTTGAATC,true,2,9,9,28,0,0,0,0,0,0,0,0,0,0,0,0,1,0,2,1,1,0,1,2,25,23,22,20,19,19,19,15,13,13,12,10,9
ACACTGGAAACGCTGTATCCC,GGACGGATTGATC,true,3,13,6,31,0,0,0,0,0,0,0,0,0,0,0,0,0,1,1,0,1,0,0,1,29,26,24,22,21,21,19,18,16,16,15,15,13
CATTTGAGAAGCCTAAGCGGT,CGCCTCTGACTGT,true,2,10,8,26,0,0,0,0,0,0,0,0,0,0,0,0,1,0,0,5,0,1,0,1,22,21,20,15,15,12,11,11,11,11,10,10,10
CAAAGCTTTTATATGATCAAT,GAGCTGACGGACA,true,2,4,4,19,0,0,0,0,0,0,0,0,0,0,0,0,1,0,0,0,1,1,1,0,19,16,14,13,12,12,9,8,8,5,4,4,4
AAAAGCAGCACTTAGAGCTGA,CGCGAAATCTCGC,true,3,11,28,49,0,0,0,0,0,0,0,0,0,0,0,1,7,3,1,3,0,6,4,3,45,38,36,31,29,29,26,20,19,15,11,11,11
TTAAAAAACAGAAATGACGAC,CTTGAAGAAACGA,true,3,8,11,29,1,0,0,0,0,0,0,0,0,0,0,0,4,0,1,0,4,0,0,1,28,28,24,22,21,18,17,16,16,12,8,8,8
GCAGGGGCATGGCGGCTCATA,TCGACCCAAATTA,true,3,7,10,19,0,0,0,0,0,0,0,0,0,0,0,0,3,2,1,0,2,1,0,0,18,17,16,16,15,15,14,12,12,9,8,8,7
GGTCTTGAGAGGTTAATACCA,TACATTCAGCGAT,true,2,6,9,21,1,0,0,0,0,1,0,0,0,0,0,0,1,1,2,1,0,0,0,1,20,18,15,13,10,9,9,9,8,8,7,7,6
GAGTGTCCAGGTGATCAATTT,CGTCCACCTTGCG,true,3,5,11,25,0,0,0,0,0,0,0,0,0,0,0,0,0,3,1,0,0,5,0,1,21,21,18,18,17,12,12,8,8,7,7,6,5
GGACTATTATGATGTCGATAA,CGGAGATTTGACA,true,3,8,12,31,0,0,0,0,0,0,0,0,1,0,0,0,4,0,1,2,0,1,2,0,28,28,24,24,22,20,17,15,14,11,10,8,8
GATCAGCGCAAGAACGATAAT,TGGCTGTACGCCG,true,2,5,12,24,0,0,0,0,0,1,0,0,0,0,0,0,2,1,2,4,0,0,0,2,21,16,16,14,12,11,11,9,7,6,5,5,5
TCATTTTTTAGATCGGTAAAG,CCTTCCACGAACG,true,2,7,5,21,0,0,0,0,0,0,0,0,0,0,1,0,0,1,0,0,0,2,0,1,20,15,14,11,10,10,10,9,8,8,7,7,7
ATGATTAGATTATACTTTTTT,TAAAATTGAAATG,false,7,7,12,34,0,0,1,0,0,0,0,0,0,4,0,0,0,0,0,0,1,0,0,5,12,10,10,9,8,8,8,8,8,8,8,8,7
TTTCTCCTACAATTTCTTCAA,TAATATCTTCGGC,true,2,7,11,29,0,0,1,0,0,0,0,0,0,0,0,0,0,0,1,4,0,0,1,3,25,23,20,19,18,16,14,14,12,10,10,8,7
TTTCTTTATGGTCTACGCCGT,ATTTTTTCGCAAG,true,6,5,9,17,0,0,0,0,0,0,0,0,0,0,0,0,1,0,1,1,1,0,0,2,16,15,15,15,14,14,12,10,10,9,9,5,5
TCCGCAATCTGCCGGCAATGA,TGAAGCTGTACAG,true,2,5,15,28,1,0,0,0,0,0,0,0,0,0,0,0,4,1,1,3,1,0,0,1,24,20,20,19,16,16,13,12,12,10,8,8,5
TGCAGCTCTTCCTCATCAAAA,CATGGTTTTTCCG,true,5,3,3,11,0,0,0,0,0,0,0,0,1,0,0,0,0,0,1,1,0,0,0,0,7,6,6,6,6,6,6,6,6,6,3,3,3
AAGAAAGCGACGGGGCAAAGG,CGCTGAAAGCTGT,true,3,5,8,17,0,0,0,1,0,0,0,0,0,0,0,0,1,0,0,2,3,1,0,0,16,14,12,12,10,10,10,6,5,5,5,5,5
AGGCTTGGCGCCGCACAAATT,GATAATAGGTTCA,true,2,8,6,22,0,0,0,0,0,0,0,0,0,0,0,0,1,0,0,4,0,1,0,0,19,17,16,15,15,12,12,12,12,12,11,8,8
TGTTTCTGTCCCCGGAAAGCC,CCATTCCCCTCTC,true,4,5,5,13,0,0,0,0,0,0,0,0,0,0,0,0,0,1,0,0,0,1,0,0,13,10,9,9,9,9,9,9,7,6,6,5,5
GATACAGCATTAATATGCGAG,ACTCCTGATCCGT,true,2,6,7,17,0,0,0,0,0,0,0,0,0,0,1,0,0,1,2,0,1,1,1,0,15,13,11,10,10,9,9,8,8,8,7,6,6
AAGTGTCTGACGGCTTAATGG,TTGCGCGCGGAGA,true,2,11,7,33,0,0,0,1,0,0,0,0,0,0,0,0,0,0,0,1,0,0,0,0,29,26,22,22,22,22,21,21,21,17,15,12,11
CAATTGACTTTATTATCAAAG,GACTGGCTCCCGA,true,3,5,10,20,0,0,0,0,0,0,0,0,1,0,0,0,2,1,0,1,0,0,4,1,16,16,13,13,12,10,9,8,6,6,6,5,5
TTCCTTTGTTGTCGAGCAATC,CTTTTCAATGCCT,true,4,5,3,13,0,0,0,0,0,0,0,0,0,0,0,0,0,1,0,1,0,0,0,1,10,10,10,9,8,7,6,6,6,5,5,5,5
ATTAATTGGTAAACCGAAAGT,TATATTTAAAGGA,true,3,7,7,18,0,0,1,0,0,0,0,0,0,0,0,0,1,0,0,2,1,0,0,1,18,17,16,14,13,13,12,9,9,8,8,7,7
GATTTTTTCTGATGTGATTTC,GGTCCTTCTTCTC,true,2,9,12,28,0,0,0,0,0,0,0,0,1,0,0,0,1,1,0,0,0,2,2,2,27,21,20,20,18,17,15,15,15,13,11,9,9
TCAAAAGCAGGCGGACCGGAT,TACTTGGCACTGC,true,2,7,14,34,0,0,0,0,0,1,0,0,0,0,0,0,2,1,0,4,0,1,2,1,28,25,24,21,20,18,15,14,14,11,11,9,7
CAACGTCGTCGAAACATTTTA,TCTGCTGCGGCGT,true,2,9,9,29,0,0,0,0,0,0,0,0,0,0,0,0,0,2,0,1,0,1,3,1,28,26,24,20,19,16,14,13,13,11,10,10,9
TCCCCTTGTTTCACTTGGCAC,TTCCGTGATCATC,true,2,2,5,16,0,0,0,0,0,0,0,0,0,0,0,0,0,0,1,1,0,1,0,1,16,11,10,6,5,5,4,4,4,3,3,3,2
ATCGCTGATGCCTGACAAAAT,GGAGTCGATTTCT,true,3,11,18,39,0,0,0,1,0,0,0,0,0,0,0,0,4,4,1,1,1,0,1,2,34,33,29,26,26,26,21,21,17,16,14,12,11
CAAGAAAAAGGCAAGCTCTTT,GTCAGAGAGCGGC,true,3,6,12,28,0,0,0,0,0,0,0,0,0,0,0,0,0,0,1,3,0,1,6,0,25,25,23,22,21,20,18,17,16,12,12,7,6
GGTGTGTTTTTTTTATGAATT,GAATACATGCGAT,true,2,6,3,13,0,0,0,0,0,0,0,0,0,0,0,0,2,0,0,0,1,0,0,0,13,12,11,9,9,9,9,7,7,7,7,6,6
CGATGAACAATGATCAATCTC,TGTTCATGCTGCA,true,2,6,8,24,0,0,0,0,0,0,0,1,1,0,0,0,0,1,1,1,0,0,2,1,20,18,18,17,12,12,11,9,8,8,8,6,6
CCTCAAGCTCTTCAAGCTTCG,CAGCGAATGTGCT,true,2,12,14,35,0,0,0,0,0,0,0,0,0,0,0,0,5,1,2,2,2,0,1,1,35,32,26,24,21,19,15,13,13,12,12,12,12
AATCAGCTGCATTTAATACCT,GAAACCGTTCAGA,true,3,11,15,35,0,0,0,0,1,0,0,0,0,0,0,0,4,0,3,3,0,1,2,0,29,25,25,23,16,14,13,13,13,12,12,12,11
GTGTCTGATGGGCCTTTCCGT,CAGCTTCACTCAT,true,2,14,12,37,0,0,0,0,0,0,0,0,0,0,0,0,2,1,0,4,1,0,0,2,33,29,24,23,23,20,16,16,16,16,16,16,14
ATCACTTGAAGCTTGCCGGCA,TTGTTTAAATAGC,true,3,6,8,22,0,0,0,0,0,0,0,0,0,0,0,0,1,0,0,1,1,0,1,3,18,16,16,15,15,13,12,12,11,9,9,7,6
GTAAATGGTATTTAAGTAAGC,TTCAAGAATTTCA,true,3,5,13,26,0,0,0,0,0,0,0,0,0,0,0,0,3,1,1,2,1,1,0,2,24,23,21,19,19,16,15,14,13,11,9,7,5
AAAATTAATGCTGAATGACCC,GATCGCGCGTTAT,true,3,6,9,25,0,0,0,0,0,0,0,0,0,0,0,0,0,1,2,1,0,0,1,1,23,23,22,21,18,16,14,13,12,12,9,9,6
CGTGCCGATAAATAAACTAGT,TTTATATACTCAT,true,4,9,13,38,0,0,0,0,0,0,0,0,0,0,0,1,2,1,2,3,1,1,0,2,38,36,31,25,22,21,19,14,12,12,9,9,9
GATGTTTCCCCCATTAATAAG,CAACTTTTTCTGC,true,5,7,13,27,0,0,0,0,0,1,0,0,0,0,0,0,3,1,1,2,1,1,0,3,26,25,23,16,16,15,15,15,12,10,9,7,7
AGGCACTCCTGCTTTTGTCAG,CATTTACGCAGCG,true,3,8,10,28,0,0,0,0,0,0,0,0,0,0,0,0,2,0,1,2,2,0,0,1,27,26,21,20,19,14,13,12,11,10,10,10,8
GTATGAGGACTGACGGGTTCT,CATCAAATTCTCA,true,3,11,9,26,1,0,0,0,0,0,0,0,1,0,0,1,2,0,1,3,0,0,0,0,22,20,19,18,18,17,16,14,13,12,11,11,11
AAAAAAAATATTTAAACAAAA,AACGAAATCGCAT,false,6,5,10,42,4,0,0,0,0,0,0,0,0,0,0,0,2,4,0,0,0,0,0,0,35,26,19,8,6,6,5,5,5,5,5,5,5
TATGATTAAGAACCTTTGAAA,CCGTAGAGATTGA,true,3,5,4,18,0,0,0,0,0,0,0,0,0,0,0,0,0,0,1,1,0,1,1,0,13,9,8,8,6,5,5,5,5,5,5,5,5
AAATGGCGCTTGTAAATTGCA,ATCAGTTGTTATA,true,2,8,12,33,0,0,0,0,0,0,0,0,0,0,0,0,1,0,1,0,1,0,1,1,27,25,24,22,21,21,19,16,16,15,14,11,8
CTTGCTTCTCTTAACAATAAC,AACTACCGGACAC,true,2,4,13,24,0,0,0,0,0,0,0,0,0,0,0,0,1,0,2,0,3,1,3,1,23,19,17,14,14,13,12,12,9,6,5,5,4
GTTTCAAGCGGTTTTTTCTGA,ATAATGAACTCAT,true,2,3,6,11,0,1,0,0,0,1,0,0,0,0,0,0,0,0,1,0,2,0,0,1,11,10,9,7,6,4,3,3,3,3,3,3,3
AAACATCGTTTCTGCTTTTTC,AATGAGTGATAAG,true,2,15,14,49,0,0,1,0,0,0,0,0,0,0,0,0,1,0,1,3,2,0,1,2,46,45,42,35,33,31,29,25,24,21,19,18,15
AGCACGGAGTCGTAAGGACAT,TTCTCGTTTTTGA,true,5,2,4,13,0,0,0,0,0,0,1,0,0,0,0,0,0,0,1,1,0,0,0,1,13,9,7,7,5,4,3,3,3,3,3,2,2
CCTTTTTTTGAAAAAAAGCCC,GCGAGAAGCTCCG,true,3,1,0,11,0,0,0,0,0,0,0,0,0,0,0,0,0,0,0,0,0,0,0,0,11,10,10,8,6,6,1,1,1,1,1,1,1
ACGGCTTTAAAAAGTGGAAGC,CAAGCGCTTTGGT,true,3,6,8,25,0,0,0,0,0,0,0,0,0,0,0,0,0,1,0,1,0,1,4,0,20,19,17,16,16,13,12,12,12,10,9,7,6
ATAAACAGCTGCTCGGCTAAA,GCCGGCGGGTTCA,true,3,2,5,11,0,0,0,0,0,0,0,0,1,0,0,0,1,0,1,1,0,0,1,0,10,9,7,7,6,6,5,4,3,3,3,2,2
AAGAACTAGGCACTATATTAT,TCAGTAAGAAAGT,true,3,12,11,30,0,0,0,0,0,0,0,0,0,0,0,1,1,0,3,1,4,0,0,1,28,25,24,24,22,21,18,17,15,15,12,12,12
AGTTGAAATAATGAAAAGCGT,TTTTTTCGGTCCA,true,7,4,3,15,0,0,0,0,0,0,0,0,0,0,0,0,0,0,0,0,0,0,0,3,15,14,14,12,10,4,4,4,4,4,4,4,4
CAAGAAAAAGAGCAGCTTTCT,AACATTTTGAGCA,true,4,9,13,31,0,0,0,0,0,0,0,0,0,1,0,0,4,1,0,3,1,0,0,3,30,27,23,23,22,22,20,15,10,10,9,9,9
AAAGCGATTTTTTGCATTTGT,ATAAGAGTACTGA,true,2,1,0,14,0,0,0,0,0,0,0,0,0,0,0,0,0,0,0,0,0,0,0,0,13,11,9,6,5,5,3,2,2,1,1,1,1
AAATCAAGCGGGTCCTCTATC,ACAACCCCACTCG,true,4,7,8,19,0,0,0,0,0,0,4,0,0,0,0,0,1,0,0,1,1,0,0,1,19,16,16,16,11,11,11,11,9,9,8,7,7
CGGCTTGGTTTAAGTCATGGA,GTACCATGACTAC,true,2,7,10,24,0,0,0,0,0,0,0,0,0,0,0,0,3,1,1,1,0,3,0,1,20,19,18,16,14,14,11,11,10,8,8,7,7
ACAGCCTCGTACATGAGGCAA,AAGCCATTGTAAC,true,4,10,14,43,0,0,0,0,0,0,0,0,0,0,0,0,1,2,0,1,1,3,1,1,41,33,28,28,20,19,19,18,16,15,14,13,10
TTTTTCATTCGATTTCATCCT,TCTCATTCATTCT,true,2,8,15,39,0,0,0,0,0,0,0,0,0,0,0,0,1,0,1,3,2,1,0,5,38,30,27,20,20,17,16,16,13,13,10,9,8
ATAAATATATCTTCGTTCACA,TTCAGATGAGTTC,true,2,4,9,21,0,0,0,0,0,0,0,0,0,0,0,0,2,0,0,3,2,0,0,1,20,18,14,12,12,12,11,10,7,5,5,5,4
GGCGAGATTGTCTGCTCATAG,AGGCGCAGACGGC,true,2,11,12,29,0,0,0,0,0,0,0,0,0,0,0,0,1,4,2,1,0,0,1,0,28,27,24,23,20,20,20,19,17,16,14,12,11
CCTGGAGCTGAGACAAGCTGT,GCAGCTTTATATG,true,3,5,12,27,0,0,0,0,0,0,0,0,0,0,0,0,3,0,3,0,1,1,1,2,26,22,19,13,12,12,12,10,8,7,7,6,5
GGGTTTCATCATGAAAGTCTC,ACTTTTTGTCACT,true,5,6,3,11,0,0,0,0,0,0,0,0,0,0,0,1,0,1,0,0,1,0,0,0,10,9,9,9,9,9,8,8,8,8,6,6,6
TAATGTTTCACTAAACCGAGC,GGCATTTCATAAT,true,3,6,10,24,0,0,0,0,0,0,0,0,0,1,0,0,2,1,1,2,1,0,1,0,23,21,18,17,14,14,13,10,10,9,9,6,6
GCGTTCGTTGTATCCGTATCC,GCAGGCAGCGTCA,true,2,3,15,25,0,0,0,0,0,0,0,0,0,0,0,0,0,2,0,1,1,2,4,0,24,22,19,19,14,14,13,11,10,9,9,7,3
TTTGAGGAGGAAGCCAGAGCC,TATCAATATGTCA,true,2,3,8,18,0,0,0,0,0,0,0,0,0,0,0,0,1,1,0,1,1,3,0,1,17,15,13,12,11,10,9,8,7,7,6,3,3
CCACCTACGTAATTACCGCGG,CTCGCTTGGCCTA,false,2,1,0,14,0,0,0,0,0,0,0,0,0,0,0,0,0,0,0,0,0,0,0,0,12,12,1,1,1,1,1,1,1,1,1,1,1
AAGGTTTTGTTGACGTGATAG,GTCTCAAGTGAAC,true,2,9,5,29,0,0,0,0,0,0,0,0,0,0,0,0,0,0,1,2,0,1,1,0,22,20,18,17,13,12,10,10,10,9,9,9,9
ATAGCACATCAATGACCCGGT,CTTGCTCTTCTTC,true,2,6,7,19,0,0,0,0,0,0,1,0,0,0,0,0,0,2,0,0,0,2,0,2,16,16,14,13,11,8,8,8,7,6,6,6,6
AATCCGTCGTCTCAGTCGTGA,TCACCTAACGGTA,true,2,10,20,41,0,0,0,0,1,0,0,0,0,0,0,1,4,1,1,2,3,1,2,1,35,33,33,29,27,26,24,20,18,16,14,12,10
GTCAGAATATCAACCGGATTT,GTCGCGATTAAGA,true,3,8,8,28,0,0,0,0,0,0,0,0,0,0,0,0,1,1,1,1,1,0,0,1,24,22,20,17,17,17,16,16,15,12,10,8,8
TAATATACTGGAAAGTACAAT,TGTTTCTGTCCAT,true,3,8,15,29,0,0,0,0,0,0,0,0,4,0,0,0,0,2,1,3,0,2,1,2,25,24,23,23,21,14,14,12,11,11,10,8,8
ATCGCCTGCTGTCTGGACGTC,GGTGAAGGCAAAG,true,3,5,18,36,0,0,0,0,0,0,0,0,0,0,0,0,2,1,1,2,2,0,6,1,35,24,20,16,15,11,9,9,9,8,8,8,5
TCATTGTGTGTCATGTGACTT,ACGATAAAAGCCA,true,4,9,7,25,0,0,0,0,0,0,0,0,0,0,0,0,1,0,1,0,0,4,0,0,23,22,21,19,15,15,15,15,14,13,13,10,9
GGAAAAAAAAAAAAAGAAAAT,CCCCTTCTTCCCT,false,4,1,0,11,0,0,0,0,0,0,0,0,0,0,0,0,0,0,0,0,0,0,0,0,1,1,1,1,1,1,1,1,1,1,1,1,1
ACATACACTGTATTTATATTT,TGATTACAAAATA,true,4,12,16,36,0,0,0,0,0,0,0,0,0,0,0,1,2,0,0,3,2,0,1,5,27,23,22,20,19,16,15,15,15,15,14,13,12
AGCACGCTTTGAAAGAACTGG,GTCAGGATAAAGC,true,3,3,11,26,0,0,2,0,0,0,0,0,0,0,0,0,1,1,2,0,2,0,3,0,19,17,13,8,8,7,7,7,5,5,4,3,3
CGTCAGTTTTTGTGATTAAAA,ACAATTTAATACT,true,5,2,3,12,0,0,0,0,0,0,0,0,0,0,0,0,0,0,0,0,1,1,0,0,10,5,5,4,4,4,4,4,4,3,3,3,2
CGCCGCTAACATCAGGAGCAA,GCTCCCATCTGTC,true,3,14,27,71,0,0,0,0,0,0,0,0,0,0,1,1,4,1,1,5,0,7,3,1,59,57,49,43,39,28,27,23,21,20,18,17,14
ACGTTTCTAATCTGGCTTCAT,TAAAGATACTCAT,true,3,6,12,26,0,0,0,0,0,0,0,0,0,0,0,0,3,1,3,0,1,3,1,0,25,24,23,21,15,14,11,10,10,10,7,6,6
AACAGACAAATTGTTGTTGCG,GTAAATGGCGGGA,true,3,10,13,32,1,0,0,0,0,0,0,0,0,0,0,0,2,0,2,0,0,0,2,1,27,23,23,22,20,18,18,17,16,15,15,12,10
CTTACGGCCCAAGAGATTTAG,AAGATATTAAGAT,true,2,13,13,35,0,1,0,0,0,0,0,0,0,0,0,0,2,1,1,1,4,0,1,0,34,28,25,24,21,20,19,19,19,18,16,15,13
ATTCTCCGATATGAGCCGACT,TTCCTCCAGGCGC,true,3,5,9,25,0,0,0,0,0,0,0,1,0,0,0,0,0,0,0,1,0,2,1,1,23,18,16,15,15,15,11,11,10,8,7,6,5
CTTCGGAGATTCCGGCAGGTT,TTGCTTAATAAAG,true,4,3,3,18,0,0,0,0,0,0,0,0,0,0,0,0,1,0,0,1,0,0,0,0,18,13,11,11,10,5,5,5,4,4,4,4,3
TGTGAGAGCTGTCATTTTGCT,CATCTCCGGAAAC,true,3,8,13,40,0,0,0,1,0,0,0,0,0,0,0,0,1,2,0,1,0,2,2,0,32,31,27,24,23,23,19,17,14,14,12,11,8
AGTCACCATAACGATTTGCGT,GAGTTTGAACATA,true,3,7,9,25,0,0,0,0,0,1,0,0,0,0,0,0,1,0,3,1,1,0,0,2,22,19,14,13,13,11,9,8,7,7,7,7,7
GGGTGGGGGGGTGTGGGGGGT,GGCAGGATGGGAT,false,3,1,0,18,0,0,0,0,0,0,0,0,0,0,0,0,0,0,0,0,0,0,0,0,13,11,1,1,1,1,1,1,1,1,1,1,1
TGCTTATGCAAGCTTACGATG,TAGAAAAAGGGGC,true,5,8,16,32,1,0,0,0,0,0,0,0,0,0,0,0,0,2,0,1,6,0,2,0,32,31,28,27,27,26,22,16,15,15,13,9,8
CCGCCTGAAGCATTTCCTCCT,CCGTCAAGAAGGA,true,2,12,13,37,0,0,0,0,0,0,0,0,0,0,0,0,2,1,0,3,1,3,2,0,35,31,25,25,23,20,17,15,15,15,13,12,12
AATCAAACCCGATAAAATTGT,AGCTTATTGAATC,true,2,4,10,21,0,0,1,0,0,0,0,0,0,0,0,0,2,0,2,2,1,0,1,1,17,13,12,12,10,9,8,7,6,5,4,4,4
GTCTTACTTTCGTACGCTCCA,TAACATGGTCAAT,true,2,12,13,31,0,0,0,0,0,0,0,0,0,0,0,0,3,1,3,1,2,0,1,0,28,28,26,20,20,19,19,17,15,14,14,14,12
GCTTTACAGTAAGCCGGCACT,GGTTCCGCAAATG,true,3,3,9,20,0,0,0,0,1,0,0,0,0,0,1,0,2,1,0,0,1,0,1,1,18,12,12,10,10,8,8,8,7,7,6,4,3
GCCGTTTGCAAAAGTACTTAA,CGACAAATTCGGC,true,3,13,10,30,0,0,0,0,1,0,0,0,0,0,0,0,5,0,0,1,1,0,1,0,27,26,26,24,24,23,20,18,18,17,15,14,13
GGCCCGATCAGCCATTTCTGT,CGACGTGATGATC,true,1,5,10,25,0,0,0,0,0,0,1,0,0,0,0,0,2,0,0,2,0,0,2,1,22,18,18,15,14,13,9,9,7,7,7,6,5
CTCTCCTGCCAGCTTGCGGAA,AATTTGTGAGTGC,true,4,4,6,11,1,0,0,0,0,0,0,0,0,0,0,0,2,0,1,0,0,0,0,1,11,8,7,7,6,6,6,6,6,5,5,5,4
AACGTGTACACGTAAAGTGTC,ACCAGGACGGAAC,true,2,9,10,30,1,0,0,0,0,0,0,0,0,0,0,0,1,1,0,1,1,2,1,0,28,26,23,18,16,14,14,13,13,12,12,11,9
TTTTAAATCATATGCCAAGAG,CAATAGAACGATG,true,2,9,5,27,0,0,0,0,0,0,0,0,0,0,0,0,0,0,0,2,2,0,0,0,27,27,26,19,16,14,14,12,10,10,10,10,9
AAAGGTGACAATCATGTTCAT,GTCATGATTAAAG,true,3,6,7,21,0,0,0,0,0,0,1,0,0,0,0,0,1,0,0,2,0,0,0,1,17,17,14,14,12,11,11,10,9,8,8,7,6
TTCCGCGAAATCAGAAAATGT,ATGAATCGCCTTC,true,2,4,9,21,0,0,0,0,0,0,0,0,0,0,0,1,2,4,0,1,0,0,0,1,17,15,15,14,12,9,8,8,8,8,6,4,4
TCTACTCTCCCAGTCTCGCTG,TCTTTTTGTCCTA,true,5,9,11,31,0,0,0,0,0,0,0,0,0,0,0,0,0,1,1,3,0,2,1,1,30,25,25,25,25,24,20,16,16,13,11,11,9
GGCCGTTGATATTGCCGGAGG,ACTGGGGCCGATC,true,4,5,6,19,0,0,0,0,0,0,0,0,0,0,0,0,3,0,1,0,0,1,0,0,18,15,15,15,14,12,10,8,7,7,6,6,5
CTTCGGCAATTTTTTGAAGAC,CCCTTCGCCTGGT,true,4,2,5,16,0,0,0,0,0,0,0,0,0,0,0,0,1,0,1,2,0,0,0,1,15,12,7,6,5,4,4,4,4,3,2,2,2
CGCCAATAAGCGCCCGATACT,CTTGTCAGTTTGA,true,3,6,10,37,0,0,0,0,0,1,0,0,0,0,0,0,1,0,0,3,1,0,1,2,32,31,26,18,17,16,13,11,11,11,11,6,6
ACAGACCAATGATCTGAATGG,AATTCCAATCGTA,true,2,13,7,25,0,0,0,0,0,0,0,0,0,0,0,0,1,1,0,0,3,1,0,0,25,23,21,20,19,16,15,14,14,14,14,14,13
TTTTGTACATGTTCTGTCCCC,CCTCACCTCACAT,true,6,9,10,37,0,0,0,0,0,0,0,0,0,0,0,0,1,0,0,1,1,4,0,1,33,22,19,19,18,17,13,12,12,12,11,9,9
CTTAAGCCGTTCTTCTGCTTC,TTTTATGCTTAAC,true,4,8,12,29,0,0,0,0,0,0,0,0,0,0,0,0,1,0,3,2,0,0,0,6,27,26,26,21,17,15,14,13,13,11,9,8,8
CAGACCGAAACCGGCATTCAG,GCGCTGTATAAAG,true,3,9,12,29,1,0,0,0,0,0,0,0,0,0,0,0,4,1,1,1,1,0,0,0,26,25,23,22,18,17,17,15,13,13,13,10,9
TGAACAGTGAAGATAGCAAAG,TAGCAGAAATCAT,true,3,5,10,20,0,0,0,1,0,0,0,0,0,0,0,0,2,0,1,1,2,0,0,0,20,19,18,18,16,15,15,14,12,10,10,7,5
CGTGATGCACTGCGTGTAACG,ACAGAGAGCTGAG,true,1,13,11,34,0,0,1,0,0,0,0,0,0,0,0,0,2,2,1,1,0,0,1,2,32,29,28,25,23,20,18,17,17,14,14,14,13
GCCGATCGCAATTAATCCGCC,CAACCGTCGCGTA,false,3,3,8,25,1,0,0,0,0,0,0,0,0,0,0,0,0,0,0,1,6,0,0,0,21,20,4,4,4,4,4,3,3,3,3,3,3
GTTTCGAAAGAGATTTCTTAA,AAAAGGGGGAATG,true,6,7,11,29,0,4,0,0,0,0,0,0,0,0,0,0,1,0,3,0,1,0,0,0,29,28,28,22,16,15,15,15,14,10,10,8,7
AATCTCTTGATAGCAAACATC,GAAACTCATTGCG,true,3,11,13,35,0,0,0,0,0,0,0,0,0,0,0,0,6,0,0,1,3,1,0,1,33,33,32,25,18,16,15,15,15,13,12,11,11
GCCTCTGCTCGTTGCGTCTCC,TGCCGCCCACGAT,true,3,9,7,28,0,0,0,0,0,0,0,0,0,0,0,0,1,1,1,1,0,3,0,0,24,21,21,15,15,15,14,12,10,10,9,9,9
GCGGTCGCTGGCATCAAACAC,GCCTCCGAATACG,true,2,5,8,22,0,0,0,0,0,0,0,0,0,0,0,0,1,1,1,2,0,1,0,0,21,21,17,16,13,12,11,10,8,8,7,7,5
TCATTTCCGGCCAGATATTCA,ATCCTGATGGATA,false,2,4,4,22,0,0,0,0,0,0,0,0,1,0,0,0,0,0,0,3,0,0,0,0,18,18,4,4,4,4,4,4,4,4,4,4,4
GCTGGCAGATTCAGCTGACCA,TTTATACGAAGCT,true,3,8,11,26,0,0,0,1,0,1,0,0,0,0,0,0,1,1,2,1,0,0,1,1,24,22,21,20,19,16,16,13,12,12,10,10,8
TTGATAGAGTGAATTCAAATC,AATATTCCTATAG,true,2,10,10,31,1,0,0,0,0,0,0,0,1,0,1,1,2,0,0,1,0,1,0,1,30,28,22,21,20,18,16,15,14,13,11,11,10
CCGATGGGAGACGGCAGCAAT,ATCAAATTGACGC,true,3,5,10,21,0,0,0,0,0,0,0,0,0,0,0,1,3,1,0,0,1,1,0,3,18,17,15,14,14,14,12,7,7,7,5,5,5
GTACGAAGCAATCGTGGTAGA,CCACTGGAATAAG,false,2,5,6,34,0,0,0,0,0,0,0,0,0,0,0,0,1,0,4,0,1,0,0,0,31,24,24,20,19,19,19,7,6,6,6,5,5
GTGCTGCAGGTGCTGTTAACA,AAGCCGGATGCGT,true,3,9,10,23,1,0,0,0,0,0,0,0,0,0,0,0,1,1,0,2,2,0,3,0,20,17,15,14,14,13,12,11,10,9,9,9,9
TGAGATGAACAGTCTGGATTT,GGCGAAAATCGGA,true,4,6,12,30,0,0,0,0,0,1,0,0,0,0,0,1,1,3,1,1,2,1,1,0,23,23,20,17,16,15,15,12,8,7,7,6,6
AAAGACAGGAGAGAAGGGCTT,CAGGCGTTTCAAG,true,3,14,27,55,0,0,0,0,0,0,1,0,0,0,0,0,1,1,0,11,0,0,4,4,44,44,44,34,33,33,32,32,27,20,19,17,14
TCTTTGTTTACTTCATACAAT,ATAAGAAGGTTCT,true,2,8,8,25,0,0,0,0,0,0,0,0,0,0,0,0,1,0,0,0,0,0,1,3,24,18,18,16,13,13,13,13,13,13,11,8,8
TTTTTGAAAAATAGTCTGCTG,GTTGGCAGAATCA,true,2,6,6,20,0,0,0,0,0,0,0,0,0,0,0,0,1,0,0,0,0,0,3,1,17,17,17,16,12,9,9,8,8,8,7,6,6
AGATGTGCATGATGCCAAGAG,CAAGTGCGCTGTC,true,2,10,8,26,0,0,0,0,1,0,0,0,0,0,0,0,0,1,1,2,1,0,1,1,23,22,20,20,19,15,15,13,12,11,11,10,10
ACGGCAGGCGCAACACGTTTA,TCAAACGGTGCAG,true,3,3,7,21,0,0,0,0,1,0,0,0,0,0,0,0,1,1,0,0,1,0,2,0,20,19,18,17,15,9,6,5,5,4,4,4,3
GGTGAGGAAATGACAGGCGGA,AGAAAGCGTCCTG,true,3,8,11,25,0,0,0,0,0,0,0,0,0,0,0,0,1,2,1,1,1,2,1,0,22,20,18,18,16,15,15,13,12,12,10,10,8
AGAACGAATTAAGAAAAATCT,GAGTGTGCACATA,true,1,11,13,30,0,0,0,0,0,0,0,0,0,0,0,0,2,0,3,3,0,0,3,1,27,25,23,21,20,18,15,15,15,13,13,11,11
TTCCCATACGATGGCAAAAAG,GCAAGAAGGGGAG,true,4,8,6,20,0,0,0,0,0,0,0,0,0,0,0,0,0,0,1,0,2,0,2,0,18,17,17,16,13,13,11,11,11,11,9,8,8
GAAGCATTTGCATGTTTAGCT,GTATAATAGGCAG,true,2,5,10,28,0,0,0,0,0,0,0,0,0,0,0,0,5,3,0,1,1,0,0,0,26,23,20,17,17,15,10,10,8,6,6,5,5
ATGATGTGAAAAGCAAATAAT,CAAATTCCGTGAC,true,3,8,8,24,0,0,0,0,0,0,0,0,0,0,0,0,0,0,0,3,1,0,0,2,22,21,21,17,17,14,13,13,13,12,10,10,8
TATGGCAAATGTGCTGGCGAA,TGGATTAAACACA,true,3,8,9,32,0,0,0,0,0,0,0,0,0,0,0,1,2,0,0,0,0,0,1,2,28,27,25,24,21,17,14,13,13,10,10,8,8
GCTTCATCAGGCATTTTCTTC,CCCTTGGCATCTG,true,4,5,7,19,0,0,0,0,0,0,0,0,1,0,1,0,0,0,0,2,0,2,0,0,19,16,13,13,13,12,11,11,10,9,7,6,5
CAATATCAAGAGAAGCAAAAT,CCCGAACAAAAAT,true,5,4,12,25,0,0,0,0,0,0,0,0,0,0,0,0,2,0,1,1,0,2,0,0,24,22,16,14,13,12,10,10,10,10,10,7,4
GGGCGGGCATTCATTGAAGGC,TATGACGCTTTTA,true,4,7,11,25,0,0,0,0,0,0,0,0,0,0,0,0,1,0,0,1,0,3,0,0,23,22,21,18,18,14,14,13,13,13,13,10,7
GGTGTTTCCGATAATCGCCAA,TAGGACGCCGATA,true,2,5,10,26,0,0,0,1,1,0,0,0,0,0,0,0,4,0,2,0,0,2,0,0,21,21,18,17,15,10,9,7,5,5,5,5,5
TCAGTTTTTTCAGTTTTTACA,GTATCACCGATAT,true,2,5,12,25,0,0,0,0,0,0,0,0,0,0,0,0,1,1,0,4,1,2,1,0,22,21,18,18,18,17,14,11,9,7,6,5,5
TCTTGAAGCGGAACTGCCGCA,AACGCTGTAAATC,true,3,8,9,31,1,0,0,0,0,0,0,0,0,0,0,0,3,1,1,3,0,0,0,0,27,23,19,19,19,18,14,14,14,13,11,8,8
ATCCGATTCCGAATGAAGAGC,TAAAGGAAAACAT,true,4,4,14,23,0,0,1,0,0,0,0,0,0,1,0,0,2,1,1,2,3,0,3,0,21,15,14,11,10,7,7,7,7,6,5,4,4
ACAGCAGTTGTCGTCATGACG,TAGTTTCCTTCTA,true,3,10,7,35,0,0,0,0,0,0,0,0,0,0,0,0,0,0,0,1,0,2,0,2,32,32,30,30,30,22,17,13,13,12,12,11,10
AAGTGTAATAACAGCAGCTAA,TATCGGACCGGTA,true,2,8,13,26,0,0,0,0,0,0,0,0,0,0,0,0,0,1,2,2,1,1,3,2,24,24,21,18,18,14,13,12,11,11,10,9,8
AGTATGACGTTGATAGGAGTC,TCGTCCGCATAAT,true,2,7,8,22,0,0,0,0,0,0,0,0,0,0,0,0,2,1,1,2,0,0,0,0,21,19,16,15,13,12,12,11,11,10,9,8,7
CAATTAATAATAGCTGTAATC,GTTGGTCAGGCGA,true,2,11,12,30,0,0,0,0,1,0,0,0,1,0,0,0,0,2,1,3,0,0,2,1,30,28,25,22,20,20,17,15,14,13,12,12,11
AAAGAACCCCCATTAGGTCCC,TCAGGTCCAATAG,true,3,2,6,11,0,0,0,0,0,0,0,0,0,0,0,0,1,1,1,0,1,1,1,0,9,8,8,8,6,5,5,3,3,3,3,2,2
GGAAAACGGATATTCAGAAAA,ACTCACATATGGC,true,5,2,1,11,0,0,0,0,0,0,0,0,0,0,0,0,0,0,0,0,1,0,0,0,8,5,5,4,4,3,3,3,3,2,2,2,2
CCAGTTATACGCACCAAATTT,TTTGGAGCGTTTC,true,6,3,9,20,0,0,0,0,0,0,0,0,0,0,0,0,0,0,4,0,0,0,0,2,19,19,16,15,13,12,12,11,11,10,9,6,3
CAGCGCTTCCGCCAATCACCC,GTCATCAAAGGCA,true,3,7,8,19,0,0,0,1,0,0,0,0,0,0,0,0,4,0,0,0,2,0,0,0,16,16,15,15,14,14,14,14,12,8,8,8,7
GAGGATGACACATGGCGATCC,AAAATCCTTATAC,true,4,7,9,25,0,0,0,0,0,0,0,0,0,0,0,0,1,1,1,0,2,1,0,1,22,22,21,16,13,13,12,12,11,11,10,8,7
GGCATTCGTATGATATTTCAG,ATCCAGCTTTTTC,true,5,7,18,33,1,0,0,0,0,0,0,0,0,0,0,0,2,1,0,1,1,1,0,4,32,30,29,26,24,21,20,19,18,18,18,14,7
CCCCGGCTGATGCCGGGTTTT,TTTGTTTGATCTA,true,7,3,8,22,0,0,0,0,0,0,0,0,0,0,0,0,0,0,1,4,0,0,0,3,22,19,17,13,13,13,10,6,6,5,3,3,3
ACCAGCCGCCGCACACGGGCT,TTTATCTCGGAAC,true,4,8,14,31,0,0,0,0,0,0,0,0,0,1,0,0,2,1,0,2,1,2,3,0,31,30,26,22,20,17,15,15,15,11,11,10,8
TTCGGTGCGGTATATCAATTT,TTATCAAAATCAG,true,5,2,3,11,0,0,1,0,0,0,0,0,0,0,0,0,0,0,0,1,0,0,0,1,11,8,8,8,6,5,5,4,2,2,2,2,2
GATAGCCAGCCAAGCCGGCAT,TTTATCCCGAATG,true,4,12,12,32,0,0,0,0,0,0,0,0,0,0,0,0,1,1,0,4,0,5,0,1,32,32,28,25,23,20,20,14,13,13,13,12,12
CTGTTTTAATCAATTTGCGTC,TCGCCGTCAGAAG,true,2,9,12,32,0,0,0,0,0,0,0,0,0,0,0,0,0,2,0,4,2,2,0,0,32,26,26,24,18,17,17,16,13,13,13,11,9
CTGAAAATTTTTACAAGCACG,GGAGGATCAACCT,true,3,6,5,23,0,0,0,0,0,0,0,0,0,0,0,0,0,0,1,0,1,1,2,0,23,17,16,13,11,10,10,9,9,7,7,6,6
ACTGGGCGGTCGCCTCCTAAA,AGGTAACGGAGGC,true,4,28,31,85,1,0,1,3,0,0,0,0,0,0,0,0,5,0,3,2,4,2,6,1,74,60,52,50,45,43,39,38,36,35,31,29,28
TGCAGTGAATAAATGTTTCAC,CATATACCTTCCA,true,2,15,8,36,0,0,0,0,0,0,1,0,0,0,0,0,0,1,1,0,1,1,0,1,34,31,25,22,21,21,20,19,19,17,17,16,15
GTATGTATTTGTTGAATACTA,AATATTTCAGTTA,true,3,8,7,29,0,0,0,0,0,0,0,0,0,0,0,0,2,0,0,1,0,0,0,3,27,25,22,20,18,17,11,10,9,9,9,9,8
TCGCATGGTGTTTTTCCCCAT,TCCGATTGCAAAT,true,3,3,4,12,0,0,0,0,0,0,0,0,0,0,0,0,0,0,0,1,0,2,0,1,11,10,6,6,6,5,4,3,3,3,3,3,3
TTTATTCATTGTTTCAATCAG,ATTTAAATACTGA,true,3,14,16,41,0,0,1,0,0,0,0,0,0,0,0,0,6,1,0,4,2,1,0,0,38,35,35,32,27,27,26,20,18,16,15,15,14
GCGGTGCTCGGCATCATTCAC,ACATGCTGGAAGC,true,2,5,5,18,1,1,0,0,0,0,1,0,0,0,0,0,1,1,0,0,0,0,0,0,15,13,10,9,9,8,8,8,8,6,5,5,5
TCCTTCATTCTAAGTAAACAT,ATTTTATCACAGT,true,4,11,8,25,0,0,0,0,0,0,0,0,0,0,0,0,5,1,0,1,1,0,0,0,22,19,18,17,17,15,14,13,13,12,11,11,11
GAGTAAAGGTTCTGTGTAAAA,AGGGTTTGAATCG,true,5,9,10,28,0,0,0,1,0,0,0,0,0,0,0,0,1,2,0,3,1,0,0,2,22,19,17,16,16,16,15,11,11,11,9,9,9
TTCAATTAATGTCCCCTCTCT,TAGGCAAGCATTA,true,2,5,8,21,0,0,0,0,0,0,0,0,0,0,0,0,2,0,0,1,0,0,1,2,20,18,18,17,16,13,11,9,9,9,9,7,5
GAATTTCCGTTGAGACGGTTT,TTTCTTTTTCTTC,true,6,8,12,29,0,0,0,0,0,0,0,0,0,0,0,1,1,0,2,2,0,0,0,3,29,28,26,20,18,17,15,14,12,12,12,11,8
CTCATCATATGTGAATTGATC,TTGTATGACTGGA,true,2,6,8,16,0,0,0,0,0,0,0,0,0,0,0,1,1,1,0,1,1,0,0,2,15,13,13,13,13,10,9,8,7,7,7,7,6
CCGTACGCGAAATCATGAATC,AAGTGGATGTTGT,true,2,8,10,28,0,0,1,0,0,0,0,0,0,0,0,0,2,0,2,0,0,0,0,1,28,25,21,20,19,17,15,15,13,12,11,9,8
GACGGGTTTCTCCGTTGGCAT,TTTCATTCTCTGA,true,4,8,8,24,0,0,0,0,0,0,0,0,1,0,0,0,0,1,0,4,0,0,0,2,24,22,19,13,13,13,12,11,10,8,8,8,8
AATTGAGAGGCTGTCAGACAT,GGTTATACGGTTG,false,2,6,4,33,0,0,0,0,0,0,0,0,0,0,0,1,0,0,3,0,0,0,0,0,33,32,8,8,7,7,6,6,6,6,6,6,6
TTGGATACGCACCTAGAATTG,ATTATATTAGTAT,true,2,5,4,14,0,1,0,0,0,0,0,0,0,0,0,0,0,1,0,1,0,0,0,1,14,13,13,10,8,7,7,7,7,7,6,5,5
AGCTAATTTTTTTATCCTGCT,CCGTTAATTTTTC,true,5,3,5,16,0,0,0,0,0,0,0,0,0,0,0,0,1,0,3,0,0,0,0,0,16,13,12,9,8,8,8,5,5,5,4,3,3
TTTGCAGCCGAGTAGATGGTC,AGCATGGATAGAT,true,2,9,11,29,0,0,0,0,0,0,0,0,0,0,0,0,4,0,2,0,2,0,2,0,24,23,22,22,17,17,15,12,12,11,10,9,9
GCCTGATCGGAATGTTTTGCA,GATTCGGATCAGT,true,2,4,7,22,0,0,0,0,0,0,0,0,0,0,0,0,2,1,0,1,0,0,1,0,19,18,18,17,13,12,11,11,10,9,9,6,4
ATTTGAAGCCAGTTTATCACG,GAGCATATAGACT,true,2,3,2,11,0,0,0,0,1,0,0,0,0,0,0,0,0,0,0,0,0,0,0,0,7,5,5,5,5,5,5,4,4,4,4,3,3
AGGGGAAAAAAAAAAAAATTT,TTTCAATCAGTAT,true,6,1,0,12,0,0,0,0,0,0,0,0,0,0,0,0,0,0,0,0,0,0,0,0,8,6,5,1,1,1,1,1,1,1,1,1,1
CGGATTTTCAGTCCGTTGCTC,TACCAACTGAGCT,true,2,13,26,67,0,0,0,0,0,0,0,0,0,1,0,0,5,3,1,4,4,5,2,1,60,59,51,42,40,29,20,19,15,13,13,13,13
TTAAACGGCTATGAGCTTGGC,GGCGGTTCGATTC,true,2,8,9,23,0,0,0,0,0,1,0,0,0,0,0,0,1,1,0,1,2,0,0,2,23,22,22,20,18,17,17,15,14,11,11,9,8
CCGAAGATAAAGAAAGCAAAA,AAAGCTGAAAGAG,true,7,2,3,12,0,0,0,0,0,0,0,0,0,0,0,0,1,0,0,0,0,0,0,0,12,11,9,7,6,5,5,5,4,4,4,4,2
TTTCCTTTCTGTCGATCCTCA,TCATACCGGTTGT,true,2,13,9,35,0,0,0,0,0,0,0,0,0,0,0,0,1,2,0,0,0,1,0,4,33,28,27,24,24,22,19,18,18,18,14,13,13
TTGCATCACGGCTGGTAGAGG,TAGGTTATGAGCG,true,2,6,16,30,0,0,0,0,0,0,0,0,0,0,0,0,3,1,0,2,2,0,5,2,26,25,24,20,19,18,16,14,8,8,7,7,6
AATTACACATAGTTACCTTTC,AAGAATAGAAAGA,true,3,7,1,15,0,0,0,0,0,0,0,0,0,0,0,1,0,0,0,0,0,0,0,0,13,12,10,10,10,9,8,8,7,7,7,7,7
ATTTTCTTTTCTTCACTTACA,GCGCCTCTGATCA,true,2,11,12,30,1,0,0,0,0,0,0,0,0,0,0,0,2,2,1,3,1,2,0,0,27,24,22,21,20,19,19,18,17,15,13,11,11
AATTGAAGGACGGGATGTTTG,CTGTCTATCATAC,true,1,4,6,14,0,0,1,0,0,0,0,0,0,0,0,0,2,0,0,1,0,2,0,0,11,10,10,10,9,8,8,7,6,5,5,4,4
GGATGCTTAGGTTTACGTGCT,CTTGTGTTGCCAG,true,2,13,10,28,0,0,0,0,0,0,0,0,0,0,1,0,0,0,0,3,0,3,1,0,28,26,25,22,22,19,19,19,18,18,15,15,13
AGGCGTCAGAGGCGGAGAAAA,CGCTGGATCGTTA,true,4,8,10,24,0,0,0,0,0,0,0,0,0,0,0,0,4,1,3,0,0,0,1,0,17,17,15,14,14,14,12,11,11,10,9,9,8
CCTACGTACATTACTGTGTTG,CCGACACCCTTCG,true,3,9,9,26,0,0,0,0,1,0,0,0,0,0,0,0,0,1,0,2,0,5,0,0,25,22,19,18,17,17,17,16,12,11,11,9,9
GGTCATCGGGAGCAACTGGAG,CAACTGGAGTAAC,true,2,2,2,13,0,0,1,0,0,0,0,0,0,0,0,0,0,0,0,0,0,0,0,1,13,5,4,3,3,3,3,3,3,2,2,2,2
AAGGGAGGCGCCGATATCCAA,ATACGCCGGATCA,true,3,9,12,34,0,0,0,0,0,0,0,0,0,0,0,0,3,1,2,3,2,1,0,0,31,29,25,22,19,18,16,16,16,12,11,9,9
TACCGAATTGCGGAATGTTCC,GTCTTTTCTGATC,true,4,6,8,21,0,0,0,0,0,1,0,0,0,0,0,0,0,0,0,1,1,1,1,2,21,18,15,15,14,14,11,10,10,8,7,7,6
TGCACGAAATGCCGCTGTATG,AAGAAAATGGCTA,true,4,6,11,23,0,0,0,0,0,0,0,0,0,0,0,1,4,1,1,0,1,1,2,0,22,22,20,20,19,19,17,10,10,8,7,6,6
GGTTGACTTAAAGAGGTGGTC,TAAAATTAGTGAT,true,4,3,9,24,0,0,1,0,0,0,0,0,0,1,0,0,1,1,1,2,1,0,0,1,23,20,19,18,13,10,10,9,8,5,4,3,3
TGCTTTAACAGCTCTTTGCCT,AATTTAAACGGAT,true,3,9,8,24,0,0,0,0,0,0,0,0,0,0,0,0,3,0,0,2,1,0,0,1,23,20,18,17,15,13,13,12,12,11,10,9,9
GTGAGGATGAAGCACGCCATA,TTTTGCTCCTTAC,true,4,5,9,23,0,0,0,0,0,0,0,0,0,0,0,0,0,1,0,2,0,1,0,4,23,21,20,14,12,10,10,10,8,8,7,6,5
AATGGCGCGGCTTTTTTTCCT,TGCCCAATAATAG,true,3,7,12,30,0,0,0,0,0,0,1,0,0,0,0,0,1,1,1,1,2,3,1,1,28,23,23,23,14,13,11,11,10,9,7,7,7
AGAAGGCTTGTAGAAATGAGA,TTGGCAGGCGTGC,true,2,5,6,16,0,0,0,0,0,0,0,0,0,0,0,0,0,0,0,0,1,1,2,1,14,12,12,12,10,9,8,7,7,6,6,6,5
CGAAAACTGCCAGCAAAACAA,GGTATAACGGGGT,true,4,3,5,18,0,0,0,0,0,0,0,0,0,0,0,0,1,0,0,0,2,0,1,1,15,12,12,10,9,8,6,4,4,4,4,3,3
ATACCGCTACAAAGGCGAAAT,CATTGAAGAATTC,true,2,10,16,36,0,0,0,0,0,0,0,0,0,0,0,1,3,3,2,1,2,0,0,2,33,31,28,22,19,19,17,14,14,14,14,12,10
TCCATGGGGATGGCCGCTCCT,GTCGGATTGGGAT,true,3,6,13,25,0,0,0,0,0,1,0,0,0,0,0,0,1,2,0,2,0,1,3,1,25,25,22,22,17,17,16,13,11,10,9,8,6
AAAGAAGTGTTAGCTATAGGA,GATTCCGTCATGC,true,2,10,16,32,0,0,0,0,0,0,0,1,0,0,0,0,3,2,0,5,0,1,2,1,27,27,27,26,23,21,19,19,16,12,11,11,10
GCACTGCTTGGAAAAGCCTGT,CCGGCTGTGAAGC,true,2,3,2,11,0,0,0,0,0,0,0,0,0,0,0,0,0,0,0,1,0,0,1,0,11,10,9,7,7,6,6,6,4,3,3,3,3
TCCTTGAAGCCCTTCCAATAC,GCTGAGATATTGC,true,2,11,11,31,0,0,0,0,0,0,0,0,0,0,0,0,2,3,1,1,0,0,1,1,29,24,21,20,20,19,19,17,16,14,13,13,11
CTAGTTTCTTTTTTACAAAAA,CCGCGTATTTCGT,true,5,4,3,12,0,0,0,0,0,0,0,0,0,0,0,0,2,0,0,1,0,0,0,0,8,8,8,6,6,6,6,6,6,6,4,4,4
CGTCAATCATCATTTGAATTG,CGCCGCCGCGTAC,true,2,6,5,25,0,0,0,0,0,0,0,0,0,0,0,0,1,0,2,0,0,1,0,0,22,21,16,15,13,10,7,7,7,7,7,7,6
GCGGATCATCAAACCATTCAC,AGGAGATGAAAGT,true,3,2,7,11,0,0,0,0,0,0,0,0,0,0,0,0,1,1,2,1,2,0,0,0,10,10,9,9,8,7,7,6,6,5,3,2,2
TCATCAATCATGGCGCGAATT,CCTTTTTGAAGGC,true,5,6,8,26,0,0,0,0,1,0,0,0,0,0,0,0,2,0,1,0,1,1,1,1,23,18,17,17,17,17,15,12,11,10,7,6,6
AACAACACTGGTGCTGCTGTT,AAGAAACGTGAAG,true,3,5,9,21,0,0,0,0,0,0,0,0,0,0,0,0,1,0,0,3,3,0,1,0,15,14,13,13,13,9,9,8,7,7,6,5,5
GCATTTTGAAAAAGAGGGCCT,GATAGACAGCGGT,true,2,4,15,27,0,0,0,0,0,0,0,0,0,0,0,0,1,4,0,5,1,0,2,0,24,23,21,20,17,17,14,12,11,11,8,5,4
AGCTGCTGAAGCTGATTTGCA,CCCGTTCCTCCGT,true,3,7,10,25,0,0,0,0,0,0,1,0,1,0,0,0,0,1,1,0,0,4,0,0,22,21,17,14,14,14,14,13,13,11,10,9,7
GGCTGAGCGACTGGAATACAT,GCTGGAGGACAGT,true,2,11,12,32,0,0,0,0,0,0,0,0,0,0,0,0,1,1,1,0,0,1,6,1,27,26,25,24,20,19,19,16,15,12,12,11,11
AGGATGAGCCGCAGGAAATAA,AGGACACATCAAT,true,3,3,8,14,0,0,0,0,0,0,0,0,0,0,0,0,2,0,0,0,3,2,0,0,12,12,11,11,11,11,8,7,7,4,4,4,3
ATGTTTTCCTTCATATGACCC,AGATAATCGGCTA,true,3,3,11,21,0,0,0,0,0,0,0,0,0,0,0,0,3,0,1,3,0,1,1,1,18,17,16,15,13,12,9,7,7,6,5,4,3
AATGGAAGATTAGCGGCGAGC,TGTTTTCCTTCTC,true,4,2,3,12,0,0,0,0,0,0,0,0,0,0,0,0,0,0,0,2,0,0,0,1,11,11,11,11,11,8,2,2,2,2,2,2,2
AATTGACATGGTAAGCTTGGT,GCCATTTTTTTGT,true,7,2,6,18,0,0,0,1,0,0,0,0,0,1,0,1,0,0,0,0,0,0,1,1,16,15,11,10,8,7,7,7,7,5,4,2,2
TCAACAAGCTTCACTTCATCG,CCGAGAAGATTCA,true,2,6,13,26,0,0,0,0,0,0,0,0,0,0,0,0,2,1,3,2,3,0,1,0,24,17,15,14,13,11,9,9,9,8,8,7,6
CCGGCTGTTTCGCTCCTTCTT,CATTGTTGGCACG,true,2,5,7,24,0,0,0,0,0,0,0,0,0,0,0,0,1,1,0,0,0,0,4,1,22,18,16,13,13,13,12,11,6,6,5,5,5
ACGTATCATCAAGCTGAAGAT,AGCGGCATCCAGC,true,2,16,9,36,0,0,0,0,0,0,0,0,0,0,0,0,2,2,1,0,0,1,3,0,34,30,29,28,22,22,21,19,19,17,16,16,16
ATAAGGAAGGTTGGCTACAAC,CATGATCTCATCA,true,2,9,10,32,0,0,0,1,0,0,0,0,0,0,0,0,2,0,1,4,0,1,0,1,30,28,26,20,19,15,13,13,12,11,9,9,9
GAATCCCGCCCACATCGAAAA,ATCCGTCTTCCCA,true,5,4,6,13,0,0,0,0,0,0,0,0,0,0,0,0,0,1,0,0,1,1,0,2,10,9,9,9,9,7,7,7,6,6,6,5,4
GTATGGCATGGGTGCTGAATC,CTCCTTTATCTCG,true,3,7,4,20,0,0,0,0,0,0,0,0,0,0,0,0,0,3,0,0,0,0,0,1,18,15,14,13,10,9,8,7,7,7,7,7,7
TAAAAGAAGACGGAACCTCTG,CATTCACCTTATC,true,2,5,16,28,0,0,0,0,0,0,0,0,0,0,0,0,6,2,0,2,2,1,0,2,28,25,23,20,17,15,13,12,10,8,7,6,5
TCAGGATACGGTGGATTTTTC,TAACAGCGTCAGA,true,2,8,10,31,0,0,0,0,0,1,0,0,0,0,0,0,2,1,0,0,2,1,0,1,30,28,26,18,15,15,14,13,11,11,11,8,8
TATCCTGACTACGTATTAGGA,TCAAGTCTGGGAG,true,3,8,12,31,0,0,0,0,0,0,0,0,1,0,0,0,2,0,2,1,0,1,0,0,28,25,22,20,18,17,16,15,13,13,10,9,8
ATCGAAGGCCAATTTACTGTC,CTGCGCCGCGGGA,true,3,9,10,28,0,0,0,0,1,0,0,0,0,0,0,0,0,3,0,1,0,1,0,1,24,21,21,21,16,16,14,14,14,12,12,10,9
ATATATTCTGTGCTTTTTTCT,CTGAGGAGAACAT,true,2,7,10,21,0,0,0,0,0,0,0,0,0,0,0,0,2,1,2,2,0,2,1,0,19,19,16,15,15,13,12,11,10,9,7,7,7
CTGTTAAAGGAAATCCATTAT,GCCGAAAACGTTG,true,4,10,13,34,0,1,1,1,0,0,0,1,0,0,0,0,1,1,1,0,2,2,0,2,33,31,28,26,23,23,23,17,15,13,12,10,10
AATCCTTTTTTATCGTGACCA,TTTCTATTCCCTC,true,3,9,11,25,0,0,0,0,0,0,0,0,0,0,1,0,1,0,0,2,1,3,0,2,24,24,23,21,19,16,15,13,13,13,10,10,9
CTCGTGATTTTTTCGATGATT,TCTGTTTTATCCA,true,4,6,2,11,0,0,0,0,0,0,0,0,0,0,1,0,0,0,0,1,0,0,0,0,10,9,8,8,7,7,7,7,6,6,6,6,6
TTTAATAATAAAGCTGCATCA,ATTCCCGATGGAG,true,3,10,13,35,0,0,0,0,0,1,1,0,0,0,0,0,1,0,1,0,0,2,2,2,33,29,29,28,26,19,18,17,15,15,13,13,10
TTCAGATGATGGCATTTATAA,AGAGCAGGTACTG,true,3,6,11,31,0,0,0,0,0,0,0,0,0,0,0,0,2,0,3,1,2,2,1,0,24,21,20,19,14,14,11,11,9,8,6,6,6
ATGTTTAAAATTTTCACACAA,ATTTAGTTTTTAT,true,5,9,8,21,0,0,1,0,0,0,0,0,0,0,0,0,0,1,0,1,0,0,0,3,19,18,18,17,14,14,14,14,14,14,10,9,9
TGATCAATACAGCGGCTTATA,TGCCGTTAACCGT,true,2,8,7,26,0,0,0,0,0,0,0,0,0,0,0,0,0,2,0,3,0,1,0,1,24,19,19,15,14,14,12,9,9,9,9,8,8
TACATTTATTTTCAAATATTT,GGGTACAGATTAT,true,3,5,16,35,0,0,1,0,0,1,0,0,1,0,0,0,2,2,2,4,0,0,2,0,30,27,23,16,14,12,12,11,7,7,7,6,5
GGCGCAAATAAGGATCTACTT,TTTCTTTGAGGTC,true,5,6,16,36,0,0,0,0,0,0,0,0,0,0,1,1,1,0,0,4,0,1,2,6,35,33,23,17,15,14,10,8,8,8,6,6,6
CTGCAGCCTGCGAGCCGCAGT,TTTTCTTCATACA,true,5,7,13,32,0,0,0,0,0,0,0,0,0,0,0,1,1,1,0,3,0,0,0,3,29,27,25,21,17,16,15,13,12,11,9,8,7
GCGGGATGCAAAGGTGTTCCT,GATGGATGAGCCT,true,2,15,9,40,0,0,0,0,0,0,0,0,0,0,0,0,1,0,3,1,1,0,1,0,36,34,29,28,23,22,20,20,20,19,18,15,15
AAAATGTGGGGTTAAGTCCTC,GATCGATTAGTAT,true,2,2,7,12,0,0,0,0,0,0,0,0,0,0,0,0,0,3,0,0,2,0,0,0,10,10,10,9,8,6,6,6,5,4,4,3,2
GCAAACTCCACATCCTTTTCC,ACTTAACGTATAC,true,2,11,9,37,0,0,0,0,0,0,0,0,0,0,0,0,5,0,0,1,1,0,0,0,35,29,29,24,23,20,16,15,14,14,13,13,11
GTGATTCTTCCAAAAGCTTTT,GCAGGCGTCTTTG,true,4,9,7,25,0,0,0,0,0,1,0,0,1,0,0,0,0,1,0,2,0,0,0,0,20,20,20,17,16,15,14,13,12,11,11,10,9
CACACCCGATAATAAAGACCG,TATAAAGCCAGCG,true,3,6,7,27,0,0,0,0,0,0,0,0,0,0,0,0,2,1,0,1,1,0,0,1,23,22,20,18,17,15,11,11,11,10,7,6,6
TCGTTTGGATGGCAGCCATTC,CCGAACTGAAGGC,true,3,9,13,29,0,0,0,0,0,0,0,0,0,0,0,0,2,1,2,0,1,2,5,0,28,23,18,18,16,14,14,14,13,12,11,9,9
TGGAATTTGTTTTAAAGAAGT,TGCCAAATCTTTA,true,3,10,12,32,0,0,0,0,0,0,1,0,0,0,0,0,2,1,0,1,1,3,0,1,30,26,26,21,19,18,17,14,13,13,12,12,10
CTTGGCTAAGAGCCGCGCCGC,CTCCAAATGCCGC,true,3,6,7,22,0,0,0,0,0,0,0,0,0,1,0,0,0,1,0,1,1,0,0,2,17,14,14,14,13,12,11,10,9,9,8,6,6
AAGTATCCTCCGTATGATTTG,ACATTGGCAAGCA,true,2,9,13,28,0,0,0,0,0,0,0,0,0,0,0,0,4,0,3,0,2,0,1,1,24,20,18,18,17,17,16,15,15,13,12,10,9
CTGTCTCACTGTCTATTGAAA,AAGCATGCGATTC,true,5,10,14,38,0,0,0,1,0,0,0,0,0,0,0,0,5,2,2,1,1,0,1,0,37,30,23,22,21,21,18,17,15,13,11,10,10
AGGGGTTTACCGCGTTCCACT,CTCACCATTTTCT,true,4,2,5,20,0,0,0,0,0,0,0,0,0,1,0,0,1,0,0,0,0,1,0,2,14,13,12,11,9,6,6,5,5,5,2,2,2
TTTCTTCCGCTTCCTCTGCTT,GCGGCTCTTCATC,true,2,5,4,18,0,0,0,0,0,0,0,0,0,0,0,0,0,0,0,2,1,0,1,0,13,12,12,9,7,7,7,7,7,6,5,5,5
CATTTGGCGCCTGTTTCTTCA,GTTTCGGCACCCA,true,3,10,10,31,0,0,0,0,0,0,3,0,0,0,0,0,0,1,1,2,0,2,0,1,28,28,28,25,21,21,20,20,18,13,13,10,10
TAATCTTTTCTGACTTGTGCT,AGGAATTCATTTA,true,3,11,10,29,0,0,0,0,0,0,0,0,0,0,0,0,1,0,1,2,4,0,0,1,25,23,21,20,16,16,15,15,15,14,13,12,11
CAAAGCGTCCGCAGCTTCAGG,AACGCATCACGTC,true,2,7,8,24,0,0,0,0,0,0,0,0,0,0,0,0,2,1,0,2,0,1,0,0,24,23,18,17,16,14,13,10,10,10,10,8,7
AGGATGCGACAAAGCATGATC,TTATCAGGCAGCG,true,2,9,7,26,0,0,0,0,0,0,0,0,0,0,0,0,0,1,2,1,0,0,3,0,24,22,19,18,15,14,14,10,9,9,9,9,9
CGACGATTCTTGATGCGAATG,TTACAACGATTAT,true,2,7,12,29,0,0,0,0,0,0,0,0,0,0,0,0,3,0,2,1,3,0,1,0,28,26,25,25,24,19,15,13,12,9,9,8,7
GTTGGATCCAAGTGCGATATA,AGCTATGTTGTTC,true,2,8,12,31,0,0,0,0,0,0,0,0,0,0,0,0,0,1,1,2,2,0,1,2,27,24,23,21,18,17,16,16,14,13,12,11,8
CATCGCCCTGACGACAGAGAT,TAAACTTAACGGA,true,3,6,16,30,0,0,0,0,0,0,0,0,0,0,0,0,4,0,0,2,4,2,0,3,28,26,26,24,15,15,11,11,9,8,7,7,6
TTACTCTGCCACTTGCGCTCC,GATGCTGTTTGCA,true,3,9,12,28,0,0,0,0,0,0,0,0,0,0,0,0,0,0,0,8,1,0,0,1,26,23,23,18,17,16,16,16,16,15,12,9,9
TATTAGTTCTGGTTTCGCATC,CGCTCCTTCCCTA,true,3,11,10,32,0,0,0,0,0,0,0,0,1,0,0,0,0,1,2,2,0,4,0,0,26,24,20,20,19,18,17,17,14,14,11,11,11
AATAGCAGTATTCATATCACC,AATGATGAGCGTG,true,2,5,7,23,0,1,0,0,0,0,0,0,0,0,0,0,1,1,0,1,0,0,0,0,22,19,17,13,12,12,11,9,9,9,7,6,5
TTTCTCGTTTCGAGCGCTCCC,CATACCCATAAAT,true,4,5,15,40,1,0,0,0,0,0,1,0,0,0,0,0,1,4,1,2,1,2,0,0,27,21,20,19,18,18,13,11,10,9,9,6,5
CTATGAACTAAGACCGCTTAA,CGTAAGCTGTCAC,true,2,7,16,33,0,0,0,0,0,0,1,0,0,0,0,0,5,0,1,2,1,0,1,0,25,24,23,21,17,15,15,15,13,12,12,11,7
ATTACATGAGTCAGTATTTAC,AAGAACAAAGTGA,true,3,6,10,28,0,0,0,1,0,0,0,0,0,0,0,0,3,1,0,0,2,0,0,1,26,25,20,19,18,13,12,12,10,9,8,8,6
CTTGGCGGTGGTTTTGAAAGA,TAACCTAGAAGCA,true,2,13,7,29,0,0,0,0,0,0,0,0,0,0,0,0,0,1,1,0,2,2,0,0,28,28,26,25,18,17,16,15,15,15,15,14,13
AGCGGCAGAGCTTTCGAAGTA,TTTCTCGAATTAC,true,3,5,11,29,0,0,0,0,0,0,0,0,0,0,0,0,1,1,2,3,1,0,0,3,26,22,20,16,12,11,9,9,7,6,6,5,5
TTCGCCTCAGCAGGAATTATC,ACCATTTTGTGCA,true,4,6,11,25,0,0,1,0,0,0,0,0,0,0,0,0,2,1,2,1,1,0,0,3,23,19,17,14,13,13,11,7,6,6,6,6,6
ACTGTACATCAGCTGGTGAAG,CAAGGAAGATATC,true,2,9,7,23,0,0,1,0,0,0,0,0,0,0,0,0,3,0,1,0,2,0,0,0,23,23,22,20,18,16,14,13,12,10,9,9,9
TTAAACCGTGTGTGTACATGG,CGTTCACAGCCAC,true,2,8,10,28,0,0,0,0,0,0,0,0,0,0,0,0,2,1,1,0,1,2,1,1,24,21,21,19,16,15,13,12,10,9,8,8,8
ATTTATTGAGATTTATAATAC,GACTGACAGAACG,true,2,9,8,24,0,0,0,0,0,0,1,0,0,0,0,0,1,0,2,1,2,1,0,0,22,20,17,15,14,12,10,9,9,9,9,9,9
GCAGCCCCTGCATTAAAAGCT,GTAATAGATAAAG,true,3,7,5,19,0,0,0,0,0,0,0,0,0,0,0,0,0,0,0,3,1,0,1,0,15,15,12,11,11,10,8,8,7,7,7,7,7
GAGCTAAGAAAGTCAACCAAG,TCATAAGAAAAAC,true,5,8,7,16,0,1,0,0,0,0,0,0,0,0,0,0,1,0,1,0,1,0,0,1,14,14,14,14,14,11,10,10,10,10,10,8,8
GGAAATATTGTTGAACGAAAA,TCGAAAAAGAAAC,true,5,6,9,29,1,1,0,0,0,0,0,0,0,0,0,0,4,0,0,0,2,0,0,0,19,17,17,17,17,17,16,13,9,8,8,7,6
TGTACTAAATTTTCATTAAAT,TTCAATTGCCGCG,true,3,6,10,27,0,0,1,0,0,0,0,0,0,0,0,0,0,1,2,2,1,0,0,0,27,26,19,17,15,14,12,11,9,7,6,6,6
AATCCCGGTGCTCAGACTTTT,TCTTATATCGATG,true,5,4,4,14,0,0,0,0,0,0,0,0,0,0,0,0,0,0,0,2,0,0,0,1,12,7,7,6,6,6,5,5,5,5,5,5,4
GAGATCGGTTCTTACTTTTCC,TTTTAAATCAGCA,true,4,7,3,15,0,0,0,0,0,0,0,0,0,0,0,0,2,0,0,1,0,0,0,0,15,14,13,12,11,11,10,9,9,9,8,7,7
GAAACGCTGGAATGGATTGAA,AAACAAAAAGGAG,true,5,3,2,11,0,0,0,0,0,0,0,0,0,0,0,0,0,0,0,0,1,0,0,0,11,10,7,6,6,6,6,5,5,4,4,4,3
CTTTTTCATATTTTTCACGCA,GCGCAAATCCGGA,true,3,3,8,12,0,0,0,0,0,0,0,0,1,0,0,0,1,1,0,1,0,1,2,0,12,12,10,10,9,9,9,8,6,5,5,4,3
TTTAGTGAATGTTGTGGAATA,TCCTGCGGCTAAT,true,2,6,14,27,0,0,0,0,0,0,0,0,0,0,0,0,1,1,0,2,0,3,5,0,26,23,19,18,15,14,13,9,9,9,8,8,6
GCGACAGGAGCTACGGGAAGC,CGGACCAACCGGA,true,2,2,4,22,0,1,0,0,0,0,0,1,0,0,0,0,0,0,0,0,0,0,1,0,15,14,12,9,9,5,5,4,3,3,3,2,2
CTTCCCCTTCAAAAAAACCGT,TGATCAGTTGATC,true,2,7,7,20,0,0,0,0,0,0,0,0,0,0,0,0,1,0,0,1,1,0,1,1,19,16,16,16,14,13,11,11,10,9,9,9,7
TGGGTTGATGAAAAAGGCTGG,AAGCCGACAAAAG,true,4,7,11,24,0,0,0,0,0,0,0,0,0,0,0,0,2,1,2,1,1,0,0,0,23,21,19,19,15,15,14,14,14,13,13,11,7
GAAGTCAATGATGATATCGTA,ACGTTCAGCGGGC,true,3,5,9,24,0,0,0,0,0,0,0,0,0,0,0,0,2,2,1,0,1,1,0,1,21,18,17,17,16,12,10,9,8,6,6,5,5
AATCTGTATATCCATACCTGC,AAGATGGTACTCT,true,2,8,11,27,0,0,0,0,0,0,0,0,0,0,0,1,2,3,1,0,0,0,1,2,23,23,19,19,19,16,16,13,12,11,10,9,8
TGCCCCCTCCACCATTATTAT,TGGGCTATAGCCA,true,3,5,6,17,0,0,0,0,0,0,0,0,0,0,0,0,1,0,0,0,0,0,2,0,15,15,15,13,11,10,9,8,8,8,8,5,5
ATCATTCCATTGATACGTCCA,ATATACTTCTTCT,true,2,10,11,31,0,0,0,0,0,0,0,0,0,0,0,1,1,0,1,5,0,0,0,1,26,25,23,19,15,15,15,14,13,12,12,10,10
GTGTTCCAAGAAGATTCGATC,GTTTCAATATCTA,true,3,9,8,30,1,0,0,0,0,0,0,0,0,0,0,0,1,1,0,1,0,0,2,1,28,28,27,21,16,15,13,12,11,10,10,10,9
ACCGAAGTAGCATGAACAACA,AGAGGTTCTTTGT,true,3,6,13,31,0,0,0,0,0,1,0,0,0,0,0,0,1,0,0,1,3,0,2,1,28,26,24,21,17,17,16,13,13,13,11,8,6
GGCTTCATCACTGATAAGCAG,GTGAAAGAGTCAG,true,3,10,21,48,0,0,1,1,0,0,0,0,0,0,0,0,4,2,3,2,2,0,5,1,38,36,30,27,26,21,18,18,14,11,11,10,10
TGGAAAAAATTAATAGGAGTT,ATCCCTAGATTCA,true,3,6,15,31,0,0,0,0,0,0,0,1,0,0,0,0,1,1,0,4,1,4,1,1,27,27,26,25,16,13,11,9,8,8,8,7,6
ACAGCAGGTATCAGACGCCCG,CAAGAGCTTATCG,true,2,4,6,18,0,0,0,0,0,0,0,0,0,0,0,0,1,1,1,0,0,1,1,0,17,15,13,12,11,9,8,8,8,7,6,4,4
AAAAAAGGGGCTGGAATCAAA,ACGATTATTCGGC,true,4,11,8,34,0,0,0,0,0,0,0,0,0,0,0,0,2,1,0,0,1,1,0,1,32,22,21,20,20,18,15,15,14,14,13,13,11
ACACGGCTTTTTTACCGGCAA,GCCGAAACAGAAT,true,3,6,7,17,0,0,0,0,0,0,0,0,0,0,0,0,4,0,1,1,1,0,0,0,17,16,15,14,14,13,11,8,8,7,6,6,6
ACTGCAAAATGCATCCGACGC,AGTCACTGGTTCA,true,2,6,15,29,0,0,0,0,0,0,0,0,0,0,0,0,2,4,2,4,0,0,1,0,24,22,20,19,16,13,13,12,11,10,10,6,6
TTTGACTGTTTAGTAGGCTTG,AAAAAAGCATAAC,true,6,12,14,38,0,0,0,0,0,0,0,0,0,0,0,0,3,1,2,0,3,0,1,0,36,33,31,31,31,26,19,18,17,16,16,15,12
AAATGCGCCACCGGCTGCACC,GCCAATCAAAGCG,true,3,5,10,24,0,0,0,0,0,0,0,0,0,0,0,0,2,1,2,0,2,3,0,0,22,20,15,15,13,10,9,8,8,7,5,5,5
CTACGAAAACTATCATACTAA,AAATCGTGCCCAT,true,5,4,6,25,0,0,0,0,0,0,0,0,0,0,0,0,1,1,0,0,2,1,0,0,24,22,18,15,12,9,7,7,7,7,5,5,4
AGAATAAGAGAGAGCCGACAA,TAGCCGGGCATAG,true,3,7,8,25,0,0,0,0,0,0,0,0,0,0,0,0,2,1,0,0,1,0,4,0,22,19,15,15,13,13,12,9,9,8,7,7,7
TGTGTCAAGAAAAACGGATTT,CGCCGATGGCTTG,true,3,10,10,27,0,0,0,0,0,0,0,0,1,0,0,0,0,1,0,2,0,2,2,0,24,22,22,18,17,17,16,15,14,13,12,11,10
TTGTTTTTTCGGTTTCTTTTC,ATCCAAAGACCAT,true,3,9,8,21,0,0,0,0,0,0,0,0,0,0,0,0,0,1,1,0,4,1,0,0,19,18,18,16,16,16,12,12,10,10,10,10,9
AGAACAAAACCAGTGGGAAAT,GAATGCTACCCAC,true,3,8,10,26,0,0,0,0,0,0,0,0,0,0,0,0,1,1,1,1,0,3,0,1,24,22,21,18,17,15,14,14,13,13,10,10,8
CGGCTCAGCGTTTTCCACTTC,ACCGATTTCTGTC,true,3,9,10,27,0,0,0,0,0,1,0,0,0,0,0,0,0,2,2,0,1,1,0,3,25,21,19,17,16,16,14,13,13,11,10,9,9
ACTGGTCAAAGAAGGGAAAGT,AAAAATACTTTCT,false,5,5,12,33,0,0,3,0,0,0,0,0,0,0,1,0,0,0,1,0,5,0,0,2,32,32,28,24,9,8,8,8,8,8,5,5,5
TACAGGATCATGGCAGCGGCA,GTGCAAATAAGAG,true,3,5,5,12,1,0,0,0,0,0,0,0,0,0,0,0,0,0,0,0,0,1,0,0,11,11,11,9,9,9,9,9,8,8,7,7,5
CAAATCGTATCTGTGTCTGGG,TTTTGGTGTCCGA,true,4,7,14,34,0,0,0,0,0,0,0,1,0,0,0,0,0,2,1,3,0,2,4,1,34,34,33,29,22,17,16,13,12,11,7,7,7
GGATTTTTTACTGTCTGAACA,GGTCTTGTTAAAG,true,3,3,5,14,0,0,0,0,0,0,0,0,0,0,0,0,0,0,1,0,0,0,0,2,13,12,12,10,8,6,6,6,5,5,5,4,3
ACAGATGTATACGAAAAGGAC,GGGCGTTCTCTCT,true,3,6,3,15,0,0,0,0,0,0,0,0,0,0,0,0,0,0,0,0,0,1,0,0,14,13,11,10,9,9,8,7,7,7,7,6,6
CGGGAGCGATTCCGGATGATT,CGATTGTCACAAT,true,2,5,7,18,0,0,0,0,0,0,0,0,0,0,0,0,2,0,0,1,0,1,0,2,16,15,14,14,12,11,10,9,8,6,6,5,5
GTCTCCGTTTCTGCGGTTTCC,AGCAGCCGGCCAT,true,2,3,5,19,0,0,0,0,0,0,0,0,0,0,0,0,2,1,0,0,0,1,1,0,17,15,15,15,10,8,4,3,3,3,3,3,3
TTTTTGGAGGGTTATCATGAA,TGCAGTCGTCATC,true,2,7,17,33,0,0,0,0,0,0,0,0,0,0,0,0,4,2,2,4,0,3,0,0,28,23,20,19,17,16,14,13,13,11,10,9,7
CTATAAACAGAGCTTCATTGA,ACAAAGGATCATA,true,3,7,9,24,1,0,0,0,0,0,1,0,0,0,0,0,0,0,1,1,2,1,0,0,21,17,16,14,13,13,13,12,12,9,9,8,7
ATTCTTTGATTTTTTCCGGCA,GACTGTGTGCAGA,true,1,8,14,30,0,0,0,0,0,0,0,0,0,0,0,0,2,2,4,2,1,0,2,0,29,21,19,19,18,18,16,15,13,12,9,8,8
TACAGCAGGGGTTCTCTTCAT,TATTCTATCGTTA,true,2,6,15,28,0,0,0,0,0,0,0,0,0,0,0,0,2,1,0,1,1,2,0,6,24,21,18,16,14,13,12,8,8,8,8,7,6
TTCATGTGTTGACTCCTCTCC,CCAAGAAAAAATA,true,6,10,16,32,0,0,1,0,0,0,1,0,0,0,0,0,0,1,1,1,2,3,0,0,32,25,23,19,18,16,16,16,16,16,15,10,10
GAAACTGACTGAAAAATATTC,AACATCAGTAGGT,true,2,6,10,35,0,0,0,1,0,0,0,0,0,0,0,0,3,1,0,0,1,1,0,1,34,27,20,17,16,15,14,12,10,9,8,7,6
CAGTTCTTGCCTGGGCCGGCG,AGCAGTCAAGTTG,true,2,8,6,23,0,0,0,0,0,0,0,0,0,0,0,0,2,1,0,0,3,0,0,0,21,20,19,18,16,15,14,12,9,8,8,8,8
AAAAGTATCCCCTTGAGAGTA,CTCAAGGGACTAT,true,3,4,7,20,0,0,0,0,0,0,0,0,0,0,0,0,1,0,4,1,1,0,0,0,18,16,14,14,13,12,11,9,4,4,4,4,4
TACAAACGATGCGCGTAAATG,AATTCGTAGATAT,true,2,6,10,24,0,1,0,0,0,0,0,0,0,0,0,0,0,2,1,3,1,0,0,0,22,19,17,15,13,13,12,9,9,9,8,6,6
TTAGTGCAAAAATATCGCGTT,TGTCCACTTTTGT,true,4,9,16,39,0,0,0,0,0,0,1,0,1,1,0,0,0,1,0,1,0,6,1,4,31,28,25,23,18,16,14,14,14,13,10,9,9
TACAAATCCCAAAAATAAAGA,ACTTGATATGACG,true,2,4,8,24,0,0,0,0,0,0,1,0,0,0,0,0,4,0,0,0,1,0,0,2,23,19,19,14,11,11,7,6,6,5,5,4,4
AGGGCGATGAGCGTTTGCCAG,CGGATCGATCCCG,true,3,2,6,12,0,0,0,0,0,0,0,0,0,0,0,0,1,1,1,0,0,2,0,0,8,7,7,7,7,6,5,5,4,4,4,3,2
GTTGATACGGTAACCGGCTGG,TTTTAATCAAATG,true,4,6,6,19,0,0,0,0,0,0,0,0,0,0,0,0,0,1,1,1,2,0,0,0,18,18,16,14,11,10,10,10,10,10,7,7,6
AGCATCAGAAAAGCGATGATT,GAACAGAATCTTG,true,2,8,14,28,0,0,0,0,0,0,1,0,0,0,0,0,4,0,1,2,4,0,0,1,24,23,20,15,15,14,12,10,10,10,10,9,8
AGACTGCAAAGCGTTGATTTT,CCCGCACCTGACG,true,4,12,10,36,0,0,0,0,0,0,0,0,0,0,0,0,0,1,2,3,0,3,0,0,28,28,25,22,21,19,18,16,15,14,14,12,12
ACAAGACAGCGAGTCTCATTA,GAGGCAACTGACT,true,2,13,14,37,0,0,0,0,0,1,0,0,0,0,0,0,4,2,2,1,1,2,0,0,35,35,33,29,24,24,22,17,15,15,14,14,13
TAAAGAACTGGCGAAGTATAA,CATAACAGTGAAT,true,2,9,12,28,0,0,0,0,0,0,0,0,0,0,0,0,1,2,1,2,1,2,1,2,23,22,18,16,14,13,13,12,12,10,10,9,9
TTTTACATTGCTGGTCGATTG,TTCTGCCAGCATG,true,2,10,10,26,0,0,0,0,0,0,0,0,0,0,0,0,1,1,1,2,1,2,0,1,24,23,20,18,16,16,14,13,11,11,11,11,10
AAGATTCCGATTACATCATAG,CCCTGTTCTTTTA,true,4,6,8,19,0,0,0,0,0,0,0,0,0,0,0,0,0,0,0,0,0,1,0,1,19,19,15,15,14,14,12,12,12,12,12,8,6
TGTTATGTAAAAGAGCTTTTG,GAATCGAAACAAG,true,3,7,11,31,0,0,1,0,0,0,0,0,0,0,0,0,3,0,2,1,1,1,0,0,28,25,23,17,14,14,14,13,11,9,9,8,7
GGGATGCCGAAGTAAGCTGTT,ACAGAACCAAGAC,true,2,4,5,15,0,0,0,0,0,0,0,0,0,0,0,0,2,3,0,0,0,0,0,0,12,11,10,10,10,9,8,8,5,5,4,4,4
TTCCATGAGTTCAATCTCAAT,TTTCTTTTCGCTG,true,4,9,18,35,0,0,0,0,1,0,0,0,0,0,1,0,1,0,1,5,0,1,0,6,34,32,26,23,22,22,21,16,13,12,11,11,9
TTGCCAAAAAACACCGCATAA,TCCGCGATTTCCT,true,3,4,4,13,0,0,0,0,0,0,0,0,0,0,0,0,0,2,0,1,0,0,0,1,10,10,10,8,8,8,7,7,5,4,4,4,4
CCGCCGCAGATTATTCTGGAA,ACAAAACAGTAAG,true,4,6,5,22,0,0,0,0,0,0,0,0,0,0,0,0,4,0,0,0,1,0,0,0,21,15,14,14,13,11,7,7,7,7,7,6,6
GTCAGAAACCATTATTGAGAA,AGTAAAAAAAGAC,true,7,5,7,17,0,0,0,0,0,0,0,0,0,0,0,0,5,0,0,0,0,0,1,0,15,11,11,11,11,11,11,11,11,11,6,6,5
AGCCAGCCGGGGTATAAGACA,ATTAGTGATTTGA,true,3,4,4,12,0,0,0,0,0,0,0,0,0,0,0,0,1,1,0,2,0,0,0,0,12,11,11,8,8,8,7,6,5,4,4,4,4
TCGATTGCTGAATGTGTATCC,GTCTGGTCAGATA,true,2,16,17,39,1,0,0,0,0,1,0,0,0,0,0,0,0,3,0,1,0,1,5,2,35,34,32,25,25,21,21,20,19,19,19,18,16
GTTTAAATACGTCACGATAGA,TTTGTTGTAATAG,true,3,9,10,33,1,0,0,0,0,0,0,0,0,0,0,0,0,1,0,5,0,0,0,1,31,30,26,19,19,18,15,15,13,13,12,11,9
TCCAGTCTTCCATTTTGACTG,GCTGATTGCTGAT,true,2,10,7,23,0,0,0,0,0,1,0,0,1,0,0,0,0,0,0,3,1,0,0,1,19,16,16,15,14,14,13,12,12,12,10,10,10
GACGGGGCACGGTGCGAAATT,TTGGGGGCATTAT,true,5,7,8,26,0,0,0,1,0,0,0,0,0,0,0,0,0,1,0,0,0,0,2,2,26,20,19,19,16,14,9,9,9,9,9,7,7
CGGGGTATGCTGGGAGCAAAA,CCGATATCAAAGC,true,4,4,11,25,0,0,0,0,0,0,0,0,0,0,0,0,6,1,1,1,0,1,0,0,16,14,13,13,10,9,7,6,5,5,5,5,4
CAAAAAATGAAAGTATGACAA,TCATTAAATACAG,true,3,2,4,11,0,0,0,0,0,0,0,0,0,0,0,0,1,0,0,1,1,0,0,1,8,7,7,7,6,5,4,3,3,2,2,2,2
TCCGCTTGAGAATATTGGCAA,ACAGCGATCGTGA,true,3,12,13,37,0,0,0,0,0,0,0,0,0,0,0,0,2,1,1,1,4,2,0,1,33,26,23,22,20,17,15,14,13,13,13,13,12
AAAATAACGAACTTACAGCGA,AGCAGCCAAAGCA,true,3,3,17,32,0,0,0,1,1,0,0,0,0,0,0,0,4,1,1,0,3,3,3,0,31,23,19,18,14,14,12,11,10,7,3,3,3
GACCACGTCATAGCTCCCCGC,ATCAATATGCTGT,true,2,3,5,13,0,0,0,0,0,0,0,0,0,0,0,0,2,0,1,0,0,2,0,0,13,12,10,10,9,9,9,8,7,3,3,3,3
TATTTCTATACAGTCATTATT,CGTATGCTTCCAT,true,2,8,4,14,0,0,0,0,0,0,0,0,0,0,0,0,1,0,0,2,0,0,0,0,14,14,13,12,11,10,10,10,10,9,9,9,8
GATGAATATCAAGAATAACAC,CGTAGGAAAATGA,true,4,9,14,27,0,0,2,0,1,0,0,0,0,0,0,0,4,0,1,0,3,2,0,1,21,21,19,17,17,17,16,16,15,14,10,9,9
AAAAGATATATCTAAAATGAA,TCTTTTATAAAGT,true,4,9,7,24,0,0,0,0,0,0,0,0,0,0,0,0,0,0,0,4,1,0,0,2,21,19,19,18,18,15,11,11,10,10,9,9,9
TGGGAGAAATAACATCCGTTA,AATTAGATATGTC,true,3,9,11,25,0,0,1,0,0,0,0,0,0,0,0,0,2,1,0,1,3,0,0,2,25,22,20,17,15,14,12,12,12,12,11,10,9
CTCCCCCACGCTTTCGCTCCT,CAGCGTCAGTTAC,true,2,7,8,24,1,0,0,0,0,0,0,0,0,0,0,0,1,0,0,1,1,0,2,1,21,20,19,15,14,13,12,11,9,9,8,8,7
CTTTGTTAATCGTGCAACGAA,GAATTACCCTCAG,true,3,2,3,11,0,0,0,0,0,0,0,0,0,0,0,0,0,0,0,1,0,2,0,0,8,8,7,6,6,4,4,4,2,2,2,2,2
AGCCAAGAACGGCATTCACAT,TTCGATGAGTACA,true,3,7,13,27,0,0,1,0,0,0,0,0,0,0,0,0,0,0,2,4,1,0,2,1,25,22,18,17,16,16,15,12,11,11,9,7,7
GAAGATTGGGAAACTGAATTT,TTTAGCGCCTGTC,false,6,2,6,23,0,0,0,0,0,0,0,0,0,1,0,1,0,1,0,0,0,0,1,2,21,18,5,5,4,4,4,4,4,3,2,2,2
CAACGCTTGAGAACTATGATT,TTCTCGAAAAAAT,true,6,5,13,30,0,1,0,0,0,0,0,0,0,0,0,0,1,0,0,4,1,0,0,1,29,25,21,18,17,16,13,13,12,11,11,10,5
AATTGCAACAGACAGAGGCGT,GGCAAAACCTAAG,true,4,6,5,26,0,0,0,0,0,0,0,0,0,0,0,0,0,0,1,0,2,1,0,0,20,18,16,15,15,14,12,10,8,8,8,7,6
GTGCTGAAGCCTAATATCATC,TACAAAACAAAAG,true,4,9,9,30,0,0,0,0,0,0,0,0,0,0,0,0,0,0,0,4,0,0,0,0,28,25,24,21,21,21,19,14,14,14,14,11,9
CAGAGTGGGATAACAGCTTCT,TTGCATCGAGCGT,true,3,8,9,23,0,0,0,0,0,0,0,0,0,0,0,0,0,1,2,3,0,0,2,1,21,18,16,15,14,14,13,13,11,11,10,8,8
CCGGCAATAACGTTTGGAACC,GTTTCAGACAATA,true,3,7,6,19,0,0,0,1,0,0,0,0,0,0,0,0,0,1,1,1,0,0,2,0,17,14,13,13,11,11,8,8,8,7,7,7,7
TATCGTCAGCTGTTTGTTTTC,TTTAAATAACACT,true,3,3,6,22,0,0,0,0,0,0,0,0,0,0,0,0,2,1,0,0,1,1,0,0,19,15,13,13,12,9,6,6,6,4,4,4,3
ACGAGCAGCAGGTCAAAGGCA,ATATCGACTATGT,true,2,10,15,37,0,0,0,0,0,0,0,0,0,0,0,0,1,0,2,4,3,2,0,1,32,29,26,24,21,21,16,15,14,12,12,11,10
AGCTCTTTCCTTCTAAATATT,CAATTCCCTTGCA,true,3,2,5,11,0,0,0,0,0,0,0,0,0,0,0,0,0,2,0,0,0,1,0,2,10,10,9,9,8,8,8,8,4,2,2,2,2
AGCCCGGGAATACCGTAATAG,CGAATAGTGAAAG,true,3,9,8,22,0,0,0,0,0,0,0,0,0,0,0,0,0,0,2,2,1,0,0,0,21,19,18,18,18,14,14,14,13,12,12,10,9
GTGGCGTAAAACTGAACAGCA,GCGTGTTGGATGC,true,2,7,5,20,0,0,0,0,0,1,0,0,0,0,0,0,0,0,0,2,0,0,2,0,19,19,17,17,15,14,13,10,10,9,9,7,7
TCCACTTGTTTCTCAATGTCA,GCTTTATTGTCAG,true,3,8,9,25,0,0,0,0,0,1,0,0,0,0,0,0,2,1,0,1,1,0,0,2,20,18,18,18,15,13,11,11,10,10,9,9,8
TTGAACAGAAGCTCGAGCCAG,GTGTTACAAATGT,true,3,5,17,30,0,0,1,0,0,2,0,0,0,0,0,0,1,0,1,3,2,0,2,4,27,22,18,18,16,10,9,9,8,7,6,6,5
TCATTCCGGTACATAATATTG,CGGGCAATCAGAG,true,3,5,9,23,0,0,0,0,0,0,0,0,0,0,0,0,1,0,3,0,0,0,2,0,18,17,16,12,10,10,9,9,8,8,6,6,5
ATGCCATTTGTGAAACAAGGC,AAGAAGAAGGAAG,true,2,5,12,21,0,0,0,0,0,1,0,0,0,0,0,0,1,1,1,1,3,0,2,0,19,16,16,16,16,12,12,11,11,10,9,7,5
CCAGATACTTGAGCAAAAAAC,TTTAACTGACTCT,true,3,5,13,27,0,0,0,0,0,0,1,0,0,0,1,0,0,1,1,0,2,0,1,4,25,23,20,17,14,13,11,10,7,6,6,6,5
CAAAAGGGAGGTAATCATTTG,TTAAAGGATATAT,true,3,3,5,17,0,0,0,0,0,0,0,0,0,0,0,0,1,0,0,1,0,0,0,1,14,14,11,10,10,8,7,7,6,6,5,5,3
AGCGCTCCGCCGCAGCTCTAT,GGCGTGCGTCGCT,true,2,9,13,29,0,0,0,0,0,0,0,0,0,0,0,0,2,1,2,2,0,1,2,1,28,24,23,22,18,17,14,14,14,13,11,9,9
GCTGTCTCCTGTGTGCTGATA,GGCTCTTTTATGA,true,4,10,10,29,0,0,0,0,0,1,0,0,0,0,0,0,0,1,2,1,0,2,0,3,29,27,26,21,16,16,15,15,12,11,10,10,10
TGCATGACAGAATCATAGTTG,AACTTTGTCATTA,true,3,9,15,41,0,0,0,0,0,0,0,0,0,0,0,0,1,2,2,4,2,0,1,1,37,32,27,26,23,21,15,12,12,12,12,9,9
GTATACGGATGGATCCTGTCC,TTTTTGTCTAAAG,true,5,5,8,24,0,0,0,0,0,0,0,0,0,0,0,0,0,0,1,2,0,0,0,3,23,22,22,21,17,14,11,9,8,7,7,7,5
GCATTTGATCCGCCGACAAGC,ATAAAGAGCACTA,true,3,5,12,26,0,0,0,0,0,0,0,0,0,0,0,0,2,2,2,0,2,0,2,1,23,20,19,18,14,11,9,8,6,6,6,6,5
TGGAAAAGATCAAACAGCCGA,AGGATATGGATGA,true,2,9,10,28,0,0,0,0,0,0,0,0,0,0,0,1,0,2,2,3,2,0,0,0,24,22,20,16,16,15,15,14,14,12,10,9,9
TGCTCATTGTCCGATCGCCTC,TTTCTGAGAAACG,true,3,11,12,28,0,0,0,0,0,0,0,0,0,0,0,0,2,0,0,3,3,0,3,1,28,28,25,21,20,19,19,14,14,14,11,11,11
AAAGAAAAACAGTGTGCGCCA,AATGACATTTCGA,true,3,6,11,26,0,0,0,0,0,0,0,0,0,0,0,0,1,1,0,1,2,1,1,3,26,23,19,18,16,14,13,12,11,9,7,7,6
TGCCGTTTTTACATCGTTATC,GTTGAAATAACCT,true,3,11,13,33,0,0,0,0,0,0,0,0,0,0,0,0,5,2,1,0,3,1,1,0,31,29,28,24,24,24,19,14,14,14,12,11,11
AATACATACTCTGTGCCTTTT,ACTTCTTTGATGT,true,4,6,14,24,0,0,0,0,0,0,1,0,0,0,0,0,1,1,0,4,0,0,0,4,21,19,19,17,14,14,14,11,10,10,9,8,6
CAAAGCAGATATATGAATGTT,CATCAAGAACCCT,true,3,8,8,30,0,0,0,0,1,0,0,0,0,0,0,0,2,0,1,0,1,0,1,0,25,24,20,17,16,15,13,12,11,10,10,8,8
CGATTAAAGTCGCTGCACCGG,GTTATTACAGCGT,true,3,3,8,21,0,0,0,2,0,0,0,0,0,0,0,0,0,2,0,1,0,0,0,0,18,18,17,14,13,12,12,11,11,11,10,6,3
TCTGCCTTCATGGACAACGAT,AATGCGATCGCTC,true,2,11,8,29,0,0,0,0,0,0,0,0,0,0,0,0,2,1,0,4,1,0,0,0,25,24,20,18,16,16,16,15,12,12,11,11,11
TTTACTGTCGCGCGTCCGCGA,TTCACTTCAAGAC,true,2,9,10,24,0,0,0,0,0,0,0,0,0,0,0,0,3,1,1,3,0,0,1,1,23,20,19,18,16,16,14,11,11,11,9,9,9
TACTGCGATTCCGGCTGACAC,AACCAATTGAATA,true,2,6,15,30,0,0,0,0,0,0,1,0,0,0,0,0,3,0,3,0,2,4,0,1,29,25,22,18,17,15,14,11,11,7,6,6,6
CTTTGCCATCTGTTTGACCTG,ATGGAATTTTCCT,true,4,11,20,38,0,0,0,0,0,0,0,0,0,0,0,0,5,1,0,8,0,0,0,3,35,30,26,26,25,23,21,21,21,17,14,12,11
CTGGTAATTACTTTTCCTTTC,AGCGAGGAAGCCG,true,2,9,6,24,0,0,0,0,0,0,0,0,0,0,0,0,0,1,1,0,2,1,1,0,23,21,19,18,17,16,13,13,10,10,9,9,9
GGGCGGCTATTCAGTCACACG,TGTGTCAGAGAGC,true,1,8,10,26,0,0,0,0,0,0,0,0,0,0,0,0,2,2,1,2,2,0,1,0,25,23,22,20,19,17,16,15,13,12,11,8,8
GCACACTGACAGGATCTGTCG,CACTCATCAGCGC,true,1,6,12,24,0,0,0,0,0,0,0,0,0,0,0,0,2,2,1,2,1,0,0,1,23,21,19,16,15,15,14,11,10,8,8,6,6
ACGACAACCTTTTTGCAAACG,GGTTTAGGGGTTA,true,4,5,6,27,0,0,0,0,0,0,0,0,0,0,0,0,0,0,0,0,0,0,3,2,26,17,16,16,12,11,11,11,10,6,6,6,5
ATCCTGATCTGAAACGTAAAA,TTTGAGTTGGCAG,true,4,5,7,22,0,0,0,0,0,0,0,0,0,1,1,0,1,0,0,1,0,0,1,2,20,18,12,11,11,9,9,8,6,5,5,5,5
TTGTTTATGAGTGCCTGTCGC,GCTAAATGTGTGC,true,3,9,3,23,0,0,0,0,0,0,0,0,0,0,0,0,1,2,0,0,0,0,0,0,21,20,18,17,15,14,12,11,10,9,9,9,9
CCTTGGTTAGAGCGGACAAAT,TTCAGCAAGCTGT,true,3,9,13,32,0,0,0,0,0,0,0,0,0,0,0,0,3,1,1,1,1,0,1,5,30,23,20,19,17,16,16,14,12,11,10,9,9
TTTTTTTTAGTTTTCAACTGT,TGTAAACGATTGA,true,3,3,6,11,0,0,0,0,0,0,0,0,0,0,0,1,1,0,0,1,2,0,0,0,11,11,11,9,9,8,7,7,6,6,5,4,3
GCCAGAAAAAAGGCTAAAAGA,TTTCTAAAAAAAC,true,7,3,3,12,0,0,0,0,0,0,0,0,0,0,0,0,0,0,0,0,2,0,0,0,11,11,9,7,7,7,7,7,7,7,6,4,3
GGGAGCCATTTGCCGTCTTTT,AACGGCACAATTC,true,4,6,4,18,0,0,0,0,0,0,0,0,0,0,0,0,2,1,1,0,0,0,0,0,14,14,12,12,11,11,11,8,7,6,6,6,6
GCCTATCGGAAAATTCGACTG,CCTACATCATGGA,true,2,2,7,12,0,0,0,0,0,0,1,0,0,0,0,0,0,2,0,0,0,0,2,1,12,11,9,9,9,9,8,7,5,5,5,3,2
TTGTTCAGACACCTCTGCTAC,GCCGACATGCCAC,true,2,9,9,37,0,0,0,0,0,0,0,1,0,0,0,0,0,1,3,0,0,1,2,0,36,27,22,20,18,17,16,16,13,12,11,10,9
ATTGTTTTTTGTGGCGTGCAC,TTTATGGCAGAGA,true,3,8,9,23,0,0,1,0,0,0,0,0,0,0,0,0,1,1,0,1,0,0,1,0,22,21,18,17,16,14,14,13,13,10,10,9,8
TATGCGACAGGCATACGAGTC,AGTGAAATGATAG,true,3,8,8,26,0,0,0,0,0,0,0,0,0,0,0,0,2,1,0,1,1,0,0,2,24,22,19,19,19,18,17,15,14,13,10,9,8
TCGGTTTGTCAGGATTTCCTT,TATAAATAGGCTC,true,3,9,10,26,0,0,0,0,0,1,0,0,0,0,0,1,2,0,2,1,0,0,0,1,23,20,20,19,19,18,17,16,14,13,11,10,9
CTCCTTCTCATTGTAGGAGCA,AGAAAGCACAAAC,true,3,8,15,34,0,0,0,0,0,0,0,0,0,0,0,0,5,0,4,1,2,0,0,0,31,26,21,20,18,14,14,13,11,11,11,10,8
TGCTTGAAAAAACCGGCGGCA,ATGAGTGGAATGT,true,2,6,10,21,0,0,0,0,0,1,0,0,0,1,0,0,2,0,2,0,2,0,1,1,18,17,17,15,13,12,11,10,9,7,6,6,6
AAGCCACCTTTTATGTTTGGA,ACCATGCGGTTCA,true,2,5,3,11,0,0,0,0,0,1,0,0,0,0,0,0,1,0,0,1,0,0,0,0,11,10,10,9,9,6,6,6,5,5,5,5,5
GTGAATTCTATGCGCTGCCTC,AGTCTCCGCAGCT,true,2,8,8,21,0,0,0,0,0,0,0,0,0,0,0,0,1,3,0,0,1,1,1,1,20,17,15,14,14,14,14,11,11,10,9,8,8
TATGAATTGTCCTTCATTGAA,AGCATGATGGAGA,true,3,5,6,20,0,0,0,0,0,0,0,0,0,0,0,0,2,0,1,2,0,0,0,0,17,14,13,12,10,7,7,6,6,6,6,5,5
ACAACAACAACAGGAGGAGGA,GGAAAAGAGAGAG,true,4,4,10,26,0,0,0,3,0,0,0,0,0,0,0,0,1,3,0,0,0,0,0,0,18,15,14,13,12,9,6,6,5,4,4,4,4
ATACATTTTCACTTGATTGAT,ACGCCGGGACACG,true,3,3,3,12,0,0,0,0,0,0,0,0,0,0,0,0,0,0,1,1,0,0,1,0,10,9,9,8,6,5,5,3,3,3,3,3,3
CGGCCCATCCATAAGCACATG,GATGATCAGACCG,true,2,5,13,30,0,0,0,1,0,0,0,0,0,0,0,0,1,0,1,3,2,0,3,0,24,21,21,17,15,14,12,12,10,8,8,7,5
GCTCCACCAGTCCCTTCCGGT,CTGGCTTCACAGC,true,2,7,4,13,0,0,0,0,0,0,1,0,0,0,0,0,1,0,0,2,0,0,0,0,11,11,10,10,9,9,9,8,8,8,8,7,7
CGATTGTAAACGAATGAAAGA,TGTCTTCGTTTGC,true,3,6,8,24,0,0,0,0,0,0,0,0,1,0,0,0,0,0,0,2,0,0,0,5,22,20,19,16,16,10,9,8,8,8,8,6,6
AGTGCGGCGAAAACGGCCCAT,ATGATCCCTGATC,true,3,3,11,24,0,0,0,0,0,0,0,0,0,0,0,0,2,3,0,3,1,2,0,0,22,19,16,15,13,13,13,9,6,5,3,3,3
AGTTTTGAAAAACAGTGCCGG,CAAGAGGACTTGA,true,2,5,4,11,0,0,0,0,0,0,0,0,0,0,0,0,0,2,0,0,1,0,0,1,11,11,10,8,8,8,8,6,6,6,5,5,5
ATCAAAATCAATATAAAGCGA,GTGTCATCAGTCA,true,1,8,9,23,0,0,0,0,0,0,1,0,0,0,0,0,2,0,0,3,0,0,2,1,19,18,18,17,17,17,15,12,12,10,9,8,8
GTACCGCGGGAAGAAATGATT,GAGAGAGTAGACT,true,2,8,11,30,0,0,0,0,0,0,0,0,0,1,0,0,0,3,2,2,1,1,1,0,24,19,17,14,14,13,12,11,10,9,9,8,8
TTACCAGAATTAAGTGAAGAT,CATGTGTGGCATC,true,2,6,13,33,0,0,0,0,0,0,0,0,0,0,0,0,1,0,2,2,0,1,5,0,27,26,23,21,20,17,15,13,10,8,8,8,6
AGAGCAAGAGAAAAGCGAGGT,GAGGAAGGTCTCT,true,2,2,3,12,0,0,0,0,0,0,0,0,0,0,0,0,0,0,1,0,1,0,1,0,11,9,9,8,7,6,4,2,2,2,2,2,2
CTCGGCTTTTTTTCTGCTTGT,GACCATTCCGATC,true,2,3,3,11,0,0,0,0,0,0,0,0,0,0,0,0,0,1,2,0,0,0,0,0,9,6,5,5,4,4,4,3,3,3,3,3,3
GGTATGCCGCTTTCCGCGAGT,AAAAGAGACACAG,true,4,5,10,22,0,0,0,0,0,0,0,0,0,0,0,0,5,0,0,2,1,0,2,0,21,20,20,19,12,10,8,7,7,5,5,5,5
CCGAACTTTTTGCCGCCTGAC,ATGCAGGTCATGC,true,2,6,5,17,0,0,0,0,0,0,0,0,0,0,0,0,0,0,1,2,1,0,1,0,14,14,12,10,10,10,8,8,8,7,7,6,6
TCAGTGCAGCCTTTGTCGCCA,CCCTTCTCGGTAT,true,3,9,14,33,0,0,0,0,0,1,0,0,0,0,0,0,2,2,1,2,1,0,2,2,32,31,26,24,22,18,18,17,16,13,11,10,9
AAGCAACTCCCACATCCTTTT,CCACTTAACGTAT,true,4,3,5,19,0,0,0,0,0,0,0,0,0,1,0,0,1,0,0,1,0,1,0,0,12,11,10,9,9,7,7,6,4,4,4,3,3
CATTGAAAATCAATGCTTTGT,CGCTGCCTGCAAT,true,2,6,7,18,0,0,0,0,0,0,0,0,0,0,0,0,0,1,2,1,1,0,1,1,16,16,15,14,14,11,11,10,9,8,7,6,6
GACGGCCAAGGCGGAGTTGCT,GCCTATCAAGTCA,true,2,7,7,26,0,0,0,0,0,0,0,0,0,0,0,0,1,1,3,0,0,2,0,0,24,18,15,12,12,12,9,9,8,7,7,7,7
GGATACGGGGATGCCGTTATT,ATTGAAGAGTTGA,true,2,8,8,25,0,0,0,0,0,0,0,0,0,0,0,0,1,0,0,1,1,0,4,1,23,20,17,15,15,14,12,12,11,10,10,8,8
AAGACTGGGATAACTCCGGGA,AACCGGGGCTAAT,true,4,46,85,202,1,0,0,0,0,2,0,0,0,0,0,0,8,6,7,9,12,10,14,1,198,172,142,118,116,111,104,84,73,68,62,55,46
TTAACGCAACAGCAGAAAGCA,CACCCTCGGGAGC,true,3,6,18,42,0,0,0,0,1,0,1,0,0,0,0,0,1,4,1,2,0,3,5,0,37,32,28,26,22,21,18,16,14,9,8,6,6
GATTTTCGCTTCACAGCAAAA,AAAGACGGTTAGC,true,7,4,4,15,0,0,0,0,0,0,0,0,0,0,0,0,4,0,0,0,0,0,0,0,14,14,12,10,8,5,5,5,4,4,4,4,4
ATCCCCATGAATTCAGCGGCG,GGCAGAGACAAAG,true,3,6,12,26,1,0,0,0,0,0,0,0,0,0,0,0,3,0,0,0,0,1,2,0,23,18,18,17,14,13,12,12,11,11,11,8,6
TGAAGAAATGGTAGACTACTT,GTCTCATTGTATG,true,2,11,5,23,0,0,0,0,0,0,0,0,0,0,0,0,2,0,0,1,0,0,0,1,21,21,19,18,18,18,17,16,14,13,12,12,11
GTATTCGCGCGCTTTATCTCA,GCTATGAAGGAAG,true,2,7,11,29,0,0,0,0,0,0,0,0,0,0,0,0,1,1,0,1,2,0,4,0,23,23,21,19,19,16,16,13,11,9,9,7,7
TCATGGCTGTACCGAAATCTG,GCTGCATGGCAAT,true,2,9,8,23,0,0,0,0,1,1,0,0,0,0,0,0,1,0,2,2,0,0,0,0,21,19,18,16,16,16,15,14,12,11,10,10,9
CGGTATTAAGACTGCTCTGTT,AGATCAAGACTCG,true,2,11,14,38,0,0,0,0,0,0,0,0,0,0,0,0,1,1,0,3,4,1,2,1,34,28,27,25,19,18,15,14,14,13,12,11,11
TATCAGTACTGATCGTGTTTT,AAATTTTTACCAT,true,5,2,2,12,0,0,0,0,0,0,0,0,0,0,0,0,0,0,2,0,0,0,0,0,10,10,8,8,8,8,8,7,4,4,4,2,2
AGCCTTCGCCATCCAAGGCGC,ACTGTATGCCGTC,true,2,7,14,27,0,0,0,1,0,0,0,0,0,0,0,0,4,1,1,2,0,4,1,0,25,22,22,20,20,20,17,14,14,10,7,7,7
AAGCGTCTGTTTATAAGGATC,AAGATTTGAAACA,true,3,6,18,32,0,0,0,0,0,0,0,0,0,0,0,0,2,0,3,2,6,1,0,2,31,21,18,15,14,14,12,12,12,11,9,7,6
CCATTTTGATTTTTCTTTTTG,ACATTTCTTTATG,true,3,4,8,18,0,0,0,0,0,0,0,0,0,1,1,0,0,0,0,2,2,1,0,1,18,15,14,14,14,12,10,10,10,8,5,4,4
TTTTTTTTTTGTGGGTTTTGT,GTGGTTTGTGTGT,true,3,1,0,14,0,0,0,0,0,0,0,0,0,0,0,0,0,0,0,0,0,0,0,0,6,3,2,1,1,1,1,1,1,1,1,1,1
GTGGCCGTCAGTGACGGGAAG,CACTTCGATCCCT,true,3,10,11,28,0,0,0,0,0,0,0,0,0,0,0,0,0,2,1,1,2,2,0,1,26,20,16,16,16,15,15,14,12,12,12,10,10
TCGAATTCTGGGCTGACAAAG,GCAACCACCGACA,true,2,7,9,21,0,0,0,0,0,0,0,0,0,0,0,0,2,0,0,0,1,3,1,0,20,19,19,17,15,11,11,10,10,9,9,9,7
TTCATACAAGACGTTCAAGCT,GTCTCCGTCGTAG,true,2,5,10,24,0,0,0,0,0,0,0,0,0,0,0,0,1,2,1,3,0,2,0,0,23,23,19,15,14,10,10,9,9,9,9,6,5
GAGGTCAATACCAATATCCCT,TGCAAACATCTAT,true,3,2,10,17,0,0,1,0,0,0,0,0,0,0,0,0,3,0,1,0,3,1,0,0,15,15,13,13,13,11,5,3,3,3,3,2,2
ATACAGACAATTGTGAACTTC,TTAATCATATCGT,true,2,4,11,26,0,0,0,0,0,0,0,0,0,0,0,0,4,3,1,0,1,1,0,0,24,19,18,15,9,8,8,8,7,5,5,5,4
GAGCTCCATCTCGTGAATGGG,AGCCACGATTTCG,true,3,7,10,22,0,0,0,0,0,0,1,0,0,0,0,0,1,0,0,3,1,1,1,2,20,20,19,17,16,14,12,12,12,12,9,7,7
AATTAAAGCTTTTTTATGGGA,CATTTCACAAGGT,true,3,8,5,21,0,0,0,0,0,0,0,0,0,0,0,0,1,0,2,0,0,0,0,1,19,18,15,15,14,14,13,10,9,9,9,8,8
CGGCTATGTGACAGAAGATTA,CATTGGCAAAATG,true,4,7,12,32,0,0,0,0,0,1,0,0,0,0,0,0,2,1,1,0,2,1,2,1,26,25,24,20,17,15,12,12,12,12,10,8,7
GTTGCTTGATTTTTTCATTGT,CGCCTGGATCAAC,true,2,6,12,31,0,0,0,0,0,0,0,0,0,0,0,0,2,1,3,1,1,2,0,0,25,22,22,19,19,19,18,14,12,10,8,8,6
ACATTGCGTTCTTGCAGATGA,GGCGGAGATTTGA,true,3,12,14,39,0,0,0,0,1,0,0,0,0,0,0,0,1,0,2,2,3,0,3,2,37,31,29,28,27,22,19,17,17,17,15,12,12
TGTCAGTGTCGGCTACTATGA,TCAGGAGCAGGCT,true,2,8,9,22,0,0,0,0,0,0,0,0,0,0,0,0,1,0,2,0,0,2,4,0,22,20,19,18,17,17,12,9,9,9,8,8,8
TCTTGATAGGCTTCATTTGAC,TGCACAGCGTGTG,true,1,9,10,32,0,0,0,0,0,0,0,0,0,0,0,0,2,1,1,2,2,0,1,0,28,28,26,25,19,16,14,13,11,11,11,10,9
ACTAGCTAATGCGCCCGCGGG,TCCATCTGTAAGT,true,3,2,7,19,0,0,0,0,0,0,0,0,1,0,0,0,1,0,0,1,1,0,0,1,17,11,9,8,7,6,5,5,5,5,5,3,2
GTTCCGAGATAGTATTGTGGA,TTCCGTTGAGTGT,true,2,3,8,19,0,0,0,0,0,0,0,0,0,0,0,0,1,0,0,1,1,1,0,2,17,14,11,7,7,7,7,6,5,5,4,4,3
CATTAATACTTTCTCCCTCTC,CCAAACTGACAAT,true,3,8,17,34,0,0,0,0,0,0,1,0,0,0,0,0,1,1,2,0,4,6,0,0,32,23,22,22,17,15,15,15,14,12,11,10,8
AATCGCACCTTTGGCGCCATC,ACCTATGATTTGC,true,3,7,8,26,0,0,0,0,0,0,0,0,0,0,0,0,2,0,0,0,2,3,0,1,24,23,18,16,14,13,10,8,7,7,7,7,7
ACGATGACCCGACCGTCATTC,GGATGCTTCAAGA,true,2,5,9,17,0,0,0,0,0,0,0,0,0,0,0,0,1,1,0,0,1,0,2,0,15,14,14,11,11,11,11,11,11,11,10,8,5
ACAAGTCCCGGCAACCGATAA,CAATATAATCCCT,true,3,14,7,33,0,0,0,0,0,0,0,0,0,0,0,0,3,1,0,0,0,2,0,0,29,28,25,23,23,21,21,21,17,17,17,15,14
ATTATATCTGTTTTTTCTGGA,TATACAAATATAC,true,3,3,6,11,1,0,0,0,0,0,0,0,0,0,0,0,2,0,0,1,0,0,0,0,10,9,9,9,8,8,8,7,6,5,5,5,3
TAAATAACCCGAATAAAAAAC,AATTCGATTTTTA,true,5,4,11,21,0,0,1,0,0,0,0,0,0,0,0,0,1,1,0,1,1,0,0,0,21,17,17,16,14,13,12,11,11,10,10,7,4
CAAGCTGAATATTCTGATATG,TCATAACCCGGAG,true,3,12,6,29,0,0,0,0,0,0,1,0,1,0,0,0,0,2,2,0,0,0,0,0,29,27,25,25,24,22,20,17,15,14,12,12,12
ATAACCTCATCTTATGATGAG,GCCAGGCGTTTTG,true,4,3,8,17,0,0,0,0,0,0,0,0,0,0,1,0,1,4,0,1,0,0,0,0,17,15,14,9,8,7,6,6,5,5,5,4,3
GGAATAAGAGCCTGTTCCGCT,TAAAATCATTCCA,true,4,7,10,30,1,0,0,0,0,0,0,0,0,0,0,0,3,0,0,1,0,0,0,3,28,25,25,22,22,13,12,12,12,9,9,8,7
CATCGTAACATTAGAGTTTCT,GTCATTTGCTTAG,true,3,7,7,21,0,0,0,0,0,3,0,0,0,0,0,0,0,0,0,3,0,0,0,1,18,18,15,14,14,14,9,7,7,7,7,7,7
AGACGGGCTGTCCATTCCTGC,TGAAACCTTTTGA,true,4,5,8,30,0,0,0,0,0,0,0,0,1,0,0,0,0,1,1,4,0,0,0,1,25,23,21,19,17,16,13,12,12,12,11,5,5
CGGCTTTGTTTCTGGCAGTTT,CAGTGCAGCGATC,true,3,7,9,26,0,0,0,0,0,0,0,0,0,0,0,0,3,2,0,3,0,0,0,0,20,19,18,18,16,15,14,12,11,10,10,8,7
GACACCAAAGCTGAGGCGATT,TACGCCGGATTCT,true,3,10,15,32,0,0,0,1,0,0,0,0,0,0,0,1,1,1,0,1,0,2,2,3,29,26,26,24,23,19,19,16,16,14,13,11,10
CACTTCTGAAGCCATAGGAGA,CCATATAAAAACT,true,5,9,8,28,1,0,0,0,0,0,0,0,1,0,0,0,3,0,0,2,0,1,0,0,23,21,20,16,15,15,13,13,13,13,12,9,9
ACCCAGCAGTTTTTTTAATAT,CTGTTTTCCGTAC,true,4,5,13,26,0,0,0,0,0,0,0,0,0,0,0,0,0,2,1,5,0,0,0,4,24,24,23,22,21,21,14,11,10,8,8,5,5
TTCCTCTTTCCGTCACATGAA,AGTCGAGTGCTTC,true,3,14,15,43,0,0,0,0,0,0,0,0,0,0,1,0,3,2,3,3,1,0,1,1,35,33,29,27,24,20,19,17,16,15,14,14,14
TCAAAAGCCCACAAGAAGCGG,AGCAGCTGACACA,true,2,9,11,27,0,0,0,0,0,0,0,0,0,0,0,0,1,0,1,0,0,0,1,1,27,26,22,22,18,18,17,17,17,14,13,12,9
CGTTACTTATTTGAACAAAGA,TATTGTTTCTAAT,true,3,8,9,25,0,0,0,0,0,0,0,0,0,0,0,0,2,2,1,1,1,0,0,2,20,18,18,17,15,14,14,12,12,9,8,8,8
GAGGACCCGTATGAGATGTTA,GAAGATCCCGGCA,true,3,2,9,17,0,1,0,0,0,0,0,0,0,1,0,0,1,0,1,2,1,1,0,0,16,13,11,9,9,6,5,5,4,4,4,3,2
TCATCGATAACCATTGCTAAA,AAAGGCTCTGGAC,true,6,12,12,38,0,0,0,0,0,0,0,0,0,0,0,0,3,2,0,2,1,0,2,1,38,35,30,21,20,20,19,16,15,14,13,13,12
CAGCAGCCTCAATTGATTAGA,TTTATCCCTAATC,true,3,10,8,30,0,0,0,0,0,0,0,0,1,0,0,0,0,0,0,0,2,2,0,3,29,27,24,23,21,18,18,15,15,15,13,10,10
TTTATTTTAACGCAGGTGCAA,GCTCGTTTTAAAG,true,4,8,12,28,0,0,1,0,0,0,0,0,0,0,0,0,1,1,4,1,0,0,0,1,27,24,21,19,19,18,18,17,16,13,12,10,8
TGGTTTTTTTTTTTTGGTGTT,TATTAAAGTTGCG,false,3,1,0,11,0,0,0,0,0,0,0,0,0,0,0,0,0,0,0,0,0,0,0,0,7,1,1,1,1,1,1,1,1,1,1,1,1
CATTTACACAGCAGGAAGCAG,CGAATATCATTGA,true,2,10,10,28,0,0,1,0,0,0,0,0,0,0,0,0,3,0,1,0,0,1,0,4,24,23,21,21,18,16,14,14,14,13,10,10,10
GAAGCGTTTGCACTTGTTCTG,CCGTCTATCATGC,true,2,7,18,40,1,0,0,0,0,0,0,0,0,0,0,0,1,4,2,3,1,2,0,1,33,28,25,24,23,19,18,17,15,14,12,10,7
TGGAACAGCCTGATATTGCGT,GGTACTGGGTTGA,true,3,3,13,28,0,0,0,0,0,0,0,0,0,0,0,0,3,0,1,2,0,0,3,2,27,20,18,17,15,14,14,13,10,9,7,5,3
GAGTACGTTAGCACAGCTTTA,TAAGTGAAGGACG,true,2,4,4,13,0,0,0,0,0,0,0,0,0,0,0,0,2,0,1,0,0,0,0,1,13,13,13,6,4,4,4,4,4,4,4,4,4
CACGCTGCTGGGCGAGTCTTT,TCTTTTCTCGGTA,true,4,6,10,33,0,0,0,0,1,0,0,0,0,0,0,0,0,0,0,5,0,1,1,2,28,22,22,21,20,18,14,13,11,7,6,6,6
ATTTACATAGCATGACACTCA,TGTCCCCGCCAGA,true,4,3,2,19,1,0,0,0,0,0,0,0,0,0,0,0,0,0,0,0,0,1,0,0,17,16,12,11,11,11,6,4,4,4,3,3,3
TGGCCTATAGCTAATCGTTGT,TTCATTCCCAATG,true,3,7,12,34,0,0,0,0,0,0,0,0,2,0,0,0,1,2,0,1,0,1,0,5,34,28,23,20,17,16,13,13,10,9,9,7,7
AACAGTCATTCTGCAGGGTCA,GGAGCATATGCTC,true,2,7,14,27,0,0,0,0,0,0,0,0,0,0,0,0,0,1,2,1,1,0,4,1,26,23,22,18,17,17,17,14,13,11,11,8,7
CTGCGAAATGTGAGCTTGCCC,GCAAAAAAGGGCG,true,6,7,7,19,0,0,2,0,0,0,0,0,0,0,0,0,2,1,0,0,2,0,0,0,14,14,14,13,12,12,11,8,7,7,7,7,7
TCTTCTCTTTTTCCCATTTTC,CCCAAAAATACAG,true,5,4,6,22,0,0,0,0,0,0,1,0,0,0,0,0,1,0,0,1,2,1,0,0,21,20,14,12,12,12,11,8,6,4,4,4,4
CCAGTGTGGCCGATCAACCCT,CTCAGGTCGGCTA,true,2,4,9,20,0,0,0,0,0,0,0,0,0,0,0,0,0,1,0,4,1,0,2,0,20,18,15,13,13,12,11,8,7,5,5,5,4
TTATGCTCCCCGCCCTAGATG,CCCTTTTCATTCT,true,4,9,6,23,0,0,0,0,0,0,0,0,0,0,1,0,0,0,0,2,0,1,0,1,22,21,16,15,15,14,13,11,11,11,10,9,9
GTGTCCGTTTTTATTGCCAAA,AATGAGGAGGATC,true,5,2,4,11,0,0,0,0,0,0,0,0,0,0,0,0,0,0,0,0,3,0,0,0,10,5,5,5,4,4,4,4,4,4,3,3,2
TAGTGCCGTCATATGTTAAAG,TTCGAGGTTTACT,true,3,5,12,28,0,0,0,0,0,1,0,0,0,0,0,0,2,1,0,4,0,0,0,4,27,24,19,18,15,15,13,12,12,9,7,5,5
ATCTAAGATCCATCTGACGGC,CAAGTGAATCACT,true,2,9,7,24,0,0,0,0,0,0,0,0,0,0,0,0,4,0,0,0,0,1,1,0,22,22,19,17,17,17,16,15,11,11,11,10,9
GCGACAAGCTGTCCGAATTCC,AAAAACACCAGTC,true,5,14,13,37,0,0,0,0,0,0,0,0,0,0,0,0,3,2,1,1,3,1,0,0,35,35,35,35,26,22,21,20,18,16,16,15,14
GCCGAATATGGCCGTCCAAAT,TGACCGTTTTACT,true,4,8,10,28,0,0,0,0,0,0,1,0,0,0,0,2,0,1,0,2,1,2,0,1,23,21,19,16,13,13,13,13,13,12,9,8,8
ACTGGACGGGACTTCCCGTGA,AACGAATGACTGC,true,3,4,8,18,1,0,0,0,0,0,0,0,0,0,0,0,3,0,0,1,1,1,0,1,18,17,13,12,10,9,6,6,6,6,5,4,4
ATCATTTTCGCAACGCTTGGC,GTCGGTCTGCCGC,true,2,11,9,32,0,0,0,0,0,0,0,0,0,0,0,0,0,1,3,1,0,1,0,1,29,27,24,23,22,19,18,17,15,14,13,12,11
CGCCGCAGTTAGAGTATCCTG,ACATAAGGCTTCA,true,2,11,15,37,1,0,0,0,0,0,0,0,0,0,0,0,2,0,2,4,4,0,1,1,35,32,29,26,23,17,17,15,13,13,13,11,11
TTTTTCTTTAATCCCGGACTG,ATGGATGCCGCGA,true,2,7,8,30,0,0,0,0,0,0,0,0,0,0,0,0,2,2,1,1,0,1,1,0,23,21,21,16,14,14,13,13,11,7,7,7,7
GCTCTCGCTTTTTTTAGCTCT,GTTTCTGCTTTGT,true,3,9,5,20,0,0,0,0,0,0,0,0,0,0,0,0,0,1,0,1,0,0,1,1,19,17,17,15,13,12,11,10,10,10,10,9,9
CCGCTCGGCAATAATGCTGTC,GACTAATGAAAAC,true,4,11,7,26,0,0,0,0,0,0,0,0,0,1,0,0,0,0,1,3,0,0,0,0,25,22,21,20,17,17,16,14,14,14,14,12,11
CCGGCCAAAAAATCCCCGGCA,GCGGAGTGACCGC,true,2,7,5,22,0,0,0,0,0,0,1,0,0,0,0,0,0,0,3,0,0,0,0,1,21,21,21,19,15,12,11,11,8,7,7,7,7
GAGTTCGCATTACTCCTCAAC,GTCATGCGATTCT,true,2,6,3,13,0,0,0,0,0,0,0,0,0,0,0,0,1,1,0,0,0,0,0,1,13,12,11,11,10,9,9,9,8,7,6,6,6
ACGCTGGGCAATATATTCTCC,TTTTTTGCAGCCG,true,6,7,11,26,0,0,0,0,0,0,0,1,0,0,0,1,0,0,3,1,0,0,1,2,26,25,25,25,23,18,14,14,14,14,9,7,7
GATAACCCCTGACGGCAGCGG,ATATGTTGGAGAT,true,2,7,12,29,0,1,0,1,0,0,0,0,0,0,0,0,1,0,0,3,1,0,2,2,24,22,22,20,18,18,15,11,9,9,9,7,7
TTGTGAGAACGGTAATCTCAT,AGTGAGAAATCAG,true,3,5,14,31,0,1,0,0,0,0,0,0,0,0,0,0,0,2,3,1,1,1,0,1,29,25,21,20,20,19,16,15,11,10,9,9,5
CGGAAATGGAGGAGAAAGCAT,GAGTGAATTGGTA,true,2,10,9,30,0,1,0,0,0,1,0,0,0,0,0,0,1,0,1,0,1,0,2,2,27,24,20,18,18,17,16,15,14,13,10,10,10
AAATTCACTTTTCCCTGACCC,CGTTGTACCCGCA,true,4,8,10,35,0,0,0,0,0,0,0,0,0,0,0,0,1,0,1,4,0,2,2,0,29,26,25,24,16,14,11,9,9,9,9,8,8
ACAACCGACGCGGAAAAATCT,TTTCATGATATTA,true,4,5,5,16,1,0,0,0,0,0,0,0,0,0,0,0,1,0,0,1,0,1,0,1,16,15,12,8,8,8,8,7,7,6,5,5,5
GTTCATTGTAATAAAACCTCC,TTTTTTTAAGTAT,true,7,8,13,28,0,0,0,0,0,0,0,0,0,1,0,0,0,0,0,4,1,0,0,7,28,28,28,28,28,26,15,10,9,9,8,8,8
GTGATGCATCGTAATCCCCTC,TGTGATCGTTAAG,true,2,5,17,26,0,0,0,1,0,0,0,0,0,0,0,0,2,2,2,2,0,0,3,3,24,22,20,17,16,12,11,9,9,9,7,6,5
GAGAAACATCATTTCTTATAC,CATAGACATATTA,true,2,4,5,18,0,0,0,0,0,0,0,0,0,0,0,0,2,1,0,0,1,1,0,0,15,14,13,11,10,10,9,7,5,4,4,4,4
ACTTCCGCCGGATGCCGTAAT,GATGAGGCGTTCA,true,2,6,5,17,0,0,0,0,0,0,0,1,0,0,0,0,0,2,0,2,0,0,0,0,15,15,14,12,10,10,10,8,8,8,7,6,6
AAGAGCAAGGGTGAGAAGCCG,CGGCAGATAAAAC,true,4,2,4,11,0,0,0,0,0,0,0,0,0,0,0,0,2,0,0,0,0,0,1,0,11,10,8,6,6,5,4,3,3,3,3,3,2
CTGGATAAACAAATCCTGCTG,TTTATTTAATCTA,true,3,10,6,20,0,0,0,0,0,0,0,0,0,0,0,0,2,1,0,1,0,0,0,1,19,19,19,17,15,15,13,12,12,12,12,10,10
CGACCTGCTTTCCAGACGGCG,CGGGAATGAAAGA,true,3,4,4,11,0,0,0,0,0,0,0,0,0,0,0,0,1,0,1,1,0,0,1,0,11,9,8,7,7,7,6,5,5,4,4,4,4
TTGGAACGTCGCCTTTAAATT,CGACTTTGGCAGA,true,3,7,13,27,0,0,0,0,0,0,0,0,0,0,0,0,4,1,0,1,0,1,2,2,24,21,20,17,17,17,14,12,9,9,9,8,7
CGCGCAAGAAGCGGCCCCATG,ACAAGCACGGACG,true,2,7,11,25,0,1,0,1,0,0,0,1,0,0,0,0,3,0,0,1,1,1,1,0,23,23,21,19,15,13,12,11,11,9,9,8,7
GAAAAGCCGGGCACTTTTTGC,TCTAAGTAGTGCA,true,2,6,6,20,0,0,0,1,0,0,0,0,0,0,0,0,1,0,0,1,0,1,0,1,18,16,15,14,11,10,10,10,8,7,7,7,6
ATAGCAAAGGATTAAGAATCC,TACACCCATCATG,true,3,9,4,25,0,0,0,0,0,0,0,0,0,0,0,0,3,0,1,0,0,0,0,0,24,22,17,15,14,14,11,11,11,9,9,9,9
GCTTTCTTTAGTATCATCAAA,TCAAACATGCCGT,true,3,8,11,35,1,0,0,0,0,0,1,0,0,0,0,0,3,2,0,3,0,0,0,0,30,26,24,24,18,14,13,12,12,10,9,9,8
CGTCCACCATTAAGGAAACAG,GAGGTTCATCAGA,true,2,8,8,27,0,0,0,0,0,0,0,0,0,0,0,0,2,0,1,1,0,0,1,0,27,22,18,17,14,14,14,14,13,12,12,10,8
TCGTCGGCATTGTTTGTTCAT,TCGTTTCCATCAT,true,3,3,10,19,0,0,0,0,0,0,0,0,0,0,0,0,4,0,3,0,0,2,0,1,15,13,13,13,13,12,11,6,6,3,3,3,3
AAAGTCCATATCTCCAAGCGC,GTCTTCCATGCCT,true,2,10,10,27,0,0,0,0,0,0,0,0,0,0,0,0,1,0,1,2,0,3,0,1,27,25,20,19,19,16,15,15,14,14,13,10,10
GGGGATATGGCGCAGCGGAAC,AAAGTGGAAAGAT,true,3,7,6,20,0,0,0,0,0,0,0,0,0,0,0,0,2,1,1,0,1,0,1,0,19,19,16,15,15,14,12,12,12,11,7,7,7
AATAACACCTGCTTTTTTGAA,AAAATTAGCCTTA,true,6,2,3,11,0,0,0,0,0,0,0,0,0,0,0,0,0,0,0,0,2,0,0,0,11,11,10,3,3,3,3,3,3,3,3,2,2
TGCCTGAGTCATTTCTTTTTC,AGATATCATTCTG,true,2,7,13,27,0,0,0,1,0,0,1,0,0,1,0,0,2,2,0,5,1,0,0,0,25,22,21,18,14,13,10,10,9,9,8,7,7
AGCTGATCGGCGGCCAGGCCG,ATTTCATCATCTC,true,3,6,10,26,0,0,0,0,0,0,0,0,0,0,0,0,3,1,0,1,1,1,0,2,25,23,23,19,16,14,11,9,8,7,6,6,6
CCGGAGCCGCCGCCGAGCCAG,GCACAGCGCCGCT,true,2,2,5,11,0,0,0,0,0,0,0,0,0,0,0,0,2,0,1,0,1,0,0,0,9,8,7,7,6,4,4,4,3,3,3,3,2
AAAAGGCACATGAAAAAAGAA,GAGTGCGTAAGGC,true,2,6,13,34,0,0,0,0,0,0,0,0,0,0,0,0,3,1,3,2,2,0,1,0,27,24,19,18,17,15,15,14,9,8,8,7,6
CATAAAGCGCAAGCGGTTTAT,CGCGATCATTTAC,true,3,8,8,26,0,0,0,0,0,0,0,0,0,0,0,0,0,1,1,1,2,0,1,2,25,22,20,20,17,16,14,14,13,11,9,8,8
ATGGAATGCGAAGCGCTCAGG,GCTTTAGGCGCTA,true,3,9,13,35,0,0,0,0,0,0,0,0,0,0,0,0,1,2,0,0,0,3,5,1,26,23,23,23,21,19,17,16,14,11,11,10,9
ATTATTGGCAGGCAAGTATAC,AGAAGATACAACG,true,2,7,9,24,0,0,0,0,0,0,0,0,0,0,0,0,2,1,0,2,3,0,0,1,24,23,23,21,20,19,16,15,11,9,8,7,7
TGCGGCACGGCAGCAGGTGCA,CTGACGATGGCAT,true,2,8,13,28,0,0,0,0,0,1,0,0,0,0,0,0,2,1,0,2,0,2,2,0,26,23,22,22,18,17,15,15,12,11,11,11,8
TTCGGGCCGGCCGGCAATACA,AGCAAGCCTAATG,true,2,7,6,18,0,0,0,0,0,0,0,0,0,0,0,0,3,1,1,0,0,0,0,0,17,14,12,11,11,10,9,9,9,9,9,8,7
AAAAAGCAAAATGATGTAACC,AACAGAAGGAGTG,true,2,7,17,38,0,0,0,1,0,0,0,0,0,0,0,0,5,0,3,0,4,0,2,0,36,28,22,22,20,19,17,14,13,10,9,9,7
GGAAGCATCACAGCTACTTCA,TTGCCTAATCGTG,true,2,4,10,24,0,0,0,0,0,1,0,0,0,0,0,0,2,1,1,1,0,3,1,0,21,21,21,19,15,12,9,8,6,6,4,4,4
CTTGAGAAGAAATATACATTC,CGGCCAGCCCGGA,true,3,8,9,26,0,0,0,0,1,1,0,1,0,0,0,0,1,1,0,0,0,2,1,0,21,19,16,16,14,14,12,12,11,10,9,9,8
CAAGCTGCGGGAAGGCTGAAA,ATCCCGTATTTGC,true,4,8,13,29,0,0,0,0,0,0,1,0,0,0,0,0,4,2,0,2,2,2,0,0,27,21,20,20,16,14,14,12,11,11,10,8,8
ACGGCGTTAATAGTGATCCAC,ACATTCCAGAATA,true,2,9,7,21,0,0,0,0,0,0,0,0,0,0,0,0,3,1,0,0,1,1,1,0,18,17,17,16,16,15,12,11,9,9,9,9,9
CAGTTCAACACCCAGTTCCTG,ATGAACTAAGGCA,true,2,8,6,23,0,0,0,0,0,0,0,0,0,0,0,0,2,0,1,0,1,0,1,0,23,21,20,17,16,16,16,16,13,10,9,8,8
AACCGTTTTTAGATAGTCAGA,TGCTTTTTTGCCA,true,6,7,10,28,0,0,0,0,0,0,0,0,0,0,0,0,0,0,2,5,0,0,0,3,27,23,22,22,22,22,22,21,17,10,7,7,7
CTCGTGCCTGTGACGCCAAAA,CCTGTCGGAAATA,true,4,3,4,11,0,1,0,0,0,0,0,1,0,0,0,0,0,0,2,0,0,0,0,0,10,10,10,9,8,7,7,7,3,3,3,3,3
TTTTTTTTTTCAGGGTTTTTT,GGTTTCTTTTGTG,false,6,1,0,12,0,0,0,0,0,0,0,0,0,0,0,0,0,0,0,0,0,0,0,0,2,2,1,1,1,1,1,1,1,1,1,1,1
TTCCCTCTTCAATAACGGTAA,TTTCTACCTTATC,true,3,9,18,39,0,0,0,0,0,0,1,0,0,0,1,0,3,1,2,2,0,3,0,2,37,36,32,29,28,24,23,20,16,16,14,11,9
TCTTCAACCTCATTCAGACTC,AGGCCGCCTGTGC,true,2,8,8,23,0,0,0,0,0,0,0,0,0,0,0,0,1,3,2,0,0,1,1,0,23,20,19,17,16,14,13,11,11,11,8,8,8
GCAGCAGACCCTGTATTAATC,ATGGAGTTAGTCG,true,2,10,11,25,0,0,0,0,0,0,0,0,0,0,0,0,1,0,2,2,0,0,2,2,24,22,19,18,17,16,15,14,14,13,13,12,10
ATTGCATTTCTGCCTCCTCTC,GCCAGCACAGCTG,true,2,5,8,20,0,0,0,0,0,0,0,0,0,0,0,0,4,0,0,0,0,3,0,0,15,15,14,14,12,10,10,8,8,7,6,6,5
ACGTTATCCAAGGCAAACTGA,TGAAATCACTTGA,true,3,10,12,29,0,0,0,0,0,1,0,1,0,0,0,0,2,0,0,3,3,0,0,1,28,25,22,21,18,17,17,15,14,14,13,10,10
GGTAATCGCATAACGAAAAAA,GCACTCCATGTCA,true,6,4,11,26,0,0,0,0,0,0,0,0,0,0,0,1,5,1,0,2,0,1,0,1,18,18,18,15,14,12,9,8,6,6,5,4,4
GATGACATGCGGTGAAGAGAA,CCCTTCACAAAAG,true,4,7,12,30,0,0,0,0,0,0,1,0,0,0,0,0,0,2,1,2,0,4,0,0,25,24,14,13,12,10,9,9,9,9,9,7,7
CTCTTCTTTTGACGGACGACT,CCGTCACTTTCAG,true,3,4,7,17,0,0,0,0,0,0,0,0,0,1,0,0,0,0,0,2,0,3,0,0,16,10,9,9,8,8,7,6,6,6,5,5,4
CAACAACTAAAGATGCGACAG,ATGTATGCGCCAT,true,2,3,9,18,0,0,0,0,0,0,1,0,0,0,0,0,1,1,0,1,0,1,2,2,17,16,14,13,12,9,7,6,5,5,3,3,3
TCTTCATCACGGAGTTTTGCC,GCCAGTTCGTAAT,true,2,7,5,24,0,0,0,0,0,0,0,0,0,0,0,0,0,1,0,1,0,0,1,2,20,20,16,15,13,13,10,10,9,8,7,7,7
CATCAAGACTAAGCTTCGCTT,TATCGCTGCGCTG,true,3,5,8,27,0,0,0,0,0,0,0,1,0,0,0,0,0,0,1,1,0,1,2,2,19,16,16,14,13,11,10,8,6,6,6,5,5
GACTTGTCGGTAAACAATATA,TTGAAATGTGGGC,true,3,7,11,27,0,0,0,0,0,1,0,0,0,0,0,0,3,0,0,1,1,0,4,0,27,26,23,23,22,18,16,15,14,13,12,8,7
TCTTTCTAATGGCGGAATCGT,AAAAACACTTGCA,true,5,6,3,16,0,0,0,0,0,0,0,0,0,0,0,0,2,0,0,0,1,0,0,0,14,14,14,14,12,9,9,8,7,6,6,6,6
GTATCCTTGTGAACGGAAAAC,CTAAAAAAGTATA,true,6,4,11,32,0,0,0,0,0,0,0,0,0,1,0,0,2,2,0,0,1,1,0,1,26,22,21,20,20,18,16,13,10,9,9,5,4
CAGTACAGGATGCAGGAGAAC,CGAGAGACGAATC,true,2,9,11,33,0,0,0,0,0,0,0,1,0,0,0,0,2,1,1,0,1,5,0,0,24,23,20,16,15,15,14,13,13,13,10,9,9
GGCCATTATTGATACTGGGGT,TGAATACACTCAC,true,2,11,12,30,0,0,0,0,0,0,1,0,0,0,0,0,3,0,0,2,1,0,0,2,28,23,22,21,19,18,16,16,15,14,14,11,11
TAGTGACACGCCGTGAAGCTC,CCCGTACAGTTCG,true,4,7,8,21,0,0,0,0,0,0,0,0,0,0,0,0,2,0,0,3,0,2,1,0,20,19,16,15,14,13,12,12,10,10,10,7,7
TCCAAGGCTAAAATACTCCCT,AGTGACCGATAGT,true,2,7,2,13,0,0,0,0,0,0,0,0,0,0,0,0,0,0,0,0,0,1,0,1,13,12,10,10,10,9,7,7,7,7,7,7,7
GAATACCATAAAAAGGGCGCT,GGCTTTTTTGTGC,true,6,6,12,24,0,0,0,0,0,1,0,0,0,0,2,0,1,2,0,3,0,0,0,2,23,22,22,21,19,19,16,15,12,9,9,7,6
ACGGCACGGGCTGAACCAGAT,TATTAAGGAAAGC,true,3,5,3,13,0,0,0,0,0,0,0,0,0,1,0,0,2,0,0,0,0,0,0,0,11,9,8,7,7,7,7,7,7,7,7,5,5
ATATGTATATCATAACACTCG,CCGTTTCAAAGAG,true,3,4,5,23,0,0,1,0,0,0,0,0,0,0,0,0,0,0,0,0,4,0,0,0,21,19,18,16,16,14,10,10,10,5,5,4,4
CCATTTCAATCAGCGCCTGCA,TGGCCCTCTCTTG,true,3,10,16,36,0,0,0,0,0,0,0,0,0,0,0,0,1,0,2,2,0,4,1,1,35,32,30,30,30,22,21,19,17,16,15,12,10
AGCATATAACGTGCTTCCTTT,TTCTAAATTGCCT,true,5,4,4,16,0,0,0,0,0,0,0,0,0,0,0,0,0,1,0,1,1,0,0,1,15,11,9,9,8,8,7,6,5,4,4,4,4
CAGCAGGTATTCGTGAAACAG,AGGATATTGTTGA,true,2,8,9,28,0,0,0,0,0,0,0,0,0,0,0,0,0,0,1,1,1,0,2,4,22,20,17,15,14,13,12,11,11,11,9,8,8
GATGCCAAGCGCCCGTTTCAT,TTCCATGAACAGA,true,3,5,10,25,0,0,0,0,0,0,0,0,2,0,0,0,1,0,0,3,1,1,1,1,24,20,18,15,11,9,7,7,5,5,5,5,5
CAGTCTTTGGAGCCCGTAAAA,TCAGTCGTTTCAT,true,4,6,6,20,0,0,0,0,0,0,0,0,0,0,0,0,1,0,0,1,0,0,1,1,16,15,15,12,11,11,11,11,11,10,8,8,6
TGCTCGTAGTGTTAAGCGGAA,AAACGAAAAACCG,true,5,3,6,24,2,0,0,0,0,0,0,0,0,0,0,0,1,0,0,1,2,0,0,0,24,23,19,11,10,10,10,8,7,4,3,3,3
GAAGAGCCTGAGGAAGAAACA,GCTCTTCAATCCT,true,2,12,9,21,0,0,0,0,0,0,0,0,0,0,0,0,1,1,0,2,1,1,0,2,21,20,20,19,19,18,17,16,15,13,13,13,12
TGAAATCGTATCGCCGCCTGA,TCCTCCGTATTCT,true,2,10,13,30,0,0,0,0,0,0,0,0,0,1,0,0,3,2,1,1,1,1,1,1,27,25,24,24,21,19,15,15,14,12,11,10,10
GATTGAACATCCCGATGCCTT,TGCATGCCCTCCG,true,3,7,24,50,0,0,0,0,0,0,0,1,0,0,0,0,3,0,1,4,1,8,1,3,42,39,34,31,29,25,22,22,13,12,11,8,7
GCTGATTTTGGTCATGCTTGC,GAATCGTTTGGCG,true,3,10,6,28,0,0,0,0,0,0,0,0,0,0,0,0,2,1,0,0,1,1,0,1,27,26,23,20,17,15,15,15,11,10,10,10,10
TTTCGGGTTTTCCTTCAGCAG,CTTTGTGAGCCTG,true,3,9,18,47,0,0,0,0,0,0,0,0,0,0,0,0,0,4,3,2,0,3,3,2,43,41,41,35,26,24,22,21,17,15,12,9,9
CCGGGAATGGTTCTTCCTGTC,GATTCAGAAGTTC,true,2,6,10,20,0,0,0,0,0,0,0,0,0,0,0,0,4,0,0,1,0,0,1,2,19,19,17,14,13,12,9,9,9,8,8,7,6
CGGTAGAGAGCTACGAGCAGG,TGGCTGAAGTGGC,true,2,4,10,23,0,0,0,0,0,0,0,0,0,0,0,0,2,1,1,2,0,0,3,0,19,16,13,12,12,9,9,9,7,7,7,4,4
GATGGCTTGTGTCGCACCCCG,TATCCAATACAGC,true,2,6,14,27,0,0,0,0,0,0,0,0,0,0,0,0,1,4,0,3,1,1,0,0,27,24,24,23,21,17,17,16,14,13,12,10,6
ATGGACTCATAACCTTCCCTT,CTTCTTCGCATGT,true,2,4,9,29,0,0,0,0,0,0,2,0,0,0,0,0,1,0,0,3,0,1,0,1,23,22,18,12,11,10,10,9,5,5,5,4,4
GCAGCTGCTGGAAGTTAAATA,GGATTCTGGCACG,true,2,11,10,29,0,0,0,2,0,0,0,0,0,0,0,0,1,1,1,0,2,1,0,1,27,24,19,17,15,15,15,15,14,14,14,12,11
ATCAGCATCAACTAATATATA,GACGTCTTTATCG,true,3,3,13,20,0,0,0,0,0,0,1,0,0,0,1,0,3,2,0,1,0,2,0,2,20,18,15,13,13,11,10,9,7,6,5,3,3
AAAGTTTTTGAAGAAATGATT,TTTTCTTCTCTAT,false,6,2,2,11,0,0,0,0,0,0,0,0,0,0,0,0,0,0,0,2,0,0,0,0,11,10,9,9,2,2,2,2,2,2,2,2,2
CATAAACGGCATAGCGTAAAA,TAAAATACGTGCA,true,4,5,8,22,0,0,0,0,0,0,0,0,0,0,0,0,4,1,0,1,1,1,0,0,16,15,14,14,10,9,9,8,8,7,6,5,5
TGGTCAGCATGTAACGCCTCA,TGGAAAGCGGGTG,true,3,8,25,39,0,0,0,0,0,1,0,0,0,0,0,0,6,0,1,3,2,0,5,1,33,29,24,23,23,21,18,18,17,17,14,12,8
AGGAAAAATGGCGCCCTTTAT,CGCTACGCTTGCG,true,2,7,5,17,0,0,0,0,0,0,0,0,0,0,0,0,0,1,1,0,0,2,0,1,16,15,12,12,11,8,8,8,8,7,7,7,7
TGAAAAAGATGATCATATTTG,GATCAATGTGAAG,true,2,8,10,29,0,0,0,0,1,0,0,0,0,0,0,0,2,0,1,0,2,2,1,0,21,17,15,12,12,11,11,10,10,10,10,9,8
CTTTCCACCCATTGTTTCTGG,TGATTCATCATGT,true,2,3,8,17,0,0,0,0,0,0,0,0,1,0,0,0,1,0,0,1,1,0,0,1,16,15,13,12,10,8,7,6,6,6,6,4,3
CTTCGGATAAACAAACTGCAC,ACGCTTCGGCTCA,true,2,5,9,24,0,0,0,0,0,0,0,0,0,0,0,0,1,0,1,1,0,2,1,1,24,20,19,17,17,13,11,10,9,8,8,7,5
ATCCCCATAGACCGAATAGAC,CTGTAGCACCGGC,true,2,6,11,25,0,0,0,0,0,0,0,1,0,0,0,0,0,2,1,1,0,5,1,0,22,21,21,20,18,14,11,10,10,7,6,6,6
GTGACTGCATCCTCGAATTCT,TTATCGCTGAGAG,true,3,10,10,34,0,0,0,0,0,0,0,0,0,0,0,0,3,0,0,2,1,0,0,2,30,26,23,17,16,15,14,13,11,11,11,10,10
TCCGCATCTTGATGGTCGTTT,TTGCGGGACTTAC,true,5,5,12,35,0,0,0,0,0,0,0,0,0,0,0,0,0,0,2,3,0,0,1,2,33,23,17,15,15,14,13,12,12,12,12,9,5
GAATGACTTAAAATCAGGAAA,AGACAGAGTAAAG,true,4,8,10,37,1,0,0,0,0,0,0,0,0,0,0,0,4,1,1,0,0,0,2,1,31,23,19,17,15,13,12,12,11,9,8,8,8
TGATGCTCGATAGCTTCCCCT,CAAATTTGTCCAT,true,3,5,8,21,0,0,0,0,0,0,0,0,0,0,0,0,1,4,0,1,0,1,0,1,21,20,20,20,16,16,13,12,11,10,8,5,5
CGGCAATGACAACTCCTTCAT,TCATCGTGACAGA,true,2,9,14,29,0,0,0,0,0,0,0,0,0,0,0,0,2,2,6,2,1,0,0,0,26,22,22,18,15,13,13,13,11,10,10,10,9
GGCCCGGGTGTATTTTGAAAT,CGGTTCGTCTCCA,true,2,3,7,18,0,0,0,0,1,1,0,0,0,0,0,0,1,0,1,1,0,1,1,0,17,15,10,10,10,6,6,5,5,5,3,3,3
TATCAATTCCCTGAGATTGAA,TATGGTCAATCTG,true,2,2,12,25,0,0,0,0,0,1,0,0,0,0,0,0,0,3,0,3,0,3,0,1,24,22,19,17,11,11,10,8,6,6,3,2,2
CGGGAATCATCATCTTGCGCT,TTCCGGACTGAAC,true,3,6,12,29,0,0,0,0,0,0,0,0,0,0,0,1,0,1,2,1,3,1,3,0,29,26,21,19,19,15,12,12,10,10,9,6,6
CGCTGACCGGAAAAGATGAAG,AGGTATCCTCTTA,true,2,5,8,20,0,0,0,0,0,0,0,0,0,0,0,0,1,0,1,3,0,1,0,1,20,19,18,17,14,11,10,8,8,7,7,6,5
GAATCAGTGACAGGTCTGTTT,GGAGGCTTTCCAG,true,3,7,13,30,0,0,0,0,0,0,0,0,0,0,0,0,0,0,1,3,1,1,4,2,25,22,20,19,16,14,14,14,12,10,9,8,7
TTGCAATGTCCCGTAGACAAG,TTCAGTCAAAAGC,true,4,10,6,25,0,1,0,0,0,1,0,0,0,0,0,0,0,0,0,2,1,0,1,0,23,22,21,21,17,17,17,16,14,14,11,10,10
TGATGGCGAACCCGCCAAGCA,TATTTGCGGGCAG,true,3,5,7,20,0,0,0,0,0,0,0,0,0,0,0,0,0,0,2,2,0,1,0,2,18,16,16,16,12,9,6,6,6,6,5,5,5
TTCATATCTTGGGCGCCGTTT,ACGTTTTTGCCTA,true,5,13,10,33,0,0,0,0,0,0,0,0,0,0,0,0,1,0,0,3,1,1,1,3,25,22,21,21,21,21,20,17,14,14,13,13,13
CTAATGCAATGACCTCAGCAT,CCGCGCTTGTCGT,true,2,9,7,22,0,0,0,0,0,1,0,0,0,0,0,0,0,3,1,0,0,2,0,0,20,18,16,15,13,12,12,11,11,11,11,9,9
TCCTCCCTACACTTTCGCACA,CCCCCAGCGTATG,true,5,6,5,18,0,0,0,0,0,0,1,0,1,0,0,0,0,0,1,0,0,1,0,0,16,15,15,15,9,9,9,9,9,7,7,7,6
TCCGGACAAACGCTTGCCACC,TACGTATTACCGC,true,2,12,8,28,0,0,0,0,0,0,0,0,0,0,0,0,1,1,0,1,0,2,1,1,23,22,19,18,18,17,16,15,14,13,13,12,12
TTCCCGTCGTATCGTTAAAGC,TTTTCGGGTAAAT,true,4,8,12,25,0,0,0,0,0,0,0,0,0,0,0,0,0,3,1,5,0,0,0,1,24,24,24,21,17,15,14,13,12,10,10,9,8
GCTGCTTGAGCAAACCGTTAA,ATGTGATATCCTC,true,3,8,12,31,0,0,0,0,0,1,0,0,0,1,0,0,1,0,2,5,1,0,0,0,29,28,24,24,21,17,14,12,11,9,9,9,8
TCTCTTTTGACACAGAATAGC,CTAATACGTTTAT,true,3,5,7,21,0,0,0,0,0,0,0,0,0,0,0,0,0,0,0,1,2,2,0,0,20,20,19,17,15,12,9,9,7,7,6,5,5
ACCTGCTGTCCTTTGCCGCTG,CCATCAGAGCAGA,true,2,5,6,18,0,0,0,0,0,0,0,0,0,0,0,0,2,0,1,0,0,0,1,1,17,14,13,11,11,11,9,8,6,6,6,5,5
AGTACCATACGTTTATATCAT,AATACCCTTCAAT,true,3,5,3,12,0,0,0,0,0,0,0,0,0,0,0,0,0,0,0,0,1,1,0,0,11,10,10,8,8,8,6,6,6,6,6,6,5
TTTGTTGGGGTTTTTTTTTTT,TTTTTTTTTTGGT,true,21,1,0,15,0,0,0,0,0,0,0,0,0,0,0,0,0,0,0,0,0,0,0,0,9,6,5,5,4,3,3,3,3,2,1,1,1
AGAAATATTCAAGATCCCATG,GAAGTTCAATCTG,true,2,6,11,29,0,0,0,0,0,0,0,0,0,0,0,0,0,1,2,1,2,0,1,1,25,24,22,17,14,14,12,12,11,10,10,7,6
TCAATTAGCTTCTCAACGTAA,CCTGATTCCGGCA,true,2,6,11,27,0,0,0,0,0,0,0,0,0,0,0,0,3,0,0,1,0,1,4,1,22,19,17,14,14,13,12,11,10,10,7,7,6
GGCGCCGTGCTGGCGCCGATG,CCGAGTGCGATTG,true,2,7,18,36,0,0,0,0,0,0,0,0,0,0,0,0,1,2,5,4,0,3,2,1,32,28,28,26,22,22,17,15,11,9,8,7,7
AGCCGAAAAGCAGTCCTCACT,TTGGTGGATGTAT,true,3,5,1,11,0,0,0,0,0,0,0,0,0,0,0,0,1,0,0,0,0,0,0,0,11,11,10,8,7,7,7,7,7,5,5,5,5
TTACGTATACACCGGATTTTG,AGCTGCTCAGTTA,true,2,10,8,29,0,0,0,0,0,0,0,0,0,0,0,0,1,2,0,1,0,1,0,0,27,25,23,21,21,18,15,15,14,13,13,11,10
AACGGATCAGTGTTAACGGGA,CACCGATTTCAGA,true,3,5,4,15,0,0,1,0,0,0,0,0,0,0,0,0,0,0,0,0,1,0,0,0,14,14,14,10,10,9,9,9,9,8,7,6,5
GGTTATGCTGTTTCCAGCAGC,GCTTGTCATCGCG,true,2,11,11,32,0,0,0,0,0,0,1,0,0,0,0,0,1,0,1,2,0,0,2,1,30,28,28,26,21,20,17,16,16,13,11,11,11
TTGGCGTGACATCAAAACGGC,AAACCATGACATC,true,3,5,5,13,0,0,0,0,0,0,0,0,0,1,0,0,2,1,0,0,0,0,0,0,11,10,10,9,8,8,8,8,8,8,8,6,5
CGGTTATGCTGATTTCATGAC,GAGTGTGTTTGGA,true,3,11,10,31,0,0,0,1,0,1,0,0,0,0,0,0,0,0,1,2,0,0,1,2,27,26,25,22,21,18,17,16,16,16,13,12,11
TCCATTATGGATGGAACAATT,GTGAAAAACGAAG,true,5,9,10,27,0,0,0,0,0,0,0,0,0,0,0,0,3,0,1,0,5,0,0,0,25,22,20,19,19,19,19,15,11,11,11,10,9
AAAAAGACGAATTCGTATATC,ACGAAATGGTGGC,true,3,12,12,37,0,0,0,0,0,0,0,0,0,0,0,0,4,1,1,1,0,0,0,1,37,31,28,26,24,22,20,19,19,16,16,12,12
TTCGCTGTTCGCCGCATAAAG,GTAAATGGCTTTG,true,3,13,13,35,0,0,0,0,0,0,0,0,0,0,0,0,3,0,0,1,2,0,2,0,34,34,31,31,28,22,21,20,20,18,18,15,13
ACTCCATCGTAAACAGCTTGG,TGTCATACATTGA,true,2,8,8,21,0,0,0,0,0,0,0,0,0,0,0,0,1,1,0,2,1,0,1,1,20,19,18,17,15,15,14,11,10,10,9,9,8
TCTCTCAAACAACAACGGAGG,AGGAGGAAAAGAG,true,4,11,19,46,0,4,0,0,1,0,0,0,0,0,0,0,2,1,1,0,0,0,1,0,42,40,36,32,30,29,27,27,21,13,12,12,11
AACGGTTTTTGTTGTCAAATG,TCCGTTTCTTTGT,true,3,10,14,35,0,0,0,0,0,0,1,0,1,0,0,0,0,2,2,3,0,1,0,0,33,29,26,23,22,21,20,14,14,14,12,11,10
TATCAGAAGAAGTGGCAGACA,TCCGGAATGTCGA,true,2,6,8,22,0,0,0,0,0,0,1,0,0,0,0,0,3,2,0,0,0,0,1,0,18,18,16,15,12,12,11,9,9,8,7,6,6
TGCTTTCAAACCAGGTAAAGC,GCTTAAAGACGCA,true,3,10,13,25,0,1,0,0,0,0,0,0,0,0,0,0,1,2,2,1,1,1,1,1,24,23,23,22,22,22,19,17,15,13,12,12,10
GAAAAAAAAAAAAAAAACTTT,TTTTTTTTTTTTC,true,15,1,2,28,0,0,0,0,0,0,0,0,0,0,0,0,0,1,0,0,0,0,0,0,17,12,11,7,7,5,5,5,3,3,2,2,1
CGTTTATACTAGAGAAGATCT,ATTTTATAAAGGT,true,4,9,12,33,0,0,0,0,0,0,0,0,0,0,0,0,4,0,1,1,3,0,0,2,31,28,27,26,22,20,16,16,15,13,10,9,9
AATGAAGGTTTGTCAAAAGTC,GATTGTCCGTTTC,true,3,9,6,24,0,0,0,0,0,0,0,0,0,0,0,0,0,0,0,2,1,2,0,0,21,20,19,18,16,15,13,10,10,10,10,10,9
TTCAGCAAGCCGCTGCGCTGT,TTGGCTCGCTTTC,true,3,8,19,42,0,0,0,0,0,1,0,0,1,0,0,0,0,2,3,1,0,2,2,3,41,36,33,29,22,16,13,12,12,12,12,8,8
CTGCCGAAGAAATTGGATATT,TCGATTTGAGAGC,true,3,5,4,18,0,0,0,0,0,0,0,0,0,0,0,0,0,0,0,2,0,0,0,2,15,11,10,8,8,8,6,6,6,6,6,5,5
GGAATAGCCGTCGGAAATGAT,ATGATGCATATCG,true,1,5,5,16,0,0,0,0,0,0,0,0,0,0,0,0,1,1,0,0,0,1,0,1,15,15,14,14,12,11,10,9,8,8,6,6,5
GTGATTAACAGTGAAACGGTT,GGGGTGACAATGA,true,4,8,12,34,0,0,0,0,0,1,0,0,0,0,0,0,0,2,0,4,0,0,4,0,30,29,27,15,14,12,10,10,10,10,10,9,8
GCACTGATGATTTATCATTTG,CTCAACAATCCCG,true,3,8,6,25,0,0,0,0,0,0,0,0,0,0,0,0,1,1,0,0,0,2,0,1,22,20,20,19,18,14,14,12,11,11,10,9,8
CGTTTCCCTCGCTTACAAACA,AAAAAAGAAACCA,true,7,9,16,33,0,0,0,0,0,0,0,0,0,0,0,0,2,0,3,1,7,1,1,0,33,32,32,32,31,26,21,19,19,16,12,9,9
CGTGCAGCAGCCCTTTTCCCT,TCATCATAAAGTC,true,3,8,7,21,0,0,0,0,0,0,0,0,0,0,0,0,1,2,0,0,1,1,1,0,20,17,15,15,13,13,12,12,12,11,9,9,8
GAGCCGACGACAGGTCTGCAC,GTCGACGACATCG,true,1,7,9,29,0,0,0,0,0,0,0,0,0,0,0,0,2,1,1,1,0,2,0,0,25,23,21,19,18,17,16,14,10,10,9,9,7
CGATTTCGGCACCATGAGGGA,TTTTGACCAGCTG,true,4,9,8,27,0,0,0,0,0,0,0,0,0,0,0,0,0,2,2,0,1,0,0,3,24,24,21,18,15,12,12,11,10,10,10,9,9
AAAACCATCTTTACATAGTCT,CTCTGCGATGCCT,true,2,12,11,31,0,0,0,0,0,0,0,0,0,0,0,0,0,0,2,3,0,1,1,0,27,25,22,20,18,18,17,17,17,17,16,13,12
CCTTTGCTAAACCTGAAGATG,GCTCTAATTGAGA,true,2,9,8,29,0,0,0,0,0,0,0,0,0,0,0,0,2,1,1,0,0,1,2,1,23,19,19,17,13,13,13,12,10,10,10,9,9
TTTTCATTGTAGTGTTAGGCG,GAAATCACTAATA,true,3,7,16,41,1,0,0,0,0,0,0,0,0,0,0,0,2,1,0,2,1,3,3,0,34,32,30,24,20,18,17,14,12,11,10,8,7
ACGGATTAAACTCGACTGCAA,GGAACAGGTCACA,true,2,7,7,20,0,0,0,1,0,0,0,0,0,0,0,0,4,0,0,0,0,0,0,0,17,15,14,14,10,10,10,10,10,10,8,8,7
AATGAAAAAAAATCTCTCAAT,AATGCCGTTTCCG,true,3,3,4,12,0,0,0,0,0,0,0,0,0,0,0,0,0,1,0,1,0,2,0,0,10,10,8,7,7,5,5,3,3,3,3,3,3
GATGGAAGAGGAATATGATAT,TTTAGGAGTTTAT,true,4,5,15,26,0,0,0,0,0,0,0,0,0,1,0,0,1,0,2,0,1,0,3,3,26,26,19,18,16,14,11,9,9,9,9,7,5
TTGAACAAAATGTGGATGCCA,GTATGTTTATTAC,true,3,4,5,18,0,0,0,0,0,0,0,0,0,0,0,0,0,0,0,1,0,0,1,3,16,13,13,11,9,9,8,4,4,4,4,4,4
GAGGCCTATCATACCTTCTTG,AACAATATCTTCT,true,2,5,13,23,0,0,1,0,0,0,0,0,0,0,0,0,3,2,1,3,2,0,0,1,22,18,15,14,10,10,9,6,5,5,5,5,5
TTTATTTAGCTTATTTTTCGC,GATGAATATTGGT,true,2,5,15,32,1,0,0,0,0,0,0,0,0,0,0,0,2,3,0,1,3,0,0,3,30,26,24,21,21,17,16,14,12,9,7,5,5
AACGCTGTTGCCTCCGTATAG,AAGCGGCGTTGCT,true,2,8,9,28,0,0,0,0,1,0,0,0,0,0,0,0,2,0,1,1,2,1,0,1,24,21,18,18,18,16,14,12,11,9,8,8,8
ATACTGCTCCGATGATAAGCA,AAACAGCTCCAAG,true,4,4,6,19,0,0,0,0,0,0,0,0,0,0,0,0,0,2,0,3,0,1,0,0,19,17,14,13,12,11,10,8,7,6,6,4,4
CTAGAAATGCTTTTTGTACGG,AATCGATTGAAAT,true,3,4,4,11,0,0,0,0,0,0,0,0,0,0,0,0,0,0,0,0,2,0,0,0,10,8,8,6,6,6,6,6,6,6,6,4,4
TAGTGAAGATATTGATGTCAA,TACAGAGCTAAGT,true,2,10,8,24,0,0,0,0,0,0,0,0,0,0,0,0,2,3,0,0,1,1,0,1,23,21,18,16,14,14,14,14,12,12,12,10,10
ACACATTTATGTTTTGCGGAG,AGGTTCTTCCGGT,true,2,7,17,40,0,0,0,0,0,0,0,0,1,0,1,0,1,3,0,3,0,0,2,4,39,35,29,28,25,21,16,13,9,9,9,7,7
AAAAGCGGGAAGAACTGCAGT,CTGAGTTTAGGGA,true,3,7,10,29,0,0,0,0,0,0,0,0,0,0,0,0,2,0,0,4,0,1,0,1,24,22,20,18,17,17,17,14,12,9,9,8,7
AAAGCGTCGTGAAAATGGTCA,GCGCTTTGAATAT,true,3,9,16,36,0,0,0,0,0,0,0,0,0,0,0,1,1,2,3,2,1,0,2,1,32,29,23,22,21,19,18,16,14,13,11,9,9
TTTAAAGAAGCATTTAAACGA,TCTGCCGCTTCCT,true,2,4,9,21,0,0,0,0,0,0,0,0,0,0,1,1,0,1,0,3,0,0,0,0,19,18,18,14,13,12,12,12,10,9,7,5,4
ATTTAAAATGCCTGACGCTTA,TGTCTCTTATTTA,false,3,4,4,27,0,0,0,0,0,0,0,0,0,0,0,0,0,4,0,0,0,0,0,0,23,18,15,14,5,5,5,5,4,4,4,4,4
CATCAACCTCATCTGGCACGG,CGGACAGGAAACG,true,3,6,15,32,0,0,0,0,0,0,0,0,0,0,0,0,4,0,1,0,4,1,4,0,28,27,25,23,21,18,17,14,14,14,12,7,6
TTCTGTCCGAACTGCGGAACA,AAAACCGGTGAAG,true,5,9,14,39,0,0,0,0,0,0,1,0,0,0,0,0,3,2,1,1,3,1,1,0,38,37,36,31,23,19,17,15,14,13,12,10,9
CTATCCGATAATCACTCTTTC,CTTCGGATAATGA,true,2,6,19,33,0,0,1,0,0,0,0,0,0,0,0,0,0,4,3,3,0,3,2,1,27,27,25,22,21,18,14,13,11,11,11,8,6
TAAGCTCAGCGCATTTTTTGA,TGCGGTATGAAAT,true,3,3,7,15,0,0,0,0,0,0,0,0,0,0,0,0,0,0,0,3,1,0,0,2,13,10,8,7,6,6,4,4,4,4,4,3,3
ACATTCGCTGGTGGTTATCTG,GACTTGTTATCAT,true,2,11,10,27,0,0,0,0,0,0,0,0,0,0,0,0,1,0,1,2,0,1,2,1,21,20,18,18,17,16,16,14,14,13,13,13,11
ATTACGATCTCGCAAGGCACG,GTTTTCAGAATGA,true,4,11,13,40,0,0,0,0,0,0,0,0,0,0,0,1,2,0,0,3,2,0,0,3,38,36,36,35,28,19,18,16,16,15,14,13,11
CCGAAGGTTGGGACAGATGAT,TGGGGTTGAAGTC,true,4,3,3,16,0,0,0,0,0,0,0,0,0,0,0,1,0,0,0,0,0,0,0,2,15,14,13,10,7,6,3,3,3,3,3,3,3
TTGGTTTTATGAGTGAGTATA,ATAAAAAGGAGTC,true,5,5,12,27,0,0,1,0,0,0,0,0,0,0,0,0,3,0,3,1,2,0,1,0,25,24,21,21,20,19,16,11,11,8,6,6,5
TTTTTATATAAAAAAACAGAG,AAGAGCGTACATG,true,2,7,1,13,0,0,0,0,0,0,0,0,0,0,0,0,1,0,0,0,0,0,0,0,13,13,13,13,10,10,10,10,9,8,8,7,7
TTAGCGCAATCGTCGGCGCAA,TTTTTTTCAGCTG,true,7,6,15,35,0,0,0,0,0,0,0,0,0,0,0,0,3,2,0,4,1,0,0,3,32,32,32,32,32,28,21,11,8,8,8,8,6
ACGATAATCGGCGCTAACGGC,AGCCCATTGATGT,true,3,5,6,15,0,0,0,0,0,0,0,0,0,0,0,0,1,0,1,1,1,0,0,1,14,13,13,12,11,11,10,9,7,6,6,5,5
TATCAACTTCTTTACAAGATC,GGATATCTTGAGA,false,2,1,0,11,0,0,0,0,0,0,0,0,0,0,0,0,0,0,0,0,0,0,0,0,9,1,1,1,1,1,1,1,1,1,1,1,1
GTATCATCAAGCGGTTTTTTT,TCCGCTTCGTTTG,true,8,1,2,12,0,0,0,0,0,0,0,0,0,0,0,0,0,1,0,0,0,0,0,0,5,5,5,4,4,4,4,3,2,2,2,2,1
AGAATAAACGGAATGGCTTCT,ATTAAAATGCTGA,true,4,4,10,29,0,0,0,0,0,0,0,0,0,0,0,0,0,1,0,3,4,0,0,1,25,23,17,14,14,14,10,7,6,6,5,5,4
GGAAGAAGGCGTTTTTTAAGC,ATTCTGCAGAGGA,true,2,9,6,22,0,0,0,0,1,0,0,0,0,0,0,0,0,0,2,0,0,0,1,0,22,21,19,18,17,16,16,16,15,13,13,11,9
CACAGACAGCCTCCCGCTCAC,ATACTTTACATAT,false,3,2,4,24,0,0,0,0,0,0,1,0,0,1,0,0,2,0,0,0,0,0,0,0,19,16,15,14,2,2,2,2,2,2,2,2,2
TAAAAGTATGAAGACAATGAA,CTCATAAGGAGCA,true,2,9,14,29,0,0,0,0,0,0,0,0,0,0,0,0,7,0,0,0,2,2,3,0,23,22,20,19,19,19,17,15,12,11,9,9,9
CTTGTGTAGAGCATACCGTTC,CTCCTTCCTTCGA,true,2,6,2,15,0,0,0,0,0,0,0,0,0,0,0,0,0,0,0,0,0,2,0,0,13,11,11,9,9,8,8,8,6,6,6,6,6
AACGTTTTTCGTCGATGATGA,TCGGACGGCGAAG,true,2,6,14,34,0,0,0,0,0,0,0,0,0,0,0,0,0,3,2,2,0,2,5,0,30,26,25,20,18,15,13,9,8,7,6,6,6
TTACTTATTGAAGAAGGCTGC,GATATTAAAAAAG,true,6,6,16,31,0,0,1,0,0,0,0,0,0,0,0,0,1,1,3,1,0,0,0,0,31,28,24,22,20,18,18,18,18,18,15,10,6
CGGCAAGGAAGCAGAAAAAGA,TCCGAAAAAAGCG,true,6,7,8,23,0,0,0,0,0,0,0,0,0,0,0,0,3,0,1,0,3,0,0,0,18,17,15,14,14,14,14,14,14,11,8,8,7
AATATGAATTTAATTATATAC,TCAGATGTTAGGT,true,2,11,7,20,0,0,0,0,0,0,0,0,0,0,0,0,1,0,0,1,0,0,1,2,19,16,16,14,14,14,14,14,13,13,13,11,11
CCGAAAGGGAAGCGAGCAAGG,GCTATGCGTTTTC,true,4,11,10,32,0,0,0,0,0,0,0,0,0,0,0,0,2,4,2,1,0,0,0,0,27,24,23,22,20,19,16,14,14,14,12,12,11
TGATCAATTCCGGCACCATCA,ACGCCAACATTCA,true,2,8,14,31,0,0,0,0,1,0,0,0,0,0,0,0,1,0,0,2,3,2,1,2,30,26,23,22,19,17,14,14,13,13,11,10,8
GCGGGCCCCCGTCAAATTCCT,TTGAGTTTCAGTC,true,3,6,13,28,0,0,0,0,0,0,0,0,0,0,0,0,1,0,1,5,2,0,0,2,25,23,18,16,15,14,14,12,10,9,8,7,6
TGCCGATTTATTGGGCAAGCA,CACCGCTTCTGTA,true,2,11,8,30,0,0,0,0,0,0,0,0,0,0,0,0,2,0,1,0,0,2,0,2,29,27,24,18,18,18,17,15,15,14,13,12,11
TATTTGTAGATGAAAAAAGTA,GATTAGGAGTGGT,true,2,5,6,17,0,0,0,0,0,0,0,0,0,0,0,0,1,0,0,0,1,0,2,1,14,12,12,11,11,10,8,7,6,6,6,5,5
ATGGTTGACTTTACAGCCAAG,CGTATGGAAAGCA,true,3,14,14,32,0,0,0,1,0,0,0,0,0,0,0,0,5,0,1,0,4,0,2,1,30,29,26,25,24,24,22,21,21,18,14,14,14
GCAGGATAAACAATCAGTCCG,CGTTTTTTCGCCT,true,6,12,11,34,0,0,0,0,0,0,1,0,0,0,1,1,0,0,0,3,0,0,0,3,32,30,30,29,29,29,27,21,14,14,14,13,12
AGGCCAGCATTAAAGATTCTT,TTGGAACTGGCGA,true,4,12,15,45,0,0,0,0,0,1,0,0,0,0,0,0,1,2,2,1,1,1,3,2,40,32,26,21,19,17,15,15,15,14,13,13,12
CCGCTCTTCTGTAAGCCAGCT,TCACAATCATGTA,true,2,12,14,44,0,0,0,0,0,0,0,0,0,0,0,0,2,1,2,3,1,1,1,1,43,37,36,32,30,26,24,22,21,17,15,14,12
TTTTACTCATTAATTCCGATA,AACCAGAGCCTAT,false,3,3,14,32,1,0,0,0,0,0,0,0,0,0,0,0,1,2,1,2,4,2,0,0,31,17,15,13,11,10,9,9,7,6,4,4,3
CATATCTTTTTGAGCCTGAAG,CTGAAGGCTTGTG,true,2,6,3,13,0,0,0,0,0,0,0,0,0,0,1,0,1,0,0,0,0,0,0,0,13,13,12,12,11,9,9,9,9,7,7,6,6
AGCTTCGATTCGTTCAAATGC,TTCTTGAGCGGCT,true,2,10,8,32,0,0,0,0,0,0,0,0,1,0,0,0,0,1,1,2,0,2,0,1,31,29,20,19,15,13,11,11,10,10,10,10,10
AGGCTAGGCGATGGACAACAG,GTTGATATTCCTG,true,2,3,5,12,0,0,1,0,0,0,0,0,0,0,0,0,0,0,0,0,0,2,0,1,12,11,9,8,7,7,7,7,6,6,4,4,3
GACAATCTGGTTTCATGTTTA,ACAGACCATCTAT,true,2,3,5,19,0,1,0,0,0,0,1,0,0,0,0,0,1,0,1,0,0,1,0,0,19,15,13,13,11,7,3,3,3,3,3,3,3
TATTGACATGACATCAACATT,CTGATATGATTCA,true,2,12,10,27,0,0,0,0,0,0,0,0,0,0,0,0,3,0,3,3,0,0,1,0,25,24,23,22,20,17,16,15,14,12,12,12,12
AGTTTTTTGGATCAAAGACTG,GATCTCTCCCCTC,true,4,3,1,12,0,0,0,0,0,0,0,0,0,0,0,0,0,0,0,0,0,1,0,0,9,8,8,4,4,3,3,3,3,3,3,3,3
CGTCGTTCTGATTCAGCGGCA,GCTGACAGAGCCT,true,2,9,8,23,0,0,0,0,0,0,0,0,0,0,0,0,3,1,2,0,0,0,1,0,19,19,19,18,18,14,13,12,12,11,10,10,9
GGTCTTCCATTTCATGCAGCT,GCACAAAGGTCAC,true,3,10,21,41,0,0,0,0,0,0,0,0,1,0,0,0,4,3,0,2,2,1,2,1,39,38,34,29,28,28,24,22,19,18,14,13,10
TCTTCACTTTATATGCCGCTT,TCGAAAAGCTATG,true,4,6,5,20,0,0,0,0,0,0,0,0,0,0,0,0,1,0,0,2,1,0,0,1,17,13,13,12,12,12,10,9,8,8,7,6,6
CAGTAAGATCACGCACACGAG,TATCTTCTGAAAC,true,3,8,9,24,0,0,0,0,0,0,0,0,0,0,0,0,1,1,1,2,0,1,1,0,24,20,20,18,17,17,13,12,11,11,10,9,8
CGGATTGAGCTTGAGCAATCG,ATTGGGGCTATTC,true,4,6,20,31,0,0,0,1,0,1,0,0,0,0,0,1,3,1,6,0,0,1,2,1,28,26,24,23,23,22,19,13,12,10,9,8,6
AAATGGCGCCGATCAATCCGC,CGTGAATAGCAAT,true,2,12,12,33,0,0,0,0,0,0,0,0,0,0,0,0,3,2,0,1,2,1,2,0,31,29,27,26,24,21,16,16,15,15,14,13,12
ACCTGCATAAAGTCAATCAGG,GGAAACTGGAGTC,true,4,7,10,29,0,0,0,0,0,0,0,0,0,0,0,0,1,0,1,1,1,1,4,0,27,18,16,16,16,12,11,10,10,8,8,8,7
CTCAAGCTGCACATGCACCTG,CAGCGGTTCATAG,true,2,8,3,19,0,0,0,0,0,0,0,0,0,0,0,1,0,0,0,1,1,0,0,0,18,17,14,13,11,10,9,9,9,8,8,8,8
TAAATATGCTTTGCTCATATT,ATTTTCCAACATC,true,4,9,10,35,0,0,0,0,0,0,0,0,0,0,0,0,4,0,0,0,2,0,0,3,33,31,31,30,24,19,17,16,14,12,11,10,9
CGACCACTTTTTTCAAACAAA,TGAATTTTTCATA,true,5,3,3,12,0,0,0,0,0,0,0,0,0,0,0,0,0,0,0,3,0,0,0,0,11,11,9,7,7,7,7,7,7,3,3,3,3
CAGGCGACCCTCAAAAAGAAG,TGGAGATTAAGGA,true,2,8,13,25,0,0,0,0,0,0,0,0,0,0,0,0,3,0,1,1,1,0,2,3,22,19,19,19,17,16,16,15,15,13,11,9,8
TGAATAATCTCTTTTATTGGG,CTGTTAACCAAGC,true,3,11,7,29,0,0,0,0,0,0,0,0,0,0,0,1,2,1,0,2,0,0,0,1,28,24,19,19,17,16,16,15,15,14,14,11,11
TCCAAATTAATTTAGACAAGC,TCTTCTCCCTCCT,true,3,4,16,30,0,0,0,0,0,0,1,0,1,0,0,0,0,0,0,6,0,1,0,5,28,25,25,22,18,17,16,15,13,10,6,5,4
GCATGAAATGGTCTCGGCAAA,AATATTGTCTTTG,true,5,9,13,29,1,0,0,0,0,0,0,0,0,1,0,0,2,1,0,1,1,0,2,0,27,25,22,22,20,19,15,14,14,13,13,9,9
ATGCCTCCGAATAGGTTGTTT,GCCAGGTTCACCA,true,3,9,6,28,0,0,0,0,0,0,0,0,0,0,0,0,0,1,1,2,0,2,0,0,21,21,18,18,14,14,14,14,13,12,11,9,9
GCAGCGGAAAAGGATATGGCT,ATTCCTTTAATAT,true,3,4,7,21,0,0,0,0,0,0,0,0,1,0,1,0,2,1,0,0,0,1,0,1,20,19,16,13,12,9,8,7,6,5,4,4,4
TCCGCACATGACCTTTGACAG,AAACGCGATGTTC,true,3,10,13,35,0,1,0,0,0,0,0,0,0,0,0,0,4,0,2,0,2,0,0,1,33,32,28,20,19,19,19,18,16,16,16,13,10
GCTCCGTGCGTAAAGGACATT,TCCGAAGAGACGA,true,3,8,14,36,0,0,0,0,0,0,0,0,0,0,0,0,1,0,1,1,4,1,2,2,31,29,25,25,25,19,14,13,11,10,10,9,8
CTCATCAGCTATTCCTCGTAT,AGAATCTAAGCAG,true,2,6,4,18,0,0,0,0,0,0,0,0,0,0,0,0,1,0,0,2,1,0,0,0,17,15,13,12,9,8,8,8,8,6,6,6,6
TTTCACAGCCGTTAAAGAAAC,AGGAATCGCTGTG,true,2,8,11,29,0,0,0,0,0,0,0,0,0,0,0,1,2,1,0,1,1,1,0,0,25,24,20,19,18,15,14,14,14,12,10,9,8
GATGCATTTTGCGGATCGTGC,AACAGGGCCCGTC,true,3,10,16,40,0,0,0,0,0,0,0,0,0,0,0,0,2,4,2,1,2,2,3,0,37,32,27,25,25,23,21,19,17,15,10,10,10
TTCACTGCTGACGGCCGAGTA,GACTTTAGAGAGC,true,3,11,15,38,0,0,0,1,0,0,0,0,0,0,0,0,6,2,2,2,1,0,1,0,31,29,25,22,22,20,16,16,16,16,14,11,11
AAAATCAGCAGATCAGAATCC,GCTTCTAAAAAGC,true,5,9,15,33,0,0,0,0,0,0,0,0,0,0,0,0,1,5,0,0,7,1,0,0,31,29,25,23,21,20,18,18,18,18,11,10,9
AAGACGAGCATGACCGATTGG,ATAACAGAAGTGT,true,2,13,14,30,0,1,0,0,0,0,0,0,0,0,0,0,2,1,3,0,5,0,1,1,29,26,25,20,19,18,16,15,14,14,13,13,13
CAAGCGTTGCGAAAATGATAT,GAAAGCCCATTGT,true,3,9,12,30,0,0,0,0,0,0,0,0,0,0,0,0,3,1,0,0,2,1,2,0,28,28,27,23,19,17,17,15,14,13,13,11,9
ATACCACGTATCATCACCGAT,CAGATTGCCTTTA,true,3,6,14,24,0,0,0,0,0,0,0,0,1,0,0,0,1,1,1,2,1,2,0,0,21,21,19,17,17,17,17,16,13,12,11,10,6
GCGGCATTCCTCAAGCAAGGC,AGCGGTGCAGGGC,true,3,3,2,11,0,0,0,0,0,0,0,0,0,0,0,0,2,0,0,0,0,0,0,0,11,10,10,10,8,5,5,4,4,3,3,3,3
TTGCGCCAGCATTTATTTACC,CATGTGCAGCGCT,true,3,12,7,34,0,0,0,0,0,0,0,0,0,0,0,0,0,0,1,1,0,3,0,1,26,22,20,18,16,15,13,13,13,13,13,13,12
ACGAAGATGGAGGGTGGAGAG,ACCCGACACAGGC,true,3,12,12,31,1,0,0,0,0,0,0,0,0,0,0,0,1,2,0,2,1,3,0,0,28,27,26,18,17,17,15,14,14,14,14,13,12
GCGATTCTAGGAATGCAGCTG,CCAGCTCACGCAT,true,2,7,7,22,0,0,0,0,0,0,0,0,0,0,0,0,3,0,0,3,1,0,0,0,21,18,16,12,12,12,9,9,8,7,7,7,7
TCAGCGGATTTGGGCCGGAAG,ACGGATTTTTTCG,true,6,3,5,19,0,0,0,0,0,0,0,0,0,0,0,1,0,0,0,0,1,0,0,3,17,16,14,11,8,8,7,6,6,6,3,3,3
TTCGCCTCTTTTAAAAAAGGC,CATGAGATCACGT,true,2,4,3,15,0,0,0,0,0,0,0,0,0,0,0,0,1,0,1,0,0,0,1,0,13,12,11,10,9,8,8,5,4,4,4,4,4
ACGACGATCGCCAATTTAATC,AGCCGTTTTTATG,true,5,11,7,29,0,0,0,0,0,0,0,0,0,0,0,0,0,0,1,0,1,1,0,2,27,24,23,18,18,18,18,18,18,15,13,12,11
GAAGGCAATCCCCGCTTGATC,AGTTCTGCCCTGT,true,3,6,9,29,0,0,0,0,0,0,0,0,0,0,0,0,3,0,0,3,2,1,0,0,25,21,21,19,14,12,11,11,9,7,7,6,6
TCGGCCAGACGCCGCTATGTA,CATAGAAAAAAAT,true,7,9,8,24,0,0,0,0,0,0,0,0,0,0,0,0,1,0,1,1,3,0,0,0,23,21,20,19,18,16,16,16,16,16,13,11,9
GAAAAAGCGCCCGGCATACGC,GGGCGCTTTTTGT,true,5,2,5,18,0,0,0,0,0,0,0,0,0,0,0,0,0,0,0,0,0,0,0,1,15,14,11,9,9,9,8,8,7,7,6,2,2
CTTCTTGAGCGGCGCATGCGT,TCAATCCGTCCTC,true,2,4,6,21,1,0,0,0,0,1,0,0,1,0,0,0,0,0,0,3,0,0,0,0,21,18,17,15,14,11,9,7,7,4,4,4,4
CCGCTTTTCGGTCTGGCAGTA,GGCCATCCTGCGA,true,2,8,12,29,0,0,0,1,0,0,0,0,0,0,0,0,1,2,0,1,0,3,1,2,25,24,21,16,13,11,11,11,11,10,9,8,8
ATACACAGTTGAAAAAGTAAC,GAAAAAGGAACGC,true,5,9,13,28,0,0,0,0,0,1,0,0,0,0,0,0,4,0,0,1,2,1,4,0,26,23,23,22,21,19,15,13,13,12,10,9,9
TTCAATTGTCATTTCAAGAAC,TTTCTCTTTTTGA,true,5,9,9,28,0,0,0,0,0,0,0,0,0,0,1,0,0,0,0,3,0,2,0,3,28,27,23,21,19,17,17,16,15,13,12,9,9
TCGGTCGTCCATCCGAATTCG,TCTGCGACAGCGC,true,1,6,6,20,0,0,0,0,0,0,0,0,0,0,0,0,0,1,0,0,1,2,0,2,16,16,13,11,11,11,11,10,8,7,6,6,6
AAAGAGGGAGCGAAGTCTGAG,GAAGAGCTTGGTC,true,2,11,14,31,0,0,0,0,0,1,0,0,0,0,0,0,2,1,0,3,2,1,4,0,28,26,23,21,21,20,19,17,17,15,11,11,11
AAAAGCCCGGCATCGTAACCG,GTTTTGACCGGCT,true,4,3,15,35,0,0,0,0,0,2,0,0,0,0,0,0,1,1,3,2,0,1,4,1,26,25,25,25,21,17,16,12,8,8,4,3,3
GAGAATGTGACCCAAGGGTAT,TATAACAACCCCG,true,4,7,10,28,0,0,0,0,0,0,0,0,0,0,0,0,3,1,0,0,0,5,0,0,26,25,19,17,15,13,13,13,13,13,13,8,7
AGAAAAAACAAATATCAGAAA,TTGTCCCAAGAAT,true,3,1,1,11,0,0,0,0,0,0,0,0,0,0,0,0,0,0,0,1,0,0,0,0,10,9,7,6,6,5,3,3,2,1,1,1,1
TGGAGGGGGGCAGATTCGAAC,TGCCGAACCCTGA,true,3,9,21,44,0,0,0,0,0,0,1,0,0,0,0,0,5,2,0,2,2,6,0,2,40,38,33,22,21,21,18,15,15,12,10,10,9
TCAGCATATGCCCAACGCTCA,ATGTTGTTCATGA,true,2,6,12,30,0,0,0,0,0,0,0,0,0,0,0,0,0,1,0,5,1,0,2,1,25,22,19,19,17,15,15,14,11,10,10,7,6
TCTTTCTCTTGCGAGAACTTG,CAAGACTGCATCA,true,2,13,11,31,0,0,0,0,0,0,0,0,0,0,0,0,4,1,3,1,0,1,0,1,30,29,29,25,24,21,20,18,16,15,14,13,13
CTGAACGATGACAACCACAAT,AATCGCAAACAGC,true,3,6,12,27,1,0,0,0,0,0,0,0,0,0,0,0,1,0,1,1,2,2,1,1,26,23,21,19,18,16,16,16,14,10,9,8,6
GAAAAGGCAGAGGGCACAACA,CTTGTAGTCGTTA,true,2,8,5,19,0,0,0,0,0,0,0,0,0,0,0,0,0,0,0,3,0,0,2,0,17,17,17,12,12,10,8,8,8,8,8,8,8
GCTTACGGGAAAGTTTGCTGC,GAACCTGTTTTTC,true,5,3,8,22,0,0,0,0,0,0,0,0,0,0,0,0,1,1,0,2,1,0,0,1,22,19,18,15,12,9,7,7,6,6,6,4,3
ATTTTCTGAGTGGATGACAGA,ACTGACAAATGGA,true,3,8,14,35,0,0,0,0,0,0,0,0,0,0,0,0,2,0,1,0,6,0,0,3,27,26,22,20,19,16,16,15,11,10,10,8,8
AACACTCGCATTTCTCGCGTT,CATTCTTGTTGTA,true,2,5,8,27,0,0,0,0,0,0,0,0,0,0,0,1,0,0,1,2,1,1,0,1,20,18,17,14,14,13,11,9,7,7,6,5,5
TCGGCCAGCTTGCTTATTATT,TAAAGGGAATGGA,true,3,12,7,34,0,0,0,0,0,0,0,0,0,0,0,1,0,1,0,1,2,0,1,0,28,22,21,19,19,18,17,17,14,13,13,13,12
AGGGGGATTAGGCGGCTATAT,ACTGAGTATGTTC,true,2,4,6,16,0,0,0,0,0,0,0,0,0,0,0,0,2,1,1,1,0,0,0,0,15,12,11,10,10,10,9,8,6,6,5,5,4
AAGAATGAGCGCCGGGGCACC,GGATTCAAACAAG,true,3,3,4,11,0,0,0,0,0,0,0,0,0,0,0,0,0,1,0,2,1,0,0,0,11,10,10,10,9,5,5,5,4,4,4,3,3
TCAATGATCTCTTCCTGCAGC,AGTTTCTTTAACA,true,3,9,15,43,0,0,0,0,0,0,0,0,0,0,0,0,1,4,0,3,2,0,1,1,33,24,23,23,19,14,14,14,13,12,12,11,9
CCTTGGACAACAGACTCGTTG,AGAACAAAGTTGT,true,3,6,10,23,0,0,0,0,0,0,1,0,0,0,0,0,2,1,1,1,1,0,0,2,19,19,19,17,12,12,12,12,10,10,7,7,6
AGCCAGATCAAAAGGCATCAC,TAAAACAGTGCAG,true,4,8,10,22,1,0,0,0,0,0,0,0,0,0,0,0,3,0,0,0,2,0,2,0,22,21,21,21,18,15,15,13,12,11,11,9,8
CAAACTCACTGTCTTGATAAA,ACGTCGCACTGTC,true,4,8,9,31,0,0,0,0,0,0,0,0,0,0,0,0,1,1,1,2,1,1,1,1,29,24,23,17,13,12,11,10,9,9,8,8,8
TTTGAAAACCAGTGATCGTCA,TTCCGTCGCCGAT,true,2,7,21,31,0,0,0,0,0,1,0,0,0,0,0,0,0,4,5,2,0,7,0,0,30,30,27,22,21,20,18,16,16,12,11,8,7
AGGAGTGAATGTGTATGTATG,CCCGCATAAAGGT,true,3,6,10,23,0,0,0,0,0,0,1,0,0,0,0,0,0,2,1,1,2,2,1,0,21,19,15,12,10,10,10,9,8,6,6,6,6
CTTGGAACCCCCACCCCGGTG,CGCTCAAAGCTGT,true,3,2,6,14,0,0,0,0,0,0,0,0,0,0,0,0,1,2,0,1,1,0,1,0,14,10,9,8,7,5,4,3,2,2,2,2,2
GATTGTAATAAAAATAAAGCA,CCATAAGAAGGCG,true,2,7,15,34,0,0,0,0,0,0,1,0,0,0,0,0,4,0,2,1,2,2,0,0,33,24,22,20,16,14,13,12,12,11,10,8,7
GATGGCTGCGACCGGACAGGA,AAAAATCAAAACA,true,6,7,13,32,0,0,2,0,0,0,0,0,0,1,0,0,1,0,0,0,5,0,0,0,31,31,29,28,21,15,14,14,14,13,11,7,7
CATCGTAATCGATATCGTAAA,AGCCTATAATATC,true,4,3,11,27,0,0,0,0,0,0,0,0,0,0,0,0,3,2,1,1,3,0,0,0,21,15,15,14,9,8,8,7,5,4,4,4,3
GGACGAGGCTTGGGCCGAGGA,ATATGAGGATACA,true,2,8,15,26,0,0,0,0,0,0,0,0,0,0,0,0,5,0,1,4,2,0,0,1,24,23,23,17,16,14,13,13,13,12,10,10,8
GAACGGCGATGTGATCTGTGT,ATATGACGCCGAC,true,2,9,9,30,0,0,0,0,0,0,0,0,0,0,0,0,0,0,1,2,1,3,0,1,26,23,23,21,18,16,14,13,13,10,10,9,9
GCATCAGCTTCTTTCAGCTCC,TCCGGCTTTTCAG,true,4,9,10,28,0,0,0,0,1,0,0,0,0,0,1,0,1,1,0,1,0,2,1,2,27,26,22,19,16,14,13,13,12,10,9,9,9
TGATTTCTGATTCGCTCATGC,TTTGCGCGCCGAT,true,3,7,15,35,0,0,0,0,0,1,1,0,0,0,0,0,0,2,2,2,0,1,2,4,30,29,24,21,18,17,16,14,13,10,7,7,7
TGGTTGGGAACAAGCCCTGTC,ATGTTTGTTTCCT,true,3,7,6,19,0,0,0,0,0,0,0,0,1,0,0,0,0,2,0,0,0,2,0,1,17,16,15,15,15,13,12,11,11,10,9,7,7
GGCCAATTGCGATAACGGCCA,CGATCAGGATCTC,true,2,10,7,30,0,0,0,0,0,0,0,0,0,0,0,0,5,0,1,0,0,0,1,0,29,28,27,23,21,18,15,14,14,12,10,10,10
TACGAGGATGACCGGACATCC,CGCTTTGTTAACG,true,3,2,6,25,0,0,0,0,0,0,0,0,0,0,1,1,0,1,1,0,0,0,0,1,16,15,15,12,11,7,5,3,3,3,3,3,2
CTTGCTTTGTCCACACCCGTT,TCTCCATCTAATA,true,3,10,13,31,0,0,0,0,0,0,1,0,1,0,1,0,1,1,0,3,0,0,0,4,27,24,22,17,15,15,13,12,12,11,11,10,10
TTGTGAATCTATTAGAAAGTA,TTGATTATAGTAT,true,2,7,19,41,0,0,0,0,0,1,0,0,0,1,0,0,3,0,2,4,1,0,0,2,38,31,28,26,25,23,19,16,14,13,11,10,7
CTTGAATTATATAACGAATGT,GCAATAGTTGCTG,true,2,7,11,27,0,0,0,0,0,0,0,0,0,0,0,0,1,0,0,4,4,0,0,2,24,23,23,18,16,14,11,11,7,7,7,7,7
ACGCATCCTCTTCGGAATGGG,AGAAGGCCCGCTG,true,3,7,7,20,0,0,0,0,0,0,0,0,0,0,0,0,1,1,1,1,1,0,1,0,19,17,16,14,12,10,9,9,9,8,8,7,7
AAAATATCCACAGCAATGAAT,GACAATACTGAAG,true,2,12,10,33,0,0,0,0,0,0,0,0,0,0,0,0,2,0,2,3,1,1,1,0,30,28,26,25,23,22,20,18,16,15,14,12,12
GACGTATATGCGTTTGTTATT,AAAGGTATGTCCT,true,3,13,9,30,0,0,0,1,0,0,0,0,1,0,0,0,0,1,0,1,2,2,1,0,28,28,23,23,20,18,17,17,16,16,15,13,13
CGGAAAACCCTTCCCCGTCAC,TGCCTAAACCTTC,true,3,4,12,21,1,0,0,0,0,0,0,0,0,0,0,0,1,0,4,1,0,1,0,2,21,21,18,13,10,9,9,8,8,8,7,6,4
TCTGCTTTCTCTTCTTTTTAT,GACAAAGTGTGCT,true,3,5,15,30,0,0,0,0,0,2,0,0,0,0,0,0,3,0,0,3,4,1,1,1,27,27,25,24,23,18,14,12,9,9,6,5,5
GCGGTTCATTACACTTTCCTC,CTAGATGACAAGT,true,2,6,7,18,0,0,0,0,0,0,0,0,0,0,0,0,1,1,0,2,1,2,0,0,15,15,13,12,11,11,10,10,9,7,6,6,6
TTCGCTTTTGTAATCGAGCGT,CCTACCACAATCG,true,2,4,14,29,0,0,0,0,0,0,0,0,0,0,0,0,0,0,2,0,1,7,0,3,26,18,14,13,12,8,8,5,5,5,5,4,4
TCCATAAGAAGGTACACCATT,ACCCGTATCCTTA,true,3,8,11,27,0,0,0,0,0,0,2,0,0,0,0,0,2,1,1,1,1,1,0,2,26,23,22,15,14,13,12,10,10,9,9,8,8
AAGCGCTTGACATGGGTCTTG,TCAACACAGTCGT,true,2,13,10,32,0,0,0,0,0,0,0,0,0,0,0,0,3,1,0,1,2,1,0,0,31,29,29,27,25,23,19,18,15,15,15,13,13
AGCAGTTGGAGGATTCGGCAG,CGCCAGCAGCCGC,true,2,5,12,25,0,0,0,1,0,0,0,0,0,0,0,0,1,1,4,0,0,2,3,0,23,20,18,13,11,9,8,8,7,6,6,5,5
GTGTTCATTTTCATGCTCGGA,CCATTTAAGCAAT,true,3,10,7,28,0,0,0,0,0,0,1,0,0,0,0,0,0,1,0,1,0,1,0,2,26,23,22,21,19,15,14,12,12,11,11,10,10
TCCGGGAAGGAGCGGACCATT,TCTTCATACAGCA,true,3,6,11,25,0,0,0,0,0,0,0,0,0,0,0,0,1,0,1,2,1,2,0,3,24,20,19,17,13,13,13,12,9,8,8,7,6
AAACATCAATCATAAAAAGCT,GGGCGAGGCGGGA,true,3,7,13,36,0,0,0,0,0,0,0,0,0,0,0,0,2,1,2,1,0,0,4,0,35,35,24,19,17,17,15,13,13,12,11,8,7
ATTACACCATTCGATTTTATG,AAAGAAGAACAGC,true,3,8,5,16,0,0,0,0,0,0,0,0,0,0,0,0,0,0,0,1,2,0,2,0,15,15,12,12,11,11,10,10,9,9,9,8,8
TCGTTTCCCATTTTCAAATAC,TTCCTTTCATGTC,true,3,6,15,27,0,0,0,0,1,0,1,0,0,0,0,0,1,0,0,4,1,2,1,3,25,22,22,17,17,17,17,14,13,11,7,7,6
CCTCCGAAGACATGGGATGAA,TTAATCGATGTGT,true,2,9,13,30,0,0,0,0,0,0,0,0,0,0,0,0,2,1,0,0,0,0,1,3,27,25,23,21,19,19,17,17,15,12,12,10,9
TTCCGAGCGAGCTGTCAAGTG,ATTGGATACCGCT,true,2,9,12,34,0,1,0,0,0,0,0,0,0,0,0,0,1,0,2,2,0,1,2,1,32,30,25,21,15,15,15,14,14,13,12,10,9
TTATTCCCTTGTCTGCTGCTT,GCCGCTTCTGTAT,true,2,7,13,32,0,0,0,0,0,0,0,0,0,0,0,0,1,1,0,3,0,4,0,0,25,24,23,22,18,16,16,13,12,11,11,10,7
ATTATGCCGGGTGCGCTGCCT,CTAGGGTTAACAT,true,3,8,4,18,0,0,0,0,0,0,0,0,0,0,0,0,0,0,1,1,1,0,0,0,18,17,14,14,13,11,10,10,10,10,9,9,8
CGGAACCGGTTTTCTCGGCCA,GCATCTGACGGGC,true,3,8,12,26,0,0,0,0,0,0,1,0,0,0,0,0,2,0,0,4,0,0,2,0,24,23,22,20,18,18,14,14,13,12,12,8,8
CATGTATCTGTCAGACCGTGT,TTTGCGGGCGGCA,true,4,9,9,28,0,0,0,0,0,0,0,0,0,0,0,0,0,2,4,0,0,0,1,2,28,27,21,19,18,17,17,15,12,9,9,9,9
TTTATTTCAATTATTGCCTTC,CTCGACCCGGCTG,true,3,13,5,29,0,0,0,0,0,0,0,0,0,0,0,0,0,2,0,0,1,1,1,0,26,24,21,21,18,18,18,17,16,15,14,13,13
ATATCGGACAAGCGGTCTGGG,GTAAGCGCGTTTA,true,4,5,12,33,0,0,0,0,0,0,0,0,0,0,0,0,1,2,1,0,1,1,3,3,20,18,18,15,13,13,12,9,9,8,8,5,5
CAATTCGCACCTTTCGCTTAC,GCTAAGCGCTCCT,true,2,10,13,38,0,0,0,0,0,0,1,0,0,0,0,0,2,2,2,0,2,1,0,0,36,33,30,28,24,22,20,18,16,16,14,11,10
ATAACAAGGCAGAAAAACCTG,TGATGATGATGGT,true,2,12,6,21,0,0,0,0,0,0,0,0,0,0,0,0,3,0,0,1,0,0,2,0,21,19,19,17,17,17,15,13,13,12,12,12,12
AGCCAGAAACAACGGTAAGCA,TTGATGATTTATA,true,3,5,13,29,0,0,0,0,0,0,0,0,0,0,0,0,2,0,0,2,0,0,1,5,27,25,21,19,15,12,11,10,10,8,8,6,5
CCGGGCTAGCTTCCGCGCTTA,CATATTGGTGTAT,true,2,2,10,17,0,0,0,0,0,0,0,0,0,0,0,0,1,1,0,1,1,0,1,2,15,14,13,10,10,9,8,7,6,6,5,4,2
CTTTAGACGCTGTAACCAACT,TGATGAAAACGTC,true,4,5,10,20,0,0,0,0,0,1,0,0,0,0,0,0,1,0,1,2,1,1,2,0,20,15,14,14,11,10,9,9,8,6,6,6,5
AAAACCCCATTTTTTCGTCTG,TTCCATTCCAGTA,true,2,8,11,27,0,0,0,0,0,0,0,0,1,0,0,0,0,0,0,2,1,3,0,4,26,23,20,16,15,14,12,11,9,9,9,8,8
GAGCAGTTTCTTATACCTGCA,GGAACTGCGCTTC,true,2,2,9,18,0,0,0,0,0,0,0,0,0,0,0,0,1,1,0,4,0,0,0,2,16,14,12,10,8,8,6,6,6,5,5,3,2
TTCCTCACTGGCTTTTGGATC,TGATCATCCGTTA,true,2,6,9,19,0,0,0,0,0,0,0,0,0,0,1,0,0,1,2,0,0,2,0,2,19,19,18,14,12,12,11,11,9,9,8,7,6
CTCGCGTTCCAGAAAAAGACC,GGCGATGATGTCG,true,2,14,7,26,0,0,0,0,0,0,0,0,0,0,0,0,1,1,2,0,0,1,2,0,22,20,18,18,16,16,16,16,16,15,15,14,14
TTTAAACGATACGGCTGTTTT,TAGGGTGGCCACT,false,5,5,9,37,0,0,0,0,0,1,0,0,0,0,0,0,0,0,0,5,0,0,1,2,35,9,9,8,7,6,6,5,5,5,5,5,5
GACAGAGGGATCCTTTCATTT,GAACTAGGAGCAG,true,3,8,12,26,0,0,0,0,0,1,0,1,0,0,0,0,2,0,1,1,1,1,2,1,25,25,24,19,17,16,15,13,13,12,9,8,8
ATTGATTTTGATAGTACAATA,ACTCAACCGCATC,true,2,9,3,24,0,0,0,0,0,0,0,0,0,0,0,0,0,0,0,0,1,1,0,0,21,17,16,13,12,12,12,12,12,11,10,10,9
GGAATTCTCATTCCTATTCGT,TGCCCCTGTTTTG,true,4,7,11,29,0,0,0,0,0,0,0,0,0,0,0,0,0,2,1,2,0,1,0,0,27,21,20,19,16,14,13,13,13,13,12,10,7
ATCAGCAAGCTCAGTGAATAT,GTTGGCACGCTCT,true,2,11,7,30,0,0,0,0,0,0,0,0,0,0,0,0,0,1,0,1,0,0,1,3,26,26,21,20,18,17,15,15,14,14,12,11,11
ATATACCAAATCCAATAGATG,GCTCTGGATATAT,true,2,4,8,14,0,0,1,0,0,0,0,0,0,0,0,1,0,0,0,0,1,1,2,0,11,11,10,9,9,9,8,7,7,6,6,5,4
GGTCGGAATAAACCGCAAAGA,AATTGACATCATA,true,3,5,6,17,0,0,0,0,0,0,0,0,0,0,0,0,1,0,0,2,1,0,0,1,17,16,12,10,8,8,8,7,7,6,6,5,5
TGTTCATCCGATATTCTGGAA,TGTGTGGATCACT,true,2,5,2,13,0,0,0,0,0,0,0,0,0,0,0,0,1,0,0,0,0,0,0,1,10,10,10,9,8,7,6,6,6,6,6,5,5
AAGTCAATAAAGGGTAAAAAA,ACAGCTGCAGCAC,true,7,8,11,37,0,0,0,1,0,0,1,0,0,0,0,0,3,0,3,0,1,0,0,0,29,22,19,18,18,16,14,13,12,12,9,8,8
TTCAAAAACGCCATTATTGCA,ACTGGTTCTCGTC,true,2,3,10,19,0,0,0,0,0,0,0,0,0,0,0,0,0,1,1,2,0,2,1,1,17,13,13,12,12,12,12,9,8,7,5,4,3
GGGTATCGGTATTGCGACTGG,AGAAAACCGCGCG,true,4,4,8,19,0,0,0,0,0,0,1,0,0,0,0,0,2,0,1,0,0,0,0,0,19,17,16,15,15,12,9,8,8,8,8,6,4
TTTTGTCAAAAGGCTAATTCG,CGCCACGCGGTTA,true,2,1,3,12,0,0,0,0,0,0,1,0,0,0,0,0,0,0,0,0,0,1,1,0,9,9,6,2,2,2,2,2,2,1,1,1,1
CCGCTACGTGGCCAAATAAGG,AGGTTCCGAGTAT,true,2,9,8,26,0,0,0,0,0,0,0,0,0,0,0,0,0,2,1,1,0,2,0,2,24,24,21,19,19,17,13,11,11,11,9,9,9
GCCGCACTTAATACAAAAGGC,AAGTCAAATGGCG,true,3,10,8,31,0,0,0,0,0,0,0,0,0,0,0,1,1,2,0,1,1,0,1,0,29,25,21,19,18,16,16,13,13,12,11,10,10
CACTGCCGATCGCAATTACAG,TCCCCACAGCGAT,true,4,12,10,27,0,0,0,0,0,0,0,0,0,0,0,0,2,1,1,2,0,3,0,1,25,24,24,23,17,16,16,15,13,13,12,12,12
CCTGCCACTGTGTGCCGAAAA,TCGTATTGTTGGA,true,4,8,4,28,0,0,0,0,0,0,0,0,0,0,0,0,1,0,1,0,0,0,1,1,23,20,20,18,17,17,15,14,13,10,9,8,8
ACAATGAGCAAAATGATTTCA,TCCGGCTTTCTAT,true,3,7,15,32,0,0,0,0,0,0,0,0,0,0,0,0,0,1,1,2,0,3,4,3,28,27,24,23,16,14,14,14,11,8,8,8,7
ACTGAATGGAAGCGTCAGTAT,AAAGCGATTGAAC,true,3,3,10,23,0,0,0,0,0,0,0,0,0,0,0,0,1,1,1,3,2,0,0,1,22,22,16,13,13,12,12,10,9,6,5,4,3
AGATTTCATTTGAGACCGAAA,AACTGAAAGGCAC,true,5,8,7,24,0,0,0,1,0,0,0,0,0,0,0,0,2,1,0,1,0,0,1,0,22,22,16,16,13,13,12,11,9,9,9,8,8
CAATCCGATGATTTGCTCGTC,TGTATACGTGCTC,true,1,4,5,17,0,0,0,0,0,0,0,0,0,0,0,0,1,0,1,0,0,0,2,0,14,10,9,9,8,8,7,6,5,5,4,4,4
CCCCTGAAGCAGCTTCAAGGC,CCTGATTGCAGGC,true,3,5,7,14,0,0,0,1,0,0,0,0,0,0,0,0,0,1,1,0,0,2,0,1,13,11,11,10,9,8,7,7,6,6,6,6,5
AATAAGTACGAAGATCTCTCC,AAATTCCCTGTTC,true,3,11,12,41,0,0,0,0,0,0,0,0,0,0,0,0,1,1,0,0,2,2,0,2,38,37,32,27,21,21,21,18,15,15,15,15,11
AACTGAAATTGCAAGACGAAT,TGCCAAGCTTTCA,true,3,5,10,30,0,0,0,1,0,0,0,0,0,0,0,0,2,0,3,0,0,1,0,2,28,23,19,13,12,11,7,7,7,7,6,6,5
GGCAAACTCTCCAATTTTTTT,GGTGGATGACCAT,true,7,3,7,11,0,0,0,0,0,0,0,0,0,0,0,0,0,1,2,0,1,0,2,0,11,9,8,8,8,7,5,5,5,5,4,4,3
AAAAAATGGCACATCCAAATG,GTCGTTCAGCAGT,true,2,11,8,27,0,0,0,0,0,0,0,0,0,0,1,0,1,2,2,0,0,0,0,1,25,22,21,20,19,18,18,17,15,13,12,12,11
ATTCTGGCCATATTAATCCAG,CCCGTAATTGTCA,true,3,7,6,26,0,0,0,0,0,0,0,0,0,0,0,0,0,1,1,0,1,0,0,1,26,25,19,17,15,14,11,11,10,10,9,9,7
CCATTAAATCCTCACAAAACC,GGGATGGATTTGT,true,3,13,7,22,0,0,0,0,0,0,0,0,0,1,0,0,1,1,0,2,1,0,1,0,21,21,18,18,17,16,15,14,14,13,13,13,13
TGTATGAATAAAGCATTAAAA,GCTCTCGGTGTTC,true,4,14,10,39,0,0,0,0,0,1,0,0,0,0,0,0,1,1,0,1,0,2,3,0,33,32,30,28,27,25,23,19,17,15,15,15,14
CGAACATGAACTTACATACCT,GCGGGACTTTGTA,true,3,14,12,33,0,0,0,0,0,0,0,0,0,0,0,0,1,1,2,2,0,3,2,1,31,28,27,27,23,22,19,17,17,16,14,14,14
CTGTTCGTGATGCTGACCGTA,TTATAGGGCTGCT,true,3,6,14,33,0,1,0,0,0,0,0,0,0,0,0,0,2,2,3,2,0,2,1,0,29,26,23,20,17,17,15,14,9,9,8,7,6
CAGATATGCCCAACTCTCGAG,CTAAAAATTGAAC,true,5,7,7,22,0,0,0,0,0,0,0,0,0,0,0,0,1,0,1,1,2,0,1,0,20,19,18,18,18,16,13,12,11,9,8,8,7
CTTTTTAGCCTTCATATTCCA,AAAGGCCCGTTTG,true,4,5,9,20,0,0,0,0,0,0,0,1,0,0,0,0,0,1,1,1,1,1,2,0,19,19,17,16,12,9,8,7,6,6,6,6,5
AGGGTGTGGTATCATTAGATG,GATACGGTCACAT,true,2,7,8,31,0,0,0,0,0,1,0,0,0,0,0,0,1,2,1,1,1,1,0,0,26,21,21,17,14,12,11,11,9,8,7,7,7
TTCCGAACATATCTCCTACGA,GCGTGACGTTGGC,true,2,15,12,35,0,0,0,0,0,0,0,0,0,0,0,0,1,0,2,1,0,2,5,1,34,32,30,28,27,25,22,21,21,20,20,15,15
TTTAAGGAAGGTGCTTTGAAA,TTGAAAAAAGTAC,true,6,5,12,30,0,0,0,0,0,0,0,0,0,0,0,0,4,1,3,1,1,0,0,0,26,24,23,23,23,22,22,22,16,8,7,7,5
AGAGCCGCCGATACAAAGTGC,AGCAGAAACGGGT,true,3,8,11,23,0,1,0,0,0,0,0,0,0,0,0,0,1,4,1,0,1,1,0,0,21,20,20,18,18,15,15,12,11,10,10,8,8
GTGAGTTTGCTCAATTCTACA,CGAATCGGGAAAC,true,3,4,5,17,0,0,0,0,0,0,0,0,0,0,0,0,0,0,0,0,1,0,3,1,14,14,14,13,12,11,11,11,7,6,5,4,4
TTTTAATACTGAACAAAACCT,CATATTCTAAATC,true,3,9,10,30,0,0,0,0,0,0,0,0,0,1,0,0,1,2,0,5,0,0,0,1,26,25,24,19,18,16,13,11,10,10,10,9,9
TGCTTGACCTCCTTCTCCAAT,ATGATGATGTCTC,true,1,9,18,35,0,0,0,0,0,0,0,0,0,0,0,0,7,1,0,2,0,0,1,2,31,30,26,26,22,20,20,18,17,14,13,11,9
ACAAGCTTCTTCCTGTTCTAA,ATCTGACGGCTGC,true,3,5,12,28,1,0,0,0,0,0,0,0,0,0,0,0,4,0,0,2,0,2,3,0,23,18,17,15,14,13,9,9,7,7,7,5,5
AGGGACGTCTATCTCTAGGAT,TGTCAGAGGATGT,true,2,3,9,16,0,0,0,0,0,0,0,0,0,0,0,0,0,0,0,0,1,0,2,4,12,12,12,11,11,10,10,10,10,7,6,3,3
GTCGTAGAAGACGGCGCTTCA,GACTGGCCTACAT,true,2,5,16,32,0,0,0,0,0,0,0,0,0,0,0,0,2,3,1,3,0,4,1,1,30,28,25,25,23,18,17,13,10,8,6,6,5
GCCATATTCTATCGTTACCAA,CGTGCGCTTTTCG,false,4,2,0,16,0,0,0,0,0,0,0,0,0,0,0,0,0,0,0,0,0,0,0,0,13,13,2,2,2,2,2,2,2,2,2,2,2
CTTTGACGAGAATTTCGCTCA,TATCAGAGCCGTG,true,2,7,19,36,0,0,0,0,0,0,0,0,0,0,0,0,6,3,1,1,1,2,3,0,32,26,24,22,22,17,17,14,13,11,8,8,7
